Country Name,Country Code,Series Name,Series Code,1990 [YR1990],1991 [YR1991],1992 [YR1992],1993 [YR1993],1994 [YR1994],1995 [YR1995],1996 [YR1996],1997 [YR1997],1998 [YR1998],1999 [YR1999],2000 [YR2000],2001 [YR2001],2002 [YR2002],2003 [YR2003],2004 [YR2004],2005 [YR2005],2006 [YR2006],2007 [YR2007],2008 [YR2008],2009 [YR2009],2010 [YR2010],2011 [YR2011],2012 [YR2012],2013 [YR2013],2014 [YR2014],2015 [YR2015],2016 [YR2016],2017 [YR2017],2018 [YR2018],2019 [YR2019],2020 [YR2020],2021 [YR2021],2022 [YR2022],2023 [YR2023],2024 [YR2024]
Afghanistan,AFG,GDP per capita (constant 2015 US$),NY.GDP.PCAP.KD,..,..,..,..,..,..,..,..,..,..,308.318269746638,277.118051443941,338.139973643387,346.071627096223,338.637273888197,363.640141436773,367.75831169358,410.757728879097,417.647282647498,488.830652491949,542.871030476037,525.42698276582,568.929021458341,580.603833333096,575.146245808546,565.569730408751,563.872336723147,562.769574140988,553.125151688293,557.861533207459,527.834554499306,408.625855217403,377.665627080705,379.707497269884,..
Afghanistan,AFG,Gini index,SI.POV.GINI,..,..,..,..,..,..,..,..,..,..,..,..,..,..,..,..,..,..,..,..,..,..,..,..,..,..,..,..,..,..,..,..,..,..,..
Afghanistan,AFG,"Unemployment, total (% of total labor force) (modeled ILO estimate)",SL.UEM.TOTL.ZS,..,8.07,8.011,7.888,7.822,7.817,7.867,7.863,7.89,7.903,7.935,7.953,7.93,7.88,7.899,7.885,7.914,7.817,7.878,7.754,7.753,7.784,7.856,7.93,7.915,9.052,10.133,11.184,11.196,11.185,11.71,11.994,14.1,13.991,13.295
Afghanistan,AFG,Carbon dioxide (CO2) emissions excluding LULUCF per capita (t CO2e/capita),EN.GHG.CO2.PC.CE.AR5,0.242593598026177,0.232619343650673,0.137051251098165,0.119439165928091,0.10369954846514,0.0857268287354924,0.0797826255599618,0.0750375662032016,0.0741336271677719,0.0691630566199303,0.0504760801948225,0.0465729492262171,0.0440777829029563,0.0443407305372896,0.03789792931894,0.0518878290280668,0.0553923376777949,0.0775612303767694,0.144751528002023,0.221465726059917,0.275380974794698,0.388742453073337,0.319626607745266,0.262469648389334,0.238642815009995,0.246706024551365,0.216929891611134,0.226011227289355,0.215877625146902,0.191490829184533,0.18055501271226,0.198267957840034,0.203551890416193,0.210043425410172,..
Afghanistan,AFG,Renewable energy consumption (% of total final energy consumption),EG.FEC.RNEW.ZS,23,23.7,27.4,28.5,30.1,31.8,33.9,36.4,38,43.4,45,45.6,37.8,36.7,44.2,33.9,31.9,28.8,21.2,16.5,15.2,12.6,15.4,16.9,19.1,17.7,20.2,19.5,18.3,18.9,18.2,20,20,..,..
Afghanistan,AFG,"Government expenditure on education, total (% of GDP)",SE.XPD.TOTL.GD.ZS,..,..,..,..,..,..,..,..,..,..,..,..,..,..,..,..,4.68476057052612,4.17489528656006,4.38367223739624,4.81063985824585,3.4794499874115,3.4620099067688,2.60419988632202,3.45445990562439,3.69521999359131,3.2558000087738,4.54397010803223,4.34319019317627,..,..,..,..,..,..,..
Afghanistan,AFG,Current health expenditure per capita (current US$),SH.XPD.CHEX.PC.CD,..,..,..,..,..,..,..,..,..,..,..,..,16.70697403,17.74602509,21.42300415,25.11388779,28.9412632,32.70893097,39.88624954,43.13351822,46.42438889,52.18721771,52.45247269,56.16043472,60.04951096,59.91960526,61.37234497,66.82388306,71.22509003,74.0642395,80.0892334,81.52112579,80.6516037,..,..
Afghanistan,AFG,Individuals using the Internet (% of population),IT.NET.USER.ZS,0,..,..,..,..,..,..,..,..,..,..,0.00472,0.00456,0.0879,0.106,1.22,2.11,1.9,1.84,3.55,4,5,5.45,5.9,7,8.26,11,13.5,16.8,17.6,17,16.5,17.2,17.7,..
Afghanistan,AFG,"GNI, PPP (constant 2021 international $)",NY.GNP.MKTP.PP.KD,..,..,..,..,..,..,..,..,..,..,..,..,..,..,..,..,..,..,..,..,..,..,..,..,..,..,..,..,..,..,109023683111.757,86285361406.7876,80656732465.0026,83000607351.8473,..
Albania,ALB,GDP per capita (constant 2015 US$),NY.GDP.PCAP.KD,1606.29646776458,1163.49159838489,1086.4387714304,1197.58090750054,1305.00106057165,1488.02088119627,1633.55200001885,1464.29796254199,1603.64765027651,1821.87313102694,1960.88245974115,2143.52683947815,2247.49808010881,2380.64462078713,2522.44937446209,2675.50863709675,2851.36775919961,3044.89661682055,3298.47890843532,3432.1708719722,3577.11432498868,3678.04770145146,3736.34007957648,3780.69919254096,3855.76074409659,3952.80357364813,4090.37272829183,4249.8200493985,4431.55559506989,4542.26866282892,4417.04105105395,4858.05201500931,5154.8274975368,5419.63779125273,..
Albania,ALB,Gini index,SI.POV.GINI,..,..,..,..,..,..,27,..,..,..,..,..,31.7,..,..,30.6,..,..,30,..,..,..,29,..,34.6,32.8,33.7,33.1,30.1,30.1,29.4,..,..,..,..
Albania,ALB,"Unemployment, total (% of total labor force) (modeled ILO estimate)",SL.UEM.TOTL.ZS,..,10.304,30.007,25.251,20.835,14.607,13.928,16.872,20.042,20.835,19.023,18.57,17.891,16.985,16.306,15.966,15.626,15.966,13.06,13.674,14.086,13.481,13.376,15.866,18.055,17.193,15.418,13.616,12.304,11.466,11.69,11.474,10.137,10.108,10.25
Albania,ALB,Carbon dioxide (CO2) emissions excluding LULUCF per capita (t CO2e/capita),EN.GHG.CO2.PC.CE.AR5,2.02188196590824,1.34061265033871,0.727739950151507,0.688720897769551,0.730810191997845,0.649353908545874,0.648635920143509,0.502019991226959,0.612012670487417,0.992866007157796,1.04644601682018,1.1238907081397,1.3131389277649,1.38543816060976,1.45823883467754,1.37755866121952,1.38166585186465,1.4290827291561,1.423194135406,1.46014423817574,1.56432102617866,1.71699317945955,1.56285286069064,1.64737424579253,1.76379943401137,1.68830316766428,1.57515330650766,1.85891071277559,1.85097837827277,1.73551805047385,1.60713272623032,1.79228258263962,1.65929303100527,1.67219476382134,..
Albania,ALB,Renewable energy consumption (% of total final energy consumption),EG.FEC.RNEW.ZS,25.5,33,46.8,51.1,51.4,50.6,51.6,55.9,49.9,42.6,41.4,39,35.8,33.7,35.8,36.8,31.6,32,35.8,37.1,37,35.8,39.9,41.1,38.6,38.5,39.4,36.9,37.8,40.1,44.4,41.9,..,..,..
Albania,ALB,"Government expenditure on education, total (% of GDP)",SE.XPD.TOTL.GD.ZS,..,..,..,..,3.44697999954224,3.81464004516602,3.08350992202759,3.37947010993958,3.53697991371155,3.59293007850647,3.4301700592041,3.45869994163513,3.11779999732971,3.13823008537292,3.22751998901367,3.28154993057251,3.1914598941803,3.27592992782593,3.50922608375549,..,3.41307497024536,3.24000835418701,3.30906105041504,3.53929996490479,3.21696710586548,3.43796992301941,3.96209001541138,3.61172008514404,3.15294480323792,3.91623997688293,3.3422999382019,3.02255988121033,2.74432992935181,..,..
Albania,ALB,Current health expenditure per capita (current US$),SH.XPD.CHEX.PC.CD,..,..,..,..,..,..,..,..,..,..,65.47674561,73.92171478,78.72909546,105.43667603,136.50724792,149.97515869,164.22090149,209.31910706,237.10340881,236.94244385,253.98246765,273.75292969,260.68319702,276.0765686,293.1267395,253.93347168,275.43676758,295.52346802,349.21127319,366.34014893,396.17477417,465.57043457,414.35025024,..,..
Albania,ALB,Individuals using the Internet (% of population),IT.NET.USER.ZS,0,..,..,..,..,0.0112,0.0322,0.0486,0.065,0.0814,0.114,0.326,0.39,0.972,2.42,6.04,9.61,15,23.9,41.2,45,47,49.4,51.8,54.3,56.9,59.6,62.4,65.4,68.6,72.2,79.3,82.6,83.1,..
Albania,ALB,"GNI, PPP (constant 2021 international $)",NY.GNP.MKTP.PP.KD,..,..,..,..,..,..,..,15628422374.9551,17106960348.2298,19205998704.5065,20685500311.365,22452425715.8477,23312245070.6177,24638079364.8352,25922525634.9627,27257631737.3091,29123145905.5504,30822069234.9498,32418413825.4106,32816915124.598,34230210366.8858,35464855851.159,35693313963.4564,36928019969.6542,37293956202.8113,38218065384.4708,39644153187.6687,40615204556.8852,42099589783.1187,42477431791.1058,40933553829.5829,44714222424.7827,46696107404.7425,48751021314.5254,..
Algeria,DZA,GDP per capita (constant 2015 US$),NY.GDP.PCAP.KD,3605.68701213527,3478.5097627463,3455.9293629926,3302.91950571082,3201.56914405705,3255.187268716,3322.9553813945,3297.46603365919,3410.88254399624,3471.49196276655,3553.32420521282,3610.00605632903,3754.66081539402,3945.89816092714,4066.28204806069,4223.60252134721,4279.61547125531,4339.25055772185,4367.56538019901,4336.10054056598,4456.61027416201,4501.35430135827,4518.4397895726,4543.23444004859,4634.10149183949,4685.05902729002,4768.73140080218,4742.90075536604,4717.00358853556,4672.66408682198,4363.68533766912,4456.74687641147,4544.46688059647,4660.40545686886,..
Algeria,DZA,Gini index,SI.POV.GINI,..,..,..,..,..,35.3,..,..,..,..,..,..,..,..,..,..,..,..,..,..,..,27.6,..,..,..,..,..,..,..,..,..,..,..,..,..
Algeria,DZA,"Unemployment, total (% of total labor force) (modeled ILO estimate)",SL.UEM.TOTL.ZS,..,20.6,24.38,26.23,27.74,31.84,28.308,25.43,26.853,28.548,29.77,27.3,25.9,23.72,17.65,15.27,12.27,13.79,11.33,10.16,9.96,9.96,10.97,9.82,10.207,11.206,10.202,12,12.137,12.259,14.057,13.63,12.346,11.701,11.427
Algeria,DZA,Carbon dioxide (CO2) emissions excluding LULUCF per capita (t CO2e/capita),EN.GHG.CO2.PC.CE.AR5,2.84362548427026,2.8933357057169,3.18384375757645,3.0418504231103,2.9100149928575,2.94401607632348,2.80735289072686,2.69177422414411,2.70974045400012,2.78767517106351,2.84547322241894,2.73913040286556,2.82462177766349,2.99922134069754,2.96128947747975,3.06249773288425,3.13771562073271,3.18555017143317,3.26571868233991,3.27089446187558,3.27771433788594,3.38166892915163,3.72574195204898,3.79295442819787,3.95384969852466,4.11954123697958,3.94094145853631,3.99506357734631,4.11329387212597,4.19566242824212,3.90292776971012,4.01558728484303,4.10411424455349,3.90686995051297,..
Algeria,DZA,Renewable energy consumption (% of total final energy consumption),EG.FEC.RNEW.ZS,0.2,0.3,0.3,0.5,0.4,0.4,0.4,0.5,0.5,0.5,0.4,0.4,0.5,0.5,0.4,0.6,0.4,0.4,0.3,0.3,0.3,0.2,0.2,0.1,0.1,0.1,0.1,0.1,0.2,0.2,0.1,0.1,..,..,..
Algeria,DZA,"Government expenditure on education, total (% of GDP)",SE.XPD.TOTL.GD.ZS,..,..,..,..,..,..,..,..,..,..,..,..,..,..,..,..,..,..,4.11142015457153,..,..,..,7.0295090675354,6.65906047821045,6.54889822006226,6.17633008956909,6.50210857391357,5.73482370376587,5.81275129318237,5.57536554336548,6.1939172744751,5.51403284072876,4.74924659729004,5.61015701293945,..
Algeria,DZA,Current health expenditure per capita (current US$),SH.XPD.CHEX.PC.CD,..,..,..,..,..,..,..,..,..,..,61.85785294,67.05859375,66.681633,75.9513092,92.6876297,100.83694458,116.7750473,150.86651611,206.37207031,207.20181274,227.95396423,285.5020752,340.09133911,337.5736084,366.58670044,296.76824951,265.53439331,270.93261719,271.53778076,242.07002258,211.07276917,208.52682495,179.69688416,..,..
Algeria,DZA,Individuals using the Internet (% of population),IT.NET.USER.ZS,0,..,..,..,0.000361,0.00177,0.00174,0.0103,0.0202,0.2,0.492,0.646,1.59,2.2,4.63,5.84,7.38,9.45,10.2,11.2,12.5,14.9,18.2,22.5,29.5,38.2,42.9,47.7,49,55.8,63.5,72.2,74.8,76.9,..
Algeria,DZA,"GNI, PPP (constant 2021 international $)",NY.GNP.MKTP.PP.KD,287640366564.007,278655636617.094,287871503916.237,285019961443.851,280688320947.529,288548700427.507,300012658597.225,305963283002.367,323185662331.707,331818555858.889,340708921097.456,359238192677.067,375423985776.377,400217683300.979,415320302538.296,433768013293.983,448881692217.986,477084734924.653,492012224635.252,497992257252.02,526080897865.014,536817581034.061,548366551191.779,557817480460.272,579145861050.485,597558354448.898,631230444506.118,636882319088.807,638081129611.698,644858483442.169,615796744265.437,636203147057.022,654026732471.341,689461211750.444,..
American Samoa,ASM,GDP per capita (constant 2015 US$),NY.GDP.PCAP.KD,..,..,..,..,..,..,..,..,..,..,..,..,13054.6364326897,13201.7347516166,13291.5356626851,13284.2791128875,12794.7565021718,13092.3111393408,12809.4633079683,12342.0575384016,12446.3086265015,12521.8095058644,12068.2667374983,11871.7937192729,12203.0894714284,12727.4102651386,12665.2829921268,11930.7771236826,12412.6024074562,12524.0160252283,13194.274740128,13233.5784817341,13709.0974895473,..,..
American Samoa,ASM,Gini index,SI.POV.GINI,..,..,..,..,..,..,..,..,..,..,..,..,..,..,..,..,..,..,..,..,..,..,..,..,..,..,..,..,..,..,..,..,..,..,..
American Samoa,ASM,"Unemployment, total (% of total labor force) (modeled ILO estimate)",SL.UEM.TOTL.ZS,..,..,..,..,..,..,..,..,..,..,..,..,..,..,..,..,..,..,..,..,..,..,..,..,..,..,..,..,..,..,..,..,..,..,..
American Samoa,ASM,Carbon dioxide (CO2) emissions excluding LULUCF per capita (t CO2e/capita),EN.GHG.CO2.PC.CE.AR5,0.00214408233276158,0.0020884674825613,0.00203923487907337,0.00199366016068901,0.00195118144036214,0.0019114611208808,0.00187430884861207,0.00183952025311799,0.00180720714208263,0.00177784098990186,0.00175886025855246,0.00175275620913887,0.00175247975885879,0.0017552790015973,0.00176000563201802,0.00176625395199322,0.00177386738567425,0.00178211822572309,0.00179121587733754,0.00180089324304855,0.00181067574418773,0.0018216595318335,0.00183523279928059,0.00185164611339481,0.00187034751056746,0.00189114565603843,0.00191405876160398,0.00193851044857132,0.00196432780702444,0.00199167479933876,0.00200960591627982,0.00203148806500762,0.00206859459683091,0.00210433282127901,..
American Samoa,ASM,Renewable energy consumption (% of total final energy consumption),EG.FEC.RNEW.ZS,0,0,0,0,0,0,0,0,0,0,0,0,0,0,0,0,0,0,0,0,0,0,0.1,0.2,0.2,0.2,0.2,0.3,0.3,0.4,0.4,0.4,0.4,..,..
American Samoa,ASM,"Government expenditure on education, total (% of GDP)",SE.XPD.TOTL.GD.ZS,..,..,..,..,..,..,..,..,..,..,..,..,..,..,..,..,14.7170495986938,..,..,..,..,..,..,..,..,..,..,..,..,..,..,..,..,..,..
American Samoa,ASM,Current health expenditure per capita (current US$),SH.XPD.CHEX.PC.CD,..,..,..,..,..,..,..,..,..,..,..,..,..,..,..,..,..,..,..,..,..,..,..,..,..,..,..,..,..,..,..,..,..,..,..
American Samoa,ASM,Individuals using the Internet (% of population),IT.NET.USER.ZS,0,..,..,..,..,..,..,..,..,..,..,..,..,..,..,..,..,..,..,..,..,..,..,..,..,..,..,..,..,..,..,..,..,..,..
American Samoa,ASM,"GNI, PPP (constant 2021 international $)",NY.GNP.MKTP.PP.KD,..,..,..,..,..,..,..,..,..,..,..,..,..,..,..,..,..,..,..,..,..,..,..,..,..,..,..,..,..,..,..,..,..,..,..
Andorra,AND,GDP per capita (constant 2015 US$),NY.GDP.PCAP.KD,31143.1468745802,29642.305980666,28161.9424927346,26518.2336327363,26587.1383037195,27619.5060608184,28871.2160741757,31140.6896808445,31800.3640667052,32938.6437399807,34113.8173771495,36790.1037072591,38084.4843094685,39620.3201590697,40054.3211516798,40528.1748609004,41322.0529198761,40789.1589682857,37775.1261390552,35604.3840085198,36277.2644412087,37637.4868329126,36206.9784343227,35684.169433471,37300.6244183478,38654.9347203095,40085.0205971586,39361.0622634329,39242.1448960772,39346.2750344286,34536.6499209948,36929.0191515162,39780.3966116268,40227.2335282714,..
Andorra,AND,Gini index,SI.POV.GINI,..,..,..,..,..,..,..,..,..,..,..,..,..,..,..,..,..,..,..,..,..,..,..,..,..,..,..,..,..,..,..,..,..,..,..
Andorra,AND,"Unemployment, total (% of total labor force) (modeled ILO estimate)",SL.UEM.TOTL.ZS,..,..,..,..,..,..,..,..,..,..,..,..,..,..,..,..,..,..,..,..,..,..,..,..,..,..,..,..,..,..,..,..,..,..,..
Andorra,AND,Carbon dioxide (CO2) emissions excluding LULUCF per capita (t CO2e/capita),EN.GHG.CO2.PC.CE.AR5,..,..,..,..,..,..,..,..,..,..,..,..,..,..,..,..,..,..,..,..,..,..,..,..,..,..,..,..,..,..,..,..,..,..,..
Andorra,AND,Renewable energy consumption (% of total final energy consumption),EG.FEC.RNEW.ZS,14.1,14.1,14.1,13.7,14.4,14.3,13.9,14,14.2,14.3,14.5,15.4,15.8,16.5,16.6,16.6,17.6,16.6,17,17.1,18.7,18.6,18.8,19.1,19.4,19,18.9,18,17.6,17.2,20.9,18.4,18.7,..,..
Andorra,AND,"Government expenditure on education, total (% of GDP)",SE.XPD.TOTL.GD.ZS,..,..,..,..,..,..,..,3.71327996253967,..,..,..,..,1.65971004962921,..,1.54411995410919,1.64497005939484,2.24489998817444,2.10469007492065,2.87392997741699,3.14292001724243,2.97662997245789,2.98706007003784,2.56577897071838,2.50616002082825,3.07420992851257,3.28034996986389,3.23707008361816,3.21708989143372,3.2467200756073,3.15060997009277,2.63213038444519,2.58397221565247,2.64728999137878,1.92790997028351,..
Andorra,AND,Current health expenditure per capita (current US$),SH.XPD.CHEX.PC.CD,..,..,..,..,..,..,..,..,..,..,1295.08508301,1376.14428711,1583.21118164,1885.52746582,2059.91821289,2283.44287109,2156.34423828,2376.66162109,2774.92602539,2663.37402344,3277.78515625,3550.90820313,2785.18896484,2887.02587891,3001.19604492,2672.26464844,2769.15283203,2876.17871094,3158.13647461,3021.43261719,3282.81738281,3535.98974609,3192.31567383,3654.07470703,..
Andorra,AND,Individuals using the Internet (% of population),IT.NET.USER.ZS,0,..,..,..,..,..,1.53,3.05,6.89,7.64,10.5,..,11.3,13.5,26.8,37.6,48.9,70.9,70,78.5,81,81,82.7,84.4,86.1,87.9,89.7,91.6,..,90.7,93.2,93.9,94.5,95.4,..
Andorra,AND,"GNI, PPP (constant 2021 international $)",NY.GNP.MKTP.PP.KD,..,..,..,..,..,..,..,..,..,..,..,..,..,..,..,..,..,..,..,..,..,..,..,..,..,..,..,..,..,..,..,5001856977.27531,..,..,..
Angola,AGO,GDP per capita (constant 2015 US$),NY.GDP.PCAP.KD,2380.17624300565,2324.36937619854,2118.16654532324,1559.517151584,1529.994431256,1701.69727652709,1867.93503101029,1936.91619338589,1961.03722525713,1938.86184025918,1932.98847886814,1947.85672988915,2139.87259662901,2128.19579323903,2277.86696532928,2526.41057941008,2716.25302638209,2983.0418728513,3193.28772270836,3100.60927365473,3114.69608592822,3099.9422899117,3236.57494513146,3268.63890723473,3300.73510980871,3213.90261080059,3020.98332805417,2911.60084214038,2775.74642272991,2664.43850995544,2433.37637275564,2385.44881834294,2382.02263952585,2332.88691268977,..
Angola,AGO,Gini index,SI.POV.GINI,..,..,..,..,..,..,..,..,..,..,51.9,..,..,..,..,..,..,..,42.7,..,..,..,..,..,..,..,..,..,51.3,..,..,..,..,..,..
Angola,AGO,"Unemployment, total (% of total labor force) (modeled ILO estimate)",SL.UEM.TOTL.ZS,..,16.855,16.978,17.399,17.4,16.987,16.275,16.172,16.371,16.593,16.682,16.7,16.488,16.498,16.378,16.36,16.206,16.153,16.228,16.431,16.618,16.77,16.562,16.492,16.406,16.49,16.575,16.61,16.594,16.497,16.69,15.799,14.602,14.537,14.464
Angola,AGO,Carbon dioxide (CO2) emissions excluding LULUCF per capita (t CO2e/capita),EN.GHG.CO2.PC.CE.AR5,0.965968712477508,0.979787215550443,0.975473352891632,0.946555875493631,0.867215446252477,0.945511671794974,1.10640250320144,1.11880204193429,1.12381978934481,1.15089867484594,1.01957601509466,0.966865641126569,0.91849471761946,0.965775643300561,0.951069768682142,0.810676972733782,0.815387085036386,0.820836438095978,0.886032980276111,0.940848252177258,0.976178185498281,0.976532176921039,0.981682218580684,1.09052260179579,1.13720270585859,1.1754292718486,1.0720530773493,0.924168969446141,0.839018754260571,0.851665227724358,0.61913898758344,0.731567420293545,0.767587420793175,0.76816250904152,..
Angola,AGO,Renewable energy consumption (% of total final energy consumption),EG.FEC.RNEW.ZS,72.3,71.9,72.7,71.3,72.2,73.8,72.9,73.4,76.4,72.8,73.8,72.8,70.8,65.6,62.3,68.9,62.6,58.9,55.4,53,53.1,51.7,49,46.8,47.5,47.1,48.1,52.5,52.5,51,60.1,52.9,..,..,..
Angola,AGO,"Government expenditure on education, total (% of GDP)",SE.XPD.TOTL.GD.ZS,..,..,..,..,..,..,..,..,2.56712007522583,..,2.60753011703491,..,..,..,..,2.12011003494263,2.28146004676819,..,..,2.92000007629395,3.42131996154785,3.24000000953674,3.08191084861755,3.86999988555908,2.9300000667572,3.09999990463257,2.75493669509888,2.46687889099121,2.18351292610168,2.07306432723999,2.6674473285675,2.2971088886261,2.3321259021759,..,..
Angola,AGO,Current health expenditure per capita (current US$),SH.XPD.CHEX.PC.CD,..,..,..,..,..,..,..,..,..,..,13.15998554,29.26095772,29.37077141,35.2206955,50.23310852,54.66142273,70.28185272,93.42698669,136.34094238,120.5289917,96.95197296,122.11888123,121.84848022,142.78450012,130.5861969,107.52857208,94.01481628,112.75364685,84.03104401,64.61397552,55.93916321,67.04656982,101.25614166,..,..
Angola,AGO,Individuals using the Internet (% of population),IT.NET.USER.ZS,0,..,..,..,..,..,0.000776,0.00567,0.0185,0.072,0.105,0.136,0.27,0.371,0.465,1.14,1.5,1.7,1.9,2.3,2.8,4.7,7.7,13,21.4,22,23.2,26,29,32.1,36.6,39.4,42.1,44.8,..
Angola,AGO,"GNI, PPP (constant 2021 international $)",NY.GNP.MKTP.PP.KD,..,..,..,..,..,..,..,..,..,..,..,..,103861725616.025,107994352625.96,117645167021.025,133273942296.118,145403908471.194,169128149063.361,179161696495.764,200486045969.306,205373615126.914,212167220241.908,232566322345.917,247504432772.356,264064301501.338,271473466032.842,263803798727.922,260278698819.416,251179463753.597,242206616833.574,233301718821.647,234841696168.758,243305342462.828,243581393166.988,..
Antigua and Barbuda,ATG,GDP per capita (constant 2015 US$),NY.GDP.PCAP.KD,13164.2272092671,13382.6739017785,13323.9442876969,13774.4689520092,14417.9361441651,13517.2120795095,14115.4382832454,14585.7889477865,14989.1843884929,15280.3215843951,15958.3132753462,15000.8336257587,14965.4696892062,15701.2446362213,16430.5408564489,17298.2265678329,19256.3006281792,20766.6864243165,20461.2564795372,17743.6223972972,16132.6118723322,15631.2134928755,15986.5855542187,15745.4753067356,15966.5831000524,16080.6580495873,16635.7318893628,16951.5063540798,18038.8532949834,18508.9783729509,14935.6150238496,16071.0843222933,17507.3892241095,18090.7735177058,..
Antigua and Barbuda,ATG,Gini index,SI.POV.GINI,..,..,..,..,..,..,..,..,..,..,..,..,..,..,..,..,..,..,..,..,..,..,..,..,..,..,..,..,..,..,..,..,..,..,..
Antigua and Barbuda,ATG,"Unemployment, total (% of total labor force) (modeled ILO estimate)",SL.UEM.TOTL.ZS,..,..,..,..,..,..,..,..,..,..,..,..,..,..,..,..,..,..,..,..,..,..,..,..,..,..,..,..,..,..,..,..,..,..,..
Antigua and Barbuda,ATG,Carbon dioxide (CO2) emissions excluding LULUCF per capita (t CO2e/capita),EN.GHG.CO2.PC.CE.AR5,2.59569340056449,2.5935917459416,2.56971616669772,2.45932883040847,2.62854749188397,2.69691592485592,2.62023789001896,2.71628221187001,2.7288294757775,2.71767165313713,1.80745407945323,1.73921045366707,1.94334821892201,2.09670792460582,2.10749628425158,2.1605054577885,2.42915984318396,2.62288260060707,2.78246815901196,3.16253430434938,3.26418190342241,2.45795301857944,2.59110703644281,2.94444949127907,3.14876358925252,3.25246899081748,3.49787148906846,3.06185612592298,3.24329674680509,3.72466179239088,3.00394138013632,3.30485441098442,3.30137871607066,3.4624287367654,..
Antigua and Barbuda,ATG,Renewable energy consumption (% of total final energy consumption),EG.FEC.RNEW.ZS,0,0,0,0,0,0,0,0,0,0,0,0,0,0,0,0,0,0,0,0,0,0.1,0.1,0.1,0.1,0.4,0.4,0.4,0.7,0.7,0.9,0.9,0.9,..,..
Antigua and Barbuda,ATG,"Government expenditure on education, total (% of GDP)",SE.XPD.TOTL.GD.ZS,..,..,..,..,..,..,..,..,..,2.52550005912781,..,..,3.07913994789124,..,..,..,..,..,..,2.22275996208191,..,..,2.35619330406189,2.64728999137878,2.54248762130737,2.1441957950592,2.25177478790283,2.36592817306519,2.34948754310608,2.30307745933533,2.99340319633484,2.5746488571167,3.6477484703064,..,..
Antigua and Barbuda,ATG,Current health expenditure per capita (current US$),SH.XPD.CHEX.PC.CD,..,..,..,..,..,..,..,..,..,..,520.12213135,572.20776367,559.08331299,613.65112305,597.74902344,641.3157959,665.11560059,714.27496338,694.03344727,609.50390625,724.08880615,717.28186035,753.50183105,739.10491943,826.75598145,789.30975342,817.88891602,791.12322998,856.37127686,808.14996338,883.50018311,843.4654541,1084.88330078,..,..
Antigua and Barbuda,ATG,Individuals using the Internet (% of population),IT.NET.USER.ZS,0,..,..,..,..,2.2,2.86,3.48,4.07,5.3,6.48,8.9,12.5,17.2,24.3,27,30,34,38,42,47,52,58,63.4,67.8,70,71,72,73,74,75,76.1,77.2,77.6,..
Antigua and Barbuda,ATG,"GNI, PPP (constant 2021 international $)",NY.GNP.MKTP.PP.KD,..,..,..,..,..,..,..,..,..,..,..,..,..,..,..,..,..,..,..,..,..,..,..,..,..,..,..,..,..,..,..,2294796015.84831,..,..,..
Argentina,ARG,GDP per capita (constant 2015 US$),NY.GDP.PCAP.KD,8115.09386370753,8729.82318518892,9293.18692251748,9920.67358582437,10359.8927204871,9934.10776139515,10352.1400002191,11056.6881331002,11348.2022124673,10838.3199346387,10631.6503639029,10051.9448463043,8861.56199282278,9545.53194119994,10302.4465316428,11099.7509190602,11870.2791559298,12811.9021206578,13197.3570267029,12285.3784651865,13387.1553748458,14040.6189124444,13754.4254235596,13946.0950832252,13456.1319159151,13679.6264980954,13265.8860639123,13520.1129846159,13058.3285449954,12706.3978108968,11393.0505957877,12549.2811699342,13182.7933950725,12933.2497342121,..
Argentina,ARG,Gini index,SI.POV.GINI,..,46.8,45.5,44.8,45.9,48.9,49.5,49.1,50.7,49.8,51,53.3,53.8,51,48.5,47.8,46.4,46.3,45,43.8,43.7,42.7,41.4,41.1,41.8,..,42.3,41.4,41.7,43.3,42.7,42.4,40.7,..,..
Argentina,ARG,"Unemployment, total (% of total labor force) (modeled ILO estimate)",SL.UEM.TOTL.ZS,..,5.44,6.36,10.1,11.76,18.8,17.11,14.82,12.65,14.05,15,17.32,19.59,15.36,13.522,11.506,10.078,8.47,7.837,8.645,7.714,7.18,7.217,7.1,7.268,7.579,8.085,8.347,9.22,9.843,11.461,8.736,6.805,6.139,7.876
Argentina,ARG,Carbon dioxide (CO2) emissions excluding LULUCF per capita (t CO2e/capita),EN.GHG.CO2.PC.CE.AR5,3.0586122482175,3.17760655382706,3.1908502781558,3.25813902302414,3.31325436085022,3.31532174774922,3.56398428069905,3.64212643831161,3.79425483726053,3.80323167353369,3.67500561079405,3.49096906098567,3.2620858169305,3.51976128011969,3.85751040887454,3.91872470742059,4.10421553720694,4.32708912512489,4.4357867480596,4.03659973529201,4.29667743910718,4.43018394628793,4.47955623063869,4.53801219304993,4.41804077536038,4.51393025813273,4.42297985438054,4.3211555474833,4.25124625791196,4.07544537651257,3.76439263041561,4.20773343985927,4.26096742981134,4.03567968932418,..
Argentina,ARG,Renewable energy consumption (% of total final energy consumption),EG.FEC.RNEW.ZS,8.6,8.4,9,9.7,10,10.2,8.6,9.7,9.6,8.8,9.8,11.5,11.6,10.8,9.3,9.6,9.2,7.7,7.7,8.6,8.8,8.8,8.6,8.9,9.8,9.4,9.4,10.4,10.5,10.7,9.8,9.2,..,..,..
Argentina,ARG,"Government expenditure on education, total (% of GDP)",SE.XPD.TOTL.GD.ZS,1.06737995147705,..,..,..,..,..,3.73198008537292,..,4.03986978530884,4.52167987823486,4.58030986785889,4.833740234375,4.01734018325806,3.53504991531372,3.48652005195618,3.86000990867615,4.12821006774902,4.46260023117065,4.84440994262695,5.53105020523071,5.01971006393433,5.29062986373901,5.34582996368408,5.43661022186279,5.36144018173218,5.77611017227173,5.54548978805542,5.45431995391846,4.87773990631104,4.7716498374939,5.27689981460571,4.64117002487183,4.80521011352539,..,..
Argentina,ARG,Current health expenditure per capita (current US$),SH.XPD.CHEX.PC.CD,..,..,..,..,..,..,..,..,..,..,702.23309326,668.79309082,221.80255127,259.99020386,309.04415894,389.34667969,451.97616577,567.28747559,740.14105225,778.51556396,975.65991211,1196.51464844,1355.22851563,1408.75634766,1274.66125488,1517.33789063,1251.65612793,1486.92871094,1209.5357666,1011.08013916,891.99621582,1080.88208008,1370.88464355,..,..
Argentina,ARG,Individuals using the Internet (% of population),IT.NET.USER.ZS,0,..,0.00299,0.0295,0.0437,0.0863,0.142,0.28,0.831,3.28,7.04,9.78,10.9,11.9,16,17.7,20.9,25.9,28.1,34,45,51,55.8,59.9,64.7,68,71,74.3,77.7,79.9,85.5,87.2,88.4,89.2,..
Argentina,ARG,"GNI, PPP (constant 2021 international $)",NY.GNP.MKTP.PP.KD,535224737600.554,590930823957.311,644967818236.162,702307785442.471,742060986115.054,718328181477.368,756346717869.997,816877408996.252,845434737343.8,815677952840.367,808895352008.553,771574707172.26,669692690535.806,738009496057.031,745901523968.708,810578169336.543,954464749791.163,1047446963079.71,1091049112352.53,1020231284920.06,1119017212061.66,1192211354367.98,1186361568947.4,1217939917450.7,1188794036004.02,1223585480894.61,1193746865081.4,1222263753692.99,1177188009521.36,1150028476196.03,1050124888024.9,1167816126453.34,1231259499805.21,1208525848718.02,..
Armenia,ARM,GDP per capita (constant 2015 US$),NY.GDP.PCAP.KD,1644.02214502158,1426.82791357144,840.205259177402,792.567859246381,857.394474812969,932.357829471807,995.728275319872,1039.0798243009,1128.09888845227,1180.45341995952,1229.21510436102,1351.12072694555,1535.20452885187,1759.64684829386,1955.22262459229,2240.09273209788,2551.43546358452,2919.3734936373,3141.33193500774,2716.97436280471,2796.08143428043,2943.83687119315,3159.75860786889,3266.29882999873,3393.09252326884,3512.39350276709,3533.88503607007,3815.3747426037,4027.83393010979,4343.45839583019,4032.09043454955,4264.79961505187,4791.00481712183,5151.01273118105,..
Armenia,ARM,Gini index,SI.POV.GINI,..,..,..,..,..,..,..,..,..,36.2,..,35.4,34.8,33,37.5,36,29.7,31.2,29.2,28,30,29.4,29.6,30.6,31.5,32.4,32.5,33.6,34.4,30,25.1,27.9,27.9,..,..
Armenia,ARM,"Unemployment, total (% of total labor force) (modeled ILO estimate)",SL.UEM.TOTL.ZS,..,1.783,1.8,5.3,6.6,6.7,9.3,10.8,9.4,11.2,11.095,10.992,10.833,10.705,10.617,10.54,10.465,10.394,17.1,19.295,19.523,18.884,17.511,16.576,17.498,18.261,17.617,17.704,18.966,18.304,18.175,15.469,13.379,13.245,13.329
Armenia,ARM,Carbon dioxide (CO2) emissions excluding LULUCF per capita (t CO2e/capita),EN.GHG.CO2.PC.CE.AR5,5.85004256603366,5.97626935644582,3.07307591196858,1.48126505068149,0.834658400230636,1.07063137682796,0.791189284891887,1.02837424517657,1.08234600350767,0.980082000804474,1.10819285337307,1.13123482159537,0.969216826051628,1.09055773762765,1.18771525166672,1.41828756674294,1.42160468165393,1.65862135547403,1.82961355317288,1.46829745596869,1.41184971098266,1.61950526767727,1.87467345656559,1.81747187293183,1.91130798327693,1.86933368834454,1.79604317748889,1.90931059944955,2.00434489727181,2.16847257383966,2.33456018909337,2.53492218883975,2.45497103596928,2.58286803303353,..
Armenia,ARM,Renewable energy consumption (% of total final energy consumption),EG.FEC.RNEW.ZS,2.1,2.3,6.7,12.9,17.8,9.3,12.5,10.1,9.4,8.4,7.2,5.4,8.9,9.8,8.7,6.5,7.7,7,6.4,7.8,9.4,8,6.6,6.8,7.1,10.7,13.2,12.6,11.1,10.3,8.4,9.1,..,..,..
Armenia,ARM,"Government expenditure on education, total (% of GDP)",SE.XPD.TOTL.GD.ZS,..,..,..,..,..,..,1.84843003749847,..,..,2.23518991470337,2.77273011207581,2.46943998336792,2.13504004478455,2.1450400352478,2.48673009872437,2.71202993392944,2.71577000617981,3.01893997192383,3.17272996902466,3.84079003334045,3.24900007247925,3.14385008811951,2.77248001098633,2.65018010139465,2.24724006652832,2.80591011047363,2.75812005996704,2.70759010314941,2.25586795806885,2.57191228866577,2.70555996894836,2.76784992218018,2.4918999671936,0.242599993944168,..
Armenia,ARM,Current health expenditure per capita (current US$),SH.XPD.CHEX.PC.CD,..,..,..,..,..,..,..,..,..,..,25.6606369,31.90725899,59.20983887,66.31577301,71.65074158,95.55095673,124.8989563,170.15332031,261.59963989,247.90641785,291.77758789,325.29086304,331.91378784,392.85253906,404.33874512,365.51950073,359.58227539,409.80145264,428.34570313,533.69952393,535.2723999,595.83544922,674.78619385,..,..
Armenia,ARM,Individuals using the Internet (% of population),IT.NET.USER.ZS,0,..,..,..,0.00912,0.0527,0.0946,0.112,0.129,0.971,1.3,1.63,1.96,4.58,4.9,5.25,5.63,6.02,6.21,15.3,25,32,37.5,41.9,54.6,59.1,64.3,64.7,68.2,66.5,76.5,78.6,77,80,..
Armenia,ARM,"GNI, PPP (constant 2021 international $)",NY.GNP.MKTP.PP.KD,..,..,..,..,10724386801.483,11824350894.3919,12535168565.0356,13369472721.0393,13937385288.4031,14380877808.9401,15217834480.3577,16658982605.4599,18952041091.7505,21598529078.9753,24045390519.0377,27404381838.0643,31174241895.6886,35706979839.7701,38382124211.0319,32309505294.957,33269847546.2042,34378491488.4546,37063341646.9743,39026067129.8027,39802835614.7576,40870358328.4168,40307692698.6985,43818900787.7997,45296767131.2275,48626078368.3237,43857484810.5387,45809032885.4145,51676867174.8975,55946619524.5806,..
Aruba,ABW,GDP per capita (constant 2015 US$),NY.GDP.PCAP.KD,26609.3840748633,27358.0217070709,27662.2034052006,27798.3553265013,28563.2336087935,28479.6452657341,27701.0504117279,28526.0975674511,28387.1299566371,28351.3719022982,30199.6612772816,31169.7969138989,30662.3217145204,30651.9457560917,32192.7919471291,31249.2780373413,31038.8898666583,31759.8232024833,32097.0402243555,28157.1489891095,27324.5554259804,28037.8697927378,27341.2274279996,28668.7204196265,27914.8433440348,27458.2253310273,27719.5007310796,29671.13582858,30334.1159488227,29576.8099423267,21947.9953301189,27469.0056215511,29917.1280287045,31178.473678762,..
Aruba,ABW,Gini index,SI.POV.GINI,..,..,..,..,..,..,..,..,..,..,..,..,..,..,..,..,..,..,..,..,..,..,..,..,..,..,..,..,..,..,..,..,..,..,..
Aruba,ABW,"Unemployment, total (% of total labor force) (modeled ILO estimate)",SL.UEM.TOTL.ZS,..,..,..,..,..,..,..,..,..,..,..,..,..,..,..,..,..,..,..,..,..,..,..,..,..,..,..,..,..,..,..,..,..,..,..
Aruba,ABW,Carbon dioxide (CO2) emissions excluding LULUCF per capita (t CO2e/capita),EN.GHG.CO2.PC.CE.AR5,3.20144056857839,3.43268180162681,3.63162089703645,3.41182058763656,3.68064952638701,3.93709667314078,2.48852699919298,3.97098527247657,3.9671682626539,3.96502303170903,2.9650726365523,2.96919257647175,3.2213219801464,3.67129112619191,3.66730433685804,3.94120960721053,4.26236104823701,4.5681477783325,4.49874649464411,4.84921853470336,4.73497122881439,2.82870817128208,3.60099894342522,3.90158504849775,4.12613405488404,4.28150427223695,4.45979379546939,4.29116659769164,4.27792265031035,5.10883400639177,4.16808641918462,4.64809656453111,4.68455875500885,4.93670768170344,..
Aruba,ABW,Renewable energy consumption (% of total final energy consumption),EG.FEC.RNEW.ZS,0.3,0.2,0.2,0.2,0.2,0.2,0.2,0.2,0.2,0.2,0.2,0.2,0.2,0.2,0.2,0.2,0.2,0.2,0.2,0.3,5.5,5.7,6.9,6.9,6.9,6.7,7,6.8,8.6,8.3,9.1,8.8,8.8,..,..
Aruba,ABW,"Government expenditure on education, total (% of GDP)",SE.XPD.TOTL.GD.ZS,..,..,..,..,..,..,..,..,4.76316022872925,4.39526987075806,4.71468019485474,4.79898023605347,4.87220001220703,..,4.35698986053467,4.62321996688843,..,4.70254993438721,4.82730007171631,5.79739999771118,6.75109004974365,5.91466999053955,6.3472900390625,6.44295978546143,4.85704946517944,5.88826990127563,5.49136018753052,4.45618057250977,4.54875898361206,4.43504333496094,..,..,..,..,..
Aruba,ABW,Current health expenditure per capita (current US$),SH.XPD.CHEX.PC.CD,..,..,..,..,..,..,..,..,..,..,..,..,..,..,..,..,..,..,..,..,..,..,..,..,..,..,..,..,..,..,..,..,..,..,..
Aruba,ABW,Individuals using the Internet (% of population),IT.NET.USER.ZS,0,..,..,..,..,..,2.77,..,..,4.51,15.4,17.1,18.8,20.8,23,25.4,28,30.9,52,58,62,69,74,78.9,83.8,88.7,93.5,97.2,..,..,..,..,..,..,..
Aruba,ABW,"GNI, PPP (constant 2021 international $)",NY.GNP.MKTP.PP.KD,..,..,..,..,..,..,..,..,..,..,..,..,..,..,..,..,..,..,..,..,..,..,..,..,..,..,..,..,..,..,..,3707115221.71699,..,..,..
Australia,AUS,GDP per capita (constant 2015 US$),NY.GDP.PCAP.KD,36886.1444273767,36279.7540525751,36029.4845675544,37155.5123959647,38264.146671105,39310.7982327944,40337.1060519133,41464.4982180697,42967.6616681962,44636.9418129494,45859.5162097045,46191.3142366289,47486.2783216389,48394.1269478095,49902.0187022536,50853.1976727529,51553.9685966991,52531.7611201084,53336.1012157008,53237.0077642312,53578.8125049759,54111.357240336,55257.5739287362,55728.0174035719,56327.8533063277,56739.0265346593,57401.0662268939,57750.6482221688,58530.7821697117,58924.733646242,58132.798523626,59276.503107197,61009.8077147403,61583.9188935304,..
Australia,AUS,Gini index,SI.POV.GINI,..,..,..,..,..,32.6,..,..,..,..,..,33.5,..,33.5,33.1,..,..,..,35.4,..,34.7,..,..,..,34.4,..,33.7,..,34.3,..,..,..,..,..,..
Australia,AUS,"Unemployment, total (% of total labor force) (modeled ILO estimate)",SL.UEM.TOTL.ZS,..,9.586,10.733,10.879,9.724,8.473,8.509,8.367,7.684,6.876,6.288,6.747,6.375,5.933,5.399,5.036,4.785,4.381,4.242,5.565,5.214,5.083,5.225,5.663,6.078,6.055,5.711,5.592,5.3,5.159,6.456,5.116,3.728,3.668,4.072
Australia,AUS,Carbon dioxide (CO2) emissions excluding LULUCF per capita (t CO2e/capita),EN.GHG.CO2.PC.CE.AR5,16.2736722513889,16.1845069056787,16.1976550228322,16.2759866736287,16.4205512598714,16.8116791879003,17.1563949212629,17.4982496099856,18.3854443435537,18.5045617050664,18.5965306696659,18.6985053620287,18.9082805468625,18.6663916262359,19.1615575634878,19.0359651886093,19.0774020161199,19.2372081651952,19.025898340921,18.9132381935116,18.8488476857263,18.4784761198108,18.1810955786986,17.539347865104,16.879485438679,16.8182097787642,16.8867624516931,16.7057285715517,16.3923595229437,16.0988040730969,15.3033375481418,14.9764854852241,14.4104232429125,14.0146715466792,..
Australia,AUS,Renewable energy consumption (% of total final energy consumption),EG.FEC.RNEW.ZS,8,8.2,7.5,8.6,8.3,8.2,8.9,9.1,8.6,8.5,8.4,8.4,8.7,7.2,6.7,6.7,6.8,7,6.8,7.1,8.2,8.3,8.3,9.2,9.3,9.4,9.6,9.9,9.8,10.3,11.2,12.3,..,..,..
Australia,AUS,"Government expenditure on education, total (% of GDP)",SE.XPD.TOTL.GD.ZS,4.66689014434814,4.78484010696411,4.68287992477417,5.50569009780884,5.24490976333618,..,..,..,..,..,4.75933980941772,5.22261571884155,5.30569648742676,5.24525785446167,5.19307231903076,5.27187633514404,5.16309022903442,4.96966886520386,4.9018235206604,5.39640665054321,6.15043640136719,6.00601577758789,5.55924797058105,5.5196270942688,5.4375524520874,5.46285820007324,5.43038558959961,5.32125568389893,5.40967607498169,5.50858879089355,5.37828016281128,5.33320999145508,5.20677661895752,..,..
Australia,AUS,Current health expenditure per capita (current US$),SH.XPD.CHEX.PC.CD,..,..,..,..,..,..,..,..,..,..,1626.73388672,1550.37390137,1752.93896484,2227.12768555,2744.08105469,2995.87255859,3174.86865234,3792.80981445,4083.42944336,3989.44116211,4947.96337891,5876.88525391,6038.87158203,5811.86865234,6098.25439453,5294.57226563,5423.82666016,5780.53710938,5830.1015625,5529.19482422,5952.890625,7039.57763672,6730.99511719,..,..
Australia,AUS,Individuals using the Internet (% of population),IT.NET.USER.ZS,0.585,1.1,1.77,1.97,2.23,2.76,3.28,16.4,30.8,40.8,46.8,52.7,..,..,..,63,66,69.5,71.7,74.3,76,79.5,79,83.5,84,84.6,86.5,86.5,90,93.6,94.7,97,97,97.1,..
Australia,AUS,"GNI, PPP (constant 2021 international $)",NY.GNP.MKTP.PP.KD,529599596102.451,522544142874.643,525546039147.246,545629220488.466,564674891933.027,586466459068.125,612224748790.141,641157317086.25,671782190737.666,699206413895.731,734032784537.213,752126494018.317,785206529030.891,811036215900.166,856608822030.48,890062566435.465,930656668783.917,973669269093.584,1023974026686.84,1064910963985.64,1075121399261.26,1143229775223.78,1201329043001.6,1213539884835.56,1233796091695.81,1239246717154.15,1242707870752.36,1302137955626.4,1339339085436.18,1383145416193.75,1400260791792.14,1477673952729.91,1536538006166.21,1580410588330.71,..
Austria,AUT,GDP per capita (constant 2015 US$),NY.GDP.PCAP.KD,31167.1858089051,31919.5572961167,32231.1217246909,32134.8299098991,32780.342031078,33603.4277668346,34301.6562559914,34998.0320577293,36180.7490843101,37468.8699525693,38571.0858515901,38929.753817402,39313.7226059057,39569.2886405101,40333.330706218,40989.013215254,42120.1557756904,43568.8302726368,44063.8642404045,42372.4758387703,43035.407467795,44146.1957578601,44221.4600041556,43851.3675464788,43838.8346845363,43915.228020857,44362.6702918145,45056.6386908289,45951.5818951582,46550.5623430785,43428.6983141255,45313.3990043754,47250.969589759,46338.9571249412,..
Austria,AUT,Gini index,SI.POV.GINI,..,..,..,..,30.8,29.9,29.3,29.1,31.3,29.7,29,..,..,29.5,29.8,28.7,29.6,30.6,30.4,31.5,30.3,30.8,30.5,30.8,30.5,30.5,30.8,29.7,30.8,30.2,29.8,30.7,..,..,..
Austria,AUT,"Unemployment, total (% of total labor force) (modeled ILO estimate)",SL.UEM.TOTL.ZS,..,3.42,3.59,4.25,3.535,4.345,5.282,5.15,5.483,4.699,4.687,4.007,4.852,4.779,5.969,5.682,5.32,4.909,4.198,5.371,4.883,4.637,4.909,5.367,5.674,5.802,6.064,5.561,4.933,4.56,5.201,6.459,4.992,5.264,5.439
Austria,AUT,Carbon dioxide (CO2) emissions excluding LULUCF per capita (t CO2e/capita),EN.GHG.CO2.PC.CE.AR5,8.01777841453011,8.44633406194878,7.71735056102707,7.66096781876922,7.69788201233903,8.05873926402675,8.54030089394205,8.47514464345753,8.5362042295465,8.28612553745319,8.324302639459,8.87508077609209,9.05919197540893,9.62461873984399,9.74124219312709,9.77293038054145,9.46564254029169,9.09388442173437,9.04127094455132,8.15697774136276,8.82365601374751,8.60316626910845,8.18827683208677,8.20921615934672,7.71428196999985,7.79491452843608,7.75839255881075,7.96882910568673,7.59986883126006,7.71777223218227,7.02038295077731,7.38910227643614,6.77114674860269,6.44071827985862,..
Austria,AUT,Renewable energy consumption (% of total final energy consumption),EG.FEC.RNEW.ZS,25.2,24.5,26.2,26.4,25.7,25.7,24.1,24.9,24.5,26.5,26.4,25.5,24.7,22.6,23.2,24.4,26.6,29,29.7,31.3,31.1,31.6,34.4,34.6,35.7,34.8,34.6,34,34.1,34,35.8,36,..,..,..
Austria,AUT,"Government expenditure on education, total (% of GDP)",SE.XPD.TOTL.GD.ZS,4.95725011825562,5.10321998596191,5.2969799041748,5.2519998550415,..,5.42834997177124,5.25990009307861,..,6.10374021530151,6.11233997344971,5.58880996704102,5.57547998428345,5.52213001251221,5.36183023452759,5.30243015289307,5.24937009811401,5.22652006149292,5.14690017700195,5.26395988464355,5.73024988174438,5.70047998428345,5.59226989746094,5.48040008544922,5.54711008071899,5.44761991500854,5.45658016204834,5.4796199798584,5.37159013748169,5.22655010223389,5.21779012680054,5.57126998901367,5.49411010742188,4.77447128295898,..,..
Austria,AUT,Current health expenditure per capita (current US$),SH.XPD.CHEX.PC.CD,..,..,..,..,..,..,..,..,..,..,2269.12646484,2282.515625,2497.8659668,3091.24023438,3594.65039063,3710.39794922,3882.98193359,4478.76855469,5057.76074219,4928.98779297,4800.79345703,5167.81787109,4966.09570313,5235.34130859,5393.60205078,4612.82373047,4709.87597656,4938.92041016,5337.21826172,5263.390625,5531.0234375,6520.49072266,5851.96240234,6208.64453125,..
Austria,AUT,Individuals using the Internet (% of population),IT.NET.USER.ZS,0.13,0.259,0.643,0.765,1.39,1.89,6.91,9.53,15.4,23,33.7,39.2,36.6,42.7,54.3,58,63.6,69.4,72.9,73.5,75.2,78.7,80,80.6,81,83.9,84.3,87.9,87.5,87.8,87.5,92.5,93.6,95.3,94.9
Austria,AUT,"GNI, PPP (constant 2021 international $)",NY.GNP.MKTP.PP.KD,..,..,..,..,..,388477087953.964,397130344238.371,403631647367.702,417317732455.678,426545299402.223,442444655829.661,445459810619.228,457354913777.9,462509470139.42,475522829097.932,484223345106.554,502511201593.507,518467703795.515,527849076823.538,507084287674.996,515958328773.766,523471011862.712,523518665092.642,524010898582.332,529070278091.032,532293776980.512,550518433638.683,554381098241.541,566562848453.065,576383887603.987,547666230815.435,571318386895.256,576503269742.947,..,..
Azerbaijan,AZE,GDP per capita (constant 2015 US$),NY.GDP.PCAP.KD,2820.84010307402,2764.07399346223,2107.29678414183,1596.13266566318,1264.5271891937,1102.49789007407,1105.58724229428,1158.4816576176,1262.29188712613,1343.85593869878,1480.80869072436,1614.84885813475,1754.13524132991,1918.61103696953,2077.88527047339,2631.85145279408,3501.16482500603,4327.11360468848,4693.07707968116,5023.9672905028,5215.20415429496,5152.83850244744,5194.92091665083,5426.09594155961,5506.18169600319,5500.50364628486,5270.738165712,5229.7098898586,5262.36870473368,5348.45318851823,5083.56025445721,5345.43986445831,5595.25578671563,5651.34563872949,..
Azerbaijan,AZE,Gini index,SI.POV.GINI,..,..,..,..,..,34.6,..,..,..,..,..,36.5,25.3,26.8,26.6,26.6,..,..,..,..,..,..,..,..,..,..,..,..,..,..,..,..,..,..,..
Azerbaijan,AZE,"Unemployment, total (% of total labor force) (modeled ILO estimate)",SL.UEM.TOTL.ZS,..,0.9,1.8,4.5,6.3,7.2,8.1,9.1,10,10.9,11.78,10.91,10.04,9.17,7.99,7.26,6.62,6.33,5.86,5.74,5.63,5.42,5.19,4.97,4.91,4.96,5,5,4.9,5,7.24,6.04,5.65,5.636,5.594
Azerbaijan,AZE,Carbon dioxide (CO2) emissions excluding LULUCF per capita (t CO2e/capita),EN.GHG.CO2.PC.CE.AR5,7.82198405619356,7.54116870435823,6.08249740925624,5.25496344131931,4.5431149666625,4.40866119703052,3.65861136158702,3.4982553503652,3.45973714141286,3.43147411606276,3.57756628481972,3.41712693559523,3.36349341344477,3.61609647684629,3.55154397158852,3.72018088979188,3.76440706932012,3.37021197254495,3.67786475568843,3.12746619265845,2.94177416953564,3.21251897671906,3.47260650634739,3.52681340510435,3.64172126943049,3.57769509855647,3.5269074665509,3.47367417990177,3.4972536087602,3.68917158464102,3.5077356151779,3.69259451061626,3.8875713436608,4.21177633391826,..
Azerbaijan,AZE,Renewable energy consumption (% of total final energy consumption),EG.FEC.RNEW.ZS,0.7,0.8,1.2,2,1.5,1.4,1.7,2,2.5,2.1,2.1,1.8,2.4,2.9,3.1,3.4,2.9,3.8,3.1,3.3,4.4,3.5,2.8,2.5,2.1,2.3,1.9,1.9,1.9,1.7,1.3,1.3,..,..,..
Azerbaijan,AZE,"Government expenditure on education, total (% of GDP)",SE.XPD.TOTL.GD.ZS,..,..,6.05797004699707,..,..,3.33736991882324,3.51256990432739,..,3.38001990318298,4.21214008331299,3.85399007797241,3.50342011451721,3.15445995330811,3.2861499786377,3.44770002365112,2.97462010383606,2.55552005767822,2.5492799282074,2.44092988967896,3.22430992126465,2.78062009811401,2.43564009666443,2.06763005256653,2.44213008880615,2.63303995132446,2.95167994499207,2.90340995788574,2.47381997108459,2.45543003082275,3.1764600276947,4.33204984664917,3.7020800113678,3.04690003395081,3.58290028572083,..
Azerbaijan,AZE,Current health expenditure per capita (current US$),SH.XPD.CHEX.PC.CD,..,..,..,..,..,..,..,..,..,..,18.64016533,19.19010162,20.45606041,23.62244987,27.1906395,34.35204697,49.87102127,74.65649414,111.88427734,135.40127563,153.0665741,184.93493652,234.60324097,251.67863464,280.22314453,236.25979614,169.69596863,167.01565552,180.03610229,199.25746155,245.21949768,250.9887085,304.20162964,..,..
Azerbaijan,AZE,Individuals using the Internet (% of population),IT.NET.USER.ZS,0,..,..,..,0.00143,0.00206,0.00635,0.0252,0.0375,0.0992,0.148,0.306,5,..,..,8.03,12,14.5,17.1,27.4,46,50,54.2,73,75,77,78.2,79,79.8,81.1,84.6,86,88,89,..
Azerbaijan,AZE,"GNI, PPP (constant 2021 international $)",NY.GNP.MKTP.PP.KD,..,..,..,..,..,..,..,..,..,..,..,..,..,..,..,..,..,..,..,..,..,..,..,..,..,..,..,..,..,..,..,199651899134.305,..,..,..
"Bahamas, The",BHS,GDP per capita (constant 2015 US$),NY.GDP.PCAP.KD,31013.4113096277,29209.8799129391,27581.9230250065,27152.8748810207,27519.5438938555,28252.7077066212,28983.8030082001,28919.2895646365,29854.6965869756,31562.5997734386,32443.4821122756,32889.1043697221,33393.907041321,32578.1443340618,32462.8400808186,33163.9593062091,33561.2518428191,33568.7414244241,32350.5258109189,30599.0229081654,30675.1646102905,30510.3112586785,31111.9605332274,29943.2833151727,30229.5788172228,30289.4022514831,29788.630398974,30432.0034857242,31054.8232648137,30481.3536731138,23879.3136835653,27522.0226408093,30400.100277377,31053.8006388734,..
"Bahamas, The",BHS,Gini index,SI.POV.GINI,..,..,..,..,..,..,..,..,..,..,..,..,..,..,..,..,..,..,..,..,..,..,..,..,..,..,..,..,..,..,..,..,..,..,..
"Bahamas, The",BHS,"Unemployment, total (% of total labor force) (modeled ILO estimate)",SL.UEM.TOTL.ZS,..,12.17,14.81,12.72,13.83,10.83,11.46,9.76,7.65,7.45,7.12,6.87,9.05,10.84,10.2,10.2,7.54,7.88,8.18,14.25,14.432,14.52,14.02,16.18,13.8,12,12.7,9.8,10,9.336,12.027,11.032,9.272,8.643,8.463
"Bahamas, The",BHS,Carbon dioxide (CO2) emissions excluding LULUCF per capita (t CO2e/capita),EN.GHG.CO2.PC.CE.AR5,3.93629165232202,3.4958732737033,2.96019613397825,2.98621193866938,3.25251510072207,3.69931765634692,4.06408766178641,4.03693744692896,4.57275310113899,4.05457833511673,3.0781107662853,3.02590319550019,3.27579655864951,2.41077653761121,2.57106026805422,2.50106137356278,3.14316469321851,3.71687977947211,3.80123980788562,3.12091728452909,3.49109334436347,2.2976415614601,2.70834609515033,2.87898499286191,2.97202705742641,2.90699786685213,3.20908118694515,3.51767673534195,3.92801941347077,4.48951669094825,3.63105417783425,4.01162541343633,4.01672292963188,4.21515121169637,..
"Bahamas, The",BHS,Renewable energy consumption (% of total final energy consumption),EG.FEC.RNEW.ZS,0,0,0,0,0,0,0,0,0,0,0,0.4,0.4,1.5,1.6,1.7,2,3.5,2,1.5,1.3,1.4,1.4,1.4,1.4,1.4,1.2,1.1,1.1,1.1,1.4,1.1,1.1,..,..
"Bahamas, The",BHS,"Government expenditure on education, total (% of GDP)",SE.XPD.TOTL.GD.ZS,..,..,..,..,..,..,..,..,..,..,2.23284006118774,..,..,..,..,..,..,..,..,..,2.45165991783142,2.35576629638672,2.38704514503479,2.38595986366272,2.31407165527344,2.29697513580322,2.58660674095154,2.69140648841858,2.48519492149353,2.6171863079071,3.7900116443634,3.00693249702454,2.83657622337341,..,..
"Bahamas, The",BHS,Current health expenditure per capita (current US$),SH.XPD.CHEX.PC.CD,..,..,..,..,..,..,..,..,..,..,948.88244629,995.71844482,1021.03601074,1062.43786621,1078.31152344,1153.21594238,1257.64587402,1351.08203125,1429.23681641,1416.92468262,1444.0065918,1442.24768066,1518.64953613,1559.34936523,1619.43212891,1588.58288574,1729.71435547,2118.64892578,1941.9576416,1941.60742188,1871.10473633,2037.53186035,2341.32348633,..,..
"Bahamas, The",BHS,Individuals using the Internet (% of population),IT.NET.USER.ZS,0,..,..,..,..,0.96,1.75,1.36,2.34,3.76,8,11.8,18,20,22,25,26,27,31.5,33.9,43,65,71.7,72,76.9,78,80,80.6,83,90.7,92.4,94.3,94.7,94.8,..
"Bahamas, The",BHS,"GNI, PPP (constant 2021 international $)",NY.GNP.MKTP.PP.KD,8691248242.30946,8318963516.67835,8206064062.34859,8131925772.16488,8385064392.13223,9998297890.60319,11095845172.8282,9313484961.4741,9689649611.88143,10525609487.9661,10949537551.4888,11165057522.4254,11487518463.9682,11393812873.6898,11524014255.531,11872271068.0445,12143801566.2005,12306272451.8243,12220480077.9766,11618075102.2614,11706497840.5231,11783608654.9223,12115356938.9336,11740334586.9834,11819289068.9938,11890390438.0048,11705535056.762,12066327150.7734,12110594830.2468,12175266654.2371,9526275239.19885,10901904032.4578,12139949580.0416,12638634195.4394,..
Bahrain,BHR,GDP per capita (constant 2015 US$),NY.GDP.PCAP.KD,18345.8379968815,20882.5059585425,21701.2221810674,23858.1932700978,23180.3323729315,23465.7128444519,23795.2091340679,23893.1335734362,24386.5914731011,24773.8463984048,25407.9695506994,25106.2869597603,24149.0155867095,23857.640497887,23688.1119870174,23439.6704259167,23095.0182544673,23112.4887473872,23127.2147074223,22206.9371565184,22224.0736166249,23288.0449398313,23894.8804447088,24271.6278814506,24135.4991304849,23734.0551143019,23715.2791328712,23606.8867501313,24059.7838641562,24873.6640060134,23586.9309581516,24086.7847803428,25187.1425681324,25076.6545031009,..
Bahrain,BHR,Gini index,SI.POV.GINI,..,..,..,..,..,..,..,..,..,..,..,..,..,..,..,..,..,..,..,..,..,..,..,..,..,..,..,..,..,..,..,..,..,..,..
Bahrain,BHR,"Unemployment, total (% of total labor force) (modeled ILO estimate)",SL.UEM.TOTL.ZS,..,1.051,0.971,0.884,1.009,1.047,1.182,1.129,1.117,1.115,1.083,1.12,1.139,1.128,1.065,1.021,1.021,1.006,1.014,1.07,1.13,1.21,1.2,1.182,1.141,1.16,1.192,1.194,1.2,1.223,1.781,1.541,1.326,1.154,1.102
Bahrain,BHR,Carbon dioxide (CO2) emissions excluding LULUCF per capita (t CO2e/capita),EN.GHG.CO2.PC.CE.AR5,23.3041373589978,22.9980200853987,26.3628407343869,27.776321373002,27.5542557764445,27.27459790044,27.5260024538509,27.6000441339976,28.4942183247856,27.9004942116527,27.8732774764658,27.8270902261551,27.0590652632527,26.0244049510998,24.1830866740881,26.2934535823821,26.4976718615945,24.8744581663532,25.0738561807202,23.4684724821052,23.4711361344292,24.2703050994962,24.9935481949835,25.6391882801584,25.3333049335064,24.4289298427669,23.502977398741,22.4872028544097,22.5029622291664,24.8338001666042,25.0267625954012,24.7782951610812,23.8009225463749,23.7312617980684,..
Bahrain,BHR,Renewable energy consumption (% of total final energy consumption),EG.FEC.RNEW.ZS,0,0,0,0,0,0,0,0,0,0,0,0,0,0,0,0,0,0,0,0,0,0,0,0,0,0,0,0,0,0,0,0,..,..,..
Bahrain,BHR,"Government expenditure on education, total (% of GDP)",SE.XPD.TOTL.GD.ZS,..,..,..,..,..,..,..,..,..,..,..,..,..,..,..,..,2.87440991401672,2.57500004768372,2.49677991867065,..,2.35114979743958,2.31235384941101,2.64530992507935,2.47689008712769,2.46745991706848,2.66808009147644,2.80248284339905,2.32781004905701,2.38893985748291,2.38460445404053,2.55237460136414,2.22135806083679,1.98779726028442,..,..
Bahrain,BHR,Current health expenditure per capita (current US$),SH.XPD.CHEX.PC.CD,..,..,..,..,..,..,..,..,..,..,451.50253296,457.59741211,469.15478516,530.5446167,527.82989502,557.9574585,578.29705811,677.16290283,734.99511719,838.52880859,866.67224121,921.72064209,1038.1661377,1115.16906738,1122.16040039,1128.24291992,1095.92541504,1080.08898926,1041.8560791,1030.26379395,1101.79211426,1175.28198242,1110.67590332,..,..
Bahrain,BHR,Individuals using the Internet (% of population),IT.NET.USER.ZS,0,..,..,..,..,0.346,0.843,1.65,3.22,4.72,6.15,15,18.1,21.6,21.5,21.3,28.2,32.9,52,53,55,77,88,90,90.5,93.5,98,95.9,98.6,99.7,99.7,100,100,100,..
Bahrain,BHR,"GNI, PPP (constant 2021 international $)",NY.GNP.MKTP.PP.KD,..,..,..,..,..,..,..,..,..,..,35969198685.4701,36535622998.0895,37322837688.3144,39908387508.0368,42733932004.2402,46190510165.2852,49326544252.8651,53717598359.3075,55680923108.7475,53535550929.2612,56381672693.6973,54473706653.7001,63341087009.6702,66328945699.2524,68418646930.5119,70029989909.3999,72790062848.8614,76254722366.9585,77847425517.3054,79194986847.9846,73817572217.5497,77554670107.9553,83430723101.1754,84375546523.445,..
Bangladesh,BGD,GDP per capita (constant 2015 US$),NY.GDP.PCAP.KD,473.444821021085,480.673358976087,497.371173735323,511.193509421294,521.323144726555,537.931946643983,552.077107138767,566.271140847632,584.448175174047,600.232323162952,620.560472822105,641.288922876274,655.672139362272,676.826252046427,702.656357081873,739.203718353409,779.419570444998,825.508229964537,866.45815762135,901.729626251937,943.66422864236,995.579947155662,1050.39140404066,1103.15695907123,1159.40753475981,1224.38647668165,1299.83091360792,1373.75363740186,1462.25050255713,1564.20802445636,1604.6659234742,1702.08028414189,1804.3493461776,1885.37733613545,..
Bangladesh,BGD,Gini index,SI.POV.GINI,..,27.6,..,..,..,32.9,..,..,..,..,33.4,..,..,..,..,33.2,..,..,..,..,32.1,..,..,..,..,..,32.4,..,..,..,..,..,33.4,..,..
Bangladesh,BGD,"Unemployment, total (% of total labor force) (modeled ILO estimate)",SL.UEM.TOTL.ZS,..,2.2,2.234,2.311,2.371,2.441,2.51,2.698,2.893,3.087,3.27,3.61,3.966,4.32,4.314,4.25,3.591,4.017,4.492,5,3.379,3.736,4.071,4.426,4.416,4.396,4.35,4.372,4.407,4.441,5.436,5.327,4.593,4.454,4.68
Bangladesh,BGD,Carbon dioxide (CO2) emissions excluding LULUCF per capita (t CO2e/capita),EN.GHG.CO2.PC.CE.AR5,0.132268282350573,0.123632633991958,0.135672295009309,0.143494128111891,0.149566432842862,0.177625891341111,0.176868609669226,0.18833383390435,0.18884014523053,0.197782020348266,0.200482660343614,0.238508145231551,0.247169767890226,0.255250836397506,0.265234027233158,0.278993060231867,0.296997445589191,0.312232079407807,0.343315957053316,0.365306179179761,0.399174830713931,0.425099567633734,0.450489807832137,0.460371266499191,0.485151359134913,0.536007629763741,0.584386984418544,0.622894753150526,0.645077044556817,0.655345933649704,0.616107741604915,0.695944754578843,0.732520444251886,0.727798394314847,..
Bangladesh,BGD,Renewable energy consumption (% of total final energy consumption),EG.FEC.RNEW.ZS,71.7,73.1,71.6,70.5,69,63.8,62.1,60,60.2,60.5,60.2,55.9,54.4,52.6,52,50.6,48.6,47.2,45.2,43.1,40.3,38.4,37.3,37,35.4,33.1,30.2,28.1,27,26.1,27.2,25,..,..,..
Bangladesh,BGD,"Government expenditure on education, total (% of GDP)",SE.XPD.TOTL.GD.ZS,1.51911997795105,1.42566001415253,1.63177001476288,1.69262003898621,..,..,..,1.95246994495392,..,2.13281989097595,2.12508010864258,2.17193007469177,2.01714992523193,2.06939005851746,1.94014000892639,..,2.13128995895386,2.20221996307373,2.0545699596405,1.9394199848175,..,2.13269996643066,2.04667067527771,1.96616005897522,2.09871673583984,1.87225413322449,2.22119998931885,1.85040032863617,1.65589129924774,1.68138802051544,1.76528060436249,1.83117997646332,1.71183669567108,1.7752274274826,..
Bangladesh,BGD,Current health expenditure per capita (current US$),SH.XPD.CHEX.PC.CD,..,..,..,..,..,..,..,..,..,..,8.27585602,8.10025787,9.05402279,9.98434258,10.78997898,11.31403732,12.05988026,14.03898716,15.5619669,17.7030201,20.62105751,22.77348328,23.43771553,26.96918297,29.91152382,33.20998764,39.30647659,42.17510986,44.78892899,47.84217072,51.00624084,58.53958511,61.09237671,..,..
Bangladesh,BGD,Individuals using the Internet (% of population),IT.NET.USER.ZS,0,..,..,..,..,..,..,0.000751,0.00368,0.0362,0.071,0.13,0.14,0.164,0.199,0.242,1,1.8,2.5,3.1,3.7,4.5,5,6.63,11.9,12.9,18.1,21.5,25.6,30.4,36.1,38.9,41.6,44.5,..
Bangladesh,BGD,"GNI, PPP (constant 2021 international $)",NY.GNP.MKTP.PP.KD,..,..,..,..,..,..,..,..,..,..,..,..,..,..,..,..,..,..,..,..,..,..,..,..,..,..,956632741363.07,1007672638992.94,1087139615199.35,1173922531937.3,1214901932795.48,1313226689114.99,1389069019766.09,1469706763046.16,..
Barbados,BRB,GDP per capita (constant 2015 US$),NY.GDP.PCAP.KD,17426.9351835134,16696.22733988,15691.7053745298,15770.1013386706,16050.7397691905,16347.8193415767,16982.0088873431,17779.6524073263,18439.4684285478,18495.4685457422,19351.4637536222,18867.6490272458,18892.1731269,19184.9279509598,19344.9607588108,20004.7667883518,21117.3140469227,21454.1970493913,21477.2080975613,20294.7825842242,19763.952363572,19555.7321072204,19438.2179113021,19191.4375467197,19160.122299023,18954.2913724506,19251.9834223357,19237.287488428,18974.8571786909,19064.9975884863,16166.6559507829,16099.7749737734,18959.3351638653,19734.2380260921,..
Barbados,BRB,Gini index,SI.POV.GINI,..,..,..,..,..,..,..,..,..,..,..,..,..,..,..,..,..,..,..,..,..,..,..,..,..,..,..,..,..,..,..,..,..,..,..
Barbados,BRB,"Unemployment, total (% of total labor force) (modeled ILO estimate)",SL.UEM.TOTL.ZS,..,22.323,22.94,24.54,22.98,19.66,14.71,14.61,12.4,10.61,9.35,9.85,10.32,11,9.57,9.08,8.73,7.41,8.12,10.02,10.69,11.19,11.59,11.55,12.17,9.803,8.247,8.622,8.322,8.412,9.777,9.433,8.365,7.878,7.529
Barbados,BRB,Carbon dioxide (CO2) emissions excluding LULUCF per capita (t CO2e/capita),EN.GHG.CO2.PC.CE.AR5,2.38067614915191,2.26353552605707,2.19236399543546,2.08024457240056,2.02086996407002,2.06572304122669,2.01804151225389,2.39603341565292,2.63569022542639,2.75905941329514,2.24564322319442,2.15528246165571,2.29681845026273,2.40127024261032,2.3636540490389,2.4059753038637,2.5884993444493,2.47596650054555,2.9041413348783,2.91329074904331,2.98027561100555,2.45999297455267,2.32362478244228,2.63194857111987,2.39951427709199,2.58181296820675,2.76682951952446,2.43565536761478,2.63295702697792,2.96649798902588,2.38411348323382,2.6837074291061,2.69129138064169,2.82004420265216,..
Barbados,BRB,Renewable energy consumption (% of total final energy consumption),EG.FEC.RNEW.ZS,17.5,16.9,15.7,14.2,13.8,14.4,15.2,14.3,10.6,11.3,11.9,10.8,9.8,8.6,8.7,8.7,8.8,8.6,7.6,8.5,8.2,4.1,3.8,3.1,3,3,2.8,4.3,4.9,3.4,4.7,5.5,5.5,..,..
Barbados,BRB,"Government expenditure on education, total (% of GDP)",SE.XPD.TOTL.GD.ZS,..,6.63870000839233,..,..,..,..,..,..,..,4.34123992919922,4.71585988998413,6.05536985397339,5.88062000274658,6.24569988250732,6.02428007125854,5.66965007781982,..,5.22061014175415,4.92074012756348,5.11040019989014,6.05261993408203,..,5.25726985931396,5.13486003875732,6.12197017669678,5.17699909210205,4.68382978439331,4.34997987747192,5.13313722610474,4.0863299369812,4.16860008239746,4.863609790802,4.41624021530151,4.04476022720337,..
Barbados,BRB,Current health expenditure per capita (current US$),SH.XPD.CHEX.PC.CD,..,..,..,..,..,..,..,..,..,..,622.47875977,643.1159668,689.30773926,808.06054688,942.37701416,963.07849121,1028.39282227,1043.49401855,1136.53637695,1163.96875,1114.3729248,1163.2668457,1294.78674316,1246.16491699,1175.44348145,1154.62719727,1181.14257813,1182.00366211,1169.35559082,1168.11938477,1234.30041504,1391.49853516,1302.0592041,..,..
Barbados,BRB,Individuals using the Internet (% of population),IT.NET.USER.ZS,0,..,..,..,..,0.00775,0.389,0.783,1.97,2.38,3.97,11.9,27.8,39.7,49.8,52.5,55.3,58.2,61.4,64.7,65.1,66.5,71.2,71.8,71.9,72,72.2,72.3,72.4,74.2,76,77.9,79.4,80,..
Barbados,BRB,"GNI, PPP (constant 2021 international $)",NY.GNP.MKTP.PP.KD,..,..,..,..,..,..,..,..,..,..,..,..,..,..,..,..,..,..,..,..,..,..,..,..,..,..,..,..,..,..,..,4344630979.18739,..,..,..
Belarus,BLR,GDP per capita (constant 2015 US$),NY.GDP.PCAP.KD,2888.81907069821,2852.83689147968,2573.30498643864,2372.49018343591,2097.38630357777,1885.36460876549,1944.69111376635,2175.40833900412,2368.78831406642,2460.37464166009,2615.36929738429,2753.03951749076,2910.40552581074,3137.2692460885,3520.41196333398,3877.72558343066,4291.69554039507,4682.21666120022,5177.65628805365,5200.78517563822,5616.10598460952,5941.70254722329,6052.65016288478,6115.445804695,6212.92980286522,5967.06856034227,5811.21387285116,5964.90929450138,6165.92623183228,6267.7483339582,6252.00220091446,6457.74418441168,6206.63221336061,6482.80295076287,..
Belarus,BLR,Gini index,SI.POV.GINI,..,..,..,..,..,..,..,..,32,31.7,31.2,30.6,30.3,28.8,26.5,27.6,28.3,29.6,27.8,27.7,28.6,27.2,26.5,26.6,27.2,25.6,25.3,25.4,25.2,25.3,24.4,..,..,..,..
Belarus,BLR,"Unemployment, total (% of total labor force) (modeled ILO estimate)",SL.UEM.TOTL.ZS,..,0.6,3.1,8.5,12.8,17.7,24.4,17.1,14,12.8,12.224,11.609,10.908,10.215,9.452,8.728,8.024,7.38,6.698,6.1,6.045,6.022,5.946,5.937,5.902,5.881,5.844,5.648,4.763,4.165,4.049,3.9,3.574,3.461,3.361
Belarus,BLR,Carbon dioxide (CO2) emissions excluding LULUCF per capita (t CO2e/capita),EN.GHG.CO2.PC.CE.AR5,10.357051304951,9.97057106841736,8.98935738077829,7.74392155522241,6.60917154715162,5.92760464637878,6.03926209861855,6.10873331209606,5.98746242415704,5.80043080810529,5.63728442293837,5.53815064013886,5.59409370873265,5.69879865249176,6.08272476075899,6.21043334921717,6.50294578072664,6.38585923390691,6.7969460489285,6.48353536393969,6.97161992257141,6.65461590550394,6.80294439323388,6.82261573949793,6.77024908146942,6.25370729502649,6.23713550804124,6.36653663515202,6.73382220275173,6.51550708627546,6.20105518663635,6.3033769645749,6.15801503911272,5.90258673231137,..
Belarus,BLR,Renewable energy consumption (% of total final energy consumption),EG.FEC.RNEW.ZS,0.9,1,1.2,1.4,2.3,2.8,3.5,3.8,4.1,4.5,5.7,6.3,6.5,6.2,6.3,6.8,7.2,7.3,7.1,7.4,7.3,7.5,7.2,7,6.7,6.8,6.7,7.3,7.2,7.8,8.4,8.2,..,..,..
Belarus,BLR,"Government expenditure on education, total (% of GDP)",SE.XPD.TOTL.GD.ZS,..,..,..,..,..,..,..,..,..,6.00001001358032,6.19661998748779,..,..,6.31018209457397,5.7122597694397,5.8710298538208,6.07696008682251,5.15210008621216,5.71321535110474,4.3689398765564,5.22003984451294,4.68479013442993,4.95964002609253,5.0094199180603,4.81832981109619,4.78750991821289,4.94654989242554,4.79500007629395,5.38110017776489,4.97948980331421,4.86263990402222,4.60641002655029,4.62823009490967,4.9514799118042,..
Belarus,BLR,Current health expenditure per capita (current US$),SH.XPD.CHEX.PC.CD,..,..,..,..,..,..,..,..,..,..,57.02944183,73.3659668,85.97066498,108.51013947,140.99655151,196.13806152,221.70170593,278.63424683,348.92633057,288.44775391,341.13800049,317.82492065,364.09957886,454.51959229,448.27426147,360.91937256,296.94720459,331.94082642,349.99176025,400.11621094,420.43655396,484.03930664,529.01873779,..,..
Belarus,BLR,Individuals using the Internet (% of population),IT.NET.USER.ZS,0,..,..,..,0.000486,0.00292,0.0293,0.049,0.0739,0.495,1.86,4.3,8.95,..,..,..,16.2,19.7,23,27.4,31.8,39.6,46.9,54.2,59,62.2,71.1,74.4,79.1,82.8,85.1,86.9,89.5,91.5,..
Belarus,BLR,"GNI, PPP (constant 2021 international $)",NY.GNP.MKTP.PP.KD,126109105025.312,124595801279.124,112634602749.361,104074370801.317,91567452288.7577,82092961597.0612,84532343348.6577,93937898553.8675,101816616984.706,105755553266.058,111515194233.822,116821270598.258,122834234835.17,131812332671.385,146667953674.309,160776611044.612,176163517131.537,190357392294.817,208954188853.605,207882748814.219,224260699053.243,238350045698.068,239631622138.956,238923686859.583,244093209653.639,231735027221.749,225072946203.199,232935021338.918,240328144998.08,245392896146.553,240814001592.385,247425875072.911,234518371586.392,245639950350.639,..
Belgium,BEL,GDP per capita (constant 2015 US$),NY.GDP.PCAP.KD,29609.6207847014,30040.5508722561,30376.8745233822,29967.3944141531,30839.2414478946,31508.6226413688,31862.6694406461,32991.5010339643,33566.9875682096,34676.6051727182,35878.3153948197,36148.2881160202,36600.862545353,36826.2699200097,37976.697319251,38645.2605555367,39371.0857898642,40520.0843652615,40380.9074712395,39293.6375830961,39991.5646228587,40236.9596151297,40074.4928091814,40007.8997697861,40533.9134833922,40893.804537772,41172.8862464509,41619.3286089022,42208.3625852238,43006.4042605622,40769.0218401768,43119.894333477,44583.5767711768,44731.0420983801,..
Belgium,BEL,Gini index,SI.POV.GINI,..,..,24.9,..,..,28.4,..,26.8,..,..,33.1,..,..,28.1,30.5,29.3,28.1,29.2,28.4,28.6,28.4,28.1,27.5,27.7,28.1,27.7,27.6,27.4,27.2,27.2,26,26.6,..,..,..
Belgium,BEL,"Unemployment, total (% of total labor force) (modeled ILO estimate)",SL.UEM.TOTL.ZS,..,6.984,6.702,8.078,9.645,9.337,9.483,8.95,9.322,8.649,6.586,6.178,6.91,7.68,7.363,8.44,8.246,7.459,6.976,7.908,8.293,7.14,7.542,8.425,8.523,8.482,7.83,7.09,5.941,5.364,5.545,6.248,5.57,5.528,5.488
Belgium,BEL,Carbon dioxide (CO2) emissions excluding LULUCF per capita (t CO2e/capita),EN.GHG.CO2.PC.CE.AR5,11.6187615620917,11.9677512667817,11.7098506564058,11.472753911334,12.071569040422,12.0764311379585,12.5444179997769,12.2203620480599,12.4869254243454,12.0312594271758,12.1906694305572,12.2425648199546,11.4677117543818,11.8899401154553,11.705162306186,11.3702695689708,11.0155254694795,10.6367956934602,10.6799242164289,9.94802664161409,10.5526219516784,9.47363643413493,9.28125786670883,9.35735205284654,8.71835159728423,9.08083379071997,8.93630119856096,8.76474858634931,8.75974682538474,8.69376567806716,7.99637460476155,8.30738650609626,7.68302111006566,7.15220790837828,..
Belgium,BEL,Renewable energy consumption (% of total final energy consumption),EG.FEC.RNEW.ZS,1.3,1.2,1.2,1,0.9,1.3,1.2,1.1,1.3,1.4,1.4,1.6,1.7,1.9,2,2.5,2.9,3.4,4,4.9,6.2,6.7,7.7,8.3,9.1,9.4,9.2,9.7,10.7,10.2,12.3,11.7,..,..,..
Belgium,BEL,"Government expenditure on education, total (% of GDP)",SE.XPD.TOTL.GD.ZS,..,..,..,5.37231016159058,5.41103982925415,2.98866009712219,3.04947996139526,..,..,..,5.53273296356201,5.67605495452881,5.78968381881714,5.89130210876465,5.62933778762817,5.79585981369019,5.62658596038818,5.51823377609253,6.33294010162354,6.45809984207153,6.44259023666382,6.43199014663696,6.25576496124268,6.63052988052368,6.59046983718872,6.4515700340271,6.46173000335693,6.42534017562866,6.38107013702393,6.33397006988525,6.80185985565186,6.35551977157593,..,..,..
Belgium,BEL,Current health expenditure per capita (current US$),SH.XPD.CHEX.PC.CD,..,..,..,..,..,..,..,..,..,..,1849.91601563,1879.93457031,2084.7199707,2814.88037109,3312.74169922,3405.30175781,3545.24243164,4064.07568359,4652.54589844,4637.45019531,4530.05810547,4929.19873047,4704.67578125,4953.98193359,5079.82519531,4442.13037109,4542.66162109,4783.80664063,5176.85498047,5033.16601563,5144.98144531,5743.62109375,5404.62402344,..,..
Belgium,BEL,Individuals using the Internet (% of population),IT.NET.USER.ZS,0.00101,0.0201,0.1,0.199,0.696,0.992,2.97,4.94,7.89,13.8,29.4,31.3,46.3,50,53.9,55.8,62,66.8,68.9,74.5,77.6,81.6,80.7,82.2,85,85.1,86.5,87.7,88.6,90.3,91.5,92.8,94,94.6,..
Belgium,BEL,"GNI, PPP (constant 2021 international $)",NY.GNP.MKTP.PP.KD,..,..,..,..,..,480816059439.181,485251282662.738,503277567810.612,514309737440.931,528734642061.099,543708581481.378,546014434269.908,556138839146.231,560815497749.268,574658428896.601,584627245739.426,597532006722.05,620020321924.824,616241852752.706,612608677201.792,620453091435.094,615420820498.085,633406213125.843,639015981636.139,648411894303.461,662061525182.822,671821887618.257,679696339101.125,687244689107.484,707458216489.217,673641424599.488,713050272531.793,712992745394.459,..,..
Belize,BLZ,GDP per capita (constant 2015 US$),NY.GDP.PCAP.KD,4111.68186005974,4498.65988154226,4966.68328051626,5165.5406214628,5055.70052469135,4966.79958676435,4874.55662204451,4914.25622252639,4930.24629363195,5212.36550357123,5662.33419045965,5763.67721322443,5893.70035034857,6273.01058592748,6381.59597801024,6335.67777675053,6434.11864385377,6465.21936364157,6183.93891771798,5997.24330826644,5919.55662085777,5777.83112948952,5866.25148992843,5998.17830945783,6109.47778375326,6154.49593498217,6016.49646985703,5772.92692023491,5729.21045186202,5886.9622354935,5003.87784847193,5824.30394264153,6269.37997445105,6212.26051785042,..
Belize,BLZ,Gini index,SI.POV.GINI,..,..,..,60.2,60.9,..,56.5,60.4,54.9,53.2,..,..,..,..,..,..,..,..,..,..,..,..,..,..,..,..,..,..,..,..,..,..,..,..,..
Belize,BLZ,"Unemployment, total (% of total labor force) (modeled ILO estimate)",SL.UEM.TOTL.ZS,..,9.69,9.697,9.78,11.1,12.48,13.82,12.68,14.31,12.84,10.836,9.07,10.04,10.343,10.584,10.91,9.39,8.51,8.18,8.328,8.416,8.43,8.379,8.349,8.244,7.578,7,6.596,7.896,9.053,10.784,10.322,8.763,8.267,7
Belize,BLZ,Carbon dioxide (CO2) emissions excluding LULUCF per capita (t CO2e/capita),EN.GHG.CO2.PC.CE.AR5,0.686053879263257,0.76988879384089,0.628851782619395,0.600814768447733,0.571078419062065,0.629451471006045,0.507346298321525,0.848026636498257,0.832248981893922,0.840130610703727,0.574337933297065,0.566070400476691,0.548808830939537,0.561831829554932,0.500574188039221,0.535514476407692,0.603033229354101,0.566024991556906,0.531605560502167,0.626651397570166,0.726006651157707,0.455548154892483,0.485027540713008,0.598606082071967,0.583223232632988,0.690365472745999,0.711259785305932,0.759374279880601,0.648561644916444,0.695904144063821,0.560371738841182,0.621227987636147,0.649810171999811,0.677440854670085,..
Belize,BLZ,Renewable energy consumption (% of total final energy consumption),EG.FEC.RNEW.ZS,38,32.4,36.3,35.6,34.1,34.9,42.7,36.7,35.3,35.9,34.5,23.9,25.7,24.4,26.3,25.6,32.7,28,29.8,25.1,29.4,42.2,47.9,38,37.4,30.3,33.3,37.2,35.5,30.4,31.4,26.6,30.8,..,..
Belize,BLZ,"Government expenditure on education, total (% of GDP)",SE.XPD.TOTL.GD.ZS,..,..,..,..,..,..,..,..,..,4.04780006408691,3.69593000411987,4.25065994262695,..,3.91564989089966,4.02664995193481,..,..,..,4.3199200630188,4.82053995132446,5.26443004608154,5.51967906951904,5.47151041030884,5.15144014358521,5.16743993759155,5.39020013809204,5.72171020507812,5.94967985153198,6.12682008743286,5.96499013900757,5.2163200378418,5.94879007339478,4.59650993347168,4.25564002990723,..
Belize,BLZ,Current health expenditure per capita (current US$),SH.XPD.CHEX.PC.CD,..,..,..,..,..,..,..,..,..,..,138.99145508,163.102005,172.80645752,175.12486267,176.25566101,181.23458862,196.11968994,233.6493988,257.8269043,243.30648804,244.02867126,252.73461914,247.82728577,262.88650513,298.22598267,287.53118896,293.82302856,281.39849854,287.49368286,299.69824219,280.52630615,310.2124939,297.4163208,..,..
Belize,BLZ,Individuals using the Internet (% of population),IT.NET.USER.ZS,0,..,..,..,..,0.0454,0.883,1.29,2.09,4.08,5.96,..,5.68,..,9.8,17,24,24.6,26.3,27.2,28.2,30.7,31,33.6,38.7,41.6,44.6,48.9,53.6,58.8,64.4,70.7,71.8,72.4,..
Belize,BLZ,"GNI, PPP (constant 2021 international $)",NY.GNP.MKTP.PP.KD,1480464347.18565,1654021006.5683,1853525701.9845,1959958752.34041,1937791451.5717,1964928065.25113,1978946918.22308,2080019723.42907,2140167446.72095,2326868789.03359,2592311612.87139,2689331087.54791,2846636621.78346,3085392657.0498,3184547108.29547,3277410229.24613,3422697207.42002,3479830161.85066,3413537761.40677,3562790454.93755,3506233379.32939,3589555263.3081,3684776209.10004,3869294045.3898,4000412023.77075,4203849598.61222,4176104465.6871,4070225663.59554,4059486263.98546,4231323600.672,3805798079.29497,4468004106.86792,4824069758.18355,4928477160.98782,..
Benin,BEN,GDP per capita (constant 2015 US$),NY.GDP.PCAP.KD,749.459666604983,757.403145130167,756.080888188102,765.47991446087,752.277508762904,781.064788483087,793.795052719562,814.90139546266,821.459971457775,838.97678700046,861.213292038555,879.85446379954,893.13710098792,896.14676322811,907.62443123609,893.915368726229,900.620535813856,926.740113781346,943.203380331621,936.565651099118,928.246655356464,927.716412864011,943.918771558781,982.399206319429,1014.43300624336,1002.41886882564,1006.03926635984,1032.90471197222,1071.50452160085,1114.17304529722,1126.6540412547,1176.37727640735,1218.50010515449,1263.62565116943,..
Benin,BEN,Gini index,SI.POV.GINI,..,..,..,..,..,..,..,..,..,..,..,..,..,38.6,..,..,..,..,..,..,..,43.4,..,..,..,47.6,..,..,37.9,..,..,34.4,..,..,..
Benin,BEN,"Unemployment, total (% of total labor force) (modeled ILO estimate)",SL.UEM.TOTL.ZS,..,1.64,1.51,1.495,1.455,1.305,1.246,1.099,1.048,0.949,0.864,0.765,0.69,0.747,0.79,0.86,0.889,0.902,0.894,0.949,1.04,2.647,2.406,2.099,1.872,1.82,1.784,1.659,1.41,1.214,1.502,1.779,1.685,1.657,1.722
Benin,BEN,Carbon dioxide (CO2) emissions excluding LULUCF per capita (t CO2e/capita),EN.GHG.CO2.PC.CE.AR5,0.0751872723530663,0.0640544071414881,0.0675170047441688,0.0654042616810717,0.0640202765321645,0.0637087621469419,0.168073195618551,0.207158497212292,0.193593361739006,0.205674344242561,0.213927098618745,0.249328596394432,0.279072457997771,0.303194588193963,0.313478432776973,0.332405902391414,0.443804509295841,0.491044809290718,0.472895495307671,0.492353742177627,0.518418810380298,0.491280484717925,0.454246567279532,0.464018771791588,0.494850228522129,0.511298574442853,0.610839161616305,0.601464478586818,0.665910436007325,0.630789231033362,0.656051195665488,0.481443319028999,0.481049421777723,0.456231626966528,..
Benin,BEN,Renewable energy consumption (% of total final energy consumption),EG.FEC.RNEW.ZS,93.7,95,94.8,95,95,94.8,84.2,80.6,79.6,76.9,70.3,66.9,64,61.7,60.7,59.2,57.3,54.5,54.8,52.8,47.2,48.7,50.3,52,51,49.9,45.4,45.4,44,46.5,46.2,54.5,..,..,..
Benin,BEN,"Government expenditure on education, total (% of GDP)",SE.XPD.TOTL.GD.ZS,..,..,..,..,..,..,..,..,2.74788999557495,1.92193996906281,2.11366009712219,2.36509990692139,2.15949010848999,2.28315997123718,2.56690001487732,2.6566801071167,2.56340003013611,2.36331009864807,2.77728009223938,3.08927011489868,3.67997002601624,4.40000009536743,3.56202006340027,3.3275101184845,3.161789894104,3.17298007011414,2.89910006523132,3.53558993339539,2.93161988258362,2.96520113945007,3.09441518783569,3.20348429679871,3.37785911560059,..,..
Benin,BEN,Current health expenditure per capita (current US$),SH.XPD.CHEX.PC.CD,..,..,..,..,..,..,..,..,..,..,14.42371464,16.26979828,16.9179287,21.06955719,24.52665329,25.12485313,26.60264206,26.79680061,28.12486076,29.58557701,29.29358101,31.75146866,32.95616913,33.53426743,32.41182327,27.34733391,28.24943924,28.14816666,33.21631241,28.372015,32.55360031,34.03829193,33.88216782,..,..
Benin,BEN,Individuals using the Internet (% of population),IT.NET.USER.ZS,0,..,..,..,..,..,0.00169,0.0246,0.0479,0.155,0.225,0.363,0.703,0.951,1.18,1.27,1.54,1.79,1.85,2.24,3.13,4.15,4.5,4.9,6,11.3,14.5,18.7,19,20.5,22.1,28.2,30,32.2,..
Benin,BEN,"GNI, PPP (constant 2021 international $)",NY.GNP.MKTP.PP.KD,11432159499.7278,11964493396.4578,12070606234.4105,13014306569.4656,13226888756.5478,14045315392.6877,14658902316.7647,15597618904.1325,16339405391.6616,17247997937.741,18254917753.2572,19219852574.7093,20057278918.5446,20739009039.4658,21680147859.6469,22124790176.5244,22961708666.7935,24298269403.1285,25606122385.433,26142423041.1768,26636988035.4386,27538397744.157,28733638283.5233,30812909865.9313,32803263829.1976,33345579185.5476,34547050066.1768,36533027188.7015,38927060439.4673,41553105328.8566,43030760863.6604,45970615342.8682,48867048640.5624,51970268158.1642,..
Bermuda,BMU,GDP per capita (constant 2015 US$),NY.GDP.PCAP.KD,89089.7346423608,85311.0494288592,84642.6084927299,86582.8344997142,86545.7823557807,89849.1250139813,91743.2962338679,95383.0225110365,98347.9089816051,100867.914579743,109502.763102809,116809.925253071,114574.433608566,118018.831592635,120432.12052555,122143.799577518,128662.931924261,132595.482654866,129525.177139097,121727.584908744,118382.908990645,113937.835700983,108040.575659203,107860.394791964,103941.982606956,104855.366822135,104190.876720334,107734.608357327,106843.163739391,106708.987911684,98982.425748059,103917.0347374,110427.556780609,110409.810458449,..
Bermuda,BMU,Gini index,SI.POV.GINI,..,..,..,..,..,..,..,..,..,..,..,..,..,..,..,..,..,..,..,..,..,..,..,..,..,..,..,..,..,..,..,..,..,..,..
Bermuda,BMU,"Unemployment, total (% of total labor force) (modeled ILO estimate)",SL.UEM.TOTL.ZS,..,..,..,..,..,..,..,..,..,..,..,..,..,..,..,..,..,..,..,..,..,..,..,..,..,..,..,..,..,..,..,..,..,..,..
Bermuda,BMU,Carbon dioxide (CO2) emissions excluding LULUCF per capita (t CO2e/capita),EN.GHG.CO2.PC.CE.AR5,4.3868031063778,3.93039459161148,3.08353450785009,3.41743743199129,3.3635165726256,3.36323623290663,3.41230167354923,3.48305831131495,3.53897656623625,3.55670440416203,2.44191714053615,2.40192671375693,2.66325512535805,2.74099958323983,2.76396770841659,2.96439221189265,3.68590253684311,4.3977146484685,4.4044233807267,3.84802957602454,4.84739113377795,2.40534730830182,2.79043459133331,3.11133482241168,4.27836106345134,3.63198033530821,4.9094548377437,4.48582843121835,4.88790712976453,5.59065312680363,4.90043801062409,5.12158148743967,5.13367001806978,5.41747812915392,..
Bermuda,BMU,Renewable energy consumption (% of total final energy consumption),EG.FEC.RNEW.ZS,0,0,0,0,0,0.3,0.4,0.4,0.4,0.5,0.5,0.5,0.5,0.5,0.5,0.5,0.4,0.5,0.5,0.4,0.4,0.4,0.4,1.5,0.4,0.6,1.1,0.6,0.7,0.8,0.9,0.9,0.9,..,..
Bermuda,BMU,"Government expenditure on education, total (% of GDP)",SE.XPD.TOTL.GD.ZS,3.13619995117188,3.15065002441406,3.47604990005493,..,..,..,..,..,2.15227007865906,..,..,..,..,1.6662700176239,1.77587997913361,1.98877000808716,..,..,..,2.28920006752014,2.30668997764587,2.19656991958618,2.38597130775452,2.27950310707092,1.5368800163269,1.50163996219635,1.91544389724731,1.32495999336243,1.93595468997955,1.92679822444916,1.89008772373199,1.88491690158844,1.92221343517303,1.93364679813385,..
Bermuda,BMU,Current health expenditure per capita (current US$),SH.XPD.CHEX.PC.CD,..,..,..,..,..,..,..,..,..,..,..,..,..,..,..,..,..,..,..,..,..,..,..,..,..,..,..,..,..,..,..,..,..,..,..
Bermuda,BMU,Individuals using the Internet (% of population),IT.NET.USER.ZS,0,..,..,..,..,6.84,16.2,24.2,32.1,39.9,42.9,47.5,52,56.5,61,65.4,69.9,74.4,82.3,83.3,84.2,88.3,91.3,95.3,96.8,98.3,98,98.4,..,..,..,..,..,..,..
Bermuda,BMU,"GNI, PPP (constant 2021 international $)",NY.GNP.MKTP.PP.KD,..,..,..,..,..,..,..,..,..,..,..,..,..,..,..,..,..,..,..,..,..,..,..,..,6097335576.96253,6133658494.59596,6060016079.91575,6345848568.38733,6257763000.21483,6156204078.28428,5825483591.3867,6220347840.73977,6684589807.17843,..,..
Bhutan,BTN,GDP per capita (constant 2015 US$),NY.GDP.PCAP.KD,812.671325538642,795.191843708186,863.463896126707,917.291293474134,963.016574811426,1043.38748999705,1099.85817853784,1138.39922383557,1182.9878113352,1248.61600819794,1259.62376434566,1321.09878328869,1427.25693198024,1506.41527569643,1552.7391509344,1632.021693912,1701.11878238422,1952.25734668794,2017.76018816244,2148.56480306587,2378.72810818592,2552.48871081346,2654.7479890751,2671.07460167268,2797.81883896042,2954.04081973327,3173.36773176318,3211.80903329561,3300.55006453134,3467.3859894972,3092.12428419388,3206.20367057183,3349.73309611324,..,..
Bhutan,BTN,Gini index,SI.POV.GINI,..,..,..,..,..,..,..,..,..,..,..,..,..,40.9,..,..,..,38.1,..,..,..,..,38.8,..,..,..,..,37.4,..,..,..,..,28.5,..,..
Bhutan,BTN,"Unemployment, total (% of total labor force) (modeled ILO estimate)",SL.UEM.TOTL.ZS,..,1.385,1.397,1.433,1.413,1.404,1.392,1.393,1.4,1.4,1.66,1.9,1.853,1.8,2.49,3.1,3.13,3.7,3.842,3.96,3.32,3.23,2.05,2.87,2.63,2.45,2.705,3.016,3.35,2.72,5.03,4.803,5.947,3.126,2.856
Bhutan,BTN,Carbon dioxide (CO2) emissions excluding LULUCF per capita (t CO2e/capita),EN.GHG.CO2.PC.CE.AR5,0.307490238203117,0.314113080709055,0.322963650146943,0.360031946750608,0.466548962392944,0.587785521242215,0.655084696346832,0.6801540011849,0.698587196080325,0.691236724976355,0.682233611398261,0.711696578551852,0.754313278636279,0.752905531605252,0.739381194815416,0.78339238364319,0.811718562490403,0.823262962302602,0.820425700552633,1.13561041401292,1.27673766304844,1.55079738982234,1.46135604137302,1.51611875804008,1.53081475681965,1.76163690323487,1.89779987323932,2.04736622322973,2.36245967471264,2.56804179785153,2.25569670885681,2.41191475313434,2.46723710933598,2.52637067085461,..
Bhutan,BTN,Renewable energy consumption (% of total final energy consumption),EG.FEC.RNEW.ZS,95.9,95.9,95.3,95.9,95.3,94.4,93.2,91.3,91.5,91.6,91.4,90.2,89.7,89.7,90.9,88.7,91.6,92,87.8,87.8,84.8,84.9,82.8,81.7,82.1,81.6,80.8,79.7,80,81,83.9,81.8,82.5,..,..
Bhutan,BTN,"Government expenditure on education, total (% of GDP)",SE.XPD.TOTL.GD.ZS,..,..,..,..,..,..,..,..,..,..,5.78675985336304,5.44985008239746,..,..,6.12311983108521,6.76420021057129,..,..,4.56950998306274,4.41887998580933,3.82318997383118,4.40793991088867,..,5.25527000427246,5.54899978637695,5.78269910812378,5.89159393310547,6.22741651535034,5.74371290206909,4.50982761383057,5.54341268539429,6.59838628768921,7.46982002258301,5.84518575668335,..
Bhutan,BTN,Current health expenditure per capita (current US$),SH.XPD.CHEX.PC.CD,..,..,..,..,..,..,..,..,..,..,30.5911293,35.08880234,32.9380188,37.15467834,46.06135941,46.79434204,54.21236038,64.72015381,57.59343338,59.74616623,72.38789368,77.75431824,84.0940094,86.41462708,87.19132233,96.86671448,97.42939758,103.63583374,102.01222992,115.71811676,134.13723755,103.67519379,154.48924255,..,..
Bhutan,BTN,Individuals using the Internet (% of population),IT.NET.USER.ZS,0,..,..,..,..,..,..,..,..,0.138,0.401,0.865,1.68,2.44,3.16,3.85,4.52,5.92,6.55,7.17,13.6,14.4,15.6,22.4,30.3,39.8,46.5,54.3,63.5,74.2,76.9,85.6,86.3,88.4,..
Bhutan,BTN,"GNI, PPP (constant 2021 international $)",NY.GNP.MKTP.PP.KD,1891869877.27836,1839726406.14416,1873113431.35705,1938636276.7175,2086515164.30435,2124200455.24549,2273851977.80747,2456400652.01546,2436499944.07291,2558654600.37397,3149714774.23529,3382520349.55569,3684231969.18191,3943806198.30726,4144806566.48929,4469476359.96247,4767994607.59144,5482464524.83887,5660954812.22991,6019654134.12533,6641265086.69911,7160286019.88045,7418646374.84206,7618556746.38235,8051059027.18561,8574319234.34439,9176224322.82812,9326339001.53246,9631290423.17311,10211273092.9322,9411058054.39879,9846215601.24423,10435380631.6173,..,..
Bolivia,BOL,GDP per capita (constant 2015 US$),NY.GDP.PCAP.KD,1679.40847737071,1731.39513976862,1724.36334306425,1762.66830681419,1809.57064873433,1858.78184965565,1904.28701924027,1962.86404020257,2025.50334413825,1998.94533775903,2014.19024421967,2013.84580846685,2029.66993400326,2050.07133171186,2099.99080817148,2156.18670072156,2221.42722326294,2283.4273330342,2383.2503229842,2422.5757910558,2481.40700559612,2568.52051362119,2657.23884603876,2793.51456770698,2900.90241433528,2996.01289804214,3077.57057479881,3160.16421043125,3246.7643418883,3272.38170834596,2949.81954615545,3098.35062100148,3172.91046271232,3226.08755673382,..
Bolivia,BOL,Gini index,SI.POV.GINI,42,..,49.1,..,..,..,..,58.1,..,58,61.6,57.4,59.3,..,55,58.5,56.7,54.5,50.8,49.2,..,46.1,46.6,47.6,47.8,46.7,45.2,44.6,42.6,41.6,43.6,40.9,..,..,..
Bolivia,BOL,"Unemployment, total (% of total labor force) (modeled ILO estimate)",SL.UEM.TOTL.ZS,..,2.934,3.031,3.05,3.08,2.661,2.373,2.08,2.121,2.303,2.447,2.636,2.613,2.664,2.622,2.603,2.577,2.616,2.603,2.973,2.608,2.255,2.066,2.437,2.021,3.111,3.498,3.655,3.519,3.682,7.903,5.089,3.552,3.024,3.091
Bolivia,BOL,Carbon dioxide (CO2) emissions excluding LULUCF per capita (t CO2e/capita),EN.GHG.CO2.PC.CE.AR5,0.92306717033125,0.947421180670163,0.999887488264326,1.17261793633757,1.24133561407173,1.10122625997565,1.04503563817109,1.24446920261022,1.22350751089146,1.04890112137323,0.952868854840033,0.906196645254695,0.950860948804851,0.995922967284298,1.02616313463498,1.0607372012981,1.13141691563335,1.23753350209995,1.30280022308717,1.36259238090009,1.45138472522783,1.55374531992634,1.61903884314347,1.69274207197344,1.79234037626713,1.80983512495341,1.90899479607371,1.9180513138116,1.90640410525628,1.88310968380276,1.56940002956933,1.8270957732698,1.88267865094707,1.944347504798,..
Bolivia,BOL,Renewable energy consumption (% of total final energy consumption),EG.FEC.RNEW.ZS,37,38.1,36.9,36.9,35.2,33.2,32.4,32,30.6,30.8,29.2,29,28.1,27,25.8,24.6,23.7,22.1,21.3,20.6,19.9,18.1,17.4,16,15,14.2,13.6,14.3,14.3,13.5,16.9,12.8,..,..,..
Bolivia,BOL,"Government expenditure on education, total (% of GDP)",SE.XPD.TOTL.GD.ZS,..,..,..,..,..,..,..,..,..,..,..,..,7.1950478553772,6.62961912155151,6.84771823883057,6.71352529525757,6.43421983718872,6.72048997879028,6.72302007675171,7.57486009597778,6.97379016876221,6.45056009292603,6.62799978256226,6.80321979522705,7.47812986373901,8.14342975616455,8.15060997009277,8.09724044799805,8.01587009429932,8.09103965759277,8.43710994720459,7.96215009689331,7.57550001144409,..,..
Bolivia,BOL,Current health expenditure per capita (current US$),SH.XPD.CHEX.PC.CD,..,..,..,..,..,..,..,..,..,..,42.89028168,44.88241577,43.49106216,46.41044998,46.35359192,51.76200867,56.05701447,63.62155914,77.9777298,89.57923889,100.39356232,119.78379059,135.32060242,159.99380493,179.3274231,196.25799561,207.4511261,214.58572388,231.18806458,241.34619141,248.69514465,276.20880127,307.13800049,..,..
Bolivia,BOL,Individuals using the Internet (% of population),IT.NET.USER.ZS,0,..,..,..,..,0.0668,0.196,0.448,0.626,0.982,1.44,2.12,3.12,3.51,4.44,5.23,6.2,10.5,12.5,16.8,22.4,30,35.3,37,34.6,37.5,39.7,43.8,44.3,47.5,59.9,66,67.4,70.2,..
Bolivia,BOL,"GNI, PPP (constant 2021 international $)",NY.GNP.MKTP.PP.KD,34673364858.8734,36738289661.476,37783419502.3065,39386794098.2438,41443249108.811,43361255622.6455,45356810278.4671,47754398788.2781,50438590433.9554,50428158846.8206,51541619535.3151,52455523622.4181,53745702739.9911,54531982601.667,56365567062.8465,59126767892.5825,62183689772.96,64865873175.0924,69194742093.6434,71111308227.6006,73379539881.4597,77468280436.8862,79590947203.3802,84876440820.3627,90874713957.7238,97366408529.653,103149045296.986,106188197405.636,111258414779.63,114176284910.238,105171936287.532,109983791247.153,113583821148.688,117200019477.849,..
Bosnia and Herzegovina,BIH,GDP per capita (constant 2015 US$),NY.GDP.PCAP.KD,791.211670918053,715.689938075882,704.999683364069,747.930428983879,871.142724291713,1012.92705452504,1497.56624773882,1973.47801454223,2261.36869447791,2452.13193858336,2566.58782060588,2616.41412523094,2742.33362647095,2854.84504596813,3062.93618997193,3216.86881717187,3418.75501252184,3663.94488965387,3927.87965579966,3876.39718028292,3980.04128344756,4093.05152243746,4138.70218363601,4305.4675564178,4411.38102277262,4662.25883724069,4876.5347244666,5099.81613758953,5360.17443893099,5583.29732033466,5490.75367062899,5995.44817572385,6327.06293910437,6507.01987550791,..
Bosnia and Herzegovina,BIH,Gini index,SI.POV.GINI,..,..,..,..,..,..,..,..,..,..,..,30,..,..,34,..,..,33.1,..,..,..,33,..,..,..,..,..,..,..,..,..,..,..,..,..
Bosnia and Herzegovina,BIH,"Unemployment, total (% of total labor force) (modeled ILO estimate)",SL.UEM.TOTL.ZS,..,17.55,18.5,19.454,20.383,21.078,21.725,22.378,23.295,24.284,25.187,26.289,27.312,28.447,29.276,30.227,31.11,28.984,23.405,24.068,27.312,27.582,28.01,27.49,27.517,27.695,25.408,20.527,18.4,15.692,15.868,14.897,12.657,10.668,10.723
Bosnia and Herzegovina,BIH,Carbon dioxide (CO2) emissions excluding LULUCF per capita (t CO2e/capita),EN.GHG.CO2.PC.CE.AR5,5.52371819598386,4.93257248264658,3.83215384818836,3.48814516240567,0.885593324979895,0.945697611452797,1.13502471843078,2.17068373688196,2.70213696239701,2.63692390755646,3.43292936077491,3.3726544095163,3.54039945539663,3.63470537316655,3.87149247268827,4.11178537348898,4.59929829949853,4.91420791822643,5.48439738733754,5.58217781665728,5.8285093003438,6.7522618805184,6.35086712588958,6.42805493097349,5.83253783000531,5.91870323523301,6.76696795251832,6.99601187861691,7.10351343371715,6.75333347481552,6.82889260881465,7.07718279753472,7.08708369503015,6.90618393989714,..
Bosnia and Herzegovina,BIH,Renewable energy consumption (% of total final energy consumption),EG.FEC.RNEW.ZS,7.3,8.8,11.6,14.6,33.4,33.2,32.9,27.6,26.7,28.4,19.4,20.3,21.2,20.1,20.1,19.7,18.1,14.8,14.3,17.4,19.6,14.2,15.3,19.5,23.6,25.2,23,18.5,35.4,36.8,37.7,36.6,..,..,..
Bosnia and Herzegovina,BIH,"Government expenditure on education, total (% of GDP)",SE.XPD.TOTL.GD.ZS,..,..,..,..,..,..,..,..,..,..,..,..,..,..,..,..,..,..,..,..,..,..,..,..,3.31473970413208,3.01811289787292,4.26451015472412,2.83868432044983,3.89297008514404,4.04449987411499,3.01954078674316,4.13622999191284,..,..,..
Bosnia and Herzegovina,BIH,Current health expenditure per capita (current US$),SH.XPD.CHEX.PC.CD,..,..,..,..,..,..,..,..,..,..,106.5786972,105.10999298,118.87058258,168.42216492,222.27758789,241.64047241,281.26403809,363.86224365,459.29174805,409.29098511,406.13046265,456.96905518,444.93655396,475.07409668,493.07333374,430.83413696,450.44155884,471.32647705,529.85546875,546.4508667,594.8225708,697.07427979,667.29681396,..,..
Bosnia and Herzegovina,BIH,Individuals using the Internet (% of population),IT.NET.USER.ZS,0,..,..,..,..,..,0.0151,0.0594,0.144,0.194,1.08,1.2,2.65,3.97,15.5,21.3,25.1,27.9,34.7,37.7,42.8,43.9,45.1,48.5,49.9,52.6,60.3,64.9,70.1,69.9,73.2,75.7,78.8,83.4,..
Bosnia and Herzegovina,BIH,"GNI, PPP (constant 2021 international $)",NY.GNP.MKTP.PP.KD,..,..,..,..,..,..,..,..,..,..,35545567786.5298,36040860737.7125,37416300695.4432,38479888693.4292,40463381105.9141,41789780137.873,43653308788.124,46200719064.6643,49048142873.6959,47652761675.0818,47058511073.4701,47125798797.9784,46726209001.9705,48074924898.8169,48396058759.2477,50419424378.3436,51776463122.2645,52929458895.2808,55096154566.2824,56926184090.7882,54987077872.4554,58584646048.0637,61056434995.0806,62894885533.3001,..
Botswana,BWA,GDP per capita (constant 2015 US$),NY.GDP.PCAP.KD,4039.46544455099,4224.09857544948,4226.73999498293,4186.14547358363,4219.4408088678,4399.1388580936,4543.2105349273,4809.4439184672,4724.93670942028,5070.94772048729,5062.64289173588,4971.96371794188,5175.47655317231,5320.440295139,5369.42516766112,5514.21742664705,5865.00026521361,6085.6354476126,6158.61629368051,5179.4138607146,5584.62949436356,5850.21717127884,5743.05277966638,6285.11821840855,6547.1232682172,6141.20394726616,6490.83463593483,6662.57549449506,6843.80580621129,6951.71989827806,6254.2461755493,6896.17866856924,7159.8638374729,7235.92910677284,..
Botswana,BWA,Gini index,SI.POV.GINI,..,..,..,60.1,..,..,..,..,..,..,..,..,64.7,..,..,..,..,..,..,60.5,..,..,..,..,..,53.3,..,..,..,..,..,..,..,..,..
Botswana,BWA,"Unemployment, total (% of total labor force) (modeled ILO estimate)",SL.UEM.TOTL.ZS,..,13.82,16.326,18.759,21.2,21.394,21.593,21.048,20.86,18.236,15.88,18.54,21.268,23.8,21.758,19.847,17.782,16.998,16.328,16.169,17.86,18.054,17.952,18.203,18.514,18.93,19.329,19.664,19.681,20.094,21.017,23.106,23.615,23.381,23.138
Botswana,BWA,Carbon dioxide (CO2) emissions excluding LULUCF per capita (t CO2e/capita),EN.GHG.CO2.PC.CE.AR5,2.16175893929368,2.08070617906683,2.4616802641676,2.35938638772212,2.20023931129852,2.22939667848917,1.96104729822112,2.04594923556857,2.38173027676288,2.45609462136654,2.44380826788412,2.30999606366812,2.39281782110235,2.32861191077953,2.24276289796176,2.38619212045153,2.21289122098718,2.31393767583839,2.31229198397924,2.07100814649116,1.6595257219109,1.93124302218193,1.66568893260369,2.57497377004151,3.28570691938101,3.21689595433703,3.02075017809391,3.28360421343891,3.56902860677096,3.1461573194436,2.57344580949104,2.74685074503184,2.98484523085448,2.99353611983337,..
Botswana,BWA,Renewable energy consumption (% of total final energy consumption),EG.FEC.RNEW.ZS,49,49.5,46.1,47.3,49.8,48.9,46.4,45.8,39.2,41.6,38.5,37.5,36.1,36.2,34.3,33,31.8,29,27.8,28.9,29.9,28.9,27.8,26.7,25.8,26.1,26.7,26.7,25.6,26.2,27.7,27.4,..,..,..
Botswana,BWA,"Government expenditure on education, total (% of GDP)",SE.XPD.TOTL.GD.ZS,5.73963022232056,..,6.84061002731323,..,..,..,..,..,..,..,..,..,..,..,..,10.6785898208618,..,9.04666996002197,..,9.8253002166748,..,10.8265533447266,8.10987281799316,8.0172061920166,7.88874197006226,8.39457988739014,8.73589324951172,7.80924463272095,7.90538597106934,8.39899635314941,8.05833625793457,..,..,..,..
Botswana,BWA,Current health expenditure per capita (current US$),SH.XPD.CHEX.PC.CD,..,..,..,..,..,..,..,..,..,..,206.93144226,203.01203918,206.11392212,269.58544922,297.2512207,281.38796997,258.01873779,305.22042847,324.54284668,336.53146362,389.55178833,427.70709229,418.82244873,433.29150391,418.82452393,374.79058838,389.3107605,471.05056763,447.4473877,438.28546143,386.28860474,492.14260864,477.83258057,..,..
Botswana,BWA,Individuals using the Internet (% of population),IT.NET.USER.ZS,0,0,..,..,..,0.0645,0.157,0.308,0.602,1.12,2.9,3.43,3.39,3.35,3.3,3.26,4.29,5.28,6.25,6.15,6,9,16,30,36.7,37.3,42.3,47.9,54.2,61.4,69.5,78.7,80.4,81.4,..
Botswana,BWA,"GNI, PPP (constant 2021 international $)",NY.GNP.MKTP.PP.KD,13483861047.4972,14917552398.5757,15462288931.5818,16212871428.9171,15492468431.8322,17097391629.947,17483205720.0538,19276317444.3549,20101020544.9936,20944009567.7612,21170941489.1651,21798335303.3883,21540578723.0642,23129122610.5857,23514321282.1611,24876853560.6397,27496906374.4504,29529347691.678,30041191459.1412,26658781132.9941,28588063895.2466,31418108379.0615,32065637129.2369,33639778418.3142,35997593078.2143,34151356969.1185,34550657131.8964,36198139698.9941,37538235613.8633,42343069633.6454,38595177393.9957,43217375062.5462,45575822105.3156,46848153924.2611,..
Brazil,BRA,GDP per capita (constant 2015 US$),NY.GDP.PCAP.KD,6149.86788957152,6107.64883706306,5973.98285652476,6167.4609220979,6427.16901975862,6596.33572707823,6640.72700688977,6764.85842125167,6687.49523583703,6621.6367628267,6817.78424119813,6823.03397034029,6944.62337530502,6941.44045779811,7258.78185202231,7409.56913269792,7622.04007171401,8003.25413136092,8330.76459882987,8246.09707036353,8792.63436164336,9067.99316393419,9167.49923975685,9366.73932481225,9338.34278324839,8936.19661756825,8577.8437669383,8628.25308951214,8722.33630361577,8771.44051336065,8435.01143297182,8799.22945854927,9032.08481611491,9258.05329063487,..
Brazil,BRA,Gini index,SI.POV.GINI,60.4,..,53.1,60.1,..,59.5,59.8,59.8,59.6,59,..,58.4,58.1,57.6,56.5,56.3,55.6,54.9,54,53.7,..,52.9,53.4,52.7,52,51.9,53.4,53.3,53.9,53.5,48.9,52.9,52,..,..
Brazil,BRA,"Unemployment, total (% of total labor force) (modeled ILO estimate)",SL.UEM.TOTL.ZS,..,6.894,7.086,6.03,6.578,7.092,8.035,9.003,10.15,11.125,10.889,10.649,10.641,11.168,10.072,10.551,9.692,9.28,8.268,9.419,8.422,7.578,7.251,7.071,6.755,8.538,11.58,12.792,12.329,11.936,13.697,13.158,9.231,7.947,7.634
Brazil,BRA,Carbon dioxide (CO2) emissions excluding LULUCF per capita (t CO2e/capita),EN.GHG.CO2.PC.CE.AR5,1.52131954396614,1.5506399978656,1.54724600724398,1.59023867260409,1.62470342041114,1.73098570895628,1.83068838961812,1.9155341541392,1.94222493537244,1.95696795850874,2.00781892560001,1.99268521156943,1.96864504896722,1.91813943107745,1.99938641898312,1.9989539012045,2.0017839938865,2.08455456819624,2.16791589555648,2.00677529327358,2.27034083899082,2.37346407220956,2.52810306680631,2.63609675534352,2.72958719215547,2.56644717813364,2.3739483184063,2.41568284305132,2.28409517314385,2.25651425253649,2.1442619310431,2.41465421184281,2.2772215483774,2.27101707127288,..
Brazil,BRA,Renewable energy consumption (% of total final energy consumption),EG.FEC.RNEW.ZS,49.8,48.9,48.7,48.2,48.3,46.1,44.5,43.7,43.8,44,42.7,41.3,42.9,45.1,45.2,46.1,46.7,47.2,47,48.9,46.8,45.2,43.5,42.3,41.7,43.7,45.4,45.3,46.9,47.5,50,46.5,..,..,..
Brazil,BRA,"Government expenditure on education, total (% of GDP)",SE.XPD.TOTL.GD.ZS,..,..,..,..,..,4.56816005706787,..,..,4.75665998458862,3.80062007904053,3.94893002510071,3.84468007087708,3.75037002563477,..,3.97447991371155,4.47908020019531,4.87060022354126,4.97425985336304,5.26883983612061,5.46355009078979,5.64879989624023,5.73741006851196,5.85510015487671,5.8388500213623,5.94848012924194,6.24105978012085,6.314040184021,6.32047986984253,6.08851003646851,5.96346998214722,5.77150011062622,5.4969801902771,..,..,..
Brazil,BRA,Current health expenditure per capita (current US$),SH.XPD.CHEX.PC.CD,..,..,..,..,..,..,..,..,..,..,313.92590332,271.56121826,248.37753296,253.08970642,297.68243408,387.93121338,489.53884888,607.73022461,713.67193604,728.55639648,906.0098877,1043.3548584,968.7277832,993.79608154,1030.66271973,796.15252686,810.20037842,954.75012207,880.28430176,868.17248535,680.76843262,768.27075195,848.57122803,..,..
Brazil,BRA,Individuals using the Internet (% of population),IT.NET.USER.ZS,0,0.00329,0.0129,0.0255,0.0377,0.105,0.451,0.786,1.48,2.04,2.87,4.53,9.15,13.2,19.1,21,28.2,30.9,33.8,39.2,40.7,45.7,48.6,51,54.6,58.3,60.9,67.5,70.4,73.9,81.3,80.7,80.5,84.2,..
Brazil,BRA,"GNI, PPP (constant 2021 international $)",NY.GNP.MKTP.PP.KD,1835242675417.13,1861748370077.38,1857918058543.95,1938793454287.15,2022963029037.7,2161094803733.9,2210042532762.18,2277752972900.52,2275904111656.36,2264106774419.17,2368500659399.46,2392958026945.52,2463221945729.11,2496077935025.53,2645182218827.75,2732080920309.72,2850784837908.67,3035188408855.66,3179011715604.04,3182676548628.26,3390407952673.77,3543301293452.7,3614676819662.2,3765790943472.58,3766954206669.62,3633535054432.66,3506093991626.76,3561100317906.9,3591300030856.45,3639154860291.73,3541068811274.74,3669595695972.21,3793161064016.33,3892942912913.15,..
British Virgin Islands,VGB,GDP per capita (constant 2015 US$),NY.GDP.PCAP.KD,..,..,..,..,..,..,..,..,..,..,..,..,..,..,..,..,..,..,..,..,..,..,..,..,..,..,..,..,..,..,..,..,..,..,..
British Virgin Islands,VGB,Gini index,SI.POV.GINI,..,..,..,..,..,..,..,..,..,..,..,..,..,..,..,..,..,..,..,..,..,..,..,..,..,..,..,..,..,..,..,..,..,..,..
British Virgin Islands,VGB,"Unemployment, total (% of total labor force) (modeled ILO estimate)",SL.UEM.TOTL.ZS,..,..,..,..,..,..,..,..,..,..,..,..,..,..,..,..,..,..,..,..,..,..,..,..,..,..,..,..,..,..,..,..,..,..,..
British Virgin Islands,VGB,Carbon dioxide (CO2) emissions excluding LULUCF per capita (t CO2e/capita),EN.GHG.CO2.PC.CE.AR5,1.16530820173204,1.13671464755668,1.11492798167902,1.05950909411972,1.05710674480064,1.00896860986547,1.27959752829879,1.2849221582427,1.28391724711508,1.26710593005575,1.36850946099501,1.32717830351991,1.44190387307513,1.55417005511882,1.55150561601329,1.57616733572787,1.82909402686482,1.91595048490105,2.08840535605599,2.32934087736057,2.54742547425474,1.9226750261233,1.87839841819081,2.06289625587484,2.12365754505188,2.0783813554409,2.27876498022315,2.05205052142267,2.49300285656577,2.17887072400055,1.73152012925811,1.88050464175196,1.8633054098489,1.93151212004617,..
British Virgin Islands,VGB,Renewable energy consumption (% of total final energy consumption),EG.FEC.RNEW.ZS,1.3,1.4,1.1,1.2,1.1,1.1,0.9,1,1,0.9,0.9,0.9,0.8,0.8,0.8,0.8,0.7,0.7,0.7,0.7,0.7,0.9,0.9,1,1,1,1,1.1,1.2,1.2,1.3,1.3,1.3,..,..
British Virgin Islands,VGB,"Government expenditure on education, total (% of GDP)",SE.XPD.TOTL.GD.ZS,..,..,..,..,..,..,..,..,..,..,..,2.90476989746094,..,..,..,3.04632997512817,3.51480007171631,3.04366993904114,..,3.24165010452271,3.48701000213623,..,3.56569600105286,4.46932554244995,4.01838827133179,4.70450019836426,3.26105642318726,2.45708990097046,2.42555999755859,2.50096988677979,2.70538997650146,2.86991333961487,2.48401999473572,..,..
British Virgin Islands,VGB,Current health expenditure per capita (current US$),SH.XPD.CHEX.PC.CD,..,..,..,..,..,..,..,..,..,..,..,..,..,..,..,..,..,..,..,..,..,..,..,..,..,..,..,..,..,..,..,..,..,..,..
British Virgin Islands,VGB,Individuals using the Internet (% of population),IT.NET.USER.ZS,0,..,..,..,..,..,..,..,..,..,..,..,18.9,..,..,..,..,..,..,36,37,37.4,37.6,..,..,..,77.7,77.7,..,..,..,..,..,..,..
British Virgin Islands,VGB,"GNI, PPP (constant 2021 international $)",NY.GNP.MKTP.PP.KD,..,..,..,..,..,..,..,..,..,..,..,..,..,..,..,..,..,..,..,..,..,..,..,..,..,..,..,..,..,..,..,..,..,..,..
Brunei Darussalam,BRN,GDP per capita (constant 2015 US$),NY.GDP.PCAP.KD,44179.8276912649,44201.1393897195,41672.3707444004,40342.0502418347,39721.4342531039,39274.4977645821,38331.6574507639,39820.2106577615,36331.1811884432,37045.9342090551,37509.5983267664,37269.3097506594,37976.262662486,38595.1686901058,37948.6589495693,37312.2777967112,38229.3564968534,36174.5163676434,34126.6940866315,32855.6020295133,33121.3176732283,33754.3639675001,33544.538880398,32381.0738305277,31148.729616258,30625.128732694,29492.4145383772,29524.65904505,29200.1951241759,29996.2405849189,30015.9587299585,29256.1832859253,28549.175527547,28725.115657314,..
Brunei Darussalam,BRN,Gini index,SI.POV.GINI,..,..,..,..,..,..,..,..,..,..,..,..,..,..,..,..,..,..,..,..,..,..,..,..,..,..,..,..,..,..,..,..,..,..,..
Brunei Darussalam,BRN,"Unemployment, total (% of total labor force) (modeled ILO estimate)",SL.UEM.TOTL.ZS,..,4.7,4.711,4.806,4.892,4.982,5.035,5.186,5.347,5.434,5.459,5.499,5.575,5.663,5.786,5.931,5.997,6.091,6.216,6.411,6.455,6.442,6.482,6.655,6.862,7.726,8.574,9.316,8.7,6.6,7.409,4.905,5.191,5.183,5.144
Brunei Darussalam,BRN,Carbon dioxide (CO2) emissions excluding LULUCF per capita (t CO2e/capita),EN.GHG.CO2.PC.CE.AR5,16.8434576876675,18.6960197413517,19.8685141880899,19.5356192525571,19.3381698117857,19.964628513539,20.4756668320616,21.2909501180647,18.3843654464843,18.8102476120109,18.6095385143249,17.5841845535406,16.3420062981661,18.6148622334027,17.7631187466528,16.7418003098218,23.6253746609884,22.0673923418529,23.5779911221224,20.8358444689208,18.8088149832285,19.6828155006773,18.7946453889342,18.9420284920793,19.451949610078,17.4440802251002,18.4748949864816,18.1883301137782,18.3415180100957,17.175612180356,22.1359218960939,21.5757071289579,20.7490612029778,21.1703261146663,..
Brunei Darussalam,BRN,Renewable energy consumption (% of total final energy consumption),EG.FEC.RNEW.ZS,0.7,0.4,0.2,0,0,0,0,0,0,0,0,0,0,0,0,0,0,0,0,0,0,0,0,0,0,0,0,0,0,0,0,0,..,..,..
Brunei Darussalam,BRN,"Government expenditure on education, total (% of GDP)",SE.XPD.TOTL.GD.ZS,3.95995998382568,3.66894006729126,3.74768996238708,4.29403018951416,..,..,..,..,5.25395011901855,4.9320502281189,3.70590996742249,..,..,..,..,..,..,..,..,..,2.04661011695862,3.32209992408752,2.88959002494812,..,3.35318994522095,..,4.42540979385376,..,..,..,..,..,..,..,..
Brunei Darussalam,BRN,Current health expenditure per capita (current US$),SH.XPD.CHEX.PC.CD,..,..,..,..,..,..,..,..,..,..,519.05047607,474.11706543,482.52624512,545.55560303,630.73266602,657.31945801,664.74499512,710.42297363,792.01367188,739.28015137,795.97766113,864.63787842,869.36553955,835.32452393,785.41210938,731.04980469,679.46929932,636.22973633,747.7253418,677.82629395,657.90374756,665.54083252,665.86773682,..,..
Brunei Darussalam,BRN,Individuals using the Internet (% of population),IT.NET.USER.ZS,0,..,..,..,..,1.02,3.3,4.83,6.28,7.67,9,12.9,15.3,19.6,29.7,36.5,42.2,44.7,46,49,53,56,60.3,64.5,68.8,71.2,90,94.9,95,95,96.3,97.6,99,99,..
Brunei Darussalam,BRN,"GNI, PPP (constant 2021 international $)",NY.GNP.MKTP.PP.KD,30164748351.4397,31042740471.7086,30074014869.4215,29883450924.7745,30180114297.9001,30586729113.7375,30578374272.2195,32518249580.2132,30353457849.6794,31646734442.2267,32746356007.8677,33226437402.1687,34542682490.7034,35780494966.8082,35817899338.1307,35816493417.9862,37284401100.6104,36045790466.6234,34626126735.7549,33969442936.1863,34499335742.7021,34897267012.3512,35332215912.1279,35154982736.0775,34682335427.8256,36246891124.5657,35919521060.9682,36082330041.2604,34407954436.793,36458728614.9345,36891819295.5568,35572916554.9574,33837933319.9261,35739995290.7304,..
Bulgaria,BGR,GDP per capita (constant 2015 US$),NY.GDP.PCAP.KD,4431.02891762801,4097.19214824566,3840.24641758088,3813.70211369537,3896.24431360077,4025.64586412341,4257.0951171265,3678.51662422801,3843.46218406876,3540.55611680425,3721.30348182223,3941.27569674232,4264.27177080032,4523.28627075761,4854.27341537934,5236.08638411543,5634.91118964622,6054.23246498563,6470.58971544526,6294.43343149219,6434.55247966718,6611.30386682636,6699.50303013555,6700.53599670634,6802.71036465632,7078.86032298969,7344.44354121172,7601.43845373389,7851.72598908168,8206.78129446627,7990.69254981114,8682.88223826466,9352.32652776208,9819.57352949265,..
Bulgaria,BGR,Gini index,SI.POV.GINI,..,..,..,..,..,..,..,..,..,..,..,..,..,..,..,..,35.7,36.1,33.6,33.8,35.7,34.3,36,36.6,37.4,38.6,40.6,40.4,41.3,40.3,40.5,39,..,..,..
Bulgaria,BGR,"Unemployment, total (% of total labor force) (modeled ILO estimate)",SL.UEM.TOTL.ZS,..,11.1,15.3,16.4,12.8,11.1,12.5,13.7,12.2,14.1,16.218,19.921,18.11,13.733,12.037,10.083,8.951,6.878,5.609,6.817,10.279,11.26,12.27,12.941,11.424,9.143,7.575,6.164,5.211,4.23,5.125,5.267,4.268,4.319,4.104
Bulgaria,BGR,Carbon dioxide (CO2) emissions excluding LULUCF per capita (t CO2e/capita),EN.GHG.CO2.PC.CE.AR5,9.18209983633256,7.52039388501439,7.26238980890765,7.41642807578049,7.10864607250635,7.3002630124171,7.37314156721663,7.13762206950184,6.88582700338848,6.10411583821157,5.89642421236664,6.29558072512636,6.07292615272291,6.87562079382642,6.66863206019029,6.85315209404082,7.10868880526855,7.63874328757704,7.28199610253423,6.25086389942135,6.69421097601425,7.45511087692329,6.83217426820669,6.11840280573673,6.54972398711063,6.94542525896173,6.61105173501807,6.96436816160438,6.58118953679532,6.3897114594379,5.69524294366251,6.65705304778035,7.53660366406937,6.17265297840907,..
Bulgaria,BGR,Renewable energy consumption (% of total final energy consumption),EG.FEC.RNEW.ZS,1.8,2.2,2.6,2.4,2.3,3,3.5,3.8,5.8,6.6,8,7.2,8.7,9.2,9.6,9.8,10,8.8,9.9,11.6,14.3,13.2,15.6,18.2,17.1,17.9,17.7,17.1,19.6,19.3,21.1,20.4,..,..,..
Bulgaria,BGR,"Government expenditure on education, total (% of GDP)",SE.XPD.TOTL.GD.ZS,4.45406007766724,5.42961978912354,5.26045989990234,4.95048999786377,4.1706600189209,2.37207007408142,2.23007988929749,..,2.73942995071411,..,4.21983289718628,3.38423991203308,3.38608002662659,3.99845004081726,4.24988985061646,4.10879993438721,3.90346002578735,3.680340051651,4.2190899848938,4.27429008483887,3.85746002197266,3.54690003395081,3.47650003433228,4.05766010284424,4.07005310058594,3.91208434104919,3.39370822906494,4.07755994796753,4.04709005355835,4.19902992248535,4.50513982772827,4.73032999038696,..,..,..
Bulgaria,BGR,Current health expenditure per capita (current US$),SH.XPD.CHEX.PC.CD,..,..,..,..,..,..,..,..,..,..,94.51976013,119.82997894,148.1479187,195.74369812,233.11332703,267.74139404,294.10891724,361.23498535,455.54058838,459.30020142,484.75228882,555.86419678,558.64794922,547.45483398,605.25891113,521.41906738,562.34082031,624.55499268,689.90539551,697.8961792,856.70440674,1047.45739746,1011.09472656,..,..
Bulgaria,BGR,Individuals using the Internet (% of population),IT.NET.USER.ZS,0,..,..,0.00234,0.0195,0.12,0.725,1.22,1.84,2.91,5.37,7.61,9.08,12,18.1,20,27.1,33.6,39.7,45,46.2,48,51.9,53.1,55.5,56.7,59.8,63.4,64.8,67.9,70.2,75.3,79.1,80.4,..
Bulgaria,BGR,"GNI, PPP (constant 2021 international $)",NY.GNP.MKTP.PP.KD,..,..,..,..,..,111792267166.667,116756287217.263,100623815051.621,105464763579.636,97003725383.7428,100509568222.06,106668358542.298,114745814181.955,120311103986.912,127669443691.327,135641987449.182,141398271375.317,144127641667.237,156665789043.185,153505891096.402,157506573697.832,159148502386.124,163145156056.412,160933281591.079,164136978899.998,166267680887.253,171057382108.349,177264898936.737,179631375706.648,187283595541.058,180204529149.785,193509884222.494,198325184904.158,203233946856.459,..
Burkina Faso,BFA,GDP per capita (constant 2015 US$),NY.GDP.PCAP.KD,332.153276660935,353.206720757378,345.401816823349,348.581211032689,344.371184069503,354.841188502861,383.973583031147,397.838955257373,415.273513470241,433.104727597234,428.309796566198,442.914122870048,448.128856317091,468.263047790124,474.086412333459,499.192797571217,514.113131757062,519.26101218434,533.471299938288,533.470084831931,561.847221302489,581.603658737407,600.731343697818,616.741331164082,624.576885187665,630.124750752312,648.420480176012,669.276310328333,694.492813126351,717.021595096634,713.8421779224,745.472563435144,739.363021191451,744.165760639938,..
Burkina Faso,BFA,Gini index,SI.POV.GINI,..,..,..,..,48,..,..,..,49.9,..,..,..,..,43.3,..,..,..,..,..,39.8,..,..,..,..,35.3,..,..,..,43,..,..,37.4,..,..,..
Burkina Faso,BFA,"Unemployment, total (% of total labor force) (modeled ILO estimate)",SL.UEM.TOTL.ZS,..,2.477,2.511,2.438,2.58,2.533,2.451,2.416,2.44,2.549,2.679,2.74,2.851,2.78,3.473,4,3.669,3.3,3.496,3.711,3.723,3.827,3.856,4.055,4.251,4.461,4.587,4.656,4.695,4.71,5.04,5.2,5.389,5.348,5.166
Burkina Faso,BFA,Carbon dioxide (CO2) emissions excluding LULUCF per capita (t CO2e/capita),EN.GHG.CO2.PC.CE.AR5,0.035624775366303,0.0488789768455007,0.0408130414802776,0.0417556709762531,0.0443608218970785,0.0444124720003096,0.0479826185240122,0.0747286752794414,0.0686080466420845,0.0688989166930455,0.0736905463280256,0.0824400095616096,0.0848520416181915,0.0913890369234335,0.079048730890847,0.0816745588594071,0.0806124683075841,0.109973423201882,0.124943529967998,0.117466088302875,0.121750702778809,0.134102288885523,0.152157950772661,0.17384170097453,0.151364870305271,0.207940498108187,0.201573779499573,0.22411323946474,0.243185730624796,0.263253155049682,0.256975634920007,0.269703771856487,0.272952580203561,0.260547136391842,..
Burkina Faso,BFA,Renewable energy consumption (% of total final energy consumption),EG.FEC.RNEW.ZS,86.3,86.1,86.4,86.3,86.2,86.4,85.8,85.2,84.1,83.1,83.9,81.7,81.8,80.8,82,85.4,84.8,82.9,83.5,83.3,82.1,81.4,79.2,78.7,78.9,78.8,77.1,74.6,73.7,72.7,73.1,71.2,71.4,..,..
Burkina Faso,BFA,"Government expenditure on education, total (% of GDP)",SE.XPD.TOTL.GD.ZS,..,..,..,..,3.45110011100769,..,1.44026005268097,..,..,..,..,..,..,..,..,3.94113993644714,3.98218989372253,4.07983016967773,..,..,3.50222992897034,3.98515009880066,3.60315990447998,4.08343982696533,4.05329990386963,3.67008996009827,..,5.62846994400024,5.488609790802,5.40713691711426,5.15086507797241,5.22401523590088,5.27651214599609,..,..
Burkina Faso,BFA,Current health expenditure per capita (current US$),SH.XPD.CHEX.PC.CD,..,..,..,..,..,..,..,..,..,..,7.34345675,7.49485111,8.48715401,11.38967419,17.02963448,17.43081665,20.56399536,26.93720627,28.79026413,30.56930923,32.74515533,33.70409393,33.66717529,42.26796341,38.24516678,32.3375206,39.52329254,42.94480133,38.91588593,41.05052185,54.28778839,57.22399521,56.75708389,..,..
Burkina Faso,BFA,Individuals using the Internet (% of population),IT.NET.USER.ZS,0,..,..,..,..,..,0.000961,0.0187,0.0454,0.0618,0.0771,0.158,0.201,0.373,0.4,0.47,0.633,0.75,0.92,1.13,2.4,3,3.73,5,6,6.55,7.14,7.79,8.5,9.27,10.8,12.6,14.6,17,..
Burkina Faso,BFA,"GNI, PPP (constant 2021 international $)",NY.GNP.MKTP.PP.KD,10148484455.3716,11062844446.0109,11081245771.2682,11437964982.1251,11574668023.1607,12274683650.6953,13717932963.5522,14534701795.9348,15595052556.7999,16782713175.8706,17061118538.2081,18146514648.035,18834536217.613,20264825509.4353,21235624033.2612,23031288593.0771,24646965684.8992,25657945763.5536,27122428507.019,27699403646.1051,29509290191.5637,31093648268.1175,33607431673.777,35516523496.281,36434121834.2204,37765633901.7429,40021926948.6208,42816703355.1237,45926802146.7382,47917963148.287,49342192545.1465,52126025636.793,..,..,..
Burundi,BDI,GDP per capita (constant 2015 US$),NY.GDP.PCAP.KD,427.030031561228,439.186232093461,431.918861835852,417.919297574139,399.309631526324,346.321302413385,318.395682563648,313.357142719203,322.030961886279,311.230622126912,302.219163799824,300.799882759047,305.4383585397,292.318595090044,295.235119511615,287.030688980174,291.866399549575,290.979116170807,292.793764973044,288.941917826614,289.856950614392,290.948032142504,293.232620547249,296.816900573427,299.077479357732,280.966831311923,274.513363399011,269.47688960656,265.672394335817,261.750180238427,255.078218433565,255.917950730796,253.69164159159,253.530723439042,..
Burundi,BDI,Gini index,SI.POV.GINI,..,..,33.3,..,..,..,..,..,42.1,..,..,..,..,..,..,..,33.4,..,..,..,..,..,..,38.6,..,..,..,..,..,..,37.5,..,..,..,..
Burundi,BDI,"Unemployment, total (% of total labor force) (modeled ILO estimate)",SL.UEM.TOTL.ZS,..,3.158,3.133,3.08,3.095,3.077,3.076,3.116,3.159,3.125,3.129,3.15,3.169,3.134,3.177,3.153,3.185,2.401,1.634,1.621,1.616,1.602,1.593,1.584,1.572,1.442,1.347,1.247,1.146,1.043,1.03,1.118,0.915,0.921,0.902
Burundi,BDI,Carbon dioxide (CO2) emissions excluding LULUCF per capita (t CO2e/capita),EN.GHG.CO2.PC.CE.AR5,0.0358686477233432,0.0495980176221108,0.0380308162270051,0.0436686376565285,0.044943395473528,0.0416727384462003,0.0447573892522304,0.0447608105512285,0.0463544518699205,0.046598197456114,0.0455473205285653,0.0353311884407927,0.0324436866109858,0.0260394703850008,0.0298878787348222,0.0242378743740032,0.029533864586913,0.0455655159587124,0.026029796474973,0.0249004039721732,0.0342560569870625,0.0431056748636393,0.0401250001489421,0.0437671305113991,0.0376396381965011,0.0390854829745519,0.0428846569107335,0.0465986869286077,0.0607869878576116,0.0648044247828048,0.0699134091398328,0.068443276419903,0.0630278422265073,0.0616752316564946,..
Burundi,BDI,Renewable energy consumption (% of total final energy consumption),EG.FEC.RNEW.ZS,94.6,93.5,94.3,94,93.9,93.7,93.5,93.4,93.2,93.8,93.2,94.7,94.6,95.8,96,96,95.3,95.3,95,94.6,93.2,92.1,91.7,90.8,91.3,91.2,89.6,88.2,85.7,84.8,83.4,83.1,83,..,..
Burundi,BDI,"Government expenditure on education, total (% of GDP)",SE.XPD.TOTL.GD.ZS,3.35932993888855,3.49365997314453,3.8058500289917,..,4.565269947052,5.01511001586914,4.08324003219604,..,..,3.41744995117188,2.64547991752625,2.90390992164612,3.00493001937866,..,3.74496006965637,3.632159948349,..,..,5.19290018081665,6.17194986343384,6.67801666259766,6.24009609222412,6.03472852706909,5.99539995193481,7.51637983322144,7.10290956497192,4.96585083007812,5.00918865203857,5.4135274887085,5.34668445587158,5.32158517837524,4.87114191055298,4.82104730606079,..,..
Burundi,BDI,Current health expenditure per capita (current US$),SH.XPD.CHEX.PC.CD,..,..,..,..,..,..,..,..,..,..,5.67927122,7.50815582,6.46998882,5.87316799,8.88248062,11.13118172,14.10514736,15.26294613,14.67025566,18.31996346,24.45114708,23.16802216,20.01195908,20.26322556,18.06601143,17.67567825,18.59472847,19.16801643,18.67819214,22.24477386,26.21934319,23.21740532,24.68718529,..,..
Burundi,BDI,Individuals using the Internet (% of population),IT.NET.USER.ZS,0,0,0,0,0,0,0.000804,0.00798,0.0158,0.0392,0.0772,0.106,0.118,0.201,0.349,0.542,0.658,0.7,0.81,0.9,1,1.11,1.22,1.26,1.04,2,2.2,2.66,4,6.1,9.17,11,11,11.1,..
Burundi,BDI,"GNI, PPP (constant 2021 international $)",NY.GNP.MKTP.PP.KD,..,..,..,..,..,..,..,6138102116.70988,6453835201.24369,6358602151.16368,6487333534.45653,6435302835.13365,6705093801.38788,6584314227.62315,6853805533.96183,7002586782.38764,7448737650.42332,7726111586.05081,8115314509.73898,8366421157.72142,8831782350.89076,9166250841.72641,9622310407.24161,10132031921.1418,10524369144.814,10143651353.1127,10075962585.4433,10138110506.0477,10319824355.283,10516623093.4482,10585073501.725,10879490984.4508,11098327838.545,11370804423.7848,..
Cabo Verde,CPV,GDP per capita (constant 2015 US$),NY.GDP.PCAP.KD,835.120723175504,826.681399309547,896.519359558541,953.861011115729,1113.93806476467,1248.28104350759,1365.49820603623,1492.01847422507,1652.11117220593,1809.80582624137,2037.31720912714,2051.21733888102,2127.70872296502,2186.89500422765,2379.79636224135,2514.16779255327,2683.83943856892,3056.97102851154,3238.44159287498,3159.58698693977,3194.61667734233,3309.20121643898,3341.7421054836,3361.09387702205,3383.8422809791,3415.06266730931,3560.1400729534,3719.71306047915,3853.67940035241,4115.90283469406,3255.93628984058,3471.6553421786,3997.76763250653,4195.75433916189,..
Cabo Verde,CPV,Gini index,SI.POV.GINI,..,..,..,..,..,..,..,..,..,..,..,52.5,..,..,..,..,..,47.2,..,..,..,..,..,..,..,42.4,..,..,..,..,..,..,..,..,..
Cabo Verde,CPV,"Unemployment, total (% of total labor force) (modeled ILO estimate)",SL.UEM.TOTL.ZS,..,13.535,13.448,13.314,13.016,12.969,12.934,13.078,13.117,13.13,13.088,13.278,13.397,13.592,13.465,13.45,13.397,13.323,13.335,13.517,10.67,10.948,11.142,11.392,11.674,11.907,12.077,12.24,12.17,12.128,14.69,13.976,12.246,11.971,11.878
Cabo Verde,CPV,Carbon dioxide (CO2) emissions excluding LULUCF per capita (t CO2e/capita),EN.GHG.CO2.PC.CE.AR5,0.14303674739231,0.174993369493429,0.170049438887689,0.162203176893511,0.186237896974365,0.182729655779423,0.214765226831085,0.211415025023221,0.211922216360759,0.214996450319023,0.623404813849911,0.701292437642979,0.769089126124622,0.760906073940129,0.812107557836327,1.2533110705709,1.35961265711351,1.5064793728209,1.45346112036381,1.40296873796037,1.47807698947005,1.72041286780448,1.48177085876688,1.44721557909122,1.51524615186424,1.53026772366577,1.60451386585609,1.69528537141275,1.70446909420255,1.80527675334174,1.89593902218664,1.92142053889585,1.99541694805682,1.92655614926168,..
Cabo Verde,CPV,Renewable energy consumption (% of total final energy consumption),EG.FEC.RNEW.ZS,21.1,26.3,26.3,30.4,32.4,30.8,30.2,30.5,30,26.9,27.9,26,26,24.8,24.4,23.9,21.2,21,23.8,22.1,21.2,20.8,24.3,25.9,26.1,26.4,23.9,21.8,21.9,19.7,23.4,22.6,21.8,..,..
Cabo Verde,CPV,"Government expenditure on education, total (% of GDP)",SE.XPD.TOTL.GD.ZS,..,..,..,..,..,..,..,..,6.39176988601685,6.80168008804321,..,..,7.87682008743286,..,7.47664022445679,..,6.52960014343262,4.95981979370117,5.03464984893799,4.86586999893188,5.07658004760742,4.59784984588623,5.39769554138184,4.5615701675415,4.52134990692139,4.80622005462646,4.75475978851318,4.59278011322021,4.78792285919189,4.16529989242554,..,6.03750085830688,4.67288541793823,..,..
Cabo Verde,CPV,Current health expenditure per capita (current US$),SH.XPD.CHEX.PC.CD,..,..,..,..,..,..,..,..,..,..,59.54011154,63.55782318,69.12203979,84.6628952,93.43228912,96.08917999,113.13097382,127.73626709,127.78376007,130.19699097,146.0806427,157.06980896,174.66062927,191.1048584,193.39482117,150.28823853,157.39906311,184.75575256,204.45397949,195.76327515,235.4349823,282.93057251,285.9694519,..,..
Cabo Verde,CPV,Individuals using the Internet (% of population),IT.NET.USER.ZS,0,..,..,..,..,..,..,0.241,0.473,1.16,1.82,2.69,3.52,4.32,5.32,6.07,6.81,8.28,14,21,30,32,34.7,37.5,40.3,42.7,50.3,57.2,59.5,61.9,69.4,70.3,72.8,73.5,..
Cabo Verde,CPV,"GNI, PPP (constant 2021 international $)",NY.GNP.MKTP.PP.KD,..,..,..,..,..,..,..,..,..,..,..,..,..,..,..,..,..,3296497545.83878,3511113762.51602,3459779022.63321,3463144091.61687,3616791568.36477,3644600167.63221,3693599245.6761,3667117046.21695,3745192674.1871,3909214859.23262,4095103125.64868,4286351985.29115,4595564924.5009,3624592200.97997,3915787458.77805,4542688770.50939,4797178814.72951,..
Cambodia,KHM,GDP per capita (constant 2015 US$),NY.GDP.PCAP.KD,824.051655825488,850.610221172946,862.478030888085,845.382004292362,513.967147968351,520.926883186259,511.670349596777,496.770551311204,499.016649050995,552.901492232515,598.561915252147,632.833573980849,662.188341283454,719.333494240509,775.847139030978,866.340290123209,947.065220050691,1030.23117620792,1090.57475806147,1117.25834194514,1155.85236856699,1221.38839852454,1295.25271477893,1376.29557595926,1464.53115866927,1547.32010444393,1645.46671578126,1753.93530504662,1884.28374817086,2008.32094006706,1908.63427518336,1938.76436741728,2010.76673658328,2083.59301849948,..
Cambodia,KHM,Gini index,SI.POV.GINI,..,..,..,..,..,..,..,..,..,..,..,..,..,..,..,..,..,..,..,..,..,..,..,..,..,..,..,..,..,..,..,..,..,..,..
Cambodia,KHM,"Unemployment, total (% of total labor force) (modeled ILO estimate)",SL.UEM.TOTL.ZS,..,0.781,0.76,0.745,0.995,0.974,0.963,0.638,0.71,0.726,0.744,0.774,0.852,0.909,1.003,1.064,1.152,1.257,0.825,0.579,0.771,0.577,0.496,0.438,0.692,0.393,0.716,0.141,0.13,0.119,0.172,0.396,0.231,0.225,0.27
Cambodia,KHM,Carbon dioxide (CO2) emissions excluding LULUCF per capita (t CO2e/capita),EN.GHG.CO2.PC.CE.AR5,0.0586189203379314,0.0620410181023436,0.0644514545210495,0.0615455607174288,0.0590096807481025,0.149812891095341,0.154259637987014,0.153746674223502,0.165340139007792,0.158335446945641,0.160555773813192,0.172785303516598,0.174831417007274,0.185242964353296,0.182646216068865,0.200964313208478,0.220492252087172,0.267053996707069,0.291507889256461,0.341364772662801,0.355699431876721,0.364290670713782,0.376732551203289,0.375176134697692,0.456504779053687,0.544957000306786,0.668090053222764,0.737163303381518,0.757988468109847,0.962005190851403,0.992486072442551,0.988405710867102,1.00888143537241,1.03134893031862,..
Cambodia,KHM,Renewable energy consumption (% of total final energy consumption),EG.FEC.RNEW.ZS,..,..,..,..,..,82.5,82.5,82.2,81.3,81.5,81.6,80.5,81,79.9,80.7,79.2,78,74.8,74.1,68,64.8,64,64.4,65,63.7,60.6,58,56.3,58.1,53,51.4,52.4,..,..,..
Cambodia,KHM,"Government expenditure on education, total (% of GDP)",SE.XPD.TOTL.GD.ZS,..,..,..,..,..,..,..,..,1.25907003879547,..,1.66681003570557,1.72221994400024,1.71121001243591,..,1.71982002258301,..,..,1.59930002689362,..,1.66568005084991,1.53378999233246,1.51068997383118,1.41441452503204,1.48202621936798,1.56673634052277,1.7034615278244,1.87081909179688,2.09646058082581,2.44785928726196,2.82565474510193,3.0023500919342,3.01162648200989,2.88349270820618,2.95115232467651,..
Cambodia,KHM,Current health expenditure per capita (current US$),SH.XPD.CHEX.PC.CD,..,..,..,..,..,..,..,..,..,..,19.28210449,22.18662643,24.26277161,25.00942993,28.81097794,32.33904266,32.844944,30.77592659,48.62422562,55.25073624,53.58575439,65.3871994,68.28430939,71.30926514,72.69956207,71.56456757,75.22520447,77.97311401,91.59080505,112.5851059,110.01118469,119.6354599,109.52975464,..,..
Cambodia,KHM,Individuals using the Internet (% of population),IT.NET.USER.ZS,0,..,..,..,..,..,..,0.00584,0.0163,0.032,0.047,0.077,0.227,0.261,0.3,0.317,0.468,0.49,0.51,0.53,1.26,3.1,4.94,6,14,6.43,32.4,32.9,..,52.3,53.7,58,59.7,60.7,..
Cambodia,KHM,"GNI, PPP (constant 2021 international $)",NY.GNP.MKTP.PP.KD,..,..,..,..,..,16538518412.7869,17398750163.2955,18317699157.4605,19068183148.0422,21278116763.754,23320066230.1976,24993647377.0803,26341871547.2729,29268962283.6833,32022464182.7457,36141911681.0171,40184429028.6458,44605890528.428,47684043779.0308,49658840337.4864,52494152971.3198,56031138229.8969,59976287676.797,64442941639.8629,69617728962.6706,74664816020.6672,80741850271.8539,87290285855.495,94779753255.8689,101637817917.437,99304154358.6064,101394689550.734,106825055972.477,114213574811.19,..
Cameroon,CMR,GDP per capita (constant 2015 US$),NY.GDP.PCAP.KD,1360.47765296011,1271.04658608388,1196.85081918895,1070.98275377636,1060.87326552909,1062.01607349987,1077.38925202961,1096.69757735007,1118.50819963079,1138.36298546565,1151.27689302947,1169.92670464984,1189.96707897027,1221.09446141454,1271.74326874167,1264.74345218659,1277.32990712342,1295.73067471287,1295.02211276052,1290.89961351149,1290.9013745759,1297.3064962694,1319.66961634054,1347.2130636706,1381.81938454907,1415.00009710569,1435.61830727839,1444.90682916573,1461.01969999317,1470.31785276187,1434.51913723409,1443.57600237663,1458.66180431693,1466.76885819356,..
Cameroon,CMR,Gini index,SI.POV.GINI,..,..,..,..,..,..,44.4,..,..,..,..,42.1,..,..,..,..,..,42.8,..,..,..,..,..,..,46.6,..,..,..,..,..,..,42.2,..,..,..
Cameroon,CMR,"Unemployment, total (% of total labor force) (modeled ILO estimate)",SL.UEM.TOTL.ZS,..,8.936,8.999,9.089,8.83,8.566,8.06,7.864,7.702,7.601,7.536,7.46,6.709,5.908,5.091,4.4,3.729,3.063,3.387,3.744,4.11,3.987,3.835,3.685,3.534,3.518,3.528,3.568,3.601,3.622,3.87,3.973,3.653,3.613,3.518
Cameroon,CMR,Carbon dioxide (CO2) emissions excluding LULUCF per capita (t CO2e/capita),EN.GHG.CO2.PC.CE.AR5,0.419535395061394,0.388320056774645,0.3626829895806,0.385197890316228,0.405087705116678,0.394807495736882,0.394036209526568,0.386280750338978,0.391598078736728,0.36719783768005,0.38394968667836,0.37229195747213,0.357196273473298,0.354788327473308,0.339207393497855,0.320294585042549,0.317582378573899,0.37306586143211,0.38042848584068,0.403437819890306,0.397812372604403,0.366992310910315,0.360733777299813,0.381924885349178,0.401837851162741,0.403234769617598,0.413406388742705,0.408142187771268,0.423802212519254,0.401370731191897,0.396042693940358,0.380123049107515,0.391799287881769,0.379082883478748,..
Cameroon,CMR,Renewable energy consumption (% of total final energy consumption),EG.FEC.RNEW.ZS,81.6,83.2,84.4,83.9,83.6,84.5,84.9,84.7,84.5,86.2,84.6,85.3,85.2,85.3,85.5,86.3,85.5,80.8,80.8,79.2,78.7,78.6,78.6,77.7,76.9,78.1,78.8,79.2,78.7,78.9,78.9,79.2,..,..,..
Cameroon,CMR,"Government expenditure on education, total (% of GDP)",SE.XPD.TOTL.GD.ZS,3.28710007667542,3.22023010253906,2.75099992752075,..,..,..,..,..,..,..,1.70284998416901,2.29733991622925,..,2.82259011268616,2.79530000686646,2.65651988983154,2.53991007804871,2.87815999984741,2.49827003479004,2.90790009498596,2.84803009033203,2.65336990356445,2.60306000709534,2.6554799079895,2.58396005630493,2.65791988372803,2.56234002113342,3.05962991714478,3.03096008300781,3.04739952087402,3.10390138626099,2.82764077186584,2.61768436431885,..,..
Cameroon,CMR,Current health expenditure per capita (current US$),SH.XPD.CHEX.PC.CD,..,..,..,..,..,..,..,..,..,..,30.438097,29.82297325,31.79577446,38.56394196,42.25278473,43.10830688,44.52022934,50.30911255,54.58909225,51.14823914,50.03335571,58.33031845,56.96441269,57.22771454,71.61038208,58.38298035,57.99372482,56.7457695,58.32909393,56.79493713,66.17185211,72.56921387,71.97737885,..,..
Cameroon,CMR,Individuals using the Internet (% of population),IT.NET.USER.ZS,0,..,..,..,..,..,..,0.00677,0.0132,0.129,0.252,0.277,0.361,0.588,0.976,1.4,2.03,2.93,3.4,3.84,4.3,5,7.5,10,16.2,18.3,20.6,23.2,29.7,36.5,41.2,42,41.8,41.9,..
Cameroon,CMR,"GNI, PPP (constant 2021 international $)",NY.GNP.MKTP.PP.KD,49422500407.6725,46643988606.2176,45706103957.4578,42228511804.4711,42725232699.2663,43895146583.4776,45712832047.5465,47664004526.9106,50471170243.9249,52923243475.7617,53930624870.1048,55907958046.8172,59005966018.9642,63523443057.4038,68749876981.8637,69996000041.2758,73586921944.6978,76115716552.2151,78743600965.9493,81624124603.6345,83531990875.6108,86329552810.0483,89874297842.541,93999016425.2251,99321793690.5898,105531925799.484,109984938744.373,113662074334.978,118125755922.671,121857056525.191,122167637106.441,126927699702.63,130534394493.457,135618092904.533,..
Canada,CAN,GDP per capita (constant 2015 US$),NY.GDP.PCAP.KD,31700.5462697892,30654.3331377446,30563.3788184233,31032.7546013139,32074.1562430473,32595.4515181692,32801.3018549155,33867.0079131743,34894.6134280252,36391.5353258957,37906.8601153293,38200.4561131358,38921.6672955178,39270.0234544073,40108.758738975,41006.222931999,41663.5123054377,42106.8724267286,42067.5686998623,40376.4153677037,41164.3399062659,42043.6419607016,42320.6431282192,42851.1705330235,43643.2356474848,43594.1941045394,43551.3426018259,44339.3886692751,44907.3436837248,45100.2914903262,42366.1285192527,44359.6167266713,45227.1447354204,44468.7475023539,..
Canada,CAN,Gini index,SI.POV.GINI,31.4,31.9,31.6,31.7,31.3,31.5,32.8,33.1,33.2,33.1,33.4,33.6,33.6,33.8,33.8,33.6,34.1,33.8,33.9,34,33.6,32.7,33.5,33.8,33.2,33.7,32.7,33.3,32.5,31.7,..,..,..,..,..
Canada,CAN,"Unemployment, total (% of total labor force) (modeled ILO estimate)",SL.UEM.TOTL.ZS,..,10.316,11.197,11.377,10.395,9.489,9.62,9.1,8.278,7.583,6.829,7.219,7.665,7.574,7.185,6.758,6.484,6.156,6.284,8.46,8.178,7.637,7.392,7.143,7.023,6.945,7.038,6.426,5.837,5.69,9.657,7.527,5.279,5.415,6.45
Canada,CAN,Carbon dioxide (CO2) emissions excluding LULUCF per capita (t CO2e/capita),EN.GHG.CO2.PC.CE.AR5,15.9067243823638,15.497916712736,15.7653180344732,15.5701925942288,15.9945688138233,16.2415414947988,16.5427691211189,16.9065732341941,17.0385989826687,17.2162223663828,17.6969816263129,17.2242093262742,17.6672529167598,18.1301922122935,17.5250534561294,18.0225329540933,17.6088453376577,18.0614265864767,17.2814795355701,16.110707355373,16.5148773292354,16.7706629104953,16.3415448128885,16.397634935751,16.3820544895977,16.1640586572594,15.9473357598833,16.2277461463686,16.5528683972161,16.1423151032491,14.375353122034,14.6869220036975,14.7749164746059,14.3402520654457,..
Canada,CAN,Renewable energy consumption (% of total final energy consumption),EG.FEC.RNEW.ZS,22.6,22.7,22.4,22.3,22.2,22.4,22.1,21.8,22,22.2,20.3,19.8,20.1,19.7,20.4,21.6,21.5,21.6,21.6,22.2,21.4,21.5,21.8,22.2,22.2,22.3,22.1,22.8,22.3,22.4,23.9,23.8,..,..,..
Canada,CAN,"Government expenditure on education, total (% of GDP)",SE.XPD.TOTL.GD.ZS,5.96922016143799,6.85951995849609,6.74663019180298,7.67834997177124,6.65829992294312,6.30476999282837,..,..,5.49377012252808,5.53079986572266,5.42331981658936,4.95303010940552,4.99308013916016,..,..,4.76588010787964,..,4.7664098739624,4.62612009048462,4.84057998657227,5.356369972229,5.26205015182495,4.69258737564087,4.5890097618103,4.84358978271484,4.7393798828125,4.81642007827759,4.95996999740601,4.8889799118042,4.77293014526367,4.88794994354248,4.74860000610352,4.13957166671753,..,..
Canada,CAN,Current health expenditure per capita (current US$),SH.XPD.CHEX.PC.CD,..,..,..,..,..,..,..,..,..,..,1988.15942383,2041.87512207,2134.84960938,2534.86474609,2896.19335938,3268.46850586,3755.60449219,4185.21777344,4451.32373047,4354.06298828,5062.48291016,5401.61523438,5520.62207031,5462.15673828,5212.00878906,4660.79833984,4649.12109375,4899.25390625,5062.38476563,5103.84130859,5649.16943359,6483.37695313,6255.02783203,6112.01953125,..
Canada,CAN,Individuals using the Internet (% of population),IT.NET.USER.ZS,0.361,0.57,0.916,1.18,2.38,4.16,6.76,15.1,24.9,36.2,51.3,60.2,61.6,64.2,66,71.7,72.4,73.2,76.7,80.3,80.3,83,83,85.8,87.1,90,91.2,92.7,94.6,91.9,92.3,93.9,94,94,..
Canada,CAN,"GNI, PPP (constant 2021 international $)",NY.GNP.MKTP.PP.KD,1018294197759.8,995465859253.894,997901078135.042,1021882056585.9,1064144840163.77,1104912285915.23,1130614010497,1177445994479.73,1201319117190.66,1270247022119.9,1370556689476.49,1386483677676.78,1417286069764.57,1469522093337.88,1541663435008.66,1611592665683.83,1666379970439.82,1718319818926.06,1760554093878.07,1652336262410.14,1725795220093.24,1799147846979.12,1824645068361.81,1875729069481.18,1918583715791,1888066930156.99,1906359884801.99,1986569103046.3,2036318972917.78,2079340465107.86,1964140251365.64,2144822654560.58,2249197684331.45,2228455555122.97,..
Cayman Islands,CYM,GDP per capita (constant 2015 US$),NY.GDP.PCAP.KD,..,..,..,..,..,..,..,..,..,..,..,..,..,..,..,..,96066.6290832355,96202.7379415493,93115.3168416314,84001.4215657607,79483.0972813604,78233.0187551876,77074.3890872511,76038.879554035,76104.6215727416,76379.2095108681,77031.8643873625,77717.1752058822,79305.769672996,80714.5718222987,75199.6450417809,77285.7966767064,79587.3887913705,81411.6457813075,..
Cayman Islands,CYM,Gini index,SI.POV.GINI,..,..,..,..,..,..,..,..,..,..,..,..,..,..,..,..,..,..,..,..,..,..,..,..,..,..,..,..,..,..,..,..,..,..,..
Cayman Islands,CYM,"Unemployment, total (% of total labor force) (modeled ILO estimate)",SL.UEM.TOTL.ZS,..,..,..,..,..,..,..,..,..,..,..,..,..,..,..,..,..,..,..,..,..,..,..,..,..,..,..,..,..,..,..,..,..,..,..
Cayman Islands,CYM,Carbon dioxide (CO2) emissions excluding LULUCF per capita (t CO2e/capita),EN.GHG.CO2.PC.CE.AR5,4.42324704796338,4.16575071444273,4.06344991439852,3.59621030157459,4.04758867057923,4.06193690254406,3.86609261049117,3.81228371268604,3.75927631222577,3.67255250235085,3.31451328325856,3.16873129061306,3.35418920826081,3.41876451040197,3.07152937025931,3.131144737967,3.39815889865649,4.121802483547,4.34595609079001,4.31221255083812,4.55830976543005,3.57875049455095,3.33239988798656,3.68425539169721,3.84807180851064,4.05892086564355,4.16164817749604,4.34492910823584,4.09001986624407,5.59359543719459,4.44936229689593,4.82255947965995,4.74221620036038,4.90155809304745,..
Cayman Islands,CYM,Renewable energy consumption (% of total final energy consumption),EG.FEC.RNEW.ZS,0,0,0,0,0,0,0,0,0,0,0,0,0,0,0,0,0,0,0,0,0,0,0,0,0,0,0,0,0,0,0,0,0,..,..
Cayman Islands,CYM,"Government expenditure on education, total (% of GDP)",SE.XPD.TOTL.GD.ZS,..,..,..,..,..,..,..,..,..,..,..,..,..,..,..,..,..,..,..,..,..,..,..,..,..,..,..,..,2.16376948356628,1.13670003414154,1.45542001724243,1.31253004074097,1.48894000053406,..,..
Cayman Islands,CYM,Current health expenditure per capita (current US$),SH.XPD.CHEX.PC.CD,..,..,..,..,..,..,..,..,..,..,..,..,..,..,..,..,..,..,..,..,..,..,..,..,..,..,..,..,..,..,..,..,..,..,..
Cayman Islands,CYM,Individuals using the Internet (% of population),IT.NET.USER.ZS,0,..,..,0,0,3.95,..,..,..,..,..,..,..,..,..,38,44.5,52,61,64.5,66,69.5,69.7,71.4,74.1,77,79,81.1,..,..,..,..,..,..,..
Cayman Islands,CYM,"GNI, PPP (constant 2021 international $)",NY.GNP.MKTP.PP.KD,..,..,..,..,..,..,..,..,..,..,..,..,..,..,..,..,..,..,..,..,..,..,..,..,..,..,..,..,..,..,..,4005162808.53169,..,..,..
Central African Republic,CAF,GDP per capita (constant 2015 US$),NY.GDP.PCAP.KD,519.786735961912,500.991150890901,454.148968239471,441.384907508364,448.784442959801,468.150527620686,437.925054761723,448.634663639551,457.148858416438,460.827900216085,437.168928414826,446.658634192083,452.808702217035,418.240532289858,433.825227770233,427.968043155237,439.294330902768,450.762785401893,450.313616886022,492.215398914836,519.141456408484,532.38295493852,553.729578314912,349.821171688973,351.561554911625,366.322853938121,376.858254120398,387.35795131742,395.020015455909,401.82582161435,398.834274122139,396.020622931961,399.106838645128,398.330979969132,..
Central African Republic,CAF,Gini index,SI.POV.GINI,..,..,59.3,..,..,..,..,..,..,..,..,..,..,..,..,..,..,..,56.2,..,..,..,..,..,..,..,..,..,..,..,..,43,..,..,..
Central African Republic,CAF,"Unemployment, total (% of total labor force) (modeled ILO estimate)",SL.UEM.TOTL.ZS,..,5.334,5.455,5.521,5.551,5.51,5.488,5.449,5.421,5.411,5.362,5.405,5.437,5.433,5.352,5.314,5.235,5.191,5.139,5.202,5.291,5.281,5.243,5.243,5.326,5.477,5.491,5.534,5.517,5.607,6.196,6.375,5.956,5.877,5.899
Central African Republic,CAF,Carbon dioxide (CO2) emissions excluding LULUCF per capita (t CO2e/capita),EN.GHG.CO2.PC.CE.AR5,0.0553290318986319,0.0706333138835802,0.0552825572906774,0.0582993623170782,0.0592396332176575,0.0592284707644923,0.0628062276536577,0.061132032732112,0.0606256512090546,0.0607328158307525,0.0674333283943094,0.0692692691671129,0.0692947239905773,0.0639031207242549,0.0611043720869886,0.0589674058771547,0.0617693021645069,0.0599851661636159,0.0441765095029945,0.043298292113109,0.0446917924457962,0.0480611151624494,0.0485810853014456,0.0324615249075967,0.0350624310269421,0.0500073444911996,0.0528675893885498,0.0540939616076817,0.0551791199914239,0.0589519734552308,0.0602988723255431,0.060327458383052,0.0692030798508995,0.0715003684675612,..
Central African Republic,CAF,Renewable energy consumption (% of total final energy consumption),EG.FEC.RNEW.ZS,93.9,94.1,94.1,93.8,93.2,93,91.7,91.9,89,89,88.9,88.9,89.2,90.2,90.6,91,90.8,90.9,93.6,93.9,93.8,93.3,93.1,95.1,94.8,92.9,92.1,91.6,91.4,91.3,90.9,90.9,90.9,..,..
Central African Republic,CAF,"Government expenditure on education, total (% of GDP)",SE.XPD.TOTL.GD.ZS,2.2441999912262,2.27630996704102,..,..,..,..,..,..,..,1.69001996517181,1.61265003681183,..,1.5195699930191,1.53980004787445,1.6245299577713,1.65222001075745,1.41506004333496,1.31332004070282,1.29000997543335,1.25458002090454,1.11760997772217,1.10792005062103,1.98034727573395,2.6382143497467,2.22015333175659,1.91022861003876,1.75408899784088,1.75365018844604,1.56587600708008,1.76792073249817,2.14468050003052,1.87251687049866,2.11509132385254,..,..
Central African Republic,CAF,Current health expenditure per capita (current US$),SH.XPD.CHEX.PC.CD,..,..,..,..,..,..,..,..,..,..,9.9123354,9.20995235,10.44132614,12.15000153,12.96809387,13.93517494,15.15495491,18.24629021,18.02888489,21.37773895,17.01008034,19.62990761,21.33021736,17.36794472,18.7120266,18.44194221,21.07796097,28.81619644,51.3541069,35.76098633,42.634758,46.24643707,47.91517639,..,..
Central African Republic,CAF,Individuals using the Internet (% of population),IT.NET.USER.ZS,0,..,..,..,..,..,0.00585,0.0143,0.0279,0.0409,0.0534,0.0785,0.129,0.152,0.223,0.268,0.311,0.376,1,1.8,2,2.2,2.4,2.5,2.7,2.9,3.1,4,5.1,7.51,..,..,..,..,..
Central African Republic,CAF,"GNI, PPP (constant 2021 international $)",NY.GNP.MKTP.PP.KD,..,..,..,..,..,..,..,..,..,..,..,..,..,..,..,..,..,..,..,6365208811.44818,6708730202.14747,6985136648.70017,7339737718.83689,4685640335.779,4694376468.97595,4906475816.3323,5144506335.6588,5535101338.79058,5910753644.02002,6086239146.04824,6042283935.46961,6162917245.35656,6113864533.44759,..,..
Chad,TCD,GDP per capita (constant 2015 US$),NY.GDP.PCAP.KD,418.073577118017,437.462532768457,452.837955096819,372.8025112816,401.253269860237,388.702782263829,380.096965706397,387.959417945816,400.89675561707,384.413940597204,368.078261898703,397.356889219968,416.339854809106,458.923045624901,586.537221681774,661.008702427265,641.784341007243,640.337914179992,637.193939261993,640.760736157705,702.835158960433,679.01873437328,713.813698623546,728.044325802741,750.984908083218,747.588448455507,679.167834353956,637.440946195503,631.014596004206,630.861050028594,601.325555951846,574.17448671329,570.220902592433,567.181912180859,..
Chad,TCD,Gini index,SI.POV.GINI,..,..,..,..,..,..,..,..,..,..,..,..,..,39.8,..,..,..,..,..,..,..,43.3,..,..,..,..,..,..,37.5,..,..,..,37.4,..,..
Chad,TCD,"Unemployment, total (% of total labor force) (modeled ILO estimate)",SL.UEM.TOTL.ZS,..,0.674,0.664,0.7,0.709,0.749,0.703,0.732,0.727,0.752,0.79,0.787,0.769,0.732,0.685,0.678,0.724,0.834,0.906,0.906,0.878,0.905,0.9,0.948,0.933,0.974,1.047,1.116,1.135,1.084,1.707,1.548,1.096,1.074,1.088
Chad,TCD,Carbon dioxide (CO2) emissions excluding LULUCF per capita (t CO2e/capita),EN.GHG.CO2.PC.CE.AR5,0.0392790505768755,0.0459901548195555,0.0379634068589899,0.0192181617360668,0.0210512349910444,0.0207502711218293,0.0207014526643876,0.020768239742406,0.0203808113024069,0.0201393580336398,0.0284536364910487,0.0274644019098323,0.0287620094004163,0.041684966419624,0.0458970108576219,0.0465913742828782,0.0467009339439574,0.0512017152664853,0.0423481583256479,0.0419127552158889,0.0422657323914778,0.0539631643974514,0.0922488974716369,0.0967564353401218,0.0989450884712445,0.109362469168201,0.109833800374537,0.138426253647003,0.139986733538282,0.141736193756595,0.124280980795056,0.122849812766497,0.135841618750933,0.133101686499926,..
Chad,TCD,Renewable energy consumption (% of total final energy consumption),EG.FEC.RNEW.ZS,89.5,89.3,89.2,89.5,89.3,89.2,89,88.9,88.9,88.7,88.7,88.6,88.5,83.9,84,83.8,83.7,82.4,79.8,79.4,79.2,80.7,76.1,72.6,72.5,72.7,72.7,72.8,73.1,72.8,71.9,69.9,70,..,..
Chad,TCD,"Government expenditure on education, total (% of GDP)",SE.XPD.TOTL.GD.ZS,..,..,..,..,..,..,..,2.27335000038147,1.64902997016907,3.22785997390747,2.64670991897583,2.42614006996155,..,..,1.59294998645782,1.69476997852325,..,..,..,2.31173992156982,1.98194003105164,2.25789999961853,2.20615005493164,2.85070991516113,2.32031226158142,2.3428316116333,2.38847589492798,2.45481991767883,2.25947499275208,2.37245798110962,2.73960399627686,2.8881299495697,2.53867292404175,..,..
Chad,TCD,Current health expenditure per capita (current US$),SH.XPD.CHEX.PC.CD,..,..,..,..,..,..,..,..,..,..,10.07452297,11.64042854,18.01737785,18.0202446,27.74994278,31.27608871,33.8651123,34.0423584,36.89921951,34.82435226,35.26005936,37.35868073,36.20247269,38.59413528,42.16276169,33.82092285,31.96038055,29.9935894,31.2043705,30.23999405,37.73088074,37.59156799,40.17007446,..,..
Chad,TCD,Individuals using the Internet (% of population),IT.NET.USER.ZS,0,..,..,..,..,..,..,0.000658,0.00427,0.0123,0.0357,0.0459,0.166,0.32,0.361,0.399,0.581,0.847,1.19,1.5,1.7,1.9,2.1,2.5,2.9,3.5,5.8,6.4,7,7.6,8.34,13.1,12.5,13.2,..
Chad,TCD,"GNI, PPP (constant 2021 international $)",NY.GNP.MKTP.PP.KD,7292781872.56349,8008876793.85011,8681811516.94157,7048172898.98781,7981945560.87498,8110089571.66249,8261809426.96502,8684371964.07624,9401714031.94403,9330266577.22796,9122227543.54265,10174933636.5559,10810890095.4253,10214116271.9763,..,17066226878.1497,..,18029794139.2989,18022229941.0662,21534846716.7074,24685631699.8307,24902642488.0008,27148548057.2994,28026393355.9415,30058658330.6633,31489948475.0074,29840218024.2631,29098500954.7663,29736390007.9363,30681834876.7019,30267146348.2355,29863101072.8401,30642019434.036,31950955002.6152,..
Channel Islands,CHI,GDP per capita (constant 2015 US$),NY.GDP.PCAP.KD,..,..,..,..,..,..,..,..,..,..,..,..,..,..,..,..,..,..,..,67622.4698988394,64727.4337756302,65010.9567882113,60866.0849987586,60784.8478914812,61897.0637766157,61852.0736534587,62438.4790204275,63397.7522093386,63864.3737319613,64598.9625102059,58640.7349454753,64272.1114653859,67513.5801037972,69822.9529944005,..
Channel Islands,CHI,Gini index,SI.POV.GINI,..,..,..,..,..,..,..,..,..,..,..,..,..,..,..,..,..,..,..,..,..,..,..,..,..,..,..,..,..,..,..,..,..,..,..
Channel Islands,CHI,"Unemployment, total (% of total labor force) (modeled ILO estimate)",SL.UEM.TOTL.ZS,..,5.861,6.316,7.299,7.46,7.2,7.125,6.912,6.498,6.121,5.551,5.232,5.507,5.842,6.047,6.028,5.762,5.414,5.478,6.874,7.225,7.457,8.264,8.82,8.571,8.178,7.715,7.12,6.571,6.408,6.863,6.875,6.147,6.187,6.256
Channel Islands,CHI,Carbon dioxide (CO2) emissions excluding LULUCF per capita (t CO2e/capita),EN.GHG.CO2.PC.CE.AR5,..,..,..,..,..,..,..,..,..,..,..,..,..,..,..,..,..,..,..,..,..,..,..,..,..,..,..,..,..,..,..,..,..,..,..
Channel Islands,CHI,Renewable energy consumption (% of total final energy consumption),EG.FEC.RNEW.ZS,..,..,..,..,..,..,..,..,..,..,..,..,..,..,..,..,..,..,..,..,..,..,..,..,..,..,..,..,..,..,..,..,..,..,..
Channel Islands,CHI,"Government expenditure on education, total (% of GDP)",SE.XPD.TOTL.GD.ZS,..,..,..,..,..,..,..,..,..,..,..,..,..,..,..,..,..,..,..,..,..,..,..,..,..,..,..,..,..,..,..,..,..,..,..
Channel Islands,CHI,Current health expenditure per capita (current US$),SH.XPD.CHEX.PC.CD,..,..,..,..,..,..,..,..,..,..,..,..,..,..,..,..,..,..,..,..,..,..,..,..,..,..,..,..,..,..,..,..,..,..,..
Channel Islands,CHI,Individuals using the Internet (% of population),IT.NET.USER.ZS,..,..,..,..,..,..,..,..,..,..,..,..,..,..,..,..,..,..,..,..,..,..,..,..,..,..,..,..,..,..,..,..,..,..,..
Channel Islands,CHI,"GNI, PPP (constant 2021 international $)",NY.GNP.MKTP.PP.KD,..,..,..,..,..,..,..,..,..,..,..,..,..,..,..,..,..,..,..,..,..,..,..,..,..,..,..,..,..,..,..,..,..,..,..
Chile,CHL,GDP per capita (constant 2015 US$),NY.GDP.PCAP.KD,5342.5564679352,5664.52754709787,6196.34617389265,6502.65364930101,6727.66815117552,7222.16380205915,7605.2895299082,8058.94228775841,8287.45061072052,8161.45168851645,8465.35303239198,8632.01482418618,8810.69052729594,9130.7842622047,9642.3747864668,10104.4208387154,10611.6144011853,11051.3450718649,11356.0922102588,11116.4093443974,11649.2897086343,12252.8441071997,12882.8344179443,13182.7329616958,13285.9540361176,13433.9202985339,13505.0977104931,13473.3458532575,13763.0068840877,13630.5935431699,12679.0240036611,14053.8743826368,14272.2709917484,14226.5180749128,..
Chile,CHL,Gini index,SI.POV.GINI,57.2,..,54.8,..,56.4,..,54.9,..,55.5,..,52.8,..,..,51.5,..,..,47.7,..,..,47.4,..,46.9,..,46.8,..,45.3,..,45.3,..,..,47,..,43,..,..
Chile,CHL,"Unemployment, total (% of total labor force) (modeled ILO estimate)",SL.UEM.TOTL.ZS,..,5.23,4.35,4.49,5.87,4.7,7.414,7.136,7.307,11.158,10.491,10.39,10.168,9.765,10.162,9.34,9.024,8.427,9.285,11.313,8.278,7.277,6.562,6.074,6.483,6.313,6.673,7.257,7.623,7.493,10.934,9.281,8.249,9.013,9.056
Chile,CHL,Carbon dioxide (CO2) emissions excluding LULUCF per capita (t CO2e/capita),EN.GHG.CO2.PC.CE.AR5,2.47205960538137,2.32672797369089,2.36746859483008,2.47498347075323,2.66376907481956,2.87631335613763,3.25015274148051,3.639902242327,3.62620497535696,3.74626460076898,3.47348218659688,3.29366216162882,3.29123766192613,3.37723791294867,3.61355633748436,3.61715719670302,3.65572639974269,4.06349583761732,4.23522482467474,4.010533735072,4.20891956587634,4.55673342778646,4.64295036753846,4.8285164826653,4.40520269735076,4.67367312873577,4.86291264555238,4.83419570633295,4.75223057873072,4.95970776566246,4.51602385137412,4.57816462237953,4.54379565403552,4.27284729741106,..
Chile,CHL,Renewable energy consumption (% of total final energy consumption),EG.FEC.RNEW.ZS,34,37.3,38.6,35.8,34.8,34.2,32.2,30,29.8,29.1,31.4,32.1,33.1,31.6,31.4,32.3,32.9,30.5,30.8,31.5,27,28.8,30.3,30.2,27,25.1,24.6,24.1,25.5,25.3,26.7,24.2,..,..,..
Chile,CHL,"Government expenditure on education, total (% of GDP)",SE.XPD.TOTL.GD.ZS,2.25015997886658,..,..,2.38371992111206,2.51182007789612,2.56469988822937,2.77720999717712,2.98516988754272,3.32312989234924,3.7083899974823,3.75707006454468,..,4.04881000518799,3.91868996620178,3.54307007789612,3.28016996383667,3.04014992713928,3.2331600189209,3.79189991950989,4.25475978851318,4.18953990936279,4.0617299079895,..,4.54814004898071,4.75167989730835,4.90390014648438,5.3664698600769,5.43278980255127,5.473060131073,5.62630987167358,5.62993001937866,4.99923992156982,..,..,..
Chile,CHL,Current health expenditure per capita (current US$),SH.XPD.CHEX.PC.CD,..,..,..,..,..,..,..,..,..,..,353.25033569,323.63336182,319.53222656,346.1635437,422.96481323,495.56002808,565.8493042,643.05963135,719.07501221,730.63336182,861.72436523,984.4486084,1070.51293945,1171.77038574,1138.66113281,1122.13378906,1167.89306641,1353.69274902,1430.70263672,1348.99401855,1270.97814941,1576.69287109,1547.28967285,1714.8927002,..
Chile,CHL,Individuals using the Internet (% of population),IT.NET.USER.ZS,0,..,0.0365,0.0718,0.141,0.347,0.683,1.06,1.66,4.1,16.6,19.1,22.1,25.5,28.2,31.2,34.5,35.9,37.3,41.6,45,52.2,55.1,58,61.1,76.6,83.6,82.3,84.9,85,87.5,90.2,93.5,94.5,..
Chile,CHL,"GNI, PPP (constant 2021 international $)",NY.GNP.MKTP.PP.KD,143014348004.638,154332832941.765,173012096488.567,185535199233.117,192981593262.066,211095846679.369,226682582774.789,243750858069.775,255738559008.698,253638832225.196,264715737860.112,273636215433.457,281030185502.744,290875290737.028,302525184908.688,317688552597.09,323923399995.82,343638057519.997,367256677722.411,366905347617.991,388412220374.959,402465967426.326,443288330605.983,463131448730.863,471729791203.226,491808649544.773,498663884159.014,499309755023.511,518249969258.311,523540085755.43,477774213131.979,534291755607.461,551509096250.972,550596594349.109,..
China,CHN,GDP per capita (constant 2015 US$),NY.GDP.PCAP.KD,905.032457182312,975.462915554045,1100.64611588261,1239.1293732409,1384.93015732283,1520.02946941719,1653.43378890759,1787.76697702905,1909.62232844399,2038.2064740575,2193.89686642215,2359.57238513523,2557.89161202627,2797.17665912283,3061.83317262874,3390.71615945044,3800.76579592591,4319.03139751247,4711.64344921263,5128.90412774381,5647.06872713954,6152.69687271855,6591.66249405644,7056.42309152349,7532.78530130172,8016.44559489998,8516.52874235572,9053.22872461936,9619.20947510677,10155.5108830542,10358.1699971792,11223.2553476968,11555.9302384568,12175.1961147248,..
China,CHN,Gini index,SI.POV.GINI,32.2,..,..,33.9,..,..,35.2,..,..,38.7,..,..,42,..,..,40.9,..,..,43,..,43.7,42.4,42.2,39.7,39.2,38.6,38.5,39.1,38.5,38.2,37.1,35.7,..,..,..
China,CHN,"Unemployment, total (% of total labor force) (modeled ILO estimate)",SL.UEM.TOTL.ZS,..,2.37,2.37,2.69,2.9,3,3.12,3.23,3.24,3.25,3.26,3.8,4.24,4.58,4.49,4.52,4.43,4.35,4.59,4.72,4.53,4.55,4.58,4.6,4.63,4.65,4.56,4.47,4.31,4.56,5,4.55,4.98,4.67,4.571
China,CHN,Carbon dioxide (CO2) emissions excluding LULUCF per capita (t CO2e/capita),EN.GHG.CO2.PC.CE.AR5,2.1267721120346,2.21606154086793,2.29171643904993,2.4525653406198,2.55652141445754,2.79354337243901,2.74346203441337,2.7944331849684,2.83598006336886,2.75228208679409,2.90418209393773,3.02302606439439,3.24162605435801,3.71846041601987,4.25958135138784,4.80528434019575,5.30270079785205,5.73304043979558,5.87581400440115,6.27210695130929,6.82816644925451,7.42320645931147,7.6044757382642,7.9165358997682,7.95775283192162,7.81014936297885,7.78579720274681,7.90503403845396,8.24974792551826,8.41813886747955,8.51990149528736,8.93654217055142,8.87059061376954,9.39926632688504,..
China,CHN,Renewable energy consumption (% of total final energy consumption),EG.FEC.RNEW.ZS,33.9,33.1,32.8,31.5,31.1,29.4,30.5,30,29.5,30.3,29.6,28.4,27,23.9,20.2,17.4,16.4,14.9,14.1,13.4,12.3,11.3,11.5,11.5,11.9,12.2,12.6,13.1,13.5,14.3,14.9,15.2,..,..,..
China,CHN,"Government expenditure on education, total (% of GDP)",SE.XPD.TOTL.GD.ZS,..,..,1.65455996990204,1.65785002708435,1.98571002483368,1.84192001819611,1.85338997840881,..,1.84432995319366,1.88803994655609,..,..,..,..,..,2.39190554618835,2.44128441810608,2.70073485374451,3.63178825378418,3.75152206420898,3.55966520309448,3.80921697616577,4.29788875579834,4.1298041343689,4.10536003112793,4.24201250076294,4.20638513565063,4.11133146286011,4.02442407608032,4.05939483642578,4.2333812713623,3.98832511901855,4.02356958389282,..,..
China,CHN,Current health expenditure per capita (current US$),SH.XPD.CHEX.PC.CD,..,..,..,..,..,..,..,..,..,..,42.80797577,44.36042023,49.92394638,56.54468155,64.28150177,73.00266266,82.48256683,98.5569458,133.83999634,164.87619019,188.87156677,239.19824219,284.69760132,329.08572388,362.28695679,393.09768677,398.17489624,439.94006348,504.10980225,538.99157715,582.95092773,670.25897217,672.45159912,..,..
China,CHN,Individuals using the Internet (% of population),IT.NET.USER.ZS,0,..,..,0.000169,0.00117,0.00495,0.0131,0.0324,0.169,0.708,1.78,2.64,4.6,6.2,7.3,8.52,10.5,16,22.6,28.9,34.3,38.3,42.3,45.8,47.9,50.3,53.2,54.3,59.2,64.1,70.1,73.1,75.6,77.5,..
China,CHN,"GNI, PPP (constant 2021 international $)",NY.GNP.MKTP.PP.KD,..,..,..,..,..,3282523260784.73,3612947276098.56,3957513050339.47,4249370954004.46,4586999397283.09,4981177614422.18,5384118261763.83,5898244180527.01,6514628744922.16,7197267474895.96,7981985443596.24,9043260809186.11,10373150119665.5,11419390182562.1,12393778813659.9,13674707009619.6,14903621860694.7,16192105055518.1,17346962864057.5,18813860863865.3,20015152070369.2,21381458372957.7,22952642563226.8,24425613019220.1,25921680606286.6,26363609728213.5,28620861782223.2,29417401066019.3,30967963937867.9,..
Colombia,COL,GDP per capita (constant 2015 US$),NY.GDP.PCAP.KD,3714.1849928328,3713.17727535576,3787.5942918216,3912.6590835796,4059.32146113882,4189.72770913999,4198.69126252708,4265.6935185646,4213.82800470051,3967.11339937681,4016.80951748167,4020.50789754842,4058.28493578738,4154.17528523618,4311.91591255233,4457.27537460443,4694.03442939175,4947.25260813108,5048.57187245249,5046.97121757727,5214.24547620131,5517.1011086899,5675.75617978305,5910.80592301166,6121.83982019825,6248.51490534512,6316.07067782542,6309.67745292518,6353.5464285392,6439.96359812647,5891.95523215403,6457.16921807086,6854.20923557884,6819.17983072755,..
Colombia,COL,Gini index,SI.POV.GINI,..,51.3,51.4,..,..,..,56.8,..,..,58.5,58.4,57.3,56,53.6,55,53.9,..,..,55.3,54.3,54.6,53.5,52.6,52.6,52.5,51,50.6,49.7,50.4,51.3,53.5,55.1,54.8,..,..
Colombia,COL,"Unemployment, total (% of total labor force) (modeled ILO estimate)",SL.UEM.TOTL.ZS,..,10.12,9.44,7.8,8.25,8.72,11.81,12.14,15,20.06,20.52,15.04,14.481,13.221,13.717,11.062,11.091,11.204,11.273,12.066,11.153,10.288,9.959,9.246,8.799,8.572,8.922,9.086,9.36,10.28,15.983,13.898,10.547,9.594,9.608
Colombia,COL,Carbon dioxide (CO2) emissions excluding LULUCF per capita (t CO2e/capita),EN.GHG.CO2.PC.CE.AR5,1.64369872332886,1.66503355512471,1.69348439041508,1.75469847064903,1.7067441066677,1.75233884347239,1.69469413232602,1.80620217332174,1.80345582212609,1.5462777750632,1.60077527887358,1.56644815005628,1.48206011802202,1.44757991519204,1.42708172180694,1.44914745971638,1.36249058468508,1.39597265886956,1.37793972815713,1.44023222503143,1.46890884646309,1.56417595607422,1.55461316336733,1.75354111356178,1.76463745238984,1.77821602497257,1.80981245390778,1.62427693807315,1.6726587429358,1.65717970781629,1.5971737071207,1.71812539588002,1.77356293864325,1.92776145295883,..
Colombia,COL,Renewable energy consumption (% of total final energy consumption),EG.FEC.RNEW.ZS,38.1,36.8,33.1,33,33.8,33.5,33.6,25.7,25.8,29,27.9,27.1,28.6,30.6,29,28.9,30.6,31,30.8,31.4,30.6,29.6,29.6,32,32.1,31.1,30.5,32.2,30.4,31.5,32,29.7,..,..,..
Colombia,COL,"Government expenditure on education, total (% of GDP)",SE.XPD.TOTL.GD.ZS,..,..,..,..,..,..,..,..,3.92644000053406,4.44080018997192,3.5112099647522,3.70867991447449,..,..,..,..,..,..,..,..,..,..,..,..,..,..,..,..,..,..,..,..,..,..,..
Colombia,COL,Current health expenditure per capita (current US$),SH.XPD.CHEX.PC.CD,..,..,..,..,..,..,..,..,..,..,134.71453857,138.47569275,132.18363953,129.71965027,159.61109924,209.68319702,240.10488892,309.61691284,379.16812134,383.91674805,452.44281006,501.84420776,547.00732422,580.96453857,588.29449463,470.099823,448.84588623,497.54016113,519.82202148,503.53485107,464.9777832,561.11627197,505.50805664,534.43713379,..
Colombia,COL,Individuals using the Internet (% of population),IT.NET.USER.ZS,0,..,..,..,0.107,0.188,0.33,0.551,1.13,1.7,2.21,2.85,4.6,7.39,9.12,11,15.3,21.8,25.6,30,36.5,40.4,49,51.7,52.6,55.9,58.1,62.3,64.1,65,69.8,73,72.8,77.3,..
Colombia,COL,"GNI, PPP (constant 2021 international $)",NY.GNP.MKTP.PP.KD,309792410313.018,317727809601.92,331954568844.556,352961226572.283,377165095903.804,397166968051.674,403721516762.375,417291174160.475,421725283023.691,404546366655.949,414103642387.606,419925035866.769,429541136991.734,443220317399.668,466434564904.948,493406038069.256,525948597981.438,558866436861.719,574464280485.277,583908307740.535,606535594158.208,642917390159.918,670894230800.815,708110937319.301,745112602302.697,780042559810.573,797967597612.967,803685209803.27,817600692113.494,846288453213.703,795826462302.825,875797860781.833,933388616931.395,950678036035.905,..
Comoros,COM,GDP per capita (constant 2015 US$),NY.GDP.PCAP.KD,1189.94044420141,1098.65205144104,1167.87724147741,1181.2221252864,1099.25874422534,1119.34066721236,1086.01917467597,1110.49694644593,1105.53626849219,1106.90784619566,1203.65176320696,1206.65692984083,1208.85806145614,1210.73356414137,1210.80066418831,1220.00358435192,1227.29007394321,1212.69668410872,1235.97287268162,1250.90244015699,1272.60723213062,1299.11100609207,1313.58194779807,1343.54690686187,1342.32965963909,1329.37048235986,1345.62616538094,1369.41180288464,1391.84570443398,1389.36488019886,1359.7070894329,1359.76286116275,1368.37463227743,1382.51969363483,..
Comoros,COM,Gini index,SI.POV.GINI,..,..,..,..,..,..,..,..,..,..,..,..,..,..,55.9,..,..,..,..,..,..,..,..,..,45.3,..,..,..,..,..,..,..,..,..,..
Comoros,COM,"Unemployment, total (% of total labor force) (modeled ILO estimate)",SL.UEM.TOTL.ZS,..,4.805,4.532,4.576,4.57,4.681,4.781,4.564,4.617,4.546,4.398,4.377,4.369,4.559,4.571,4.522,4.473,4.46,4.398,4.348,4.248,4.207,4.17,4.118,4.119,4.121,4.104,4.03,3.942,3.934,4.471,4.394,3.816,3.776,3.875
Comoros,COM,Carbon dioxide (CO2) emissions excluding LULUCF per capita (t CO2e/capita),EN.GHG.CO2.PC.CE.AR5,0.0883948573536424,0.104048678976899,0.0866456108515565,0.0831781659425522,0.0815112560200107,0.0821466572629468,0.0837495767440649,0.0825165377715021,0.10240090438001,0.103634628037255,0.169564244142665,0.176163151931581,0.178557690415317,0.227098024212089,0.241258885766242,0.229129863315094,0.27002759804416,0.173278199851846,0.170187205926519,0.207182212861809,0.239143846703602,0.212706719197193,0.216246350659449,0.253952932524361,0.21784869494577,0.233664794229113,0.267478809988931,0.337267682434459,0.361202192874454,0.404918520477308,0.416872879950833,0.415926196628101,0.380250015584017,0.373594610453829,..
Comoros,COM,Renewable energy consumption (% of total final energy consumption),EG.FEC.RNEW.ZS,74,73.4,73.6,73.1,73.3,73,73.4,72.9,71.5,71.1,69.9,69.5,70.3,64.4,63.5,65.7,61.8,74.4,73.4,68.5,66,69,68.3,63.6,68,67,64,59.5,57.7,55.3,50.8,41.2,39.3,..,..
Comoros,COM,"Government expenditure on education, total (% of GDP)",SE.XPD.TOTL.GD.ZS,..,..,..,..,..,..,..,..,2.20135998725891,..,..,..,2.25841999053955,..,..,..,..,..,4.42264986038208,..,..,2.8304500579834,2.74783992767334,2.3827600479126,2.74472999572754,2.5450599193573,..,..,..,..,2.37805080413818,2.27485394477844,2.43164420127869,..,..
Comoros,COM,Current health expenditure per capita (current US$),SH.XPD.CHEX.PC.CD,..,..,..,..,..,..,..,..,..,..,47.59433365,45.34594727,51.12133408,63.91786194,70.61806488,67.79858398,65.72916412,69.87202454,73.75498962,69.4848938,69.21523285,81.19863892,77.10220337,81.81765747,84.63935852,61.16300201,63.53099442,75.01337433,74.89152527,78.23674774,89.67817688,100.04210663,122.93584442,..,..
Comoros,COM,Individuals using the Internet (% of population),IT.NET.USER.ZS,0,..,..,..,..,..,..,0,0.0379,0.148,0.272,0.443,0.555,0.848,1.33,2,2.2,2.5,3,3.5,5.1,5.5,5.98,6.5,6.98,7.46,7.94,8.48,..,16.4,22.4,30.7,32.8,35.7,..
Comoros,COM,"GNI, PPP (constant 2021 international $)",NY.GNP.MKTP.PP.KD,1336463681.25234,1264904672.00386,1386025468.68587,1421444088.68221,1342956192.47326,1393015214.68734,1372802567.86752,1427718995.79635,1443679603.31054,1473692103.90469,1634283135.63028,1673923921.37119,1706613120.82557,1741308400.18294,1773065220.99348,1824941108.6629,1874175299.73706,1896743091.56483,1964330028.66858,2029079697.18211,2106732031.92457,2194383797.04564,2261893249.29756,2367234741.27177,2426094233.72256,2457733699.28933,2540089900.59436,2635023256.67666,2732875851.75063,2779319329.86845,2773533204.35591,2829213812.92297,2902437537.12013,2980900751.3326,..
"Congo, Dem. Rep.",COD,GDP per capita (constant 2015 US$),NY.GDP.PCAP.KD,801.567015056407,710.032087422205,614.369536883349,512.954857325072,470.161734645697,454.200631347294,440.994059132614,409.588064385259,392.136003823522,362.993793858463,327.240142486849,310.380267408895,309.911785375198,317.778121357431,329.3490636773,338.980980805364,346.179697463638,356.886805082139,367.843747648712,366.830226544363,380.578038274352,393.616173563894,407.671076943679,427.458520350728,452.339650501681,467.9145805459,462.47214741215,462.482920889479,473.294077418165,478.632426258904,471.504423341186,484.784649973339,511.299266278693,537.269316970327,..
"Congo, Dem. Rep.",COD,Gini index,SI.POV.GINI,..,..,..,..,..,..,..,..,..,..,..,..,..,..,41.6,..,..,..,..,..,..,..,42.1,..,..,..,..,..,..,..,44.7,..,..,..,..
"Congo, Dem. Rep.",COD,"Unemployment, total (% of total labor force) (modeled ILO estimate)",SL.UEM.TOTL.ZS,..,3.267,3.36,3.433,3.389,3.276,3.153,3.166,3.188,3.22,3.234,3.239,3.17,3.053,2.975,2.948,3.174,3.403,3.627,3.88,4.096,4.315,4.485,4.468,4.436,4.439,4.521,4.601,4.618,4.591,5.345,5.28,4.522,4.484,4.556
"Congo, Dem. Rep.",COD,Carbon dioxide (CO2) emissions excluding LULUCF per capita (t CO2e/capita),EN.GHG.CO2.PC.CE.AR5,0.0918436979022744,0.049952780186647,0.0415025551308971,0.0386114479179826,0.0582449438706229,0.0521023410517386,0.0565059385655161,0.0557594061356029,0.0540281113629444,0.0482755382002864,0.0371489809363143,0.0349876735587141,0.0356015133917578,0.0418872067613201,0.0388453991536261,0.0422300199994134,0.0420830122680007,0.045104055600464,0.0449040252170718,0.0423010621386687,0.0429444214534368,0.0475346895046022,0.0411605449911704,0.0553322796678876,0.0686961388662984,0.043078634235148,0.0320392432192346,0.0359333704456503,0.0344562040956896,0.0360902885310173,0.0360266701953676,0.0354043147938295,0.0380089379208962,0.0359155842829395,..
"Congo, Dem. Rep.",COD,Renewable energy consumption (% of total final energy consumption),EG.FEC.RNEW.ZS,92,95.1,95.9,96.1,96.6,96.9,97,97.1,96.8,97,97.9,98.3,98.3,98,97.9,97.4,97.3,97.2,97,97,96.8,96.2,95.5,93.9,92.9,95.8,97,96.7,96.4,96.3,96.2,96.3,..,..,..
"Congo, Dem. Rep.",COD,"Government expenditure on education, total (% of GDP)",SE.XPD.TOTL.GD.ZS,..,..,..,..,..,..,..,..,..,..,..,..,..,..,..,..,..,..,..,..,1.5249799489975,..,..,2.06221008300781,1.95142996311188,2.17043995857239,2.1186900138855,1.45494997501373,..,..,2.622638463974,2.660484790802,3.002521276474,..,..
"Congo, Dem. Rep.",COD,Current health expenditure per capita (current US$),SH.XPD.CHEX.PC.CD,..,..,..,..,..,..,..,..,..,..,17.52071953,5.4341011,4.17578602,6.03257608,7.83304834,8.55065727,10.37645721,11.5629034,15.36659527,12.75762081,12.1423111,11.89942932,13.20595551,15.37901688,18.22281265,18.57252884,19.3114109,18.14648819,17.29077148,19.20812035,20.5593071,21.58848572,24.38615036,..,..
"Congo, Dem. Rep.",COD,Individuals using the Internet (% of population),IT.NET.USER.ZS,0,..,..,..,..,..,0.000108,0.000211,0.000413,0.00101,0.0059,0.0115,0.0928,0.135,0.196,0.238,0.296,0.37,0.44,0.56,0.72,1.2,1.68,2.2,3,3.8,10.1,8.62,11.7,16.5,21.6,28.4,29.5,30.5,..
"Congo, Dem. Rep.",COD,"GNI, PPP (constant 2021 international $)",NY.GNP.MKTP.PP.KD,..,..,..,..,49276612524.6772,48570393676.7932,52041916693.6277,48859993985.7217,48340040560.051,44666080344.4089,44705199942.3043,42422079987.4161,44446382652.8811,47280014064.8443,50221128072.0741,52612982881.1449,55980763976.0183,59054580700.148,61032495916.4593,64346972849.1524,68749245695.487,72595727450.3561,77079453934.67,80140914200.3749,88185545187.0593,95943046226.5252,104659433997.998,107206456836.097,112135871434.977,114760361417.372,120755171012.499,125559362001.543,132756471961.848,146342979773.965,..
"Congo, Rep.",COG,GDP per capita (constant 2015 US$),NY.GDP.PCAP.KD,2363.76701814587,2352.52754080776,2346.67913794406,2255.94360801961,2069.79640456567,2092.54337905245,2122.62819294837,2064.7536042465,2095.34403570595,1986.8478922289,2057.01922023551,2056.16505922617,2100.16876714574,2058.88683675038,2058.88402946896,2140.03686200251,2226.0233547376,2004.10103961966,2061.55829880574,2211.31572382028,2332.28508055953,2307.49384399715,2467.06102906839,2390.65754938662,2488.68118548992,2439.35189403696,2174.19310251224,2003.27121075187,1909.9560382117,1885.51080877731,1725.51040049963,1701.79060456872,1686.00234391385,1677.08549205924,..
"Congo, Rep.",COG,Gini index,SI.POV.GINI,..,..,..,..,..,..,..,..,..,..,..,..,..,..,..,47.3,..,..,..,..,..,48.9,..,..,..,..,..,..,..,..,..,..,..,..,..
"Congo, Rep.",COG,"Unemployment, total (% of total labor force) (modeled ILO estimate)",SL.UEM.TOTL.ZS,..,19.917,19.92,19.985,20.232,20.192,20.033,19.886,19.895,20.11,19.87,19.877,19.664,19.871,19.886,19.796,19.587,19.894,19.94,19.833,19.345,19.464,19.512,19.827,19.691,19.978,20.223,20.611,20.701,20.392,22.198,21.96,20.108,19.898,19.694
"Congo, Rep.",COG,Carbon dioxide (CO2) emissions excluding LULUCF per capita (t CO2e/capita),EN.GHG.CO2.PC.CE.AR5,1.00165507275599,0.993333003977987,0.941747553548075,0.902384625936949,0.802014407005384,0.992921885416814,1.16252208781354,1.17183577331604,1.36389458076916,1.37450484260144,1.43161094707181,1.34406425351341,0.853266307963152,1.0349261830433,1.01510172051805,1.17146634570512,1.25532618493364,1.07131641556314,1.07735059804056,1.14822437254436,1.18569165159593,1.05225388765141,0.944762628020547,1.11963952145097,1.06035515325932,1.12796638248612,1.07032292357583,1.03358038322104,1.16475698680933,1.28225648654957,1.28087392710773,1.19120536480282,1.27911631680249,1.1727211487841,..
"Congo, Rep.",COG,Renewable energy consumption (% of total final energy consumption),EG.FEC.RNEW.ZS,65.4,64.6,67.6,68.4,76.5,69.8,75.4,80.2,79.7,77,64.9,61.2,68.6,62.1,63.1,63.1,69.3,60.2,56.8,55.9,54.5,64.3,65.1,62.3,62.1,64.2,67.7,69.8,70.6,69.8,71.4,71.4,..,..,..
"Congo, Rep.",COG,"Government expenditure on education, total (% of GDP)",SE.XPD.TOTL.GD.ZS,..,..,..,..,6.37311983108521,4.91033983230591,..,..,4.06827020645142,..,..,..,3.20831990242004,2.8361599445343,2.28813004493713,1.6810200214386,..,..,..,..,5.6867299079895,2.64652967453003,2.73923063278198,..,3.18256998062134,3.13882994651794,..,4.17236995697021,2.77167010307312,3.55946898460388,4.61901378631592,3.67454195022583,2.95159220695496,..,..
"Congo, Rep.",COG,Current health expenditure per capita (current US$),SH.XPD.CHEX.PC.CD,..,..,..,..,..,..,..,..,..,..,17.35089302,20.30390549,16.99031258,21.51475716,27.50056839,30.90304375,35.94208145,41.96711731,63.41820908,48.65313721,54.56225586,59.51348114,71.2766571,71.85824585,71.03118896,57.30290604,54.3000145,52.29982376,47.310215,58.42106628,80.09735107,79.3296051,50.60568619,..,..
"Congo, Rep.",COG,Individuals using the Internet (% of population),IT.NET.USER.ZS,0,..,..,..,..,..,0.00353,0.00347,0.00342,0.0168,0.0264,0.0322,0.157,0.46,1.08,1.46,2.01,2.76,4.29,4.5,5,5.6,6.11,6.6,7.11,7.62,8.12,8.65,..,..,24.8,33.3,37.5,38.4,..
"Congo, Rep.",COG,"GNI, PPP (constant 2021 international $)",NY.GNP.MKTP.PP.KD,18091992628.9579,18737668559.8923,19715946248.6527,18566803683.7535,18037471995.2002,15066372093.3874,15622450909.5441,17515261243.0519,19705655474.541,16949089721.5627,16340450327.3215,18249698089.0945,19119778250.3347,19087308729.9548,18776026029.809,21841260808.7769,26424877796.7189,24718982386.5101,26746804988.9842,32305077532.9651,34779623059.4121,34527848940.4911,40004336257.7222,41201770479.0593,45761879333.6707,45063036736.0856,40145873833.4472,34672653365.4808,36017707980.7038,34869219625.5399,35986981985.0026,32795168622.1605,32720582993.5751,35925772887.7642,..
Costa Rica,CRI,GDP per capita (constant 2015 US$),NY.GDP.PCAP.KD,6037.05111668102,6018.68283701715,6408.20531541453,6693.49083166149,6826.32273425801,6940.83702069434,6871.60941046409,7085.98834302225,7430.1724106288,7584.42136977783,7726.51985682031,7854.2339580182,7989.55926102157,8207.45746763047,8445.52914945791,8655.33965418585,9160.29437453236,9779.51149389818,10104.9092039691,9883.67567046297,10285.0856660419,10612.4694861141,11001.5192856576,11151.1437869768,11422.6735793176,11714.7105980732,12084.4351325634,12468.5654531709,12679.5253643016,12877.650101079,12242.2098908533,13146.6927918465,13686.1614090822,14318.8389652137,..
Costa Rica,CRI,Gini index,SI.POV.GINI,45.2,46.6,45.6,45.9,46.7,45.7,46.5,45.6,45.6,47.6,47.4,51.5,51.8,49.3,48.4,47.5,49.3,49.3,48.6,50.6,48,48.8,48.4,49.2,48.6,48.4,48.7,48.3,48,48.2,49.2,48.7,47.2,46.7,..
Costa Rica,CRI,"Unemployment, total (% of total labor force) (modeled ILO estimate)",SL.UEM.TOTL.ZS,..,5.37,3.93,3.95,4.05,5.18,6.16,5.68,5.33,5.9,5.08,6.051,6.396,6.654,6.445,6.749,5.926,4.557,4.934,7.824,7.171,9.518,9.11,8.218,8.499,8.415,8.085,7.729,9.01,10.807,16.432,15.139,11.325,8.325,7.848
Costa Rica,CRI,Carbon dioxide (CO2) emissions excluding LULUCF per capita (t CO2e/capita),EN.GHG.CO2.PC.CE.AR5,0.933720215805076,0.984424341447815,1.2915246000771,1.26609756865316,1.44961551634512,1.40473911341331,1.31032963960063,1.26328068290582,1.3669366755859,1.33642284342124,1.30016235205025,1.37701995062544,1.38238660550751,1.46330419756141,1.46837749203705,1.49083365405375,1.59718976058352,1.75782284473391,1.71957290628767,1.62820895459367,1.59031177169608,1.67162237764362,1.63913125700321,1.68468031212768,1.68990956592441,1.61268964669851,1.6937545484917,1.70781553361501,1.70512511754163,1.64148674891535,1.42627008215608,1.5846875526187,1.59196657066984,1.6792200606206,..
Costa Rica,CRI,Renewable energy consumption (% of total final energy consumption),EG.FEC.RNEW.ZS,45.4,44.7,35.1,36.3,35.8,35,36.6,33.6,28.9,29.9,33,32.1,32.5,33.3,39.2,41.7,42.4,41.2,40.7,40.7,40.4,38,38.1,37.8,37.6,38.3,34.1,33.3,33.1,33.4,36.4,34.2,..,..,..
Costa Rica,CRI,"Government expenditure on education, total (% of GDP)",SE.XPD.TOTL.GD.ZS,..,..,..,..,..,3.35272002220154,3.89071989059448,..,..,5.39436006546021,4.66695022583008,4.83202981948853,5.15044021606445,5.13373994827271,4.89062976837158,..,4.61613988876343,4.6345100402832,4.88697004318237,6.01030015945435,6.56574010848999,6.37988996505737,6.58239984512329,6.68739986419678,6.67952013015747,6.87349987030029,6.89395999908447,7.06980991363525,6.76991987228394,6.73808002471924,6.62898015975952,6.24841976165771,..,..,..
Costa Rica,CRI,Current health expenditure per capita (current US$),SH.XPD.CHEX.PC.CD,..,..,..,..,..,..,..,..,..,..,250.30950928,258.00057983,279.41705322,290.83309937,293.77548218,313.48355103,364.52426147,429.41894531,518.1114502,537.06317139,663.69165039,753.42633057,788.53100586,829.93658447,836.23120117,889.3762207,884.73028564,867.76733398,917.31018066,930.43511963,969.89099121,977.14831543,978.84155273,..,..
Costa Rica,CRI,Individuals using the Internet (% of population),IT.NET.USER.ZS,0,..,0.00111,0.0815,0.28,0.417,0.841,1.64,2.67,3.9,5.8,9.56,19.9,20.3,20.8,22.1,25.1,28.4,32.3,34.3,36.5,39.2,47.5,46,53,59.8,65.9,71.6,73.5,81.2,80.5,82.7,82.6,85.4,..
Costa Rica,CRI,"GNI, PPP (constant 2021 international $)",NY.GNP.MKTP.PP.KD,..,38342625227.8071,42257441639.7921,45850584120.5784,48699902031.4782,50516161887.4927,50089980920.2257,53128874492.4669,52649602259.5852,52910881175.8637,53813803922.4323,55636182012.0084,57043604815.8804,59354686786.6559,61582876110.646,63775498077.908,68403723059.9405,73305779852.4061,75862679016.5479,76453600007.608,81133990408.9563,84063543901.9738,88750302424.0945,90496492902.2072,93675560700.7148,98626612480.7675,103747070034.703,106571746660.008,108630409599.999,110839090375.476,106513658328.958,112940595813.5,114425273274.93,121234709916.951,..
Cote d'Ivoire,CIV,GDP per capita (constant 2015 US$),NY.GDP.PCAP.KD,1866.0785698741,1794.12062566918,1719.71261335163,1649.47036183619,1598.69239055813,1647.08777075504,1706.97650014485,1801.13163122133,1808.42289027986,1770.86540389357,1717.95385651231,1636.57318705218,1551.27925902838,1441.58801755037,1451.86547141894,1431.73320203111,1437.77453798586,1420.1738958245,1454.62731800082,1473.9183699329,1540.52927270246,1426.46463864534,1503.43433046682,1632.32712787006,1742.53693001178,1814.71855088017,1889.27777949938,1972.81431788947,2013.32307598499,2093.09994335779,2055.08483996432,2146.47635317946,2223.28825303231,2302.7469807991,..
Cote d'Ivoire,CIV,Gini index,SI.POV.GINI,..,..,39.4,..,..,40.6,..,..,39,..,..,..,41.3,..,..,..,..,..,43.2,..,..,..,..,..,..,41.5,..,..,37.2,..,..,35.3,..,..,..
Cote d'Ivoire,CIV,"Unemployment, total (% of total labor force) (modeled ILO estimate)",SL.UEM.TOTL.ZS,..,6.603,6.7,5.866,5.041,4.1,4.043,3.973,4.1,4.415,4.816,5.167,5.474,5.805,5.883,5.999,6.009,6.272,6.379,6.571,6.618,7.135,7.223,4.255,3.285,2.579,1.896,3.272,2.85,2.401,2.584,2.63,2.306,2.27,2.288
Cote d'Ivoire,CIV,Carbon dioxide (CO2) emissions excluding LULUCF per capita (t CO2e/capita),EN.GHG.CO2.PC.CE.AR5,0.243819042479691,0.241629723420376,0.231206691358006,0.235753607449532,0.236890346821606,0.249253394266728,0.299955084445904,0.351395292752554,0.327929491858712,0.423857315911102,0.39364361972007,0.38434091191261,0.39600057272212,0.304007070753864,0.305981117632049,0.318684175934195,0.305575534333762,0.296463840854817,0.321570086024553,0.291445471712351,0.325274762412862,0.307997563310417,0.384372523924794,0.409402344006993,0.426425227791211,0.44620325590139,0.43877495464017,0.461213796748124,0.449418229341914,0.467857120181815,0.452374092479076,0.489660231791538,0.485714723756228,0.462448180936617,..
Cote d'Ivoire,CIV,Renewable energy consumption (% of total final energy consumption),EG.FEC.RNEW.ZS,73.6,74,74.6,75.1,75.6,74.9,74,72.1,73.4,61.9,63.7,64.7,65.3,70.3,75.4,77.9,74.8,76.3,74.2,73.7,75.4,79.1,74.9,72.2,71.9,64.5,64,62.5,60.5,61.1,61.8,58.2,..,..,..
Cote d'Ivoire,CIV,"Government expenditure on education, total (% of GDP)",SE.XPD.TOTL.GD.ZS,..,..,6.78113985061646,6.50304985046387,4.78869009017944,4.3014497756958,2.72476005554199,2.61811995506287,2.43498992919922,2.68529009819031,2.40031003952026,2.44477009773254,2.81048011779785,2.86437010765076,2.91176009178162,2.91944003105164,2.8199999332428,3.01613998413086,3.09853005409241,3.1739399433136,3.24651002883911,2.86576008796692,3.4344699382782,3.45860004425049,3.31416988372803,3.49412989616394,3.93593001365662,3.73654007911682,3.21164989471436,3.4130699634552,3.78674006462097,3.32718992233276,3.51197004318237,3.42992997169495,..
Cote d'Ivoire,CIV,Current health expenditure per capita (current US$),SH.XPD.CHEX.PC.CD,..,..,..,..,..,..,..,..,..,..,33.58165741,33.94552612,36.06715393,43.81231308,47.04700851,46.69436264,47.08904266,56.15083694,64.67678833,71.06480408,70.04605103,67.97618103,69.86203003,67.13149261,74.3581543,58.43181992,61.85705566,63.77943039,65.87952423,68.30471039,78.97766876,92.39588928,86.15213013,..,..
Cote d'Ivoire,CIV,Individuals using the Internet (% of population),IT.NET.USER.ZS,0,..,..,..,..,0.0002,0.00841,0.0188,0.061,0.119,0.231,0.396,0.498,0.759,0.849,1.04,1.52,1.8,1.9,2,2.7,2.9,4.4,6.6,10,38.4,41.2,43.8,37.5,36.3,36,36,38.4,40.7,..
Cote d'Ivoire,CIV,"GNI, PPP (constant 2021 international $)",NY.GNP.MKTP.PP.KD,..,..,..,..,..,..,..,..,..,..,..,..,..,..,..,..,..,..,62381398603.0637,65493959224.5732,69723196767.0555,66210727785.9152,72242755865.3363,78927971914.1615,118142601807.822,126171993540.584,135166442809.937,144241392079.689,151485036455.255,161666058992.842,162411251744.737,173671121074.45,184178299093.643,193986524880.799,..
Croatia,HRV,GDP per capita (constant 2015 US$),NY.GDP.PCAP.KD,9753.60487836725,7841.71300282964,7094.46748343981,6490.13978561787,6794.98507074117,7304.45852898653,7857.72262122232,8383.1827782947,8577.21251426078,8541.23941776512,8879.96498049361,9515.40905552687,10061.694309434,10618.9433102196,11058.7184484755,11522.3950059819,12105.053757832,12719.0032844824,12970.9291075827,12099.7971276004,11965.4854792127,11995.1325319122,11780.5330067439,11839.2458156921,11863.8584044911,12285.3032582105,12849.34640034,13485.8816667037,14060.7189510749,14641.2298817935,13544.9715102628,15394.4707328085,16616.3915356348,17147.1660226623,..
Croatia,HRV,Gini index,SI.POV.GINI,..,..,..,..,..,..,..,..,..,..,..,..,..,..,..,..,..,..,..,32.6,32.4,32.3,32.5,32,32.1,31.1,30.9,30.4,29.7,28.9,29.5,28.9,..,..,..
Croatia,HRV,"Unemployment, total (% of total labor force) (modeled ILO estimate)",SL.UEM.TOTL.ZS,..,11.14,10.914,10.794,10.45,10.108,9.68,9.71,11.392,13.559,16.064,15.822,15.053,13.924,13.664,12.598,11.13,9.909,8.53,9.202,11.62,13.678,15.935,17.251,17.29,16.175,13.103,11.208,8.432,6.617,7.507,7.608,6.96,6.086,5.236
Croatia,HRV,Carbon dioxide (CO2) emissions excluding LULUCF per capita (t CO2e/capita),EN.GHG.CO2.PC.CE.AR5,5.22126409353435,3.87569092232879,3.58165468993741,3.63061283179541,3.43923419139712,3.583504869016,3.78747698370256,4.03927742937031,4.19773462176215,4.41373337791963,4.33600951770941,4.77718842638527,4.9640019208893,5.28542670572726,5.27949170654648,5.3010745578165,5.34294838116618,5.68500379447253,5.41092719803328,5.03367918793658,4.87464924907349,4.77788041083749,4.40933740935055,4.34091605844416,4.20668517073742,4.34084627474122,4.44927970640393,4.65070704336386,4.4535979091325,4.54847457455455,4.40600213683184,4.56823583307059,4.52389109878228,4.52277724146472,..
Croatia,HRV,Renewable energy consumption (% of total final energy consumption),EG.FEC.RNEW.ZS,21.6,32.7,29.8,29.9,30.1,30.3,32.6,29.1,28.1,27.8,26.8,26.9,24.6,24.8,26.6,26.8,25.5,22.7,24.1,27.2,29.8,27.2,29.4,32.8,33.6,33.1,31.8,29.8,32.8,31.6,32.4,34.1,..,..,..
Croatia,HRV,"Government expenditure on education, total (% of GDP)",SE.XPD.TOTL.GD.ZS,..,..,..,..,..,..,..,..,..,..,6.112708568573,5.68086528778076,3.82300996780396,3.86901998519897,3.82214999198914,5.36704969406128,5.00697135925293,3.96751999855042,4.27542018890381,4.37821006774902,4.21689987182617,4.11441993713379,5.22161388397217,4.52116012573242,5.17615127563477,4.96908521652222,4.89622449874878,3.86269998550415,3.91209006309509,3.92007994651794,4.38901996612549,4.05666017532349,..,..,..
Croatia,HRV,Current health expenditure per capita (current US$),SH.XPD.CHEX.PC.CD,..,..,..,..,..,..,..,..,..,..,371.06213379,388.32489014,386.4440918,512.15216064,634.62036133,727.13104248,816.01702881,1041.03442383,1258.87243652,1187.54528809,1126.37365723,1132.49890137,1029.97119141,889.94458008,909.37164307,795.50836182,840.90124512,902.62518311,1024.62414551,1040.08569336,1094.53283691,1384.11914063,1344.19006348,..,..
Croatia,HRV,Individuals using the Internet (% of population),IT.NET.USER.ZS,0,..,..,0.0972,0.268,0.514,0.859,1.73,3.27,4.41,6.64,11.6,17.8,22.8,30.9,33.1,38,41.4,44.2,50.6,56.6,57.8,61.9,66.7,68.6,69.8,72.7,67.1,75.3,79.1,78.3,81.3,82.1,83.2,..
Croatia,HRV,"GNI, PPP (constant 2021 international $)",NY.GNP.MKTP.PP.KD,..,..,..,..,..,80961536822.4432,85907461663.8963,91206225960.4371,93259896350.7719,90630536192.1714,93555704060.2767,96214238158.3735,102153245514.195,106146174920.293,112279021438.345,116325706290.318,121977480899.339,128485864927.026,129674657226.933,120301722229.441,119050661267.884,119188922592.849,116405606336.783,118018466141.879,117847819495.097,122165877277.618,124257890509.121,130353983435.205,133103836143.74,138263198363.782,129290758882.552,142556628748.538,153118298555.216,158227209642,..
Cuba,CUB,GDP per capita (constant 2015 US$),NY.GDP.PCAP.KD,4961.45738860948,4395.45493473446,3861.87437370304,3270.55047645542,3280.38453264476,3348.88763214863,3599.32498555978,3687.42530352589,3680.98418008951,3895.54643322661,4112.26168350671,4229.90309433356,4277.39565642359,4426.96599591833,4670.18802138025,5182.35283601732,5799.41163668615,6215.76603727772,6469.08507847668,6561.25305093006,6716.49048497058,6902.16397571139,7109.24834185635,7307.82004410741,7392.48324633027,7727.91997207998,7774.0698462623,7927.27769340823,8120.43123558256,8124.75282059108,7252.31672155863,7379.01400369289,7552.3170665821,7433.44336192822,..
Cuba,CUB,Gini index,SI.POV.GINI,..,..,..,..,..,..,..,..,..,..,..,..,..,..,..,..,..,..,..,..,..,..,..,..,..,..,..,..,..,..,..,..,..,..,..
Cuba,CUB,"Unemployment, total (% of total labor force) (modeled ILO estimate)",SL.UEM.TOTL.ZS,..,8.311,8.778,9.261,8.801,8.27,7.61,7.1,6.23,6.26,5.45,4.08,3.31,2.33,1.854,1.95,1.913,1.788,1.583,1.67,2.5,3.18,3.46,3.29,2.7,2.4,2,1.7,1.7,1.705,2.24,2.116,1.82,1.719,1.53
Cuba,CUB,Carbon dioxide (CO2) emissions excluding LULUCF per capita (t CO2e/capita),EN.GHG.CO2.PC.CE.AR5,3.63629899323718,2.81055344273553,2.21703515575709,2.01729890819425,2.06673310661444,2.19124089435206,2.3653873696521,2.58035736530152,2.52461505112231,2.5864889006099,2.6097322476537,2.49633618840839,2.37638960983655,2.30115252552259,2.25233112988662,2.32995997177905,2.37701654911314,2.45348034494074,2.36871800875718,2.3870890457744,2.4967671790939,2.45689736409213,2.55980288724186,2.5750991289118,2.3856934946869,2.61378537507323,2.42963276207276,2.35540565205961,2.39135279418992,2.19392465093245,1.9326248971713,1.90145482427527,1.88498546992627,2.00246262884949,..
Cuba,CUB,Renewable energy consumption (% of total final energy consumption),EG.FEC.RNEW.ZS,42.9,47.2,51.3,46.9,45.8,41.3,41.4,36.8,34.8,33.7,34.4,34,34.8,33.6,33.8,26.3,22,18.6,18.7,19,15.6,19.2,19.4,18.2,23.2,21.1,19.2,22,24,23.1,24.5,20.9,..,..,..
Cuba,CUB,"Government expenditure on education, total (% of GDP)",SE.XPD.TOTL.GD.ZS,..,7.14496994018555,..,7.07476997375488,5.61948013305664,..,..,..,6.20873022079468,6.75523996353149,7.70481014251709,8.3580904006958,9.57116985321045,9.9408597946167,10.2682304382324,10.5577802658081,9.05716991424561,11.8682098388672,14.0590801239014,13.1248598098755,12.8373098373413,..,11.5516605377197,10.6716957092285,9.6074686050415,8.96333694458008,9.01313304901123,..,..,9.04696941375732,..,9.38586235046387,..,..,..
Cuba,CUB,Current health expenditure per capita (current US$),SH.XPD.CHEX.PC.CD,..,..,..,..,..,..,..,..,..,..,181.09315491,198.49874878,213.81524658,227.49208069,232.22746277,331.50354004,386.8258667,569.43585205,609.27282715,675.53399658,608.5847168,695.81542969,601.74957275,712.26629639,867.69702148,991.08496094,990.92346191,987.81030273,981.90283203,1023.39715576,1199.35327148,..,..,..,..
Cuba,CUB,Individuals using the Internet (% of population),IT.NET.USER.ZS,0,..,..,..,..,9.17E-05,0.0319,0.0682,0.227,0.315,0.541,1.08,3.77,5.24,8.41,9.74,11.2,11.7,12.9,14.3,15.9,16,21.2,27.9,29.1,37.3,43,57.1,62.7,68,71.1,67.6,68.3,71.3,..
Cuba,CUB,"GNI, PPP (constant 2021 international $)",NY.GNP.MKTP.PP.KD,..,..,..,..,..,..,..,..,..,..,..,..,..,..,..,..,..,..,..,..,..,..,..,..,..,..,..,..,..,..,..,..,..,..,..
Curacao,CUW,GDP per capita (constant 2015 US$),NY.GDP.PCAP.KD,..,..,..,..,..,..,..,..,..,..,21523.6458973702,22171.0655460422,22231.8793091625,21840.8913168396,21512.1116035171,21112.3219220136,20913.6630394407,21011.1570622011,21202.4305115575,20952.8998451864,20706.4374577658,20518.0986087103,20277.5111916571,19921.4770634064,19529.5286704975,19361.8130008678,18953.0537415003,18651.4798142441,18355.1767135889,17980.5298376417,14901.2436090623,15787.3376047401,17144.6220682453,18122.8740513221,..
Curacao,CUW,Gini index,SI.POV.GINI,..,..,..,..,..,..,..,..,..,..,..,..,..,..,..,..,..,..,..,..,..,..,..,..,..,..,..,..,..,..,..,..,..,..,..
Curacao,CUW,"Unemployment, total (% of total labor force) (modeled ILO estimate)",SL.UEM.TOTL.ZS,..,..,..,..,..,..,..,..,..,..,..,..,..,..,..,..,..,..,..,..,..,..,..,..,..,..,..,..,..,..,..,..,..,..,..
Curacao,CUW,Carbon dioxide (CO2) emissions excluding LULUCF per capita (t CO2e/capita),EN.GHG.CO2.PC.CE.AR5,..,..,..,..,..,..,..,..,..,..,..,..,..,..,..,..,..,..,..,..,..,..,..,..,..,..,..,..,..,..,..,..,..,..,..
Curacao,CUW,Renewable energy consumption (% of total final energy consumption),EG.FEC.RNEW.ZS,0,0,0,0.1,0.1,0.1,0.1,0.1,0.1,0.1,0.1,0.6,0.6,0.6,0.6,0.6,0.6,0.6,0.5,0.5,0.5,0.5,0.6,1.1,1.4,1.3,1.4,1.9,2.5,2.5,2.8,2.8,..,..,..
Curacao,CUW,"Government expenditure on education, total (% of GDP)",SE.XPD.TOTL.GD.ZS,..,..,..,..,..,..,..,..,..,..,..,..,..,..,..,..,..,..,..,..,..,..,..,5.11633014678955,..,..,..,..,..,..,..,..,..,..,..
Curacao,CUW,Current health expenditure per capita (current US$),SH.XPD.CHEX.PC.CD,..,..,..,..,..,..,..,..,..,..,..,..,..,..,..,..,..,..,..,..,..,..,..,..,..,..,..,..,..,..,..,..,..,..,..
Curacao,CUW,Individuals using the Internet (% of population),IT.NET.USER.ZS,..,..,..,..,..,..,..,..,..,..,..,..,..,..,..,..,..,..,..,..,..,..,..,..,..,..,61.9,68.1,..,..,..,..,..,..,..
Curacao,CUW,"GNI, PPP (constant 2021 international $)",NY.GNP.MKTP.PP.KD,..,..,..,..,..,..,..,..,..,..,..,..,..,..,..,..,..,..,..,..,..,..,..,..,..,..,..,..,..,..,..,3878700958.46701,..,..,..
Cyprus,CYP,GDP per capita (constant 2015 US$),NY.GDP.PCAP.KD,17144.396484375,16829.83984375,17928.46484375,17623.208984375,18280.943359375,19453.763671875,19385.2109375,19617.1015625,20562.203125,21349.654296875,22383.865234375,23019.1484375,23604.080078125,23930.669921875,24799.546875,25631.265625,26395.41015625,27156.68359375,27449.04296875,26183.4609375,26090.048828125,25538.78125,24285.49609375,22738.490234375,22581.828125,23487.228515625,24916.6328125,26105.5859375,27406.4765625,28625.779296875,27391.58984375,30227.91796875,32015.3515625,32341.302734375,..
Cyprus,CYP,Gini index,SI.POV.GINI,..,..,..,..,..,..,..,..,..,..,..,..,..,..,30.1,30.3,31.1,31.1,31.7,32.1,31.5,32.6,34.3,37,35.6,34,32.9,31.4,32.7,31.2,31.7,31.3,..,..,..
Cyprus,CYP,"Unemployment, total (% of total labor force) (modeled ILO estimate)",SL.UEM.TOTL.ZS,..,3,2.09,2.7,2.7,2.6,3.1,3.4,3.3,5.532,4.766,4.043,3.336,4.153,4.77,5.481,4.593,3.946,3.756,5.594,6.359,7.942,12.097,16.131,16.277,15.026,13.006,11.155,8.504,7.155,7.755,7.513,6.806,6.098,5.602
Cyprus,CYP,Carbon dioxide (CO2) emissions excluding LULUCF per capita (t CO2e/capita),EN.GHG.CO2.PC.CE.AR5,5.88380048988331,6.45915107942484,6.7728277354842,6.95479847076513,7.09024976706797,6.79127617524154,7.06755728225925,7.03189061998645,7.23329994707768,7.38418056041768,7.52595584735989,7.25786125686761,7.31048255624389,7.8464170309827,7.65152892054525,7.62938992482756,7.59717683119977,7.74512125319517,7.78496571117462,7.46963820038562,7.01657007880718,6.67749388788244,6.11019249234381,5.43924925774667,5.67157125014873,5.62114699278886,5.836739114971,5.86944649299396,5.67599747233298,5.60788266775267,5.2228187125791,5.24113932266461,5.39692196759729,5.3408387956365,..
Cyprus,CYP,Renewable energy consumption (% of total final energy consumption),EG.FEC.RNEW.ZS,0.5,0.4,0.3,0.3,0.7,3.3,3.3,3.3,3.2,3.2,3.1,3,3.2,3.2,3.3,3.4,3.5,4.3,5.7,6.3,6.5,7.6,8.6,9.7,9.5,10.4,10.3,10.9,12,12,15,15.6,..,..,..
Cyprus,CYP,"Government expenditure on education, total (% of GDP)",SE.XPD.TOTL.GD.ZS,3.33924007415771,3.57539010047913,3.78029990196228,4.09555006027222,4.15996980667114,3.74123001098633,..,..,..,4.7720799446106,4.98954010009766,5.11552000045776,5.58166980743408,6.6702299118042,6.11772012710571,6.28667020797729,6.3302698135376,6.28082990646362,6.72276020050049,7.2054500579834,6.52559995651245,6.52042007446289,5.89526700973511,6.46747016906738,6.42111015319824,6.30491018295288,6.11811017990112,5.69961977005005,5.0253529548645,5.21260023117065,5.63694000244141,5.23585987091064,..,..,..
Cyprus,CYP,Current health expenditure per capita (current US$),SH.XPD.CHEX.PC.CD,..,..,..,..,..,..,..,..,..,..,750.51672363,782.16162109,890.48297119,1145.05847168,1286.97155762,1366.01708984,1474.02062988,1694.27185059,2155.24658203,2105.4777832,2045.2923584,2114.66894531,1899.37255859,1916.32263184,1873.89135742,1596.2052002,1649.41247559,1773.41162109,2020.73339844,2093.0612793,2483.06005859,3118.24267578,2864.15649414,..,..
Cyprus,CYP,Individuals using the Internet (% of population),IT.NET.USER.ZS,0,..,0.0501,0.0564,0.111,0.41,0.673,4.38,8.89,11.3,15.3,18.8,28.3,30.1,33.8,32.8,35.8,40.8,42.3,49.8,53,56.9,60.7,65.5,69.3,71.7,75.9,80.7,84.4,86.1,90.8,90.8,89.6,91.2,..
Cyprus,CYP,"GNI, PPP (constant 2021 international $)",NY.GNP.MKTP.PP.KD,15972340270.6527,16101199152.9451,17592462332.0972,17737071557.0078,18761349919.5353,19446771189.3663,19734301239.8688,20122486295.874,23251564959.9278,22343273303.9783,22960112337.7894,24222434866.6965,25688551938.6763,26641190191.8683,27509241042.9415,29003251509.897,30270436630.9443,31512275806.9883,34338336109.2193,34111326100.6454,34488037852.4698,36050728889.283,33686968130.5322,31274133362.373,30278568648.5757,31970290532.652,32918626926.7597,35155588496.0526,37140372552.4355,38598173238.1087,36842338207.8824,40033100579.659,43426181548.9634,43762418075.2277,..
Czechia,CZE,GDP per capita (constant 2015 US$),NY.GDP.PCAP.KD,11900.5844578811,10543.6195998133,10479.4918683842,10475.0849143439,10775.9443888685,11453.380017709,11944.7171470429,11886.3480918471,11850.8396211152,12026.4688074555,12543.9364338645,12958.4667624815,13179.9878099111,13618.9349637214,14259.6334294387,15147.7214429473,16107.3042504372,16892.5428566711,17190.6470317686,16272.8084749422,16665.9317833287,16926.2846655313,16772.3539228258,16759.7808654377,17118.0425569684,17931.5987670768,18359.0978117405,19257.6930673781,19736.629527594,20360.0599218778,19233.1469565497,20373.8783032185,20627.3486496304,20245.6557955904,..
Czechia,CZE,Gini index,SI.POV.GINI,..,..,20.7,26.6,..,..,25.8,..,..,..,..,..,26.6,..,27.5,26.9,26.7,26,26.3,26.2,26.6,26.4,26.1,26.5,25.9,25.9,25.4,24.9,25,25.3,26.2,26.2,..,..,..
Czechia,CZE,"Unemployment, total (% of total labor force) (modeled ILO estimate)",SL.UEM.TOTL.ZS,..,2.27,2.6,4.349,4.284,4.082,3.852,4.674,6.455,8.702,8.764,8.128,7.28,7.777,8.298,7.927,7.141,5.316,4.392,6.662,7.281,6.712,6.979,6.953,6.108,5.048,3.952,2.893,2.246,2.015,2.55,2.803,2.224,2.579,2.506
Czechia,CZE,Carbon dioxide (CO2) emissions excluding LULUCF per capita (t CO2e/capita),EN.GHG.CO2.PC.CE.AR5,16.0153212581974,14.5657238078812,13.99088856679,13.537953824134,13.0023388780682,12.9356567520908,13.3196984927449,13.0054538320602,12.4304510823534,11.6408430297573,12.9022318049143,12.9418725692145,12.4937383028359,12.817571673057,12.898440448908,12.6372902110777,12.7733385552459,12.849005731526,12.1444026314728,11.4619047837903,11.5509226772677,11.2530401803034,10.8482097198259,10.416879076364,10.1880536575184,10.267788185141,10.392272360929,10.4182024567986,10.285949255724,9.6799529979282,8.82341119128708,9.43748826835382,9.3170352876533,8.33141108990558,..
Czechia,CZE,Renewable energy consumption (% of total final energy consumption),EG.FEC.RNEW.ZS,3.6,4,5.9,5.8,5.9,5.3,5.2,5.7,6,6.5,5.9,6.3,7.3,6.7,7.1,7.5,7.9,8.3,9,10.2,10.9,12.2,12.8,13.9,14.8,14.8,14.8,14.5,14.7,15.9,17,17.2,..,..,..
Czechia,CZE,"Government expenditure on education, total (% of GDP)",SE.XPD.TOTL.GD.ZS,..,..,3.75176000595093,4.1586799621582,4.64996004104614,4.51754999160767,4.24490976333618,..,3.58012008666992,3.66753005981445,3.64034008979797,3.73283004760742,3.95878005027771,4.11728000640869,3.99238991737366,3.86591005325317,4.1955099105835,3.84717988967896,3.7271900177002,4.1460599899292,4.03350019454956,4.24209022521973,4.22070980072021,4.04676008224487,3.96522998809814,5.75182008743286,5.55373001098633,3.80615997314453,4.26605987548828,4.54246997833252,4.72159004211426,4.80319976806641,..,..,..
Czechia,CZE,Current health expenditure per capita (current US$),SH.XPD.CHEX.PC.CD,..,..,..,..,..,..,..,..,..,..,342.92108154,388.54403687,497.74203491,640.66040039,746.32891846,852.65246582,942.11804199,1110.17663574,1449.33679199,1442.24279785,1509.44726563,1649.15905762,1509.77526855,1508.79907227,1512.59326172,1308.8013916,1374.9005127,1516.75012207,1750.81188965,1805.44030762,2106.28027344,2538.03344727,2431.08496094,2609.24072266,..
Czechia,CZE,Individuals using the Internet (% of population),IT.NET.USER.ZS,0,..,..,0.581,1.26,1.45,1.94,2.92,3.9,6.83,9.78,14.7,23.9,34.3,35.5,35.3,47.9,51.9,63,64.4,68.8,70.5,73.4,74.1,74.2,75.7,76.5,78.7,80.7,80.9,81.3,82.7,84.5,86,..
Czechia,CZE,"GNI, PPP (constant 2021 international $)",NY.GNP.MKTP.PP.KD,..,..,..,..,..,259811443814.499,274112856618.954,273445582186.833,279023571846.612,281179713873.2,288081520736.843,298742601867.362,306621910013.274,318528392434.895,331134353681.752,348401752379.443,360609008784.997,382262706061.778,390138007743.965,372591504496.078,370859653176.43,371919797684.106,374746262865.672,378321880862.075,389012500607.085,409578156820.486,421021347547.406,441876676354.939,454775593172.656,466694478785.316,449439347708.04,466443106889.17,462684831243.502,..,..
Denmark,DNK,GDP per capita (constant 2015 US$),NY.GDP.PCAP.KD,39306.7939163003,39776.5961662564,40447.232822697,40280.8935829591,42270.6520789912,43328.5293423529,44331.6199506782,45546.5896032205,46437.1921036166,47657.173193571,49266.9882702373,49557.1510075058,49624.5965334337,49708.0908999592,50956.3045506744,52015.1841293483,53823.1590414696,54113.9771443798,53572.5346597284,50635.9117993314,51209.4492636368,51667.5313181951,51470.6898338005,51970.3909405024,52368.3625852985,53094.0133607574,54300.2039530893,55601.0145649906,56355.0733009054,57114.6227285377,55934.5556066994,59803.9202099741,60248.6712302435,61295.9818623394,..
Denmark,DNK,Gini index,SI.POV.GINI,..,..,24.7,..,..,23,..,..,..,..,23.8,..,..,25.6,24.9,25.2,25.9,26.2,25.2,26.7,27.2,27.3,27.8,28.5,28.4,28.2,28.2,28.7,28.2,27.7,27.5,28.3,..,..,..
Denmark,DNK,"Unemployment, total (% of total labor force) (modeled ILO estimate)",SL.UEM.TOTL.ZS,..,9.099,9.027,10.719,8.036,6.992,6.844,5.4,5.039,5.141,4.476,4.164,4.274,5.398,5.204,4.83,3.897,3.801,3.683,6.409,7.746,7.769,7.798,7.384,6.925,6.278,5.989,5.833,5.131,5.018,5.637,5.043,4.434,5.094,5.587
Denmark,DNK,Carbon dioxide (CO2) emissions excluding LULUCF per capita (t CO2e/capita),EN.GHG.CO2.PC.CE.AR5,10.1977479211483,12.2390866806692,11.097446131296,11.5080903853581,12.2338067450607,11.5772370897316,14.0630171644936,12.1567472867976,11.3605980446886,10.7636722093412,9.95498552704914,10.2176557625117,10.0959815146437,11.0756479736666,10.0173502823468,9.34972521105533,10.7814911595374,9.86619274996805,9.21687171357471,8.77100611160953,8.75259094652668,7.80664894018065,6.90183368827228,7.18425441305433,6.41524946952011,5.99519695932934,6.23364833511115,5.82350675978061,5.80885647631298,5.19435981770845,4.76672513171785,5.01916341414232,4.76729181944819,4.5019532695068,..
Denmark,DNK,Renewable energy consumption (% of total final energy consumption),EG.FEC.RNEW.ZS,7,7.1,7.8,7.7,7.3,7.5,7.3,8.1,8.5,9.1,10.7,11.1,11.9,12.7,14.4,16.1,15.3,17.7,18.5,19.3,21.2,23.8,26.9,27,30.2,32.5,32,35,34.6,37.2,39.5,39.5,..,..,..
Denmark,DNK,"Government expenditure on education, total (% of GDP)",SE.XPD.TOTL.GD.ZS,..,5.59675979614258,..,7.77281999588013,7.47105979919434,7.47103977203369,7.8849401473999,..,8.10674953460693,7.93115997314453,8.08434009552002,8.21545028686523,8.2130298614502,8.12193012237549,8.2076301574707,8.08557033538818,7.72990989685059,7.61560010910034,7.47604990005493,8.44888019561768,8.55955028533936,8.48486042022705,7.23782014846802,8.49442958831787,7.634850025177,7.01041460037231,7.69106006622314,7.11585998535156,7.29690980911255,7.25505018234253,7.38354015350342,6.99992990493774,5.29643440246582,..,..
Denmark,DNK,Current health expenditure per capita (current US$),SH.XPD.CHEX.PC.CD,..,..,..,..,..,..,..,..,..,..,2496.04711914,2602.64306641,2895.80737305,3607.04296875,4194.87353516,4442.75488281,4778.89208984,5468.37939453,6137.77636719,6221.68896484,6171.28515625,6438.21240234,6168.33935547,6334.41552734,6466.89794922,5531.87890625,5624.32861328,5834.02050781,6232.72167969,6058.83007813,6530.47509766,7465.77294922,6456.08398438,6432.37158203,..
Denmark,DNK,Individuals using the Internet (% of population),IT.NET.USER.ZS,0.0973,0.194,0.387,0.578,1.34,3.83,5.71,11.4,22.7,30.6,39.2,43,64.3,76.3,80.9,82.7,86.7,85,85,86.8,88.7,89.8,92.3,94.6,96,96.3,97,97.1,97.3,98,96.5,98.9,97.9,98.8,99.8
Denmark,DNK,"GNI, PPP (constant 2021 international $)",NY.GNP.MKTP.PP.KD,213390730206.437,215292734681.206,222393146447.787,223334831206.988,235207066481.753,243286308636.15,250994676766.978,259514363618.965,265978461812.104,274267760810.822,282623029819.432,287341904207.248,289966108199.395,292650359807.827,304889030630.875,317172406451.206,329609652819.844,329522668408.606,333352943870.119,315350298787.898,327257631386.86,330301174249.811,331938865733.624,341188040600.381,349453349189.008,356308265431.376,364431244699.206,374882754509.931,382814136870.528,389881007247.919,389077509232.581,424423068482.45,434922125140.459,414678027735.551,..
Djibouti,DJI,GDP per capita (constant 2015 US$),NY.GDP.PCAP.KD,..,..,..,..,..,..,..,..,..,..,..,..,..,..,..,..,..,..,..,..,..,..,..,2138.43843074856,2248.59114297989,2376.12554719873,2502.85181449431,2596.45134698268,2677.16701469784,2781.94687224659,2776.54090852115,2860.53793870551,2925.84071784878,3078.28598659063,..
Djibouti,DJI,Gini index,SI.POV.GINI,..,..,..,..,..,..,..,..,..,..,..,..,40,..,..,..,..,..,..,..,..,..,45.1,44.1,..,..,..,41.6,..,..,..,..,..,..,..
Djibouti,DJI,"Unemployment, total (% of total labor force) (modeled ILO estimate)",SL.UEM.TOTL.ZS,..,25.669,25.985,26.728,27.103,27.279,27.153,27.156,27.013,26.74,26.664,26.599,26.59,26.488,26.446,26.452,26.387,26.3,26.194,26.33,26.371,26.314,26.187,26.157,26.173,26.07,25.992,26.064,26.184,26.256,27.713,27.668,26.307,26.154,25.875
Djibouti,DJI,Carbon dioxide (CO2) emissions excluding LULUCF per capita (t CO2e/capita),EN.GHG.CO2.PC.CE.AR5,1.67926865882824,1.93632624086504,1.67137905145285,1.67555291455364,1.68100078186083,1.694272707456,1.71682491501478,1.6717350111712,1.63651494526362,1.62754861105358,0.9899400255313,0.972627195444651,0.978413070311498,1.0080895467715,0.957725474626085,0.899701728023147,0.853856904473663,0.856118957883567,0.907997230978096,0.80118306972805,0.876752618379341,0.667223301052756,0.835068533959764,0.900059299935826,0.883499531772175,0.793580009271665,0.711991388257924,0.629289153531196,0.670129734429723,0.649852256204367,0.664864258388618,0.70706926567539,0.658255767323076,0.649814735147587,..
Djibouti,DJI,Renewable energy consumption (% of total final energy consumption),EG.FEC.RNEW.ZS,29.6,30.1,30.3,31.2,32.4,32.2,34,32,29.6,29.6,31.4,31.7,32.4,32.9,33.6,33.1,33,32.5,33.1,34.4,32.5,32,32.3,29.9,29.4,24.8,23.6,23.3,24.7,23.4,27.5,26.6,26.9,..,..
Djibouti,DJI,"Government expenditure on education, total (% of GDP)",SE.XPD.TOTL.GD.ZS,..,..,..,..,..,..,..,..,..,7.62947988510132,9.65999984741211,7.80542993545532,8.44760036468506,8.88984966278076,9.26467037200928,8.36588954925537,8.27877998352051,8.40625,..,..,4.49022006988525,..,6.35127544403076,4.64782524108887,4.38407516479492,3.59894990921021,3.92226004600525,3.73344993591309,3.75143003463745,..,..,..,..,..,..
Djibouti,DJI,Current health expenditure per capita (current US$),SH.XPD.CHEX.PC.CD,..,..,..,..,..,..,..,..,..,..,35.48954773,33.61427689,39.49966431,46.27521896,40.04951477,45.12551498,53.26344299,55.18254471,55.90976715,56.92132568,55.7044487,61.89852524,64.8536911,60.57233047,65.53726196,79.54257965,68.82740021,64.65093994,68.46080017,68.27401733,66.92816925,87.16930389,81.80969238,..,..
Djibouti,DJI,Individuals using the Internet (% of population),IT.NET.USER.ZS,0,..,..,..,..,0.016,0.0312,0.0829,0.0947,0.106,0.195,0.344,0.487,0.626,0.781,0.954,1.27,1.62,2.26,4,6.5,7,9.4,12.7,17,22.9,30.8,55.7,57.1,58.5,59.9,61.4,63.3,65,..
Djibouti,DJI,"GNI, PPP (constant 2021 international $)",NY.GNP.MKTP.PP.KD,..,..,..,..,..,..,..,..,..,..,..,..,..,..,..,..,..,..,..,..,..,..,..,4398136384.34644,4791082302.7803,5199101619.63982,5475315141.18091,5676958890.37033,5925293249.0154,6105962128.85859,6182494006.43857,6552815392.26962,7037477118.10471,7236497706.30068,..
Dominica,DMA,GDP per capita (constant 2015 US$),NY.GDP.PCAP.KD,5019.22928541831,5111.17472955732,5212.72047871724,5317.10554430161,5315.57046066221,5477.30878812707,5652.13588872614,5784.92174395749,6018.45615395774,6062.04155443161,6236.41530652291,6252.78620148137,6068.93653642148,6439.05826661346,6624.08831564742,6659.28779703005,6962.28124307129,7400.18344311927,7926.34888778889,7832.50550012373,7885.76218710203,7846.02849210952,7755.63860249569,7612.33600928235,7899.649940693,7679.83293618857,7983.23571599345,7575.63365328777,7881.43631947783,8351.12522914571,6996.13658633828,7519.49355098053,7984.01911049722,8399.96601368496,..
Dominica,DMA,Gini index,SI.POV.GINI,..,..,..,..,..,..,..,..,..,..,..,..,..,..,..,..,..,..,..,..,..,..,..,..,..,..,..,..,..,..,..,..,..,..,..
Dominica,DMA,"Unemployment, total (% of total labor force) (modeled ILO estimate)",SL.UEM.TOTL.ZS,..,..,..,..,..,..,..,..,..,..,..,..,..,..,..,..,..,..,..,..,..,..,..,..,..,..,..,..,..,..,..,..,..,..,..
Dominica,DMA,Carbon dioxide (CO2) emissions excluding LULUCF per capita (t CO2e/capita),EN.GHG.CO2.PC.CE.AR5,0.305915808522556,0.308820133918264,0.311575910566174,0.5588120922328,0.736934525094636,0.84786019663447,0.930701628007492,0.90766100520931,0.522249869799201,0.898794830840714,0.808629271211922,0.817127460168697,0.741585852823731,0.8404955421634,0.89586155661408,0.88020484767364,0.93305816353225,1.11551701599198,1.06892845731548,1.0891031598513,1.12258383072656,0.861656988110582,0.785613009635695,0.859212508068565,0.950648686285933,1.02826303081949,1.11628307904491,1.01027797243635,1.09865931293455,1.2389510901591,1.01223861601527,1.12347846790274,1.13428904917248,1.20132310930687,..
Dominica,DMA,Renewable energy consumption (% of total final energy consumption),EG.FEC.RNEW.ZS,14.6,14.5,14.5,13.4,13.1,15.7,20.9,15.5,15,14.1,11.1,9.4,13.6,10.6,11.4,10,9.8,7.8,8,7.5,10.3,13.8,11.3,11.4,9.9,8.7,10.7,9.7,7.9,7.6,8.6,8.8,8.9,..,..
Dominica,DMA,"Government expenditure on education, total (% of GDP)",SE.XPD.TOTL.GD.ZS,..,..,..,..,..,..,..,..,5.73984003067017,4.02858018875122,..,..,..,..,..,..,..,..,..,..,..,..,4.39310455322266,4.46448278427124,4.52459239959717,3.40711998939514,5.12971973419189,4.76675081253052,5.15360450744629,5.53449010848999,4.69630002975464,5.46584510803223,6.04314231872559,4.65674114227295,..
Dominica,DMA,Current health expenditure per capita (current US$),SH.XPD.CHEX.PC.CD,..,..,..,..,..,..,..,..,..,..,259.0213623,231.52333069,226.86923218,242.78863525,253.70576477,263.66098022,271.24331665,293.30905151,336.0015564,354.04888916,369.75668335,387.11709595,407.42053223,382.10519409,389.05343628,396.23742676,424.15756226,415.87072754,503.34179688,465.63766479,457.01919556,521.84313965,574.41748047,..,..
Dominica,DMA,Individuals using the Internet (% of population),IT.NET.USER.ZS,0,..,..,..,..,0.549,1.17,..,2.93,2.93,8.81,13.2,18.4,23.6,30.3,38.5,39.4,40.3,41.2,42,47.5,48.6,49.8,51,57.5,65,67,69.6,..,73.4,75.7,82.7,83.3,83.8,..
Dominica,DMA,"GNI, PPP (constant 2021 international $)",NY.GNP.MKTP.PP.KD,..,..,..,..,..,..,..,..,..,..,..,..,..,..,..,..,..,..,..,..,..,..,..,..,..,..,..,..,..,..,..,1048917815.03922,..,..,..
Dominican Republic,DOM,GDP per capita (constant 2015 US$),NY.GDP.PCAP.KD,2794.13532520508,2763.06618803822,3012.19400765024,3171.38808963786,3192.01963139506,3310.88002146896,3445.55862127293,3686.90570539629,3869.93979841817,4033.87604517725,4154.06265527713,4189.80766076945,4312.88294593947,4194.01788130909,4243.09468795653,4582.67384283375,4940.89563402297,5243.05707628193,5344.93067784953,5327.53279165634,5698.41429685183,5802.84238987035,5886.66561521702,6098.90503670225,6451.88289713534,6819.93225155181,7193.70124923098,7447.94340728752,7882.85726898612,8195.9832061503,7565.84276444044,8406.36934183752,8730.59334982646,8857.40278693789,..
Dominican Republic,DOM,Gini index,SI.POV.GINI,..,..,51.1,..,..,..,47.4,48.9,..,..,51.5,50,49.7,52.1,52,50,52,48.9,48.1,48.9,47.3,47.7,46.1,47.7,44.3,45.2,45.7,42.2,43.7,41.9,39.6,38.5,37,..,..
Dominican Republic,DOM,"Unemployment, total (% of total labor force) (modeled ILO estimate)",SL.UEM.TOTL.ZS,..,6.907,6.7,6.331,6.29,6.45,6.496,6.324,6.301,6.308,6.432,7.262,6.779,6.938,6.303,6.587,5.654,5.158,4.764,5.467,5.212,6.087,6.722,7.351,6.719,7.605,7.284,5.832,5.861,6.356,6.126,7.702,5.504,5.555,5.473
Dominican Republic,DOM,Carbon dioxide (CO2) emissions excluding LULUCF per capita (t CO2e/capita),EN.GHG.CO2.PC.CE.AR5,1.1252570559822,1.15428351776399,1.31286124664551,1.27142122031367,1.4575104621805,1.52081961279723,1.6065318426958,1.79626374986879,2.02028503692138,2.15501441593671,2.21432657012485,2.19492876549993,2.37388636880968,2.09249472753552,1.91341094435826,2.03643693887741,2.20260110523474,2.19426294817346,2.16381684987042,2.04580277073396,2.1303795502626,2.12358785841528,2.17248332764174,2.10683263106233,2.10302371337657,2.28736858074052,2.35654314154574,2.22925377264857,2.3762450434996,2.61836675327975,2.44363798224976,2.66699006677409,2.63956033505913,2.7667519910619,..
Dominican Republic,DOM,Renewable energy consumption (% of total final energy consumption),EG.FEC.RNEW.ZS,28,28.2,25.4,26.9,24.4,22.3,20.3,18.2,20.4,19.9,19.1,18.9,17.9,18.9,20.7,19.4,18,17.9,17.7,17.3,16.9,16.8,16.5,16.6,17.3,14.9,15.3,16.9,15.9,14.4,16,14.8,..,..,..
Dominican Republic,DOM,"Government expenditure on education, total (% of GDP)",SE.XPD.TOTL.GD.ZS,..,..,..,0.773949980735779,0.893369972705841,1.0333000421524,1.22724997997284,..,..,..,1.88829004764557,1.96782994270325,1.9140100479126,1.84465003013611,..,..,..,2.04678988456726,..,..,1.88728785514832,1.87925755977631,..,3.62818145751953,3.62243437767029,3.6040027141571,3.85049557685852,3.9202675819397,3.91821074485779,4.04276895523071,4.51769828796387,3.74731349945068,3.94027137756348,..,..
Dominican Republic,DOM,Current health expenditure per capita (current US$),SH.XPD.CHEX.PC.CD,..,..,..,..,..,..,..,..,..,..,138.29624939,143.32540894,152.86595154,104.59856415,105.12216187,168.85827637,161.94844055,190.14048767,229.29747009,237.11128235,270.03961182,293.95123291,304.23754883,302.28512573,312.44223022,322.04864502,328.36526489,336.98895264,327.39859009,346.12109375,353.79364014,416.68310547,462.26287842,..,..
Dominican Republic,DOM,Individuals using the Internet (% of population),IT.NET.USER.ZS,0,..,..,..,..,0.0172,0.075,0.143,0.234,1.1,3.7,4.43,6.82,7.9,8.87,11.5,14.8,17.7,20.8,27.7,31.4,38,42.3,45.9,49.6,54.2,63.9,67.6,74.8,79.7,81.6,85.2,81.5,84.6,..
Dominican Republic,DOM,"GNI, PPP (constant 2021 international $)",NY.GNP.MKTP.PP.KD,49636050426.2327,50366076836.1651,55969689428.8599,59104386325.3494,61045015027.3862,64519294860.1239,68875597947.0687,74962398333.8068,79805859285.0843,84319044601.0638,88424381226.0709,90577082352.7542,94702654184.6177,91127854618.0929,91792490740.5948,103795139933.325,113867132169.167,122238161589.145,128029985270.772,129191844357.805,139993988550.445,144016673168.25,147806886307.72,153795414106.29,164477203236.435,176957891090.928,188304054371.479,196254827276.76,210982388330.608,220969635938.133,206007711148.746,231557784783.516,245666505128.811,249591828885.276,..
Ecuador,ECU,GDP per capita (constant 2015 US$),NY.GDP.PCAP.KD,3919.71758067093,4000.56819787678,4000.03146191686,3996.99377481811,4087.34069011974,4100.68735341031,4093.84154476335,4192.85523208483,4252.04348649475,3979.19293611513,3953.39879728357,4049.0001889951,4174.89793579965,4220.21298466638,4430.23717984188,4589.32849203452,4706.98056823816,4715.30359842555,4939.90215021789,4909.33681705683,5022.20374387205,5359.45724615639,5579.85624282158,5893.32172683036,6055.04172761485,5976.1596805651,5849.13587933672,6104.27253521751,6063.09567428953,5971.38938386723,5355.68933100132,5836.16760887012,6148.02265521212,6238.15868442687,..
Ecuador,ECU,Gini index,SI.POV.GINI,..,..,..,..,53.3,50.8,..,..,49.6,58.6,56.3,..,..,53.5,53.9,53,52.2,53.4,49.8,48.5,48.8,45.9,46.1,46.9,45,46,45,44.7,45.4,45.7,47.3,45.8,45.5,44.6,..
Ecuador,ECU,"Unemployment, total (% of total labor force) (modeled ILO estimate)",SL.UEM.TOTL.ZS,..,4.385,4.346,4.415,4.419,4.417,4.43,4.431,4.395,4.658,4.8,4.252,4.836,5.662,5.002,3.779,3.55,3.142,3.917,4.608,4.088,3.458,3.235,3.083,3.48,3.616,4.597,3.836,3.53,3.812,6.127,4.552,3.761,3.51,4.773
Ecuador,ECU,Carbon dioxide (CO2) emissions excluding LULUCF per capita (t CO2e/capita),EN.GHG.CO2.PC.CE.AR5,1.67602139192239,1.64369046884898,1.69543302695083,1.62083162023813,1.66645899644545,1.79472627357165,2.02923558223513,2.07608148430317,2.00036176095306,1.73976879581454,1.73712208628341,1.88285876719692,1.84923330506013,1.85733111402027,1.92717144714988,2.03933031844273,2.14623163734598,2.152284776931,2.18674842379543,2.33877024035013,2.47893188792371,2.46292189199599,2.43528946531234,2.55258893329642,2.6530883078921,2.59821808686404,2.48237230840649,2.37262775858901,2.42655713961198,2.35444928238553,2.03535664549288,2.25588597600763,2.37098542479234,2.52102284511145,..
Ecuador,ECU,Renewable energy consumption (% of total final energy consumption),EG.FEC.RNEW.ZS,24.2,24.2,20.8,21.6,20.9,20.4,19.3,16.6,18.2,19.6,19.4,17.1,17.1,16.6,16.7,16.2,14.2,15.9,15.3,12.9,11.8,13.2,13.2,11.8,12.2,13.1,14.8,17,16.3,17.7,20.2,18.9,..,..,..
Ecuador,ECU,"Government expenditure on education, total (% of GDP)",SE.XPD.TOTL.GD.ZS,..,..,..,..,..,1.99764001369476,..,..,2.19536995887756,1.54734003543854,1.20265996456146,..,..,..,..,..,..,..,..,4.51763010025024,4.60028982162476,4.74424982070923,4.65310001373291,4.92997980117798,5.21020984649658,5.10570001602173,4.36274814605713,4.6142578125,4.62145519256592,4.2457799911499,4.26103019714355,3.64776992797852,3.59897994995117,3.89365005493164,..
Ecuador,ECU,Current health expenditure per capita (current US$),SH.XPD.CHEX.PC.CD,..,..,..,..,..,..,..,..,..,..,48.11405182,71.16015625,97.25205231,132.01766968,149.75236511,167.79144287,189.59565735,193.33273315,231.62229919,244.5753479,287.00466919,340.40786743,387.54577637,414.12683105,433.41845703,464.22186279,449.03869629,469.04544067,493.73196411,484.47195435,473.01956177,498.60794067,492.83575439,..,..
Ecuador,ECU,Individuals using the Internet (% of population),IT.NET.USER.ZS,0,..,0.00512,0.0164,0.0348,0.0438,0.0862,0.11,0.125,0.823,1.46,2.67,4.26,4.46,4.83,5.99,7.2,10.8,18.8,24.6,29,31.4,35.1,40.3,45.6,48.9,54.1,55.8,57.5,59.2,70.7,69.1,69.7,72.7,77.2
Ecuador,ECU,"GNI, PPP (constant 2021 international $)",NY.GNP.MKTP.PP.KD,85684309066.0842,91037172207.066,94642025582.0424,97880677972.5254,102571716840.27,105363569622.004,106759490639.335,111933242417.453,114956322167.883,106146094678.501,106403962308.642,114893647854.129,121895893519.739,125044725991.891,133181002911.28,141181801736.772,147865290569.163,150581374559.015,163032714905.224,165353406448.607,172992447312.283,187477899175.176,198609530486.924,213041650632.876,221823055246.189,221592975355.056,219704931096.911,231952016498.666,233394485761.19,233359284282.765,210511723235.305,235557629070.291,250070844252.651,254471903918.497,..
"Egypt, Arab Rep.",EGY,GDP per capita (constant 2015 US$),NY.GDP.PCAP.KD,1972.13789303215,1940.10019358455,1979.02010131221,1989.9792002068,2024.95373805139,2074.8399114013,2133.64804177125,2204.66575942323,2277.28504834543,2361.86425101237,2458.60835003016,2492.03441188721,2498.48121191713,2524.80477192682,2574.42341789124,2635.70305227819,2761.62410769792,2902.06559804963,3052.21297844721,3135.09661303014,3233.84521246786,3222.37650111856,3220.99194203067,3216.3783902629,3235.66246235257,3306.98159414141,3381.22246306207,3452.90961245539,3568.63966286161,3701.2446345188,3770.86947867421,3837.31992324447,4029.78295457978,4111.24924442966,..
"Egypt, Arab Rep.",EGY,Gini index,SI.POV.GINI,32,..,..,..,..,30.1,..,..,..,30.8,..,..,..,..,31.8,..,..,..,31.1,..,30.2,..,28.3,..,..,31.8,..,31.5,..,31.9,..,..,..,..,..
"Egypt, Arab Rep.",EGY,"Unemployment, total (% of total labor force) (modeled ILO estimate)",SL.UEM.TOTL.ZS,..,9.38,8.92,10.92,10.93,11.04,9,8.37,8.03,7.95,8.98,9.26,10.01,10.91,10.32,11.049,10.49,8.8,8.517,9.087,8.757,11.849,12.597,13.154,13.105,13.052,12.45,11.767,9.855,7.851,7.974,7.441,7.344,7.334,7.198
"Egypt, Arab Rep.",EGY,Carbon dioxide (CO2) emissions excluding LULUCF per capita (t CO2e/capita),EN.GHG.CO2.PC.CE.AR5,1.5668869728038,1.56047584803058,1.58496997267108,1.55419282515594,1.45013527059696,1.51900254646341,1.59513671053049,1.66259691774606,1.71740410167128,1.80930752126153,1.75019912898276,1.89142615266358,1.90135284453705,1.89908236423599,2.01835255318921,2.19951900965369,2.28380507408168,2.39630690624788,2.35271293801234,2.40378248470691,2.37393749805485,2.40778169498073,2.50041645645263,2.39935251338005,2.38999504699409,2.40360330097966,2.46050874385453,2.52735357140918,2.42779916908157,2.2041556418083,2.06914095436602,2.25075012837405,2.19467715046185,2.17689107644029,..
"Egypt, Arab Rep.",EGY,Renewable energy consumption (% of total final energy consumption),EG.FEC.RNEW.ZS,9,9.3,9.1,9.2,10,9.4,9,8.6,8.5,8.8,8.3,7.8,7.3,7.4,7.6,6.5,6.2,6,5.9,5.7,5.4,5.4,5.3,5.3,5.4,5.3,5.1,4.9,5,6.2,6.7,6.1,..,..,..
"Egypt, Arab Rep.",EGY,"Government expenditure on education, total (% of GDP)",SE.XPD.TOTL.GD.ZS,..,..,4.05067014694214,4.19770002365112,4.58375978469849,4.60400009155273,4.67156982421875,..,..,..,..,..,4.7958836555481,4.94563007354736,4.67072010040283,4.79442977905273,4.00178003311157,3.68460988998413,3.76082992553711,3.6391909122467,3.54265189170837,3.3442964553833,3.36830472946167,4.12252616882324,4.25138568878174,3.93084812164307,..,..,..,..,..,..,..,..,..
"Egypt, Arab Rep.",EGY,Current health expenditure per capita (current US$),SH.XPD.CHEX.PC.CD,..,..,..,..,..,..,..,..,..,..,69.37174988,68.67334747,63.99928665,50.34780884,50.33084488,59.4683876,66.32707214,73.29454041,90.15769958,98.90396881,105.07817841,116.22949219,139.81625366,139.67245483,155.06480408,170.25532532,142.61845398,106.00288391,118.01481628,142.69670105,148.35269165,176.93664551,170.97909546,..,..
"Egypt, Arab Rep.",EGY,Individuals using the Internet (% of population),IT.NET.USER.ZS,0,..,..,0.000976,0.00638,0.0313,0.0615,0.0905,0.148,0.29,0.641,0.839,2.72,4.04,11.9,12.8,13.7,16,18,20,21.6,25.6,26.4,29.4,33.9,37.8,41.2,45,46.9,57.3,71.9,72.1,72.2,72.7,..
"Egypt, Arab Rep.",EGY,"GNI, PPP (constant 2021 international $)",NY.GNP.MKTP.PP.KD,455661749762.265,476026411530.649,496693340049.899,510827906243.123,530782542169.506,556173200041.575,584617806217.381,616805159081.84,653080634210.146,689627517441.072,732886625801.667,763756083893.78,774197885225.817,796912201714.13,828432672349.742,865292071618.671,931911527989.871,1002049194817.59,1072947919088.83,1114579175360.25,1147834420041.67,1160324702221.59,1189128908031.2,1211756047502.3,1249830975571.52,1313409849987.38,1375978267280.43,1426654640651.09,1494278546612.41,1559993489107.73,1624011078880.63,1678130810767.4,1781497939638.47,1828063378611.96,..
El Salvador,SLV,GDP per capita (constant 2015 US$),NY.GDP.PCAP.KD,2348.20460167761,2341.93382299132,2465.75989060719,2574.95134564317,2670.21278543567,2773.32529027549,2775.04629038695,2842.88487409077,2900.32064261101,2946.4330235012,2964.89346881406,2978.59734844669,3016.06307728602,3057.16467629097,3081.23629665234,3163.36118376833,3302.34817354347,3359.1623024135,3420.44927357444,3337.81150878211,3398.49346060363,3514.069144355,3601.44222914588,3665.1547327058,3713.94992016222,3790.34089108162,3875.84691357954,3954.84014277572,4046.16291720583,4143.11437097867,3808.53195436409,4247.54750394978,4349.40019721335,4481.19664108356,..
El Salvador,SLV,Gini index,SI.POV.GINI,..,53.8,..,..,..,49.8,51,..,54.4,52.1,51.5,51.3,51.9,50.4,47.8,48.5,45.7,45.2,46.9,45.8,43.5,42.3,41.8,43.4,41.6,40.6,40,38,38.6,38.8,..,39,38.8,..,..
El Salvador,SLV,"Unemployment, total (% of total labor force) (modeled ILO estimate)",SL.UEM.TOTL.ZS,..,7.53,7.88,9.94,7.68,7.65,7.68,7.98,7.1,7.3,6.96,6.96,6.2,6.9,6.8,7.22,6.57,6.41,5.88,7.33,4.893,4.297,3.843,3.693,4.154,3.998,4.418,4.385,4.006,4.17,5.008,4.327,2.999,2.992,2.839
El Salvador,SLV,Carbon dioxide (CO2) emissions excluding LULUCF per capita (t CO2e/capita),EN.GHG.CO2.PC.CE.AR5,0.480209551373533,0.601938789938703,0.666534302705399,0.714581400530075,0.820982515445486,0.890208848080684,0.786731265264106,0.957930581130066,0.997656603774227,0.984663250984968,0.97542369088493,1.01096503721477,1.0116207262482,1.09668941031064,1.13694821914473,1.17066167486294,1.23062436368344,1.29396468182762,1.17529456585071,1.13996064004323,1.10753530384136,1.15265248163134,1.14408384070919,1.07974814130164,1.10471356678736,1.1745279021734,1.18157334537479,1.06681657601239,1.14135374296984,1.30240852364023,1.06725725631481,1.2039102385601,1.26076398348555,1.32806645847676,..
El Salvador,SLV,Renewable energy consumption (% of total final energy consumption),EG.FEC.RNEW.ZS,67.1,64.7,61.7,59.3,57.2,54.7,56.9,53,51.7,51,33.5,33.1,34,33.9,33.3,34.1,34.8,28.2,31.5,32.2,32.6,29.5,30.3,27.5,24,21,20.7,25,23.2,19.4,23.7,21.9,..,..,..
El Salvador,SLV,"Government expenditure on education, total (% of GDP)",SE.XPD.TOTL.GD.ZS,..,..,..,..,..,..,..,..,2.54725003242493,2.56260991096497,2.83868002891541,..,3.242840051651,3.13467001914978,..,3.17785000801086,3.49298000335693,3.60984992980957,4.45810985565186,4.65950012207031,4.04807996749878,3.89854001998901,3.7124400138855,3.80149006843567,3.82416009902954,3.90987992286682,3.82523989677429,3.7252299785614,3.60575008392334,3.38710999488831,3.66088008880615,3.57766008377075,3.25634002685547,3.17218995094299,..
El Salvador,SLV,Current health expenditure per capita (current US$),SH.XPD.CHEX.PC.CD,..,..,..,..,..,..,..,..,..,..,155.52601624,162.30456543,166.81164551,171.59013367,185.83404541,225.17417908,231.73410034,239.99687195,253.45413208,257.19317627,270.69418335,295.64242554,301.03710938,324.28027344,315.23168945,331.96725464,339.97875977,338.60742188,348.18817139,380.53384399,357.78799438,470.14025879,501.24411011,..,..
El Salvador,SLV,Individuals using the Internet (% of population),IT.NET.USER.ZS,0,..,..,..,..,..,0.0864,0.257,0.425,0.845,1.18,1.5,1.9,2.5,3.2,4.2,5.5,6.11,10.1,12.1,15.9,18.9,20.3,23.1,24.8,26.8,29,33.8,43.8,50.5,54.6,61.8,65.5,67.7,..
El Salvador,SLV,"GNI, PPP (constant 2021 international $)",NY.GNP.MKTP.PP.KD,31309837639.6752,31922354163.3124,34397675599.5949,36387182014.9142,38269717372.0589,40290838970.0048,40532258481.6206,41495603305.7915,42640959755.5214,43075057356.1814,43754792860.8381,44125691706.5601,44626520368.4941,45010967602.8969,45361185792.9037,46558049868.7263,48912830288.0956,49857669613.5788,51262914929.8256,49661337790.0148,50877173998.7099,52750191849.5057,53689138937.6019,54619869001.4951,55529620715.7504,56764730474.2272,57871864176.6884,58944999178.4141,60341927682.5891,62228428001.7836,56966514993.3134,63692919937.2651,65324535302.7042,67435565483.0782,..
Equatorial Guinea,GNQ,GDP per capita (constant 2015 US$),NY.GDP.PCAP.KD,366.314404747023,349.352882285968,453.637813917068,485.392231712925,545.595470854948,617.294826128754,989.777266733629,2380.32106827232,2833.33184629343,3423.12126162912,3839.08642737128,5882.85050306586,6604.0054631081,7082.65489186921,9208.60566707162,10212.4545051498,10521.9996774827,11594.9172068456,13048.0703050168,12627.862381545,10984.3243932426,11203.9073679091,11650.7196270884,10731.6455729191,10363.4872473549,9068.91003238645,7971.83401904573,7259.10936454803,6578.90039765711,6018.12066321865,5575.26241511492,5487.92479201992,5524.24312418579,5118.21986148331,..
Equatorial Guinea,GNQ,Gini index,SI.POV.GINI,..,..,..,..,..,..,..,..,..,..,..,..,..,..,..,..,..,..,..,..,..,..,..,..,..,..,..,..,..,..,..,..,..,..,..
Equatorial Guinea,GNQ,"Unemployment, total (% of total labor force) (modeled ILO estimate)",SL.UEM.TOTL.ZS,..,7.25,7.45,7.594,7.699,7.738,7.792,7.832,7.886,7.954,7.955,8.032,8.09,8.11,8.03,8.008,7.924,7.877,7.831,7.939,8.07,8.045,7.957,7.86,7.845,7.95,7.962,8.004,7.967,8.064,8.781,8.976,8.455,8.367,7.823
Equatorial Guinea,GNQ,Carbon dioxide (CO2) emissions excluding LULUCF per capita (t CO2e/capita),EN.GHG.CO2.PC.CE.AR5,0.149913341233127,0.150543357909215,0.145075082718249,0.145654056522075,2.20253827221534,2.253423986108,2.3722307967083,3.13863182107756,3.66998506564568,3.85603419592515,3.90257636016432,4.80185000453432,4.02553019774249,4.23488728118491,6.97831022194269,6.75102679320686,6.44857387793926,6.88812444259124,6.0917632522844,4.82339546682892,4.8069734291493,4.79451779020562,4.32560768096682,4.25139167653382,4.08471612226645,3.71883517902943,3.57336561935995,3.12788819223808,2.89689202448371,2.7273157276145,2.603602280963,2.47795922869525,2.30723380897067,2.04422183119365,..
Equatorial Guinea,GNQ,Renewable energy consumption (% of total final energy consumption),EG.FEC.RNEW.ZS,84.7,83.8,83.9,81.3,80.6,78.7,73.5,63.6,58.2,54.6,45.9,46.1,31.3,29.5,7.2,7.1,7,8.5,7.2,9.2,5.7,5.6,4.4,3.7,4.9,5.5,4.8,5,4.8,7.4,6.5,5.2,4.2,..,..
Equatorial Guinea,GNQ,"Government expenditure on education, total (% of GDP)",SE.XPD.TOTL.GD.ZS,..,..,..,..,..,..,..,..,2.18797993659973,..,..,..,..,..,..,..,..,..,..,..,..,..,..,..,..,..,..,..,..,..,..,..,..,..,..
Equatorial Guinea,GNQ,Current health expenditure per capita (current US$),SH.XPD.CHEX.PC.CD,..,..,..,..,..,..,..,..,..,..,18.24036026,26.85599136,71.37155151,81.2088623,96.12361145,112.03458405,131.67703247,164.4467926,203.97105408,234.87966919,222.45153809,245.80303955,262.1546936,267.67111206,272.72619629,212.26531982,213.11793518,214.52722168,231.10166931,215.54243469,230.32144165,236.81486511,190.09381104,..,..
Equatorial Guinea,GNQ,Individuals using the Internet (% of population),IT.NET.USER.ZS,0,..,..,..,..,..,..,0.0415,0.0944,0.0974,0.132,0.165,0.321,0.521,0.844,1.15,1.28,1.56,1.82,2.13,6,11.5,13.9,16.4,18.9,21.3,23.8,26.2,..,49.1,55,58.7,59.3,60.4,..
Equatorial Guinea,GNQ,"GNI, PPP (constant 2021 international $)",NY.GNP.MKTP.PP.KD,..,..,..,..,..,..,..,..,..,..,..,..,..,..,..,17943401330.2765,23806361141.4412,28008225305.9366,28692744706.1029,30178430060.2307,23174054451.2809,25001503080.0358,27974653219.9617,28298742433.2269,28903669875.7998,30997686645.1919,29360272241.1342,26066451062.8814,24730144272.9339,22860426445.2933,22803939986.3751,22154736585.2791,19212028878.0951,..,..
Eritrea,ERI,GDP per capita (constant 2015 US$),NY.GDP.PCAP.KD,..,..,642.072233527209,705.988405158037,829.915037227268,806.702995328956,838.660572635214,895.033773452053,899.082974199102,886.053679218386,845.132430060544,893.268735439193,889.009113592982,830.379672282601,808.591420184592,809.794793468889,789.402432018085,789.072701743247,693.398874212494,702.430936480778,703.877374381654,751.374899794668,..,..,..,..,..,..,..,..,..,..,..,..,..
Eritrea,ERI,Gini index,SI.POV.GINI,..,..,..,..,..,..,..,..,..,..,..,..,..,..,..,..,..,..,..,..,..,..,..,..,..,..,..,..,..,..,..,..,..,..,..
Eritrea,ERI,"Unemployment, total (% of total labor force) (modeled ILO estimate)",SL.UEM.TOTL.ZS,..,5.097,5.256,5.33,5.385,5.266,5.215,5.328,5.441,5.553,5.608,5.678,5.708,5.679,5.569,5.579,5.566,5.575,5.524,5.583,5.675,5.614,5.501,5.423,5.43,5.541,5.554,5.577,5.511,5.552,6.088,6.177,5.695,5.586,5.553
Eritrea,ERI,Carbon dioxide (CO2) emissions excluding LULUCF per capita (t CO2e/capita),EN.GHG.CO2.PC.CE.AR5,0.161949135574351,0.197023189035467,0.272967641937614,0.36831777483478,0.402734708699185,0.41179755558156,0.430874095122116,0.399045598905273,0.293246389799392,0.306944205931001,0.298304740789068,0.318025465392835,0.303178717063007,0.28084492460212,0.276066819485476,0.227039153168759,0.200998556686845,0.193203466580539,0.164398523324884,0.166523251445262,0.175438834762898,0.205637180109289,0.208858250345408,0.193048309241598,0.192428662307406,0.185989838823833,0.191090466982729,0.186042997803099,0.205151655620842,0.207857924556369,0.204115674461325,0.212585402051172,0.195750219903697,0.19262964681203,..
Eritrea,ERI,Renewable energy consumption (% of total final energy consumption),EG.FEC.RNEW.ZS,..,..,89.9,83.6,80.1,77.9,76.4,77.6,75,76.1,76.8,74.8,74.7,75,69.8,74.7,77.3,79.1,81.4,81.7,80.9,77.1,78.4,79.7,80.5,81.2,81.4,81.6,80.8,80.6,80.9,80.7,..,..,..
Eritrea,ERI,"Government expenditure on education, total (% of GDP)",SE.XPD.TOTL.GD.ZS,..,..,..,..,..,..,1.63855004310608,..,4.62058019638062,5.26281023025513,..,4.04716014862061,3.52390003204346,..,3.14896988868713,..,2.12700009346008,..,..,..,..,..,..,..,..,..,..,..,..,..,..,..,..,..,..
Eritrea,ERI,Current health expenditure per capita (current US$),SH.XPD.CHEX.PC.CD,..,..,..,..,..,..,..,..,..,..,14.03034782,14.90675831,15.77544498,19.81480217,23.15624809,21.92651939,23.77408791,19.62666321,21.55065727,24.35102463,26.00652122,35.55129623,27.78689003,31.63773346,32.93447495,29.22208977,26.00592422,25.10270691,26.68201065,28.42930794,27.66241646,27.58759499,27.08350372,..,..
Eritrea,ERI,Individuals using the Internet (% of population),IT.NET.USER.ZS,0,..,..,0,0,0,0,0.00902,0.00877,0.0255,0.137,0.158,0.227,..,..,..,..,0.41,0.47,0.54,0.61,0.7,0.8,0.9,0.99,1.08,1.18,2.5,5.3,11.2,14.3,18.4,18.7,20,..
Eritrea,ERI,"GNI, PPP (constant 2021 international $)",NY.GNP.MKTP.PP.KD,..,..,..,..,..,..,..,..,..,..,..,..,..,..,..,..,..,..,..,..,..,..,..,..,..,..,..,..,..,..,..,..,..,..,..
Estonia,EST,GDP per capita (constant 2015 US$),NY.GDP.PCAP.KD,9341.22537547479,8637.20576020448,6934.17048877217,6706.55982946596,6738.99897153337,7170.94589348968,7637.25728925951,8732.99024390634,9199.93557043724,9133.895896578,10006.7692608845,10662.9454941852,11474.6621891541,12424.0440209385,13348.5275605242,14703.6175546553,16234.5146051178,17543.4654204,16688.996845909,14274.8506900643,14657.9387698819,15820.9215165125,16460.6838753207,16809.532320526,17413.6860003066,17722.1557669523,18264.9867328144,19270.8138248569,19914.3445867336,20579.875480866,19946.944991505,21351.394868,21080.6519716684,20123.422189306,..
Estonia,EST,Gini index,SI.POV.GINI,..,..,..,..,..,..,..,..,..,..,..,..,..,37.2,33.6,33.4,33.7,31.2,31.9,31.4,32,32.5,32.9,35.1,34.6,32.7,31.2,30.4,30.3,30.8,30.7,31.8,..,..,..
Estonia,EST,"Unemployment, total (% of total labor force) (modeled ILO estimate)",SL.UEM.TOTL.ZS,..,1.468,3.681,6.544,7.561,9.659,9.915,10.369,9.51,11.573,13.36,13.134,10.026,11.288,10.248,8.033,5.915,4.592,5.455,13.548,16.707,12.328,10.021,8.631,7.352,6.412,6.882,5.807,5.412,4.514,6.956,6.178,5.571,6.378,7.828
Estonia,EST,Carbon dioxide (CO2) emissions excluding LULUCF per capita (t CO2e/capita),EN.GHG.CO2.PC.CE.AR5,25.1623465594,23.0841457900205,17.0466723762647,14.2935545013546,15.0168818896776,13.9243537324051,14.8190088401053,14.6789469359466,13.4277094353017,12.3280517664525,12.4385730698612,12.7937526789927,12.3237756914489,13.8835794327069,14.2397710175773,14.3031868760495,13.8965407147259,16.6045588805681,15.05919571607,12.5973855670412,16.1910662986537,16.3273792618719,15.5164905617013,17.3857755366666,16.6755797633402,15.197577631866,15.1846419261432,16.1097295852994,16.9131535571345,11.0843486085592,8.63528395919737,9.24878205648373,9.33261172563091,8.34599492368747,..
Estonia,EST,Renewable energy consumption (% of total final energy consumption),EG.FEC.RNEW.ZS,3.5,3.6,5.9,6.6,11.1,17.9,20.1,20,17.9,20,19.8,18.9,19.3,19.9,20,18.9,17.2,18.6,20.5,24.2,25.3,25.2,25,24.5,25.3,28.2,27.2,27.5,28.6,31.3,40.4,38,..,..,..
Estonia,EST,"Government expenditure on education, total (% of GDP)",SE.XPD.TOTL.GD.ZS,..,..,5.28141021728516,5.69822978973389,5.49428987503052,5.89866018295288,6.0549201965332,6.33788013458252,6.23536014556885,6.65249013900757,5.33945989608765,5.22845983505249,5.43460988998413,5.27309989929199,4.87674999237061,4.81026983261108,5.85676240921021,4.61990976333618,5.48403978347778,5.96005010604858,5.51778984069824,5.01449012756348,4.71772003173828,4.84388017654419,4.39433002471924,5.14418983459473,5.15763998031616,4.96131992340088,5.23997020721436,5.26041984558105,5.52696990966797,5.2632098197937,..,..,..
Estonia,EST,Current health expenditure per capita (current US$),SH.XPD.CHEX.PC.CD,..,..,..,..,..,..,..,..,..,..,209.97769165,214.70417786,250.48020935,368.97955322,474.50796509,549.63024902,627.18377686,866.49945068,1082.15478516,1006.50708008,966.19024658,1061.1628418,1058.71960449,1194.86206055,1287.76123047,1156.20275879,1226.0859375,1350.12646484,1553.43347168,1599.3503418,1789.03417969,2091.15649414,1998.88549805,..,..
Estonia,EST,Individuals using the Internet (% of population),IT.NET.USER.ZS,0,..,0.0655,0.301,1.16,2.78,3.53,5.71,10.8,14.5,28.6,31.5,41.5,45.3,53.2,61.5,63.5,66.2,70.6,72.5,74.1,76.5,78.4,80,84.2,88.4,87.2,88.1,89.4,90.2,89.1,91,91.5,93.2,..
Estonia,EST,"GNI, PPP (constant 2021 international $)",NY.GNP.MKTP.PP.KD,..,..,..,..,..,..,..,..,..,..,23421981099.2869,24893007602.597,26983377425.1766,29366910181.1488,31700746234.9832,35476644990.1355,39311240421.3023,42499096631.0307,41729390574.2501,36880707293.1073,36758875754.5713,39873537364.9554,41621013218.4318,43400762630.3156,45058261634.0757,46185522095.5341,47897052987.221,50415356460.8553,52933794979.8758,55287480416.5832,52785435034.1098,57425388504.0257,56877175191.9244,..,..
Eswatini,SWZ,GDP per capita (constant 2015 US$),NY.GDP.PCAP.KD,2033.43213786875,1987.74992522957,1975.26202755719,1978.11226164136,2025.82170351005,2125.28547140934,2163.66818696594,2193.58543626071,2221.9722866781,2262.84213156876,2279.16365357531,2282.05736333109,2363.17915443936,2438.16987981592,2511.32070846495,2647.50508593652,2792.13843471862,2899.22020182905,2903.38102850651,2929.97720488048,3023.35956185278,3074.20267496598,3222.72150185206,3329.00880495832,3367.36337022137,3393.53367834668,3492.83223049081,3552.08584648306,3546.53861936884,3687.99051427485,3542.91502785498,3621.25805750801,3582.22100266559,3726.43642993545,..
Eswatini,SWZ,Gini index,SI.POV.GINI,..,..,..,..,58.6,..,..,..,..,..,53.1,..,..,..,..,..,..,..,..,51.4,..,..,..,..,..,..,54.6,..,..,..,..,..,..,..,..
Eswatini,SWZ,"Unemployment, total (% of total labor force) (modeled ILO estimate)",SL.UEM.TOTL.ZS,..,20.684,21.052,21.75,21.717,21.65,22.074,22.5,23.195,23.837,24.502,25.178,25.716,26.216,26.69,27.204,27.69,28.24,27.835,27.383,26.736,25.987,25.128,24.448,23.828,23.285,22.718,24.523,26.369,28.138,32.944,34.153,35.359,35.086,34.4
Eswatini,SWZ,Carbon dioxide (CO2) emissions excluding LULUCF per capita (t CO2e/capita),EN.GHG.CO2.PC.CE.AR5,1.26658016478151,1.19986038148447,0.967017731308352,0.843801926866382,1.50224667734748,1.46017293311336,1.1463457262328,1.14818181366632,1.15529498760853,1.2269325618802,1.05337550676292,1.05749982874497,1.02101013647763,0.940939345645449,0.925398752654546,0.917219482086556,0.920294051470073,0.946085330130512,0.9223279309274,0.949280325891528,0.769216929789052,0.732488663333432,0.721084331453211,0.851511960282834,0.86447317123398,0.893059494422972,0.974939691537329,0.958387836245192,0.949672734614335,0.994851992670404,0.968367500077553,1.03249397269833,1.10967358729101,1.12977913151175,..
Eswatini,SWZ,Renewable energy consumption (% of total final energy consumption),EG.FEC.RNEW.ZS,62.2,61.8,63.2,62.2,55.3,54.6,63,55,56.8,56,60.1,60.9,63.6,66.5,66.6,67,66.8,66.9,67.8,66.7,68.5,69.3,68.8,66.1,68.3,68.8,64.3,65.3,65.7,64.4,63.7,65.4,64.7,..,..
Eswatini,SWZ,"Government expenditure on education, total (% of GDP)",SE.XPD.TOTL.GD.ZS,5.48457002639771,..,..,..,5.14028978347778,5.6531400680542,4.93815994262695,..,..,5.09095001220703,5.50848007202148,4.83824014663696,4.44086980819702,5.81677007675171,5.40160989761353,6.48462009429932,6.55475997924805,..,6.61812019348145,6.47135019302368,6.11837005615234,6.86432981491089,5.5932822227478,5.08461046218872,7.07059001922607,5.35494709014893,5.43355321884155,6.17791414260864,5.73687362670898,5.69914817810059,5.36010456085205,5.28714895248413,5.69260597229004,6.31294202804565,..
Eswatini,SWZ,Current health expenditure per capita (current US$),SH.XPD.CHEX.PC.CD,..,..,..,..,..,..,..,..,..,..,76.93126678,75.41345978,74.66481781,131.40959167,175.89544678,217.26066589,237.50752258,252.24301147,265.72091675,279.68212891,343.04284668,365.25265503,340.03012085,303.40438843,282.43395996,250.71520996,226.41770935,265.50152588,292.33929443,320.05084229,236.25013733,296.82846069,283.88345337,..,..
Eswatini,SWZ,Individuals using the Internet (% of population),IT.NET.USER.ZS,0,..,..,..,..,0.00103,0.0504,0.0885,0.0961,0.471,0.926,1.28,1.82,2.44,3.23,3.7,3.7,4.1,6.85,8.94,11,18.1,20.8,24.7,25,25.6,28.6,35.3,39.4,43.9,49,54,57.5,57.6,..
Eswatini,SWZ,"GNI, PPP (constant 2021 international $)",NY.GNP.MKTP.PP.KD,..,..,..,..,..,..,..,..,..,..,..,..,..,..,..,..,..,..,..,..,..,..,..,..,..,..,..,..,..,..,..,10971294117.3878,..,..,..
Ethiopia,ETH,GDP per capita (constant 2015 US$),NY.GDP.PCAP.KD,277.768887497322,247.009335840842,216.292535524802,236.266715425068,235.4623750444,241.526301068537,262.724718922724,262.411339258283,245.504476745904,250.235771300167,257.412698845663,270.451435406907,266.316614456911,252.806674812797,278.648105685268,302.475022727211,325.543392093065,352.360703147014,379.238310448137,401.068729929541,438.78661648794,474.159034335211,500.919355284732,539.072451759433,578.632922927813,621.845673808133,662.32729587522,706.164227289541,734.227726626757,774.512169391667,799.47559497498,822.305881002002,843.643330424579,875.373675519289,..
Ethiopia,ETH,Gini index,SI.POV.GINI,..,..,..,..,..,44.6,..,..,..,30,..,..,..,..,29.8,..,..,..,..,..,33.2,..,..,..,..,35,..,..,..,..,..,..,..,..,..
Ethiopia,ETH,"Unemployment, total (% of total labor force) (modeled ILO estimate)",SL.UEM.TOTL.ZS,..,3.264,3.379,3.235,3.1,3.029,3.146,3.255,3.494,3.714,3.5,3.176,3.06,2.995,2.767,2.497,2.351,2.347,2.335,2.331,2.3,2.275,2.255,2.251,2.359,2.443,2.554,2.662,2.802,2.917,3.994,3.935,3.409,3.402,3.398
Ethiopia,ETH,Carbon dioxide (CO2) emissions excluding LULUCF per capita (t CO2e/capita),EN.GHG.CO2.PC.CE.AR5,0.0459170604847683,0.0435543451181621,0.0327015904945114,0.0401944624028822,0.0448845947497054,0.0491194109007656,0.0535888134781213,0.0542777464708269,0.0558917777363519,0.0534703399384969,0.0574976130925091,0.0688898283988481,0.0686921823988511,0.0712367641405539,0.0753195378915466,0.0698172341151246,0.0717800432174618,0.0763929511898438,0.0802175094946829,0.078468191101054,0.0759511029748069,0.0854450087316185,0.0938091405706714,0.106078143961823,0.122677398672668,0.130066165779965,0.150223726679251,0.144700548930717,0.15502002802098,0.162690735801413,0.14192508025153,0.141454885658249,0.131907277982926,0.129827339592365,..
Ethiopia,ETH,Renewable energy consumption (% of total final energy consumption),EG.FEC.RNEW.ZS,96.2,96.3,97.5,96.9,96.5,96.2,95.9,95.8,95.7,95.8,95.5,94.6,94.5,94.2,94.1,94.7,94.5,94.1,94.1,94.2,94.1,93.6,93.3,92.4,91.4,91.5,90.4,90.8,90,89.3,90.7,90.6,..,..,..
Ethiopia,ETH,"Government expenditure on education, total (% of GDP)",SE.XPD.TOTL.GD.ZS,..,..,..,2.29690003395081,..,..,2.70707988739014,2.69079995155334,..,..,3.88614988327026,3.7002899646759,3.63245010375977,..,..,..,5.49096012115479,5.45112991333008,5.40819978713989,4.42207002639771,4.49659013748169,5.48576021194458,5.56678009033203,4.82446432113647,4.79265069961548,5.15336132049561,5.06151390075684,5.49905061721802,5.22011184692383,4.48086929321289,4.09056520462036,4.06524896621704,3.73649501800537,..,..
Ethiopia,ETH,Current health expenditure per capita (current US$),SH.XPD.CHEX.PC.CD,..,..,..,..,..,..,..,..,..,..,5.28970861,5.50955105,5.14964151,5.70984173,5.7385993,6.4820013,8.42413712,11.63210678,13.03863621,15.1445961,16.17102051,14.62286568,20.00217628,19.26698494,21.6064415,23.21817207,24.34373283,24.18239403,23.5205574,25.93511963,28.28001595,26.06936646,27.0685215,..,..
Ethiopia,ETH,Individuals using the Internet (% of population),IT.NET.USER.ZS,0,..,..,..,..,1.75E-05,0.0017,0.00497,0.00966,0.0125,0.0153,0.0372,0.0724,0.106,0.155,0.22,0.311,0.37,0.45,0.54,0.75,1.1,2.9,4.6,7.7,13.9,15.4,15.6,15.9,16,16.1,16.7,..,..,..
Ethiopia,ETH,"GNI, PPP (constant 2021 international $)",NY.GNP.MKTP.PP.KD,..,..,..,..,..,..,..,..,..,..,..,..,..,..,..,..,..,..,..,..,..,138740354953.99,150731769303.61,166677262461.147,183680054416.708,202506705208.562,221764148905.166,242335482510.363,259249606394.151,280462347710.554,297567305913.969,314515157183.283,331482235399.133,353707279939.313,..
Faroe Islands,FRO,GDP per capita (constant 2015 US$),NY.GDP.PCAP.KD,..,..,..,..,..,..,..,..,..,..,..,..,..,..,..,..,..,..,44623.0315871975,42378.2165335393,42333.5215714088,43946.251738291,47303.8655939098,50120.7530887167,52644.7898999399,52635.0375463609,52757.3960429144,53828.8840634344,54431.4584195231,56026.2538863596,54295.461892057,56484.7026785639,57802.6938270898,58665.1367497255,..
Faroe Islands,FRO,Gini index,SI.POV.GINI,..,..,..,..,..,..,..,..,..,..,..,..,..,..,..,..,..,..,..,..,..,..,..,..,..,..,..,..,..,..,..,..,..,..,..
Faroe Islands,FRO,"Unemployment, total (% of total labor force) (modeled ILO estimate)",SL.UEM.TOTL.ZS,..,..,..,..,..,..,..,..,..,..,..,..,..,..,..,..,..,..,..,..,..,..,..,..,..,..,..,..,..,..,..,..,..,..,..
Faroe Islands,FRO,Carbon dioxide (CO2) emissions excluding LULUCF per capita (t CO2e/capita),EN.GHG.CO2.PC.CE.AR5,0.0335148722245496,0.0337225477384816,0.0338359379956436,0.034428592946442,0.0357989886785698,0.0366888328365054,0.0367140890316659,0.0385216741066371,0.038053453910552,0.0376556062552607,0.0393408226603138,0.0385976198134448,0.0380268300411957,0.0395569620253165,0.0392691798941799,0.0392894807584938,0.039308989345195,0.039274050188102,0.041197190351618,0.04099116640364,0.0411040549150174,0.0412005850483077,0.0414155846845168,0.0414542138208349,0.0412984224002643,0.0408989591214904,0.0404334465469837,0.0398549280618549,0.0392172242048708,0.0386137658075104,0.0399459778204714,0.0393885398105599,0.038923487544484,0.0385448404977791,..
Faroe Islands,FRO,Renewable energy consumption (% of total final energy consumption),EG.FEC.RNEW.ZS,2.5,2.7,3.1,3,3.1,3.2,2.7,3.3,3.1,2.8,2.8,2.6,3.4,3.1,3.4,3.8,4.3,4.5,4.5,5.1,3.4,5,4.7,4.5,6.5,7.5,6.3,6,5.9,5.4,5.3,5.1,7.9,..,..
Faroe Islands,FRO,"Government expenditure on education, total (% of GDP)",SE.XPD.TOTL.GD.ZS,..,..,..,..,..,..,..,..,..,..,..,..,..,..,..,..,..,..,..,..,..,..,..,..,..,..,..,..,..,..,..,..,..,..,..
Faroe Islands,FRO,Current health expenditure per capita (current US$),SH.XPD.CHEX.PC.CD,..,..,..,..,..,..,..,..,..,..,..,..,..,..,..,..,..,..,..,..,..,..,..,..,..,..,..,..,..,..,..,..,..,..,..
Faroe Islands,FRO,Individuals using the Internet (% of population),IT.NET.USER.ZS,0,..,..,..,..,0,2.32,4.6,11.3,22.3,32.9,43.2,53.3,58.9,66.5,67.9,69.4,76,75.6,75.2,75.2,80.7,85.3,90,93.3,94.2,95.1,97.6,..,..,..,..,..,..,..
Faroe Islands,FRO,"GNI, PPP (constant 2021 international $)",NY.GNP.MKTP.PP.KD,..,..,..,..,..,..,..,..,..,..,..,..,..,..,..,..,..,..,..,..,..,..,..,..,..,..,..,..,..,..,..,3737875780.99423,..,..,..
Fiji,FJI,GDP per capita (constant 2015 US$),NY.GDP.PCAP.KD,3414.95056285258,3295.72688644576,3471.43146864921,3522.842312516,3682.000171045,3755.26836957013,3910.82967084971,3785.46688313331,3787.48705593593,4073.37712428347,3960.88906732702,3998.79732825858,4086.10437826539,4087.72452798451,4264.59727631589,4255.45101270987,4295.40683633625,4223.448044469,4240.7726952272,4164.29318567542,4272.35918954633,4375.58089378139,4427.97848460232,4630.35130732961,4883.2430712014,5097.53108832569,5218.85826502641,5500.67845379668,5720.21451226628,5701.10441245577,4729.3813514501,4489.96065328578,5362.78686266554,5736.82889741943,..
Fiji,FJI,Gini index,SI.POV.GINI,..,..,..,..,..,..,..,..,..,..,..,..,38.1,..,..,..,..,..,40.4,..,..,..,..,36.7,..,..,..,..,..,30.7,..,..,..,..,..
Fiji,FJI,"Unemployment, total (% of total labor force) (modeled ILO estimate)",SL.UEM.TOTL.ZS,..,4.633,4.653,4.702,4.611,4.66,4.633,4.728,4.747,4.702,4.7,4.695,4.769,4.738,4.7,3.886,3.958,4.106,4.185,4.305,4.343,4.406,4.375,4.357,4.325,4.291,4.319,4.324,4.335,4.373,4.649,4.701,4.446,4.322,4.307
Fiji,FJI,Carbon dioxide (CO2) emissions excluding LULUCF per capita (t CO2e/capita),EN.GHG.CO2.PC.CE.AR5,1.31252941876283,1.14332474835055,1.27396077652398,1.37100518871565,1.42607115760389,1.40683020634845,1.46555874738271,1.49814255934021,1.46693616845321,1.55392701375765,1.73692991750594,1.86217920046705,1.52392229348207,1.75588662404795,2.26289677320481,1.96106208329981,2.08936784352485,1.91973554072477,1.42926879485144,1.17157661873001,1.86276868123359,1.36343373249842,1.31640212565498,1.49778687665875,1.69902515843219,1.75967636934479,1.73178729413403,1.90452556111015,2.01170980614492,2.09651557166419,2.11462102839131,2.2123657292211,2.32602656886609,2.39194065866287,..
Fiji,FJI,Renewable energy consumption (% of total final energy consumption),EG.FEC.RNEW.ZS,57.1,55.5,56.2,57.6,61.9,58.4,57.3,51.6,45.4,54.2,50.1,40.4,49,40.8,35.7,40,39.1,36,42.1,41.6,28,33.4,33.3,32.8,33.2,32.7,27.7,28.6,25.8,26.5,31.8,29.7,28.4,..,..
Fiji,FJI,"Government expenditure on education, total (% of GDP)",SE.XPD.TOTL.GD.ZS,..,..,..,..,..,..,..,..,5.52470016479492,5.16864013671875,5.87773990631104,5.6431097984314,6.27586984634399,..,6.20915985107422,5.16705989837646,5.6553201675415,5.89472007751465,4.25357007980347,4.49847984313965,..,4.17305994033813,4.46150588989258,4.35139417648315,3.76960921287537,4.80931758880615,4.83590269088745,4.65119171142578,4.79706048965454,5.15273189544678,5.80519533157349,4.85268640518188,3.93839550018311,4.24679803848267,..
Fiji,FJI,Current health expenditure per capita (current US$),SH.XPD.CHEX.PC.CD,..,..,..,..,..,..,..,..,..,..,74.28569794,61.49855804,69.40512085,86.09690094,110.06819153,120.21074677,126.38617706,140.30192566,134.50354004,121.05646515,127.65603638,140.93704224,153.56562805,158.51806641,178.31169128,169.47518921,175.91635132,185.69645691,249.86022949,254.83047485,256.25967407,331.58413696,217.15068054,212.88697815,..
Fiji,FJI,Individuals using the Internet (% of population),IT.NET.USER.ZS,0,..,..,0.00668,0.00791,0.00912,0.0644,0.223,0.633,0.942,1.5,1.86,6.15,6.73,7.41,8.45,9.6,10.9,13,17,20,28,33.7,35.2,37.4,42.5,49.4,53.6,58.2,63.2,68.6,74.5,78.2,79.3,..
Fiji,FJI,"GNI, PPP (constant 2021 international $)",NY.GNP.MKTP.PP.KD,..,..,..,..,..,..,..,..,..,..,..,..,..,..,..,..,..,..,..,..,..,..,..,..,..,..,..,..,..,..,..,9225707477.04189,..,..,..
Finland,FIN,GDP per capita (constant 2015 US$),NY.GDP.PCAP.KD,31291.522300093,29290.9774397767,28162.3513542459,27807.8614785575,28785.9195252864,29890.5243391864,30883.8348645249,32762.1180296735,34457.4556217234,35886.4949641177,37872.6021506974,38784.1309690781,39343.0700057835,40038.983975519,41521.9628659913,42529.3507188339,44069.3958954602,46213.6899168625,46359.8732961912,42412.5134851925,43556.5386411304,44391.4537002772,43507.9345996826,42883.6385589185,42502.4881250833,42560.3456767103,43529.676196739,44862.2204947012,45337.2411058586,45898.5709888883,44690.9801797392,45818.0762904738,46356.2256378669,45588.5130643088,..
Finland,FIN,Gini index,SI.POV.GINI,..,22.9,..,..,..,23.5,..,..,..,..,27.2,..,..,27.7,27.9,27.6,28,28.3,27.8,27.5,27.7,27.6,27.1,27.2,26.8,27.1,27.1,27.4,27.3,27.7,27.1,27.7,..,..,..
Finland,FIN,"Unemployment, total (% of total labor force) (modeled ILO estimate)",SL.UEM.TOTL.ZS,..,6.503,11.595,16.201,16.426,17.005,15.572,14.967,13.214,11.693,11.134,10.29,10.423,10.469,10.358,9.602,8.935,6.854,6.369,8.249,8.394,7.781,7.689,8.193,8.663,9.376,8.818,8.64,7.361,6.695,7.759,7.617,6.719,7.151,8.26
Finland,FIN,Carbon dioxide (CO2) emissions excluding LULUCF per capita (t CO2e/capita),EN.GHG.CO2.PC.CE.AR5,11.2748978176977,11.3501896787628,10.7279424481435,10.9276974574095,12.2025425615816,11.5018432629376,12.6711825551124,12.2067342628703,11.5531431272507,11.4015674069795,11.1133843320469,12.2535470261418,12.6373159394362,14.2125457556799,13.474958360207,11.101760242283,13.2636242591528,12.8697492020754,11.2590264725085,10.690556111957,12.2763711947305,10.8044100223597,9.663904738315,9.80464690754062,9.05196216725332,8.38958662703067,8.88094796592654,8.36441721400076,8.60023297872823,7.99415967021189,7.13709975670684,7.1171772257692,6.50702128433115,5.77890657641212,..
Finland,FIN,Renewable energy consumption (% of total final energy consumption),EG.FEC.RNEW.ZS,24.5,24,25.1,26,25.1,27.3,26.9,28.8,30.5,30.2,31.7,29.2,29.5,28.4,31.1,31.5,31.2,31.8,34.6,32.5,33.4,35.1,38.7,38.5,41.2,43.2,42.4,44.4,44.2,45.4,47.3,50.2,..,..,..
Finland,FIN,"Government expenditure on education, total (% of GDP)",SE.XPD.TOTL.GD.ZS,5.33890008926392,6.33748006820679,6.52050018310547,7.48716020584106,6.85706996917725,6.80990982055664,6.85898017883301,..,..,5.86992979049683,5.70930004119873,5.84025001525879,6.01677989959717,6.16743993759155,6.15757989883423,6.02507019042969,5.92838001251221,5.67125988006592,5.83010005950928,6.45955991744995,6.50444984436035,6.44504976272583,7.14803981781006,7.12404012680054,7.10236978530884,7.03208017349243,6.85153007507324,6.36311006546021,6.27557992935181,6.41695022583008,6.6349401473999,6.53825998306274,..,..,..
Finland,FIN,Current health expenditure per capita (current US$),SH.XPD.CHEX.PC.CD,..,..,..,..,..,..,..,..,..,..,1726.74438477,1810.40380859,2059.3269043,2613.84570313,3044.12109375,3236.85839844,3414.94140625,3918.64453125,4486.33789063,4349.89501953,4251.52880859,4717.5078125,4573.19726563,4892.03369141,4922.4296875,4128.20751953,4108.73974609,4235.75488281,4521.27636719,4459.9296875,4736.21435547,5261.90966797,4902.0390625,..,..
Finland,FIN,Individuals using the Internet (% of population),IT.NET.USER.ZS,0.401,1.4,1.89,2.57,4.92,13.9,16.8,19.5,25.5,32.3,37.2,43.1,62.4,69.2,72.4,74.5,79.7,80.8,83.7,82.5,86.9,88.7,89.9,91.5,86.5,86.4,87.7,87.5,88.9,89.6,92.2,92.8,93,93.5,..
Finland,FIN,"GNI, PPP (constant 2021 international $)",NY.GNP.MKTP.PP.KD,..,..,..,..,..,197813050218.046,203925334906.745,219228770835.764,232737439210.456,243362942687.895,254469080797.993,262905178357.074,266476816481.856,266306187876.814,278266062562.524,282118020970.228,291421467011.312,304202986798.26,302934577819.149,281978902626.235,289612888786.603,292218964343.87,287288557759.06,285631296504.223,287741701275.638,292613493045.011,299079052625.903,306817650330.708,312223194695.747,315727617692.836,313532709438.902,322034713024.911,321369082577.654,311516244641.808,..
France,FRA,GDP per capita (constant 2015 US$),NY.GDP.PCAP.KD,27992.9751563018,28197.235956819,28482.5194710025,28257.0962436413,28822.5006563247,29379.6158447459,29683.7786060864,30325.5228742678,31256.5073871178,32152.7207413244,33255.1379678188,33640.6738010628,33753.5782919683,33840.6175643619,34557.1471190953,34946.0372441472,35645.416247825,36322.1685116781,36257.3658869458,35052.8510836822,35578.1967958814,36269.9561589984,36161.2918334209,36256.0866889623,36444.3949135827,36702.4323733379,36920.5342871045,37580.5979319486,38062.4435971517,38705.2072997191,35709.204585868,38030.8571728494,38881.2230653186,39117.4845009362,..
France,FRA,Gini index,SI.POV.GINI,32.1,..,..,..,..,..,32,31.9,31.7,32.5,32.6,32.5,31.8,31.4,30.6,29.8,29.7,32.4,33,32.7,33.7,33.3,33.1,32.5,32.3,32.7,31.9,31.6,32.4,31.2,30.7,31.5,..,..,..
France,FRA,"Unemployment, total (% of total labor force) (modeled ILO estimate)",SL.UEM.TOTL.ZS,..,9.134,10.203,11.32,12.593,11.834,12.367,12.566,12.074,11.981,10.218,8.61,8.702,8.306,8.914,8.882,8.832,8.008,7.386,9.122,9.279,9.228,9.841,9.913,10.273,10.354,10.057,9.409,9.018,8.415,8.009,7.874,7.308,7.335,7.37
France,FRA,Carbon dioxide (CO2) emissions excluding LULUCF per capita (t CO2e/capita),EN.GHG.CO2.PC.CE.AR5,6.61286144497456,7.00779458472027,6.74514938709102,6.38347291937035,6.28748523195073,6.41661734795351,6.63953130629283,6.47801281435356,6.81951545857163,6.68018071340666,6.58601475170309,6.60551805162138,6.46977417478915,6.50351073106917,6.47317992840037,6.46027355059177,6.246640527631,6.09641299350843,5.94956753165307,5.72394220568724,5.80934663408268,5.57559339237044,5.57648270706697,5.4697532037822,4.94763494553714,5.00350933229341,5.03218147372949,5.07106755400115,4.89336336861651,4.78988465490837,4.25028967719613,4.70830726633659,4.56119637966729,4.13586020525254,..
France,FRA,Renewable energy consumption (% of total final energy consumption),EG.FEC.RNEW.ZS,10.5,11.1,11.3,10.9,11,10.7,10.5,10,9.7,9.8,9.3,9.4,8.7,8.8,8.9,8.6,8.5,9.4,10.5,11.2,11.9,10.6,12.3,13.4,13.2,13.3,14.2,14.1,15.2,15.5,16.8,16.2,..,..,..
France,FRA,"Government expenditure on education, total (% of GDP)",SE.XPD.TOTL.GD.ZS,4.51393985748291,4.84130001068115,4.73539018630981,5.42959022521973,5.62643003463745,5.79072999954224,5.75672006607056,..,5.68792009353638,..,5.60021924972534,5.61780023574829,5.78097534179688,5.76206302642822,5.54923391342163,5.51722764968872,5.47531032562256,5.30452871322632,5.38727569580078,5.66921901702881,5.64279174804688,5.48011541366577,5.48835611343384,5.4928936958313,5.48920440673828,5.44642734527588,5.40805816650391,5.45160007476807,5.40716981887817,5.35443019866943,5.65981006622314,5.43038988113403,..,..,..
France,FRA,Current health expenditure per capita (current US$),SH.XPD.CHEX.PC.CD,..,..,..,..,..,..,..,..,..,..,2161.85302734,2192.71557617,2449.75830078,3006.3059082,3458.62744141,3575.02514648,3811.55175781,4312.31054688,4807.37451172,4737.578125,4592.38330078,4931.87792969,4644.59570313,4884.71582031,4974.74658203,4198.72900391,4264.14599609,4416.79199219,4667.95751953,4508.76074219,4747.51367188,5376.74560547,4865.17822266,..,..
France,FRA,Individuals using the Internet (% of population),IT.NET.USER.ZS,0.0528,0.14,0.279,0.591,0.9,1.64,2.58,4.26,6.32,9.13,14.3,26.3,30.2,36.1,39.2,42.9,46.9,66.1,70.7,71.6,77.3,77.8,81.4,81.9,83.8,78,79.3,80.5,82,83.3,84.7,86.1,85.3,86.8,..
France,FRA,"GNI, PPP (constant 2021 international $)",NY.GNP.MKTP.PP.KD,2284897472069.99,2303552801809.52,2345532860611.71,2338726006155.33,2386169929180.38,2430169948621.38,2472502658009.35,2540223390293.54,2641697995393.08,2750478203678.39,2828835823337.36,2895990703755.25,2919386839226.52,2951462002228.12,3029415296780.84,3078521461595.22,3154610883007.35,3246336649143.51,3258082978830.05,3190801016222.25,3238207773513.18,3299261347467.31,3293765382707.94,3327755415762.45,3370808195726.83,3443091067482.35,3490073461168.88,3558508852362.56,3609080964162.49,3681688951390.53,3368194104579.17,3632685792213.88,3648911545652.38,..,..
French Polynesia,PYF,GDP per capita (constant 2015 US$),NY.GDP.PCAP.KD,25342.1157174355,25766.7638065207,24933.3669552914,24191.2981812085,23405.4942440451,22959.6747923088,22465.2346902156,22081.9651115685,22101.0730319946,22166.3576479058,22529.4204625605,22106.6097058994,21962.7419700283,22085.6312739799,21949.745848647,21690.8777482043,21574.8955072307,21677.9679897729,21522.6426724175,20527.6460736068,19940.1012325915,19267.8068740427,18994.2338194189,18955.8663945498,18953.9227286257,19166.9594761931,19528.9384707459,20317.0801960458,20709.4063003772,21328.0761355656,19811.8102319951,20184.6793974187,21042.0714472319,..,..
French Polynesia,PYF,Gini index,SI.POV.GINI,..,..,..,..,..,..,..,..,..,..,..,..,..,..,..,..,..,..,..,..,..,..,..,..,..,..,..,..,..,..,..,..,..,..,..
French Polynesia,PYF,"Unemployment, total (% of total labor force) (modeled ILO estimate)",SL.UEM.TOTL.ZS,..,11.592,11.731,11.786,11.998,11.957,11.934,11.877,11.797,11.703,11.579,11.664,11.71,11.753,11.701,11.722,11.769,11.74,11.759,11.97,12.145,12.274,12.143,12.029,11.889,11.789,11.715,11.573,11.572,11.565,12.951,12.531,11.888,11.749,11.75
French Polynesia,PYF,Carbon dioxide (CO2) emissions excluding LULUCF per capita (t CO2e/capita),EN.GHG.CO2.PC.CE.AR5,4.18449670226131,4.25764402341343,4.32125317287376,4.30398803079654,3.44430323034864,3.21090591487408,3.13319053257587,3.24326447597558,3.28351031169088,3.23083750713244,2.98955217049393,3.44453229658701,3.58833619210978,3.71090102012025,3.45349574033655,3.62572107881483,3.36292801160993,3.55805102875716,3.61280129965459,3.46517936329463,3.65658954837756,3.52118118552812,3.38467284791493,3.61594012987391,3.55696903255218,3.61793094513183,3.60880871701925,3.58852785027509,3.7542662116041,3.88483123920382,3.93898477484608,4.12199062160462,4.34163878763669,4.47854637554337,..
French Polynesia,PYF,Renewable energy consumption (% of total final energy consumption),EG.FEC.RNEW.ZS,4.3,4.3,6.9,7.2,6.8,8.3,7.4,7.4,10.1,7.1,8.8,6.7,6.2,7.2,7.7,8,10.1,9.8,9.3,9.3,7.5,6.9,6.6,6.5,7.4,7.8,8.1,8.1,7.7,7.7,8.2,7.4,7,..,..
French Polynesia,PYF,"Government expenditure on education, total (% of GDP)",SE.XPD.TOTL.GD.ZS,..,..,..,..,..,..,..,..,..,..,..,..,..,..,..,..,..,..,..,..,..,..,..,..,..,..,..,..,..,..,..,..,..,..,..
French Polynesia,PYF,Current health expenditure per capita (current US$),SH.XPD.CHEX.PC.CD,..,..,..,..,..,..,..,..,..,..,..,..,..,..,..,..,..,..,..,..,..,..,..,..,..,..,..,..,..,..,..,..,..,..,..
French Polynesia,PYF,Individuals using the Internet (% of population),IT.NET.USER.ZS,0,..,..,..,..,..,0.091,0.214,1.32,3.45,6.36,6.25,8.2,14.1,17.9,21.5,25.1,28.6,33.9,44.6,49,49,52.9,56.8,60.7,64.6,68.4,72.7,..,..,..,..,..,..,..
French Polynesia,PYF,"GNI, PPP (constant 2021 international $)",NY.GNP.MKTP.PP.KD,..,..,..,..,..,..,..,..,..,..,..,..,..,..,..,..,..,..,..,..,..,..,..,..,..,..,..,..,..,..,..,..,..,..,..
Gabon,GAB,GDP per capita (constant 2015 US$),NY.GDP.PCAP.KD,8354.26309000876,8627.38985737905,8138.86821905371,8237.7433874389,8322.61010843084,8514.94009899596,8603.00813400361,8870.12550864019,8949.1211008365,7944.64517936466,7596.09970650519,7556.76995314898,7338.75620613605,7301.67154442842,7148.98713447497,7130.22505771754,6724.08148977274,6908.67399162999,6468.38523357609,6264.83611480154,6481.49612073562,6699.23394606512,6803.22668079211,6938.25753862236,6998.60545439576,7047.12654634355,6991.3251446736,6840.05959347802,6724.5961429108,6817.56879468764,6534.27966529444,6479.0490069252,6527.48207900404,6541.69710787282,..
Gabon,GAB,Gini index,SI.POV.GINI,..,..,..,..,..,..,..,..,..,..,..,..,..,..,..,42.2,..,..,..,..,..,..,..,..,..,..,..,38,..,..,..,..,..,..,..
Gabon,GAB,"Unemployment, total (% of total labor force) (modeled ILO estimate)",SL.UEM.TOTL.ZS,..,17.282,17.725,17.78,17.794,17.411,17.347,17.197,17.176,17.572,17.789,17.762,17.351,17.119,17.095,16.91,17.785,18.261,19.191,19.753,20.39,19.941,19.728,19.794,19.916,19.978,20.134,20.303,20.439,20.358,21.27,21.218,20.399,20.278,20.061
Gabon,GAB,Carbon dioxide (CO2) emissions excluding LULUCF per capita (t CO2e/capita),EN.GHG.CO2.PC.CE.AR5,6.27313887697284,4.88109630022418,4.78813151254839,4.76620045854999,4.60921514177141,5.04855267878844,5.49697703588929,5.11985807138583,5.7132906837793,5.3016212180696,5.17689318987874,5.14711104018131,4.81126429689213,5.3112453430752,4.66007179189214,4.36701184493285,3.78330572014079,3.32526472510292,3.43366466004013,3.2790348324101,3.46379018523978,3.26545958579898,3.18865941591509,3.17637877347222,3.16725796970176,3.15538202312702,3.09478714054047,2.60869766794937,2.37655707723754,2.39841496208062,2.28611876915737,2.16167477727728,2.21948232374657,1.98282429614748,..
Gabon,GAB,Renewable energy consumption (% of total final energy consumption),EG.FEC.RNEW.ZS,78.3,75.2,74.8,73.8,72.9,72,71.5,70,69.7,71.3,72.8,72.4,79.8,83.6,85.8,85.2,86.2,87.3,87.3,87.9,85.8,79.7,75.5,82.2,81.3,81.9,81.5,90.2,90.3,90.2,91.3,91.3,..,..,..
Gabon,GAB,"Government expenditure on education, total (% of GDP)",SE.XPD.TOTL.GD.ZS,..,..,2.80552005767822,..,..,..,..,..,3.41966009140015,3.08122992515564,3.82709002494812,..,..,..,..,..,..,..,..,..,3.07808995246887,2.987459897995,3.01340007781982,3.02971005439758,2.66667008399963,2.82435989379883,2.66773080825806,3.55570793151855,3.07154297828674,2.8743097782135,3.39874076843262,2.70079278945923,2.20773649215698,..,..
Gabon,GAB,Current health expenditure per capita (current US$),SH.XPD.CHEX.PC.CD,..,..,..,..,..,..,..,..,..,..,123.05036926,120.76461029,131.85105896,166.37802124,181.99996948,189.56433105,211.75302124,253.09243774,270.23822021,281.60784912,206.87702942,261.37597656,225.07722473,261.29452515,233.05368042,187.27270508,207.50273132,192.47543335,209.28697205,205.99945068,225.32466125,228.84915161,247.09622192,..,..
Gabon,GAB,Individuals using the Internet (% of population),IT.NET.USER.ZS,0,..,..,..,..,..,0,0.048,0.17,0.249,1.22,1.35,1.94,2.66,2.98,4.89,5.49,5.77,7.5,9.5,13,18,24,30.5,38.1,45.8,48.1,51.6,55.4,59.5,63.9,68.6,70.7,71.9,..
Gabon,GAB,"GNI, PPP (constant 2021 international $)",NY.GNP.MKTP.PP.KD,24445721298.2157,26010811122.0554,24640293628.5221,25341266911.0293,26870182027.1915,27850110234.4548,28781659199.3666,30211444535.6424,32467345921.7263,28952999917.3179,26328851741.8754,28467193835.0924,29444712308.652,29599618850.9292,27986385995.9942,30194422456.1403,27804395741.9499,28803362886.8695,27338499652.5094,29615234353.0912,30139170017.7873,30934289775.2736,34898176910.2256,37485638014.0492,42333461116.7241,42293822272.8103,43609255877.842,44490442259.9795,43395797005.3488,43494883939.6009,45631165862.1699,38608290592.2816,44319772787.3474,..,..
"Gambia, The",GMB,GDP per capita (constant 2015 US$),NY.GDP.PCAP.KD,658.711165332156,651.229615381431,646.421031932611,641.918738488002,622.551318791124,609.618491441846,605.40992484126,617.297597679527,621.226058231623,642.873705091153,659.911237641141,679.539755947951,640.03893213613,665.834222326194,693.563314497133,658.676285443081,636.596026908866,637.20930597537,657.675679192228,681.433469086571,701.014524591061,625.464360270983,639.139881889048,638.522368532214,611.879472952196,619.536364296461,615.193365494386,628.777299272925,658.127833258563,682.797642940426,670.758642891251,689.49323955737,710.686979216316,727.838723280227,..
"Gambia, The",GMB,Gini index,SI.POV.GINI,..,..,..,..,..,..,..,..,48.3,..,..,..,..,47.3,..,..,..,..,..,..,43.6,..,..,..,..,35.9,..,..,..,..,38.8,..,..,..,..
"Gambia, The",GMB,"Unemployment, total (% of total labor force) (modeled ILO estimate)",SL.UEM.TOTL.ZS,..,9.861,9.961,9.986,10.102,10.201,10.235,10.053,9.956,9.804,9.787,9.708,10.079,10.032,9.991,9.963,10.259,10.428,10.092,9.823,9.723,10.283,10.346,9.454,8.218,7.26,6.285,5.157,4.127,4.538,5.892,6.269,6.076,6.479,6.496
"Gambia, The",GMB,Carbon dioxide (CO2) emissions excluding LULUCF per capita (t CO2e/capita),EN.GHG.CO2.PC.CE.AR5,0.115957583986286,0.138641531184344,0.113217561030114,0.114358803902841,0.127115950933243,0.117692375226704,0.118640551401941,0.115394181295089,0.121787642149127,0.121982315036457,0.184319255795542,0.198058743380483,0.2003658288028,0.198147705613107,0.201071724627956,0.198735840896153,0.216000349798137,0.218544389032798,0.215804146872243,0.232496999607785,0.229779459470682,0.235761554685389,0.220401019238469,0.214752212641766,0.223974926635276,0.226699674402986,0.222614458817858,0.218727011355616,0.215491375344219,0.227690484214708,0.233450847128849,0.231947857345274,0.236718035858553,0.224549594213159,..
"Gambia, The",GMB,Renewable energy consumption (% of total final energy consumption),EG.FEC.RNEW.ZS,62,62.3,63.5,63.3,61.6,60.1,59.6,58.7,57.5,56.3,62.9,59.6,61,62.4,61.2,61.7,60.2,57.3,56.3,53.9,56.6,56.2,57,59.3,53.2,49,48.6,48,48.1,47.4,49.8,48.6,47.7,..,..
"Gambia, The",GMB,"Government expenditure on education, total (% of GDP)",SE.XPD.TOTL.GD.ZS,2.82583999633789,3.78061008453369,1.16983997821808,..,..,2.55356001853943,2.56627988815308,..,..,1.56512999534607,1.46587002277374,1.15810000896454,1.44291996955872,1.36337995529175,0.622470021247864,0.691879987716675,0.751630008220673,0.816860020160675,2.18129992485046,1.90813994407654,2.65551996231079,2.50170254707336,2.63756990432739,1.81839001178741,2.22280263900757,2.19235181808472,2.17479729652405,2.45919442176819,2.36544394493103,2.80809712409973,2.88734579086304,3.04477691650391,2.74282312393188,2.69659471511841,..
"Gambia, The",GMB,Current health expenditure per capita (current US$),SH.XPD.CHEX.PC.CD,..,..,..,..,..,..,..,..,..,..,74.83678436,55.65046692,35.99459839,28.3001461,32.15613174,33.2039566,33.41355896,35.91078568,40.0297699,34.59326172,32.99832535,31.05148888,29.56409264,25.59075928,17.33743477,19.67725563,20.77086067,21.55331612,22.5376339,23.21861267,26.85589027,25.39263344,28.89956109,..,..
"Gambia, The",GMB,Individuals using the Internet (% of population),IT.NET.USER.ZS,0,..,..,..,..,0.00922,0.0355,0.0513,0.206,0.716,0.922,1.34,1.8,2.44,3.31,3.8,5.24,6.21,6.88,7.63,9.2,10.9,12.4,14,15.6,17.6,19.9,22.5,28.3,31.1,34.2,37.6,44,45.9,..
"Gambia, The",GMB,"GNI, PPP (constant 2021 international $)",NY.GNP.MKTP.PP.KD,..,..,..,..,..,..,..,..,..,..,..,..,..,..,4437733107.7381,4330996672.90217,4293654858.26325,4438464684.3537,4738470896.59986,5038981062.68204,5338718880.98382,4885000769.28733,5151637149.59632,5295125864.44674,5211877262.35381,5416480968.53437,5549145075.53174,5819565210.0229,6248015858.37196,6642908991.5432,6691898805.33651,6976646476.02658,7443166625.8708,7808755338.05062,..
Georgia,GEO,GDP per capita (constant 2015 US$),NY.GDP.PCAP.KD,3534.03227732782,2768.81016089293,1513.85017404463,1062.09528080207,966.419596225484,1029.48054628347,1187.123206219,1354.78352202066,1431.79336069224,1503.46298776734,1561.19867638847,1661.83019106421,1768.5970116888,1977.46143338741,2105.00472843799,2321.60084285163,2554.81253503914,2891.13702331846,2970.15858282428,2887.25607935922,3090.06513662318,3362.1030031968,3609.780798626,3806.50600649051,3960.35080091901,4086.6223465965,4225.09154904806,4442.50744127374,4713.65354845303,4975.81148194814,4659.60925318234,5175.19865185825,5736.30449578597,6180.62059946106,..
Georgia,GEO,Gini index,SI.POV.GINI,..,..,..,..,..,..,37.1,40.7,41.2,40.1,40.5,39.6,37.2,36.7,36.2,37.4,36.9,38.1,38.5,38.2,39.5,39.6,39,38.6,37.6,36.5,36.6,37.9,36.4,35.9,34.5,34.2,33.5,..,..
Georgia,GEO,"Unemployment, total (% of total labor force) (modeled ILO estimate)",SL.UEM.TOTL.ZS,..,2.7,5.4,5.4,8.4,7.6,11.5,11.5,14.53,13.8,10.82,11.16,12.59,11.51,12.62,13.81,13.57,13.28,17.87,20.71,20.203,19.632,19.653,19.416,17.439,16.506,16.604,13.939,12.667,11.565,11.73,11.791,11.647,11.537,11.48
Georgia,GEO,Carbon dioxide (CO2) emissions excluding LULUCF per capita (t CO2e/capita),EN.GHG.CO2.PC.CE.AR5,7.18209079550187,5.50259517359747,4.29280804350056,3.40988780517603,2.25796699638302,1.8291130299318,1.53547688747621,1.39041861296996,1.2926503326062,1.17579366072099,1.27837442554581,0.966203190386145,0.902899700013699,1.00080066077289,1.09718027978224,1.27557707697358,1.46388969852438,1.70840157319985,1.47584130645878,1.69606432853863,1.6617129185213,2.01855958871709,2.21817631810568,2.46011747149019,2.64482523322222,2.85764061508463,2.95736692506113,2.99597318028629,2.98788503787284,3.20410863938416,3.10157959941075,3.27540507090258,3.40306887376761,3.46216090882397,..
Georgia,GEO,Renewable energy consumption (% of total final energy consumption),EG.FEC.RNEW.ZS,12.8,14.1,18.5,26,22.7,46.4,42.8,44.4,47.5,49.7,47.2,53.1,56.8,55.3,54.5,41.5,37.2,36.2,36.3,36.7,39.1,31.5,28.7,32.4,30.7,27.5,27.2,27.5,27.4,24.7,23.4,25.2,..,..,..
Georgia,GEO,"Government expenditure on education, total (% of GDP)",SE.XPD.TOTL.GD.ZS,..,..,..,..,6.91565990447998,..,..,..,2.10888004302979,2.15512990951538,2.18105006217957,2.13750004768372,2.23501992225647,2.06559991836548,2.91420006752014,2.48431992530823,3.00364995002747,2.69687008857727,2.9195499420166,3.22237992286682,2.80364799499512,2.5149199962616,1.86033999919891,3.47322177886963,2.99768662452698,3.16487407684326,3.52338004112244,3.52442002296448,3.46094989776611,3.82985997200012,3.8498592376709,3.59441995620728,3.75498008728027,3.73861002922058,..
Georgia,GEO,Current health expenditure per capita (current US$),SH.XPD.CHEX.PC.CD,..,..,..,..,..,..,..,..,..,..,52.25807953,56.36803818,66.08916473,80.6542511,105.09565735,132.22496033,152.0617218,195.9908905,281.84671021,270.2170105,285.15029907,312.96923828,345.60079956,355.7394104,367.32040405,292.76348877,319.31008911,302.26367188,329.89413452,306.46075439,351.94335938,413.7199707,477.70956421,..,..
Georgia,GEO,Individuals using the Internet (% of population),IT.NET.USER.ZS,0,..,..,..,..,0.0118,0.0401,0.0609,0.103,0.416,0.485,0.992,1.59,2.56,3.89,6.08,7.53,8.26,10,20.1,26.9,31.5,36.9,43.3,49.1,47.6,58.5,59.7,62.7,68.8,72.5,76.4,78.7,81.9,..
Georgia,GEO,"GNI, PPP (constant 2021 international $)",NY.GNP.MKTP.PP.KD,..,..,..,..,..,..,..,..,..,..,..,..,..,..,..,..,..,..,..,..,42019675047.8565,44911951604.8766,48685323202.1872,50795519108.8468,53138294126.1893,54372733630.2052,54951828876.2584,57571576693.6531,61733290563.4409,64561826475.5648,60336760844.8519,65780416560.1343,72487750439.9411,77417112850.008,..
Germany,DEU,GDP per capita (constant 2015 US$),NY.GDP.PCAP.KD,29747.6909405244,31040.2935628737,31425.647608288,30915.8728851988,31609.1102861092,31990.7949869618,32229.4778702849,32779.2802468879,33461.3192202157,34152.0032256224,35087.0891559515,35601.3628351653,35460.4121336422,35252.9745134977,35670.4870276152,36006.8578105923,37437.3918783337,38570.9146408152,38996.143407627,36927.1920287013,38517.4397860109,40712.6577363042,40829.034893805,40875.0262803178,41588.0763875592,41911.0109851054,42528.0637107828,43520.1864212996,43874.0130936092,44207.6320519514,42362.6472136853,43898.7713167519,44180.4298386996,44336.7775157399,..
Germany,DEU,Gini index,SI.POV.GINI,..,29.5,29.1,28.6,29.2,28.8,28,28.2,28.3,29,28.9,29.9,29.8,29.8,30.2,31.7,31,31.2,30.8,30.5,30.2,30.6,31.1,31.5,30.8,31.7,31.4,31.3,31.9,31.8,32.4,..,..,..,..
Germany,DEU,"Unemployment, total (% of total labor force) (modeled ILO estimate)",SL.UEM.TOTL.ZS,..,5.316,6.323,7.675,8.727,8.158,8.822,9.861,9.787,8.854,7.917,7.773,8.482,9.779,10.727,11.193,10.277,8.732,7.508,7.88,7.043,5.967,5.372,5.316,4.979,4.612,4.104,3.781,3.384,3.163,3.881,3.594,3.12,3.068,3.406
Germany,DEU,Carbon dioxide (CO2) emissions excluding LULUCF per capita (t CO2e/capita),EN.GHG.CO2.PC.CE.AR5,12.7532792435751,12.3982876674322,11.6354229760005,11.4550106194384,11.2429110177923,11.1513495835007,11.4716186132399,11.0662952908103,11.0540134857749,10.6092694512488,10.6035726774407,10.7567590377283,10.5507028586229,10.641365099471,10.4673272879794,10.211048890339,10.3895650954907,10.0526202857226,10.1127039223934,9.38377840809783,9.97076314799296,9.82308149476656,9.95283318393894,10.146596333427,9.62211712407002,9.61463807085839,9.58987934583375,9.37546948533168,9.01281529435426,8.38829767556006,7.72661459979177,8.14706553835386,7.87013912088698,6.99988712776177,..
Germany,DEU,Renewable energy consumption (% of total final energy consumption),EG.FEC.RNEW.ZS,2.1,2,2.1,2.1,2.3,2.3,2.2,2.8,3,3.3,3.7,3.9,4.4,5.4,6.3,7.3,8.6,10.5,10.2,10.7,11.6,12.5,13.6,13.6,14,14.6,14.2,15.2,16,17.1,18.5,17.6,..,..,..
Germany,DEU,"Government expenditure on education, total (% of GDP)",SE.XPD.TOTL.GD.ZS,..,..,..,4.40791988372803,4.33663988113403,4.4307599067688,4.49470996856689,..,4.46187019348145,..,4.06815242767334,4.14708137512207,4.16305732727051,4.17101860046387,4.10064888000488,4.10731077194214,4.02527379989624,3.92246603965759,4.54924011230469,4.34005403518677,5.09588003158569,4.98425006866455,4.92844009399414,4.93538999557495,4.92102003097534,4.85515022277832,4.83923006057739,4.87182998657227,4.97933006286621,5.11552000045776,5.59038019180298,5.45488977432251,4.54389047622681,..,..
Germany,DEU,Current health expenditure per capita (current US$),SH.XPD.CHEX.PC.CD,..,..,..,..,..,..,..,..,..,..,2344.41088867,2346.66918945,2567.50292969,3152.79418945,3459.82495117,3558.21337891,3698.04370117,4182.91601563,4669.76025391,4674.91943359,4611.421875,5037.49169922,4765.67871094,5100.15234375,5309.15478516,4627.27587891,4746.77539063,5065.43164063,5507.67675781,5488.53955078,5932.20019531,6638.20800781,6182.34375,6232.59130859,..
Germany,DEU,Individuals using the Internet (% of population),IT.NET.USER.ZS,0.126,0.25,0.435,0.464,0.923,1.84,3.05,6.71,9.88,20.8,30.2,31.7,48.8,55.9,64.7,68.7,72.2,75.2,78,79,82,81.3,82.4,84.2,86.2,87.6,84.2,84.4,87,88.1,89.8,91.4,91.6,92.5,93.5
Germany,DEU,"GNI, PPP (constant 2021 international $)",NY.GNP.MKTP.PP.KD,3370950072462.34,3499377224534.9,3604204731825.73,3583563012678.29,3661677729890.24,3736554526519.28,3769264321978.46,3814195407969.63,3896232577645.06,3971721807695.08,4042653398475.89,4104753406547.59,4102463250169.68,4095868421537.42,4211176699682.09,4227412752163.9,4399587769478.31,4525263971979.39,4515669656312.22,4373772470113.52,4510664883230.93,4665609033457.49,4675820255242.02,4706465349221.77,4815768414851.92,4945921728911.65,5095774651504.32,5209399477997.32,5289952613722.36,5377696023563.76,5161103842501.25,5315991153209.92,5295597853276.7,5387218675417.09,..
Ghana,GHA,GDP per capita (constant 2015 US$),NY.GDP.PCAP.KD,855.319362110805,878.088366524609,889.7585628916,910.155571806573,917.856596442584,933.313550689493,953.730900253175,970.390867038224,991.588232741852,1010.25223011374,1021.63839077699,1034.58177618235,1051.81029306745,1077.0285660206,1107.6143459009,1142.5995744161,1184.52735767503,1204.56621753786,1281.83516442323,1310.81347015195,1380.3675278719,1536.86037125821,1639.51876204035,1717.52646443251,1725.29387642979,1721.69964380717,1739.72659778545,1840.29925048368,1914.26001947098,1998.3081197152,1968.96680139824,2028.78406599559,2066.17306715611,2086.80608066,..
Ghana,GHA,Gini index,SI.POV.GINI,..,38.4,..,..,..,..,..,..,40.1,..,..,..,..,..,..,42.8,..,..,..,..,..,..,42.4,..,..,..,43.5,..,..,..,..,..,..,..,..
Ghana,GHA,"Unemployment, total (% of total labor force) (modeled ILO estimate)",SL.UEM.TOTL.ZS,..,3.489,4.7,5.239,5.896,6.48,7.083,7.636,8.2,10.1,10.456,9.602,8.695,7.72,6.756,5.816,4.897,5.092,5.144,5.348,5.384,4.227,3.141,2.173,4.415,6.806,5.232,3.369,3.253,3.16,3.313,3.384,3.084,3.063,3.007
Ghana,GHA,Carbon dioxide (CO2) emissions excluding LULUCF per capita (t CO2e/capita),EN.GHG.CO2.PC.CE.AR5,0.203382370288687,0.183873364085096,0.211753518953367,0.213134570086089,0.221476956357223,0.232438418791131,0.246426468097096,0.253133978377493,0.335498069460055,0.35731324253791,0.309918675819891,0.325937299069091,0.373937715865032,0.341794657906,0.310979848546055,0.320172825707263,0.378521453035589,0.38961133992201,0.360677091817029,0.404107942736949,0.441534924736982,0.464903586452745,0.547619257800513,0.568282710926634,0.53483767968666,0.55019733017081,0.551610938298262,0.56531257929042,0.624474807658632,0.646259814590671,0.694591465973721,0.769081387566187,0.74779288471693,0.715161048415123,..
Ghana,GHA,Renewable energy consumption (% of total final energy consumption),EG.FEC.RNEW.ZS,80.6,82.9,81,81.3,80.6,79.8,78.8,78.3,73.6,72.8,71.6,69.3,65.7,64.5,62.4,61.4,58.6,54.5,57.3,51.9,51.9,50.1,46.5,46.2,47.7,44,45.2,45.3,42.1,42.6,40,39,..,..,..
Ghana,GHA,"Government expenditure on education, total (% of GDP)",SE.XPD.TOTL.GD.ZS,..,..,..,..,..,..,..,..,..,4.11037015914917,..,5.35444021224976,..,..,7.53558015823364,7.42208003997803,5.14794015884399,5.51986980438232,5.75795984268188,5.31744003295898,5.54059982299805,8.14097023010254,7.91913986206055,4.57646989822388,3.68234825134277,3.68874549865723,3.45474433898926,3.18611741065979,3.01595592498779,3.15307116508484,3.40915989875793,3.41949439048767,2.90529441833496,..,..
Ghana,GHA,Current health expenditure per capita (current US$),SH.XPD.CHEX.PC.CD,..,..,..,..,..,..,..,..,..,..,10.4517746,12.14821911,14.30371571,18.89894867,23.49901009,38.4290123,49.24240494,57.21900177,63.33117676,62.34637833,80.57714844,91.68003845,81.94947815,105.34784698,78.46701813,78.21643066,64.86400604,54.10602188,53.37788773,71.14958191,97.37677765,94.40388489,82.32108307,..,..
Ghana,GHA,Individuals using the Internet (% of population),IT.NET.USER.ZS,0,..,..,..,..,0.000348,0.00565,0.0275,0.0322,0.105,0.154,0.2,0.83,1.19,1.72,1.83,2.72,3.85,4.27,5.44,7.8,9,10.6,15,19,23,28,37.9,43,22.1,62.5,68.6,69.4,69.9,..
Ghana,GHA,"GNI, PPP (constant 2021 international $)",NY.GNP.MKTP.PP.KD,..,..,..,..,..,..,..,..,..,..,..,..,..,..,..,..,86332922701.4668,92160742185.6078,100761203729.877,105717376169.964,112658581278.754,126583273767.679,135362681516.374,148859652786.603,149459814791.243,156271369057.625,159981247862.547,171389589056.553,182681818460.923,195341260261.778,206450005749.367,208285038305.008,219121480696.584,..,..
Gibraltar,GIB,GDP per capita (constant 2015 US$),NY.GDP.PCAP.KD,..,..,..,..,..,..,..,..,..,..,..,..,..,..,..,..,..,..,..,..,..,..,..,..,..,..,..,..,..,..,..,..,..,..,..
Gibraltar,GIB,Gini index,SI.POV.GINI,..,..,..,..,..,..,..,..,..,..,..,..,..,..,..,..,..,..,..,..,..,..,..,..,..,..,..,..,..,..,..,..,..,..,..
Gibraltar,GIB,"Unemployment, total (% of total labor force) (modeled ILO estimate)",SL.UEM.TOTL.ZS,..,..,..,..,..,..,..,..,..,..,..,..,..,..,..,..,..,..,..,..,..,..,..,..,..,..,..,..,..,..,..,..,..,..,..
Gibraltar,GIB,Carbon dioxide (CO2) emissions excluding LULUCF per capita (t CO2e/capita),EN.GHG.CO2.PC.CE.AR5,5.28676470588235,7.54702951892334,8.96644095542823,9.01736239379387,10.5804177833254,10.2969646053256,10.4849565249027,10.7860198680299,11.3273056057866,11.7615195724397,12.3136886932044,12.6550240445457,12.7986777334627,12.8209662587536,13.7140867142608,13.9320371703871,14.3643981888221,14.0638538958875,14.1814355703153,15.3099957823703,15.2041730670763,14.5104232469994,14.6367354584907,15.4287653901935,16.3746076250267,17.6904769077818,18.1947828153782,18.9750328515112,19.7882595971768,20.2118667943878,17.6761673071075,17.545715991101,17.9478316360446,17.8991967975878,..
Gibraltar,GIB,Renewable energy consumption (% of total final energy consumption),EG.FEC.RNEW.ZS,0,0,0,0,0,0,0,0,0,0,0,0,0,0,0,0,0,0,0,0,0,0,0,0,0,0,0,0,0,0,0,0,..,..,..
Gibraltar,GIB,"Government expenditure on education, total (% of GDP)",SE.XPD.TOTL.GD.ZS,..,..,..,..,..,..,..,..,..,..,..,..,..,..,..,..,..,..,..,..,..,..,..,..,..,..,..,..,..,..,..,..,..,..,..
Gibraltar,GIB,Current health expenditure per capita (current US$),SH.XPD.CHEX.PC.CD,..,..,..,..,..,..,..,..,..,..,..,..,..,..,..,..,..,..,..,..,..,..,..,..,..,..,..,..,..,..,..,..,..,..,..
Gibraltar,GIB,Individuals using the Internet (% of population),IT.NET.USER.ZS,0,..,..,..,..,..,..,2.66,4.18,5.94,19.1,21.2,23.7,28.3,32.9,39.1,45.3,51.6,58,65.1,65,65,65,..,..,..,94.4,..,..,..,..,..,..,..,..
Gibraltar,GIB,"GNI, PPP (constant 2021 international $)",NY.GNP.MKTP.PP.KD,..,..,..,..,..,..,..,..,..,..,..,..,..,..,..,..,..,..,..,..,..,..,..,..,..,..,..,..,..,..,..,..,..,..,..
Greece,GRC,GDP per capita (constant 2015 US$),NY.GDP.PCAP.KD,15438.7936734794,15727.4735693885,15717.0463428435,15374.862548745,15604.0339409517,15857.4162600482,16005.9511612222,16501.0316432034,16973.8293536875,17358.4347248482,18002.9065076414,18742.4235416567,19548.3677232687,20632.2557384172,21688.105121913,21880.5265550864,23220.5324390846,23973.6937033513,23923.8800608727,22878.1346733291,21547.7241895964,19448.2557511168,17924.6620516477,17644.8766792834,17903.5252559978,17980.7298238137,18049.9289175756,18352.0884111283,18769.0390099773,19216.6760037219,17486.9513800415,19232.968382872,20595.4953496212,21139.1916750925,..
Greece,GRC,Gini index,SI.POV.GINI,..,..,..,..,..,37,..,..,..,..,34.2,..,..,32.8,33.6,34.6,35.1,34,33.6,33.6,34.1,34.8,36.3,36.1,35.8,36,35,34.4,32.9,33.1,33.6,32.9,..,..,..
Greece,GRC,"Unemployment, total (% of total labor force) (modeled ILO estimate)",SL.UEM.TOTL.ZS,..,7.572,8.927,10.177,9.808,10.116,10.402,10.472,12.227,12.138,11.345,10.764,10.346,9.839,10.628,10.074,8.906,8.351,7.664,9.546,12.719,17.973,24.731,27.686,26.708,24.981,23.514,21.413,19.179,17.045,15.899,14.656,12.426,11.066,10.133
Greece,GRC,Carbon dioxide (CO2) emissions excluding LULUCF per capita (t CO2e/capita),EN.GHG.CO2.PC.CE.AR5,7.63987340332136,7.55127434525457,7.69844508076258,7.60806335121503,7.72437006571532,7.97691531262613,7.94075673026167,7.99072604839635,8.26858127725092,8.26018347662237,8.88916404955557,9.03224155257918,8.99592754445001,9.31836088165614,9.27198472388443,9.43127683435642,9.28993076633962,9.59392306973099,9.19226047747029,8.66246085695196,8.01089544866936,7.75654960932108,7.38308001685105,6.73638655927369,6.51868415198726,6.41792356501775,6.32481286373172,6.35806052416813,6.2035807344197,5.74720223190943,4.8953045160399,5.12795330813371,5.26328648728615,4.96598558389973,..
Greece,GRC,Renewable energy consumption (% of total final energy consumption),EG.FEC.RNEW.ZS,7.8,8.3,7.9,8,8,8.3,8.2,8,7.6,8,7.8,7.1,7.3,7.6,7.8,8,8.5,8.1,8.3,9.2,11.4,11.4,14.2,16.6,16.4,17.5,16.4,16.4,17.9,18.5,20.1,21.5,..,..,..
Greece,GRC,"Government expenditure on education, total (% of GDP)",SE.XPD.TOTL.GD.ZS,2.04608011245728,1.93432998657227,..,..,..,..,..,..,2.89256000518799,3.02772998809814,3.23019003868103,3.36457991600037,3.42430996894836,3.42933988571167,3.66719007492065,3.96395993232727,3.64772200584412,3.59139657020569,3.77288317680359,4.1299352645874,4.14056491851807,4.51630020141602,4.58220291137695,4.49511909484863,4.32135677337646,3.66139006614685,4.01561069488525,3.47708988189697,3.59734010696411,3.58612990379333,4.49500036239624,4.08201456069946,..,..,..
Greece,GRC,Current health expenditure per capita (current US$),SH.XPD.CHEX.PC.CD,..,..,..,..,..,..,..,..,..,..,885.41052246,1004.81542969,1168.82409668,1566.40979004,1782.69592285,1935.26757813,2052.87548828,2426.75952148,2840.50854492,2809.05957031,2564.36938477,2338.91503906,1948.24853516,1832.02966309,1700.49438477,1481.41967773,1513.25915527,1509.7845459,1603.07788086,1569.02905273,1674.78417969,1846.37304688,1768.11071777,..,..
Greece,GRC,Individuals using the Internet (% of population),IT.NET.USER.ZS,0,0.0488,0.0483,0.191,0.378,0.75,1.4,1.85,3.22,6.88,9.14,10.9,14.7,17.8,21.4,24,32.3,35.9,38.2,42.4,44.4,51.7,55.1,59.9,63.2,66.8,69.1,69.9,72.2,75.7,78.1,78.5,83.2,85,..
Greece,GRC,"GNI, PPP (constant 2021 international $)",NY.GNP.MKTP.PP.KD,..,..,..,..,..,..,..,..,..,..,..,..,..,..,..,..,438301827808.18,450303269613.098,445429432647.194,430511156103.408,409613453729.843,363888311278.804,348696604349.205,338767776712.466,344563522703.416,346704590378.506,345091840786.573,347670685105.447,348243157412.194,354716993289.503,324075699326.684,345809040498.301,359256235557.461,..,..
Greenland,GRL,GDP per capita (constant 2015 US$),NY.GDP.PCAP.KD,26805.5496974442,26823.378375534,25544.2992633194,24303.8982888635,25604.5956883247,26416.5165028368,26772.6138141762,27117.3732945796,29169.0465812684,29570.9623369365,31614.6188319158,31930.59542585,31475.8212513547,32779.8815112106,34953.9493651873,36681.8055890619,38829.536413942,39896.875364094,42527.6668469766,42899.7441985862,43198.032364358,42994.8790874739,43655.7004664255,43338.3839246907,45545.1429414917,44536.3549705377,46561.7831434013,46597.9452470348,47012.9860350276,48170.7896955512,48139.5825957628,48514.5271286311,..,..,..
Greenland,GRL,Gini index,SI.POV.GINI,..,..,..,..,..,..,..,..,..,..,..,..,..,..,..,..,..,..,..,..,..,..,..,..,..,..,..,..,..,..,..,..,..,..,..
Greenland,GRL,"Unemployment, total (% of total labor force) (modeled ILO estimate)",SL.UEM.TOTL.ZS,..,..,..,..,..,..,..,..,..,..,..,..,..,..,..,..,..,..,..,..,..,..,..,..,..,..,..,..,..,..,..,..,..,..,..
Greenland,GRL,Carbon dioxide (CO2) emissions excluding LULUCF per capita (t CO2e/capita),EN.GHG.CO2.PC.CE.AR5,0.0197841726618705,0.0216216216216216,0.0216998191681736,0.0217391304347826,0.0216216216216216,0.021505376344086,0.0232558139534884,0.0232142857142857,0.0231729055258467,0.0231729055258467,0.0231316725978648,0.0248447204968944,0.0247310498330654,0.0246630846472298,10.7676899017765,10.8755598489506,11.1829358509177,11.0582618689771,11.4401363442693,9.92134651918399,11.4348475529391,12.162067147126,9.60922372821686,9.68610024255086,8.68816058264499,9.37555690202089,9.35642330829744,9.15046642455316,9.26940720775396,9.31614050689195,9.35831248780315,9.67998164263146,10.1621926898572,10.2382836542689,..
Greenland,GRL,Renewable energy consumption (% of total final energy consumption),EG.FEC.RNEW.ZS,0.5,0.5,0.6,5.3,11.2,10.7,10.5,9.2,9.3,9.4,9.2,8.7,9.5,9.5,6.7,7,7.1,6.9,6.9,8.8,10.1,10.2,10.1,11.2,12.5,13.1,12.4,11.3,11.4,10.9,11.8,11.6,11.7,..,..
Greenland,GRL,"Government expenditure on education, total (% of GDP)",SE.XPD.TOTL.GD.ZS,..,..,..,..,..,..,..,..,..,..,..,..,..,..,..,..,..,..,..,..,..,..,..,..,..,..,..,..,..,..,..,..,..,..,..
Greenland,GRL,Current health expenditure per capita (current US$),SH.XPD.CHEX.PC.CD,..,..,..,..,..,..,..,..,..,..,..,..,..,..,..,..,..,..,..,..,..,..,..,..,..,..,..,..,..,..,..,..,..,..,..
Greenland,GRL,Individuals using the Internet (% of population),IT.NET.USER.ZS,0,..,..,..,0.0647,0.0539,1.8,7.95,14.7,21.6,31.7,35.5,44.2,54.5,56.1,57.7,59.4,61.1,62.8,62.8,63,64,64.9,65.8,66.7,67.6,68.5,69.5,..,..,..,..,..,..,..
Greenland,GRL,"GNI, PPP (constant 2021 international $)",NY.GNP.MKTP.PP.KD,..,..,..,..,..,..,..,..,..,..,..,..,..,..,..,..,..,..,..,..,..,..,..,..,..,..,..,..,..,..,..,..,..,..,..
Grenada,GRD,GDP per capita (constant 2015 US$),NY.GDP.PCAP.KD,5102.69172981553,5130.48257478522,5046.3110720505,4909.77076444883,4956.32245138997,5026.24215573734,5213.43103712383,5438.0445822801,6036.15899808614,6409.14591451052,6677.1265230922,6509.51660313374,6707.36873532777,7309.78547094579,7233.29494434962,8162.91232124727,7808.24358323434,8257.36225682689,8307.49221491819,7733.12990600058,7670.71165827663,7695.37616017287,7559.5628483956,7688.75297701343,8206.62862112333,8694.12438005692,8983.68397337899,9357.40728883583,9744.16919577204,9785.56040240592,8413.28335500372,8781.46248494156,9406.19337643226,9727.65202554404,..
Grenada,GRD,Gini index,SI.POV.GINI,..,..,..,..,..,..,..,..,..,..,..,..,..,..,..,..,..,..,..,..,..,..,..,..,..,..,..,..,43.8,..,..,..,..,..,..
Grenada,GRD,"Unemployment, total (% of total labor force) (modeled ILO estimate)",SL.UEM.TOTL.ZS,..,..,..,..,..,..,..,..,..,..,..,..,..,..,..,..,..,..,..,..,..,..,..,..,..,..,..,..,..,..,..,..,..,..,..
Grenada,GRD,Carbon dioxide (CO2) emissions excluding LULUCF per capita (t CO2e/capita),EN.GHG.CO2.PC.CE.AR5,0.508218533969607,0.505987518974532,0.518690576957146,0.580180109784923,0.672884872694836,0.59979397125225,0.635852520462021,0.861405791458122,0.747106377760379,0.751449961115744,0.533266326046291,0.538953762952948,0.583926792369285,0.639212372800411,0.605545036268672,0.648841744582354,0.737276978253961,0.816127105915564,0.889121338912134,0.953673575781545,1.06375351746635,0.819957351510988,0.842385280425626,1.07941878805502,0.962920127571584,1.02026579231923,1.10657517588813,1.10795405325803,1.13059788574738,1.29503970477923,1.04778195133272,1.15521733168792,1.15727079110108,1.21881432512534,..
Grenada,GRD,Renewable energy consumption (% of total final energy consumption),EG.FEC.RNEW.ZS,8.3,8.1,7.7,8.1,7.4,7.4,6.2,8.3,10.2,10.3,10.5,10.4,10.5,10.4,10.6,10.6,10.4,9.9,10.8,10.5,10.8,11.4,11.5,10.8,11,10.5,10.4,10.2,10.7,10.4,10.3,10.2,10,..,..
Grenada,GRD,"Government expenditure on education, total (% of GDP)",SE.XPD.TOTL.GD.ZS,..,..,..,..,..,..,..,..,..,..,..,..,..,3.92673993110657,..,..,..,..,..,..,5.07508230209351,5.48532342910767,5.07225894927979,..,4.47756576538086,4.23861026763916,..,3.17379999160767,3.55919337272644,..,..,4.09030342102051,3.93536496162415,..,..
Grenada,GRD,Current health expenditure per capita (current US$),SH.XPD.CHEX.PC.CD,..,..,..,..,..,..,..,..,..,..,259.33764648,271.03814697,307.84365845,286.90512085,294.12390137,326.09225464,324.32067871,359.53503418,401.15072632,376.68447876,374.46508789,403.17129517,413.02658081,417.74581909,381.22598267,404.00680542,409.27841187,454.07266235,462.2394104,515.94726563,477.34429932,514.32141113,521.23730469,..,..
Grenada,GRD,Individuals using the Internet (% of population),IT.NET.USER.ZS,0,0,0,0,0,0,0.298,0.991,1.48,2.47,4.06,5.13,14.8,18.6,19.6,20.5,21.4,22.3,23.2,24.1,27,30,32,35,51.6,52.5,53.3,54.2,61.4,64.3,67.4,70.6,74.3,74.1,..
Grenada,GRD,"GNI, PPP (constant 2021 international $)",NY.GNP.MKTP.PP.KD,..,..,..,..,..,..,..,..,..,..,..,..,..,..,..,..,..,..,..,..,..,..,..,..,..,..,..,..,..,..,..,1628028114.5251,..,..,..
Guam,GUM,GDP per capita (constant 2015 US$),NY.GDP.PCAP.KD,..,..,..,..,..,..,..,..,..,..,..,..,29576.221681311,29685.9531745657,31483.8141949558,32520.3729565352,31242.462900947,31385.0475162113,31941.2706025874,31988.7229358255,32644.1484056205,32665.3787483379,33404.9317636913,34044.3190415455,34755.2691107298,35165.7014644795,35373.8483143417,35850.9025520506,35731.2203743081,36830.1264410973,32884.8852646787,33239.4846327875,34627.9862781837,..,..
Guam,GUM,Gini index,SI.POV.GINI,..,..,..,..,..,..,..,..,..,..,..,..,..,..,..,..,..,..,..,..,..,..,..,..,..,..,..,..,..,..,..,..,..,..,..
Guam,GUM,"Unemployment, total (% of total labor force) (modeled ILO estimate)",SL.UEM.TOTL.ZS,..,3.509,3.837,5.527,7.6,7.9,8.283,9.67,7.74,13.95,15.32,13.213,11.39,9.697,7.7,7,7.4,8.3,8.892,9.3,8.2,13.3,12.2,11.5,7.6,6.9,5.4,5.418,5.449,5.401,6.248,5.991,5.454,5.363,5.586
Guam,GUM,Carbon dioxide (CO2) emissions excluding LULUCF per capita (t CO2e/capita),EN.GHG.CO2.PC.CE.AR5,0.00144289733785441,0.00141770572682228,0.00139476822439031,0.00137311711315858,0.00135255768658533,0.00133285350607115,0.00131432814830879,0.00129689070453588,0.00192015975729181,0.00189526751701003,0.00187423859057258,0.00185955407893187,0.00184825801681915,0.00183894518104415,0.001831390025029,0.00182520609618836,0.00121330510376792,0.00181524442266151,0.00181057739313067,0.00180534743911466,0.00180156375734137,0.00180133659175108,0.001803632515887,0.0018075991468132,0.00120856144930689,0.00121281950213759,0.00182667308031882,0.00183497461618448,0.00184412247432059,0.00247206565806388,0.0024667299794028,0.00244304647895926,0.00242160067804819,0.00240231583246249,..
Guam,GUM,Renewable energy consumption (% of total final energy consumption),EG.FEC.RNEW.ZS,0.5,0.5,0.5,0.4,0.4,0.4,0.4,0.4,0.4,0.4,0.4,0.4,0.4,0.5,0.5,0.4,0.4,0.4,0.4,0.5,0.5,0.5,0.5,0.6,0.7,2.3,4.4,3.9,4.5,4.5,4.6,4.5,6.7,..,..
Guam,GUM,"Government expenditure on education, total (% of GDP)",SE.XPD.TOTL.GD.ZS,..,..,..,..,..,..,..,..,..,..,..,..,..,..,..,..,..,..,..,..,..,..,..,..,..,..,..,..,..,..,..,..,..,..,..
Guam,GUM,Current health expenditure per capita (current US$),SH.XPD.CHEX.PC.CD,..,..,..,..,..,..,..,..,..,..,..,..,..,..,..,..,..,..,..,..,..,..,..,..,..,..,..,..,..,..,..,..,..,..,..
Guam,GUM,Individuals using the Internet (% of population),IT.NET.USER.ZS,0,..,..,..,0.348,0.66,1.36,2.34,4.5,8.5,16.1,25.4,31.2,33.7,36.2,38.6,43.9,46.2,48.4,50.6,54,57.7,61.5,65.4,69.3,73.1,77,80.5,..,..,..,..,..,..,..
Guam,GUM,"GNI, PPP (constant 2021 international $)",NY.GNP.MKTP.PP.KD,..,..,..,..,..,..,..,..,..,..,..,..,..,..,..,..,..,..,..,..,..,..,..,..,..,..,..,..,..,..,..,..,..,..,..
Guatemala,GTM,GDP per capita (constant 2015 US$),NY.GDP.PCAP.KD,2741.53805312076,2765.88205348329,2823.67204686853,2857.29620540529,2894.43108305437,2958.34831787015,2967.99349123569,3019.28714461763,3089.97586132319,3129.12068042003,3165.93228157771,3166.20341985536,3213.26827919246,3222.15458817212,3250.20396478728,3284.80961952091,3388.14993375257,3527.77816838319,3569.92850622252,3516.19217384009,3546.62571191838,3621.37399118594,3655.57305040072,3717.30452588449,3809.61576365876,3893.50521848131,3924.77882449793,3972.74046152097,4040.21201503384,4139.12191663003,4005.83899021249,4268.29515043474,4385.46451827029,4470.75416315328,..
Guatemala,GTM,Gini index,SI.POV.GINI,..,..,..,..,..,..,..,..,49.4,..,54.2,..,..,..,..,..,54.6,..,..,..,..,..,..,..,48.3,..,..,..,..,..,..,..,..,..,..
Guatemala,GTM,"Unemployment, total (% of total labor force) (modeled ILO estimate)",SL.UEM.TOTL.ZS,..,2.684,2.639,2.599,2.581,2.577,2.625,2.61,2.609,2.567,2.606,2.745,2.747,2.807,2.971,3.059,2.948,2.824,2.873,3.208,3.497,3.172,2.765,3.017,2.717,2.506,2.583,2.462,2.283,2.193,2.955,2.174,3.051,2.344,2.219
Guatemala,GTM,Carbon dioxide (CO2) emissions excluding LULUCF per capita (t CO2e/capita),EN.GHG.CO2.PC.CE.AR5,0.433728360813064,0.446197090260924,0.50936405263201,0.550657628545319,0.579546339313788,0.658664077829566,0.630357028461025,0.642563830420177,0.78128976685374,0.75868218102743,0.827982374492118,0.85004940088168,0.873109677008455,0.849946853872179,0.847283469356236,0.89946773399521,0.891373596133715,0.930329826165174,0.830194154733913,0.858007439849051,0.812186830005175,0.82112605044062,0.833796840973152,0.87963888748261,0.926760289445198,1.06278945259763,1.10885525387307,1.03531299530758,1.11332961526943,1.1505862175798,1.01641237921166,1.15027004912309,1.11930959631781,1.17790845909906,..
Guatemala,GTM,Renewable energy consumption (% of total final energy consumption),EG.FEC.RNEW.ZS,75,74.2,72.2,69.8,68.3,65,65.6,65.1,62,64.5,62.7,61.3,63.8,64.3,66.1,65.2,64.7,63.3,66.5,65.3,67.1,67.1,67.4,67.2,66.2,63.3,63.2,65,64,62.8,65.5,62.1,..,..,..
Guatemala,GTM,"Government expenditure on education, total (% of GDP)",SE.XPD.TOTL.GD.ZS,..,..,..,1.66575002670288,1.43998003005981,1.60479998588562,1.56369996070862,..,..,..,..,..,..,..,..,..,3.03285002708435,3.08808994293213,3.23686003684998,..,2.8486499786377,2.96865010261536,3.00524997711182,2.88808989524841,2.98562002182007,3.03032994270325,2.94474005699158,2.95009994506836,3.13193988800049,3.19297003746033,3.29503011703491,3.10634994506836,3.22940993309021,3.17938995361328,..
Guatemala,GTM,Current health expenditure per capita (current US$),SH.XPD.CHEX.PC.CD,..,..,..,..,..,..,..,..,..,..,83.61930084,100.02039337,107.62042236,113.38285065,122.16271973,132.41906738,149.04266357,158.89395142,175.67254639,169.37559509,175.31318665,191.24732971,200.84880066,198.79296875,217.23764038,233.8447876,246.4538269,265.36593628,265.81820679,278.59024048,289.21640015,341.14865112,396.07998657,..,..
Guatemala,GTM,Individuals using the Internet (% of population),IT.NET.USER.ZS,0,..,..,..,..,0.003,0.0195,0.0955,0.467,0.593,0.712,1.74,3.39,4.55,5.1,5.7,6.5,7.3,8.3,9.3,10.5,12.3,16,19.7,23.4,28.8,34.5,37.9,41.5,44.4,47.5,50.8,55.4,56.1,..
Guatemala,GTM,"GNI, PPP (constant 2021 international $)",NY.GNP.MKTP.PP.KD,66792644885.1586,70289560977.7562,73510158491.1384,76634945510.2325,79751526427.1009,83615990791.8715,85751786479.9518,89593447717.0015,94454867645.5397,97915221578.4086,101496892157.901,104576740174.501,107383579956.679,110242577196.507,113413036664.515,117062154229.413,122748361274.732,130241347516.708,135718167236.747,135871071430.671,138966435495.925,144358243140.252,149754850686.221,154875089714.557,161268812833.051,168213552396.121,173101791516.899,178550504094.254,184750996057.301,192589698325.965,189119495697.443,203019778415.219,212502398547.548,220508892270.39,..
Guinea,GIN,GDP per capita (constant 2015 US$),NY.GDP.PCAP.KD,548.371534819426,540.622747465388,540.768238017649,551.006742654772,555.962782286148,565.553359749505,574.302865750492,591.77353015526,601.907993085373,611.007685844967,614.137235083638,628.320554864936,650.554963973291,644.071217908894,645.182843390689,651.359606871604,645.472001923653,673.698997420626,684.775780377366,660.756701330284,675.736917327708,696.199991395571,719.505916794546,729.833143236326,738.272274481308,747.356966759448,807.236421043888,867.907502577607,899.907328045175,926.42221954853,945.570903389665,973.646890096159,987.502501465337,1028.47369985676,..
Guinea,GIN,Gini index,SI.POV.GINI,..,44.5,..,..,46.1,..,..,..,..,..,..,..,43,..,..,..,..,39.4,..,..,..,..,33.7,..,..,..,..,..,29.6,..,..,..,..,..,..
Guinea,GIN,"Unemployment, total (% of total labor force) (modeled ILO estimate)",SL.UEM.TOTL.ZS,..,4.573,4.598,4.573,4.526,4.481,4.5,4.458,4.488,4.509,4.599,4.597,4.549,4.644,4.743,4.875,4.93,4.818,4.829,4.967,5.097,5.094,4.884,4.967,5.09,5.224,5.013,4.826,4.787,5.018,6.018,5.827,5.267,5.244,5.23
Guinea,GIN,Carbon dioxide (CO2) emissions excluding LULUCF per capita (t CO2e/capita),EN.GHG.CO2.PC.CE.AR5,0.146960683354744,0.137043041788124,0.118998618239185,0.11897852704836,0.117302579799042,0.116188411106267,0.117026499880631,0.115944660254155,0.117805144525049,0.119175479905139,0.174520028397766,0.183396643543998,0.194706842212176,0.201177325874689,0.201848759413007,0.189696040729218,0.198555878290945,0.20032536830589,0.209145084236888,0.216216557266925,0.242533584273928,0.25113518961115,0.232924152647863,0.2052560818015,0.20736649175049,0.241793411613936,0.265293799485299,0.259388701077593,0.255549606785607,0.264393779327325,0.269317980316327,0.267896613350646,0.270989887896504,0.25791595247027,..
Guinea,GIN,Renewable energy consumption (% of total final energy consumption),EG.FEC.RNEW.ZS,89.5,89.6,86.6,86.2,86,90,88.8,85.2,84.3,86.3,85.5,84.8,84.3,83.5,83.2,81.6,81.1,80.4,80.2,79.2,75.7,74.8,76.4,78.5,78.6,76.2,75.3,72,73.2,68.3,65.8,66.8,66.6,..,..
Guinea,GIN,"Government expenditure on education, total (% of GDP)",SE.XPD.TOTL.GD.ZS,..,1.38291001319885,1.37600994110107,1.43233001232147,..,..,..,..,..,1.61954998970032,1.7786500453949,1.42785000801086,1.77897000312805,1.62612998485565,1.51568996906281,1.26814997196198,..,..,1.58112001419067,2.20725011825562,2.55118989944458,2.28742003440857,1.83370995521545,2.63421010971069,2.42281007766724,2.51713991165161,2.54450011253357,2.3203399181366,2.38432002067566,1.85812997817993,2.43267011642456,2.04074811935425,1.98561489582062,..,..
Guinea,GIN,Current health expenditure per capita (current US$),SH.XPD.CHEX.PC.CD,..,..,..,..,..,..,..,..,..,..,22.71722412,21.76875114,24.83917809,25.60194969,26.41420937,19.66388702,16.15967941,22.64143372,22.97397041,23.71565628,22.59741783,24.12806129,23.70012856,25.90467834,36.63517761,43.41540527,38.46130753,32.63646317,34.88978195,42.16910172,41.1027565,44.10476303,55.03785324,..,..
Guinea,GIN,Individuals using the Internet (% of population),IT.NET.USER.ZS,0,..,..,..,0.000138,0.000669,0.00195,0.0038,0.0062,0.0608,0.0954,0.176,0.402,0.451,0.509,0.542,0.637,0.78,0.92,0.94,1,2,3.1,4.5,6.4,9.2,13.1,18.7,21.8,22.6,23.4,24.3,24.7,26.5,..
Guinea,GIN,"GNI, PPP (constant 2021 international $)",NY.GNP.MKTP.PP.KD,..,..,..,..,..,..,..,..,..,..,..,..,..,..,..,..,23238850710.2595,24818953885.0948,25769302948.0438,25208561948.1323,26734086511.0881,27996347977.1124,29740715238.4839,29852034621.855,31784948038.0014,33274479399.5825,37049976864.4209,41161763401.5663,43285728008.529,46058216883.6156,48154820261.934,49188241693.1525,52489573138.4396,52057886601.3262,..
Guinea-Bissau,GNB,GDP per capita (constant 2015 US$),NY.GDP.PCAP.KD,569.169670374215,585.58551396824,574.852002556155,567.860072938098,568.168871993007,578.381849917403,632.160906920913,660.537774707954,502.81554020706,576.330795296558,571.094015178625,585.837980688333,594.040535151552,579.092506821836,572.526464627294,595.94255560187,597.257151722046,597.482020935948,608.958620496925,608.202131879882,625.904027290582,658.953470528116,630.66862302825,634.095456089352,623.610159103365,645.066837207039,662.44946768667,677.466131311367,686.456819839526,707.793673750722,702.120599916994,729.02322186963,745.690895064907,767.044183086551,..
Guinea-Bissau,GNB,Gini index,SI.POV.GINI,..,55.8,..,43.6,..,..,..,..,..,..,..,..,35.6,..,..,..,..,..,..,..,50.6,..,..,..,..,..,..,..,34.8,..,..,33.4,..,..,..
Guinea-Bissau,GNB,"Unemployment, total (% of total labor force) (modeled ILO estimate)",SL.UEM.TOTL.ZS,..,3.038,3.099,3.148,3.172,3.132,3.022,2.986,3.39,3.539,3.557,3.154,3.181,3.244,3.238,3.174,3.154,3.149,3.164,3.152,3.137,3.08,3.143,3.162,3.254,3.157,3.123,3.066,3.127,2.413,2.89,3.031,2.666,2.65,2.622
Guinea-Bissau,GNB,Carbon dioxide (CO2) emissions excluding LULUCF per capita (t CO2e/capita),EN.GHG.CO2.PC.CE.AR5,0.17326216609546,0.212539423851267,0.184799034710589,0.192208699923022,0.185709013755104,0.186079901852674,0.180318048857272,0.185492623622426,0.185604220053845,0.187488741586143,0.164163982568004,0.166577735351506,0.172185522920453,0.198892028092077,0.199768369464782,0.199481030845008,0.206245588400505,0.211373507394282,0.196834254670865,0.203095303453865,0.201296392178745,0.199803989363687,0.196619024752682,0.196819171059917,0.196539932296531,0.201180325079193,0.204760867583423,0.159983207889735,0.157166283072031,0.162728388938129,0.166645556573807,0.165772879012998,0.169316119606997,0.160680691707158,..
Guinea-Bissau,GNB,Renewable energy consumption (% of total final energy consumption),EG.FEC.RNEW.ZS,88.6,88.6,88.5,88,88.5,88.6,89.4,88.4,89,88.1,91.2,91.2,91,89,88.6,88.5,88.3,87.9,88.4,87.9,87.8,87.9,87.8,87.7,87.3,87.2,86.8,86.8,86.6,86.2,87.2,87.4,87.4,..,..
Guinea-Bissau,GNB,"Government expenditure on education, total (% of GDP)",SE.XPD.TOTL.GD.ZS,..,..,..,..,..,..,..,..,..,2.03237009048462,..,..,..,..,..,..,..,..,..,..,1.68220996856689,1.76593005657196,1.8863799571991,2.01027011871338,..,..,..,..,..,..,..,..,..,..,..
Guinea-Bissau,GNB,Current health expenditure per capita (current US$),SH.XPD.CHEX.PC.CD,..,..,..,..,..,..,..,..,..,..,13.2785511,14.82278728,14.36923409,14.83164978,18.45145988,21.07736206,22.78861237,26.15806961,34.94678879,27.60988426,31.61246872,44.72909927,37.75499725,46.05934143,64.99989319,52.45866776,56.60805511,54.8225174,58.8792572,54.16643524,68.1931076,68.37879181,66.05480957,..,..
Guinea-Bissau,GNB,Individuals using the Internet (% of population),IT.NET.USER.ZS,0,..,..,..,..,..,..,0.0164,0.0241,0.118,0.23,0.3,1.02,1.35,1.81,1.9,2.06,2.21,2.35,2.3,2.45,2.67,2.89,3.1,3.32,6.1,13.8,14.8,15.7,17.9,20.5,23.4,27.6,32.5,..
Guinea-Bissau,GNB,"GNI, PPP (constant 2021 international $)",NY.GNP.MKTP.PP.KD,..,..,..,..,..,..,..,2548243980.64167,1968233083.41728,2297168914.06562,2304770342.22771,2421538015.17877,2531143930.46026,2531119982.59949,2557475670.61005,2734748055.44868,2807884768.28909,2880847145.88928,3002960343.28349,3087444785.60073,3289042229.39692,3510286832.01982,3403178937.75278,3592933275.46773,3759299737.35657,3960856287.46466,4138225710.11907,4319523995.67589,4275003107.52055,4760212121.73245,4825461919.48012,5092403634.29,5303174701.32281,5545662653.7752,..
Guyana,GUY,GDP per capita (constant 2015 US$),NY.GDP.PCAP.KD,2377.21795364949,2528.08038811696,2716.75893023455,2926.93693707006,3164.66777875426,3312.64996890674,3566.13499360957,3778.00652865741,3708.04637110615,3813.33057565798,3759.60789699989,3847.09461851367,3894.87107415198,3873.04123684261,3937.11435304522,3867.93308158647,4076.77981715707,4382.10449666813,4472.34517889699,4649.34144792756,4860.09110980566,5133.89539813637,5403.79899428921,5573.3421790463,5635.71704117947,5640.41560569466,5818.61682204646,5997.18271426826,6080.90612132746,6278.63054079553,9010.61000469878,10712.0000592312,17365.3330363732,23102.6662867381,..
Guyana,GUY,Gini index,SI.POV.GINI,..,..,39.5,..,..,..,..,..,45,..,..,..,..,..,..,..,..,..,..,..,..,..,..,..,..,..,..,..,..,..,..,..,..,..,..
Guyana,GUY,"Unemployment, total (% of total labor force) (modeled ILO estimate)",SL.UEM.TOTL.ZS,..,12.055,11.9,11.71,11.622,11.643,11.611,11.624,11.731,11.802,11.93,11.806,11.81,11.529,11.28,11.08,10.7,10.846,11.027,11.314,11.636,11.819,12.038,12.303,12.639,13.004,13.257,13.462,13.627,13.172,15.334,14.557,12.013,12.025,10.165
Guyana,GUY,Carbon dioxide (CO2) emissions excluding LULUCF per capita (t CO2e/capita),EN.GHG.CO2.PC.CE.AR5,1.56515454184191,1.53223660546545,1.443504629216,1.44601674712636,1.87200160884441,2.02060159179734,2.07987629614241,2.26173999173494,2.29103205139958,2.27290861928911,2.17315698087946,2.1525827461127,2.12623027242775,2.12252375504684,2.19499014976037,1.94949757791288,1.75844504233391,2.12324323752974,2.12760036363347,2.1659526601728,2.35059846033932,2.45713680706236,2.68341444589756,2.63645951246698,2.73802784035087,2.73412223026143,3.21813428887247,3.21257965409595,3.26041366624724,3.45861217212582,4.12368835923074,4.0096531867043,4.04339142468024,3.9985333144552,..
Guyana,GUY,Renewable energy consumption (% of total final energy consumption),EG.FEC.RNEW.ZS,55.1,41.6,43.2,43.1,32.3,31,29,27.4,27.6,26.6,30.4,31,34.2,34.6,35.5,34.7,36.8,33.1,32.6,31.3,30.6,32.8,28.7,26.9,24,25,21.3,22.1,16.8,11.3,12,13.2,12.1,..,..
Guyana,GUY,"Government expenditure on education, total (% of GDP)",SE.XPD.TOTL.GD.ZS,..,..,..,..,3.72445011138916,3.60933995246887,..,..,..,8.56105995178223,8.48414993286133,8.39729976654053,8.36553955078125,6.95590019226074,5.51293992996216,8.13973045349121,3.11891007423401,2.39117002487183,..,2.15057992935181,2.40938997268677,2.50669002532959,2.24131989479065,..,4.36033010482788,3.89569997787476,4.73775005340576,4.6647801399231,4.45058012008667,..,..,..,..,..,..
Guyana,GUY,Current health expenditure per capita (current US$),SH.XPD.CHEX.PC.CD,..,..,..,..,..,..,..,..,..,..,62.37635422,60.09927368,65.04125214,68.19880676,74.69225311,85.35713959,98.34314728,125.79258728,138.70043945,150.21723938,162.70393372,186.11392212,201.88832092,211.2910614,216.03759766,226.89404297,235.91662598,266.86364746,296.66903687,314.0977478,367.11260986,462.59054565,531.62786865,..,..
Guyana,GUY,Individuals using the Internet (% of population),IT.NET.USER.ZS,0,..,..,..,..,..,0.0659,0.132,0.264,0.4,0.6,1,1.5,2.4,3.7,5.7,8.9,13.8,18.2,23.9,29.9,30,30.5,31,32,34,35.7,42.7,48.6,55.3,63,71.7,78.4,81.7,..
Guyana,GUY,"GNI, PPP (constant 2021 international $)",NY.GNP.MKTP.PP.KD,..,..,..,..,..,..,..,..,..,..,..,..,..,..,..,..,..,..,..,..,..,..,..,..,..,..,..,..,..,..,..,14933578842.1447,..,..,..
Haiti,HTI,GDP per capita (constant 2015 US$),NY.GDP.PCAP.KD,1627.31264525633,1624.49598864977,1507.81872889823,1398.25464638175,1207.6605445003,1302.13491168553,1330.54039885269,1340.99702096807,1344.9390395747,1356.11344556059,1342.89490450523,1314.11419693969,1304.5293810385,1326.47161042212,1286.90282128221,1304.33303731231,1305.03813815611,1343.61111422048,1356.53400140048,1412.89653523429,1317.58389339746,1369.16921255852,1354.88546124499,1392.38204736859,1411.76834802154,1411.12684746796,1416.74881879698,1432.67228609541,1437.35251928349,1394.42114071112,1331.69778506932,1292.71954963551,1256.72143592448,1219.11871645847,..
Haiti,HTI,Gini index,SI.POV.GINI,..,..,..,..,..,..,..,..,..,..,..,..,..,..,..,..,..,..,..,..,..,..,41.1,..,..,..,..,..,..,..,..,..,..,..,..
Haiti,HTI,"Unemployment, total (% of total labor force) (modeled ILO estimate)",SL.UEM.TOTL.ZS,..,7.363,7.428,7.595,7.97,7.565,7.325,6.978,7.162,7.2,8.454,9.754,11.046,12.18,13.453,14.587,15.908,16.8,16.195,15.351,15.252,14.485,14.1,13.642,13.755,13.724,13.852,13.881,13.878,14.057,15.546,15.28,14.635,14.556,15.058
Haiti,HTI,Carbon dioxide (CO2) emissions excluding LULUCF per capita (t CO2e/capita),EN.GHG.CO2.PC.CE.AR5,0.166519778928727,0.15924636728159,0.145237817994104,0.120552099487496,0.0557968702807674,0.148944548568696,0.166109702464737,0.190392572321549,0.191473708980207,0.196606772714425,0.204091193813048,0.204306616975236,0.226659081158241,0.22110952712767,0.200925606797465,0.201803874577005,0.200823257088706,0.232927670266681,0.226896577339889,0.219049719487355,0.26498236205096,0.296866212723794,0.273849325868483,0.291214496219171,0.311166188754039,0.331979441316659,0.335240070779463,0.331492100855686,0.324473867949261,0.323642255408588,0.30793728268116,0.299773547802091,0.294872755551607,0.303890955693017,..
Haiti,HTI,Renewable energy consumption (% of total final energy consumption),EG.FEC.RNEW.ZS,87.2,87.5,87.7,89.4,96.7,87,86,84.6,83.3,82,80.8,80.9,79.1,79,81.1,81.1,81.4,79.3,79.6,80.3,79,79,82.2,80.4,77.8,76.1,76.1,76.2,76.2,76.4,76.3,76.7,..,..,..
Haiti,HTI,"Government expenditure on education, total (% of GDP)",SE.XPD.TOTL.GD.ZS,..,1.07398998737335,..,..,..,..,..,..,..,..,..,..,..,..,..,..,..,..,..,..,..,..,..,..,1.75226998329163,1.85497999191284,1.38776004314423,1.49846994876862,1.63715994358063,1.75941300392151,1.371013879776,1.24275183677673,1.27466893196106,..,..
Haiti,HTI,Current health expenditure per capita (current US$),SH.XPD.CHEX.PC.CD,..,..,..,..,..,..,..,..,..,..,30.35855865,27.39323044,22.36586189,18.60943604,24.0406456,25.25854683,29.11877251,37.59618378,40.445961,41.39894867,55.73518753,77.12206268,75.08546448,59.38277435,65.10858917,68.50547791,60.06819153,53.80579758,62.30102539,49.32995987,44.4271965,57.62987518,52.29947662,..,..
Haiti,HTI,Individuals using the Internet (% of population),IT.NET.USER.ZS,0,..,..,..,..,..,0.00748,..,0.024,0.0707,0.231,0.341,0.893,1.65,5.4,6.38,6.8,7.2,7.6,8.1,8.37,9,9.8,10.6,11.4,14.2,22.8,27.2,32.5,39.3,..,..,..,..,..
Haiti,HTI,"GNI, PPP (constant 2021 international $)",NY.GNP.MKTP.PP.KD,26950527108.7872,27469681608.2073,26007832794.5519,24588902029.2397,21715979082.186,23928927809.1776,24960993646.4716,25612807497.339,26146447119.7648,26825116319.7342,26998365180.5523,26902148533.9956,27164256477.9718,28095915944.8116,27746784499.8814,28514586690.4387,29193012881.6868,30546767969.769,31368239443.421,33236548040.9683,31382369365.0704,33013716725.8282,33215447715.6554,34589626827.8046,35627415303.8961,36110980231.0412,36796026357.6981,37740819931.5545,38334249461.0081,37687299067.4326,36382984541.6606,35698748269.6791,35101313246.0429,34411309445.5345,..
Honduras,HND,GDP per capita (constant 2015 US$),NY.GDP.PCAP.KD,1729.83142779417,1625.63835833364,1676.07933528015,1734.98490158891,1690.04923489234,1744.49972831904,1727.67473897426,1757.25976292315,1772.76292776239,1714.07330337091,1789.47798512637,1789.18816032117,1807.97305547292,1842.29750018813,1908.90950050464,1975.85647913236,2056.53491469231,2134.19540639485,2175.14709403064,2076.30859895638,2108.47314459603,2144.56265540491,2188.39378817891,2205.40126728067,2229.24772232218,2271.20265980349,2315.72983058198,2383.37398439714,2430.13503657762,2447.61649282181,2189.43168668222,2423.76634916911,2482.22384904714,2527.43851176243,..
Honduras,HND,Gini index,SI.POV.GINI,55.9,51.8,51.8,53.4,55,55.5,55.7,52.7,57.3,55.2,..,55.4,55.7,58.1,58.1,59.5,57.5,55.8,55.5,51.3,53.1,52.6,53.4,50,49.9,49.2,49.8,49.4,48.9,48.2,..,..,..,..,..
Honduras,HND,"Unemployment, total (% of total labor force) (modeled ILO estimate)",SL.UEM.TOTL.ZS,..,4.58,3.06,3.097,3.136,3.24,4.37,3.32,4.02,3.85,3.881,4,4.02,5.3,5.99,4.909,3.574,3.211,3.156,3.292,4.119,4.474,3.755,5.646,7.078,6.147,6.727,5.528,5.648,5.698,10.982,8.506,8.774,6.07,6.061
Honduras,HND,Carbon dioxide (CO2) emissions excluding LULUCF per capita (t CO2e/capita),EN.GHG.CO2.PC.CE.AR5,0.472905466291657,0.463270171779026,0.506086487710832,0.515631865695269,0.572765977887319,0.657428335624709,0.677749183005152,0.676954811812788,0.764191631922785,0.754445420589104,0.759436362428439,0.870894657629861,0.895781280467005,0.966427047484041,1.07225735491768,0.948256668746001,1.063416305856,1.10547840544198,1.08072461490902,0.997008632218786,0.953504222748646,1.11047454254587,1.138452493128,1.09088724641079,1.09525172451612,1.13950984621597,1.10136862302627,0.973932683690273,0.921270510311606,1.02183980442561,0.870989481839275,0.960380770343513,0.987053358450868,1.02827179074653,..
Honduras,HND,Renewable energy consumption (% of total final energy consumption),EG.FEC.RNEW.ZS,70.1,70.2,67.8,66.7,64,63,62.6,65.4,62.9,53.9,55.2,50.4,49.8,47.9,46.7,51.4,52.2,50.6,50,50.5,53.6,50.9,49.3,51.1,52.2,50.8,52.7,45.6,48.9,46.2,50.2,45.9,..,..,..
Honduras,HND,"Government expenditure on education, total (% of GDP)",SE.XPD.TOTL.GD.ZS,..,..,..,..,2.51263999938965,2.61744999885559,..,..,..,..,..,..,..,..,..,..,..,..,..,..,..,..,6.29972791671753,5.87492990493774,7.0901198387146,6.41297006607056,6.09509515762329,5.74434375762939,6.05646991729736,5.93245983123779,5.97629117965698,5.81050157546997,4.44157886505127,4.04616022109985,..
Honduras,HND,Current health expenditure per capita (current US$),SH.XPD.CHEX.PC.CD,..,..,..,..,..,..,..,..,..,..,68.48374939,67.13735199,70.72001648,79.65468597,83.29620361,97.86359406,112.11707306,127.55919647,149.05706787,160.23144531,165.19970703,182.3137207,184.04154968,176.421875,172.52818298,169.97198486,177.8835144,169.07194519,178.1494751,183.75006104,212.7419281,253.63349915,251.04405212,..,..
Honduras,HND,Individuals using the Internet (% of population),IT.NET.USER.ZS,0,..,..,..,..,0.0368,0.0437,0.171,0.301,0.574,1.2,1.42,2.6,4.8,5.6,6.5,7.8,9.4,9.6,9.8,11.1,15.9,18.1,17.8,23,27.1,29.5,31.7,36,39.4,45.2,52,56.4,58.3,..
Honduras,HND,"GNI, PPP (constant 2021 international $)",NY.GNP.MKTP.PP.KD,..,..,..,..,..,..,..,..,..,..,29347333520.8694,30034157127.7901,31013917945.9811,32212444591.5883,34042137909.8307,36348351133.3006,38726293650.6507,41848704456.8601,43772560221.0672,42948695611.6658,43338776890.3804,44719012067.872,45720836885.0119,47078922874.3694,47821091055.2301,49939802882.2268,51651991917.7786,54778946147.195,55981391495.3182,57312586098.5694,52549914325.4538,58446482549.0573,61622562541.8992,64249115497.8564,..
"Hong Kong SAR, China",HKG,GDP per capita (constant 2015 US$),NY.GDP.PCAP.KD,21357.3625408812,22388.7288514218,23585.7790070791,24621.7597107363,25526.5342396812,25620.0892481415,25551.4361801136,26631.8652426178,24856.8323960471,25237.7083727094,26933.2785287204,26885.4740776153,27210.1196148928,28097.1484393683,30304.3331882473,32401.4024779329,34458.0396412134,36371.6888698119,36924.0916159598,35938.5997765398,38090.0341362458,39656.3542113178,39887.8422338754,40959.983629493,41796.8691228601,42432.1619740441,43087.546608434,44380.8080889187,45280.4955422841,44195.2893264289,41451.3260144604,44530.9411868182,43281.7955087576,43572.9610527354,..
"Hong Kong SAR, China",HKG,Gini index,SI.POV.GINI,..,..,..,..,..,..,..,..,..,..,..,..,..,..,..,..,..,..,..,..,..,..,..,..,..,..,..,..,..,..,..,..,..,..,..
"Hong Kong SAR, China",HKG,"Unemployment, total (% of total labor force) (modeled ILO estimate)",SL.UEM.TOTL.ZS,..,1.8,1.96,1.96,1.9,3.22,2.83,2.22,4.58,6.25,4.92,5.09,7.28,7.86,6.74,5.58,4.77,4.01,3.56,5.26,4.329,3.422,3.285,3.4,3.296,3.314,3.392,3.124,2.805,2.917,5.808,5.174,4.318,2.949,2.793
"Hong Kong SAR, China",HKG,Carbon dioxide (CO2) emissions excluding LULUCF per capita (t CO2e/capita),EN.GHG.CO2.PC.CE.AR5,6.14336050486458,6.69276773296245,7.49807775191794,7.53494322996102,6.31916691520032,6.27465440782314,5.60891927589154,5.30257500809024,6.50592172624051,6.89319609475517,6.28670667666917,6.23397822557824,6.07216678281757,6.61396862185773,6.00744453453232,6.3120706863148,6.18806784209068,6.42411404941949,6.19885596021731,6.47451525929325,6.01174510976339,6.38924712936252,6.24423434637278,6.43354831520149,6.57781312677225,6.06824571749894,6.14444020390917,5.96963425850782,5.91189651933553,5.79498927796055,4.69937174174576,4.73150234045136,4.44139066987926,4.60089436180518,..
"Hong Kong SAR, China",HKG,Renewable energy consumption (% of total final energy consumption),EG.FEC.RNEW.ZS,0.2,0.2,0.2,0.2,0.1,0.1,0.1,0.1,0.1,0.1,0,0.1,0.1,0.1,0.1,0.1,0.1,0.1,0.1,0.1,0.1,0.5,0.2,0.3,0.2,0.2,0.2,0.2,0.2,0.2,0.3,0.4,..,..,..
"Hong Kong SAR, China",HKG,"Government expenditure on education, total (% of GDP)",SE.XPD.TOTL.GD.ZS,2.46608996391296,..,2.82820010185242,..,..,..,2.72831010818481,..,..,..,..,3.90370011329651,4.01554012298584,4.28529977798462,4.5589599609375,4.13463020324707,3.84278988838196,3.45455002784729,3.26062989234924,4.39212989807129,3.51003003120422,3.41822004318237,3.50960993766785,3.76031994819641,3.57255005836487,3.26212000846863,3.29269003868103,3.30989003181458,3.32624006271362,3.81017994880676,4.40562009811401,4.00030994415283,3.72866010665894,3.80310010910034,..
"Hong Kong SAR, China",HKG,Current health expenditure per capita (current US$),SH.XPD.CHEX.PC.CD,..,..,..,..,..,..,..,..,..,..,..,..,..,..,..,..,..,..,..,..,..,..,..,..,..,..,..,..,..,..,..,..,..,..,..
"Hong Kong SAR, China",HKG,Individuals using the Internet (% of population),IT.NET.USER.ZS,0,0.121,0.85,1.33,2.78,3.22,4.75,10.5,14.5,21.2,27.8,38.7,43.1,52.2,56.4,56.9,60.8,64.8,66.7,69.4,72,72.2,72.9,74.2,79.9,84.9,87.5,89.4,90.5,91.7,92.4,93.1,95.6,96,..
"Hong Kong SAR, China",HKG,"GNI, PPP (constant 2021 international $)",NY.GNP.MKTP.PP.KD,..,..,..,240081617990.389,250204645302.699,251077070140.28,260495792680.157,277866977528.682,272404325064.949,275506131935.922,289518081270.605,297102812178.08,301306646909.206,308961358418.626,321679166478.768,335539491175.903,357950279087.355,387461098927.571,400245555180.042,381939462813.628,395912089714.837,414758365680.074,413957421028.765,430597475207.446,442028973155.646,458626872352.678,473345792387.487,500386630220.006,518097720849.406,509174027758.05,479720525363.236,522255401707.345,498986684940.143,522579311922.062,..
Hungary,HUN,GDP per capita (constant 2015 US$),NY.GDP.PCAP.KD,8613.83221773283,7589.9019679997,7360.21365612239,7326.16050730217,7552.40467422539,7675.57817108924,7695.11053742504,7952.98313173573,8282.39885965651,8560.96909441129,8967.69626924063,9354.48075090137,9825.94319858403,10255.6101131603,10792.7374278506,11278.6160255559,11741.9476769178,11792.7712897392,11932.0383995535,11162.0559722742,11307.7161991209,11551.4989289342,11466.1419094704,11705.0092523564,12233.299367172,12717.038597002,13035.3528590909,13628.4044885706,14377.4241602939,15083.5991718742,14437.8088480852,15521.3815852251,16343.0586949566,16282.830349083,..
Hungary,HUN,Gini index,SI.POV.GINI,..,..,..,..,..,..,..,..,..,..,..,..,..,..,29.9,34.7,28.3,27.9,27.5,27,29.4,29.2,30.8,31.5,30.9,30.4,30.3,30.6,29.6,30,29.7,29.2,..,..,..
Hungary,HUN,"Unemployment, total (% of total labor force) (modeled ILO estimate)",SL.UEM.TOTL.ZS,..,8.5,9.942,12.098,10.847,10.168,10.022,8.991,8.925,6.929,6.563,5.671,5.608,5.79,5.832,7.189,7.494,7.406,7.817,10.03,11.172,11.029,11.003,10.177,7.725,6.813,5.115,4.156,3.708,3.419,4.25,4.045,3.609,4.107,4.434
Hungary,HUN,Carbon dioxide (CO2) emissions excluding LULUCF per capita (t CO2e/capita),EN.GHG.CO2.PC.CE.AR5,6.97138843808186,6.59642932886035,5.95149682125412,6.05407296705979,6.03775080716073,6.03727478987488,6.16679587843865,6.05577812359883,6.06029082741363,6.11713958347375,5.82488188439669,5.98784244652506,5.90370255452322,6.18698635438171,6.01639671574943,6.06764207428028,6.02370879036318,5.88047868986792,5.7605117576997,5.1572388539957,5.23348796297769,5.15732129449593,4.80261708191697,4.52720395929196,4.54289214742297,4.82930659142695,4.9181054497223,5.22712277504846,5.20765860670546,5.19647603079313,5.02594370609106,5.17549579083843,4.9356428103132,4.5688438485242,..
Hungary,HUN,Renewable energy consumption (% of total final energy consumption),EG.FEC.RNEW.ZS,3.9,4.3,4.9,5,5.1,5.4,5.1,5.2,5.2,5.2,5.2,5.1,5.2,5,4.6,7.3,7.9,9,9,12.3,13.5,14.7,16.5,17.2,15.7,15.6,15.3,14.6,13.6,13.6,14.8,15.3,..,..,..
Hungary,HUN,"Government expenditure on education, total (% of GDP)",SE.XPD.TOTL.GD.ZS,5.43190002441406,5.87939977645874,6.07956981658936,5.91958999633789,5.83488988876343,4.84748983383179,4.33475017547607,..,4.40864992141724,4.56704998016357,4.86840009689331,4.9310097694397,5.17923021316528,5.7923002243042,5.32762002944946,5.3200798034668,5.28974008560181,5.13495016098022,4.9676399230957,4.94636011123657,4.72375011444092,4.5631799697876,4.14249992370605,4.18921995162964,4.60187005996704,4.49539995193481,4.61547994613647,4.64757013320923,4.62343978881836,4.22488021850586,4.1535701751709,4.68406009674072,..,..,..
Hungary,HUN,Current health expenditure per capita (current US$),SH.XPD.CHEX.PC.CD,..,..,..,..,..,..,..,..,..,..,313.10858154,359.69750977,473.12783813,682.86566162,798.45361328,895.20330811,893.20300293,1003.25805664,1117.20227051,943.68774414,983.11083984,1063.43237305,961.1383667,990.63116455,1006.15649414,870.51940918,914.1932373,985.07196045,1080.44775391,1054.28076172,1172.83972168,1381.62109375,1224.43383789,1407.48730469,..
Hungary,HUN,Individuals using the Internet (% of population),IT.NET.USER.ZS,0,0.00338,0.0484,0.193,0.484,0.677,0.969,1.94,3.89,5.86,7,14.5,16.7,21.6,27.7,39,47.1,53.3,61,62,65,68,70.6,72.6,75.7,72.8,79.3,76.8,76.1,80.4,84.8,88.6,89.1,91.5,91.5
Hungary,HUN,"GNI, PPP (constant 2021 international $)",NY.GNP.MKTP.PP.KD,..,..,..,..,..,..,..,..,..,211304894989.961,219292520276.679,229470456278.504,243245474322.816,253371544822.438,265025374018.448,273064218890.021,281259157181.75,278812877729.447,282595096710.624,271581896607.736,273479288560.627,275227165275.339,271325466609.096,280748954500.049,288889528922.195,299877173224.241,314199938468.207,321228310464.407,335910484261.125,357459383310.197,347752829373.707,360294753310.852,359542133563.674,..,..
Iceland,ISL,GDP per capita (constant 2015 US$),NY.GDP.PCAP.KD,35417.1490966556,34930.7276057715,33330.7146821937,33426.874442296,34334.2872064646,34188.3505876665,35557.277250986,37302.6680254519,39622.6069816837,40725.886035875,42174.6650584696,43288.0763046335,43143.4605797013,43763.7756121132,46766.0168708212,48850.7658634924,50731.6906881712,53646.3690202759,53821.47082221,49527.3988280929,48193.7014041013,48933.5456614347,49191.574417162,50946.8162625339,51233.2440468041,52951.6815110898,55513.6423015865,56501.4576788793,57697.8044237427,57493.4195335925,52641.7234828803,54506.7280464878,57933.4748261586,59096.4444709589,..
Iceland,ISL,Gini index,SI.POV.GINI,..,..,..,..,..,..,..,..,..,..,..,..,..,26.8,28,29,30.2,29.5,31.8,28.7,26.2,26.8,26.8,25.4,27.8,26.8,27.2,26.1,..,..,..,..,..,..,..
Iceland,ISL,"Unemployment, total (% of total labor force) (modeled ILO estimate)",SL.UEM.TOTL.ZS,..,2.548,4.305,5.257,5.326,5.196,3.6,3.72,3.069,2.178,1.936,1.874,2.988,3.997,4.031,2.547,2.83,2.251,2.946,7.22,7.564,7.028,6,5.376,4.897,3.979,2.978,2.742,2.704,3.507,5.478,6.029,3.789,3.518,3.107
Iceland,ISL,Carbon dioxide (CO2) emissions excluding LULUCF per capita (t CO2e/capita),EN.GHG.CO2.PC.CE.AR5,9.18940767425616,8.89653487046009,8.8409810884213,9.13413593705564,9.48271001161562,9.13118578671093,10.0789837718842,9.68656870555605,9.88808489054797,9.88676225119961,10.149535036717,10.3836220207181,10.8867812314145,10.7118309207277,10.8766956319289,10.5427756846199,10.6744310064454,11.1568656400249,11.9109428065555,12.0198179586121,11.7506862322782,11.2991906311322,11.368001596428,11.4632880740292,10.5826150171357,10.9725979777217,9.47892165192479,9.69918462434479,9.39524439996485,8.80484131760608,8.26550020056595,8.6620852571674,8.50804836611231,7.84595867791707,..
Iceland,ISL,Renewable energy consumption (% of total final energy consumption),EG.FEC.RNEW.ZS,54.7,54.8,54.6,54.7,54.2,55.7,52.3,54.9,57.2,59.8,60.7,62.1,61.9,61.9,61.9,62.7,64.2,67.6,74,74.7,76,77.1,77.7,76.8,77.6,78,80.9,80.8,81.4,81.7,82.9,82.4,..,..,..
Iceland,ISL,"Government expenditure on education, total (% of GDP)",SE.XPD.TOTL.GD.ZS,4.25862979888916,..,..,5.14158010482788,4.75557994842529,4.78062009811401,5.21834993362427,..,6.78387022018433,6.43401002883911,6.4314398765564,6.70592021942139,7.29892015457153,7.24507999420166,7.16118001937866,7.33843994140625,7.19521999359131,6.9443302154541,7.03601980209351,7.18984985351562,6.9442400932312,6.78997993469238,7.58223009109497,7.44868993759155,7.6414098739624,7.4579701423645,7.43219995498657,7.58385992050171,7.56349992752075,7.60129976272583,8.58382987976074,8.21780967712402,7.13966512680054,..,..
Iceland,ISL,Current health expenditure per capita (current US$),SH.XPD.CHEX.PC.CD,..,..,..,..,..,..,..,..,..,..,2855.57470703,2528.5456543,3046.81665039,3839.6940918,4414.23339844,5079.68945313,4918.23339844,5803.81152344,4749.68408203,3622.97827148,3614.03833008,3937.31591797,3784.38378906,4095.67626953,4522.90576172,4303.84179688,5053.51757813,5992.05322266,6280.03857422,5912.00976563,5692.89111328,6722.421875,6851.62939453,7196.90917969,..
Iceland,ISL,Individuals using the Internet (% of population),IT.NET.USER.ZS,0,0.505,1.54,2.67,6.79,11.2,14.8,27.5,36.3,41.3,44.5,49.4,79.1,83.1,83.9,87,89.5,90.6,91,93,93.4,94.8,96.2,96.5,98.2,98.2,98.2,98.3,99,99.5,99.5,99.7,99.8,99.8,..
Iceland,ISL,"GNI, PPP (constant 2021 international $)",NY.GNP.MKTP.PP.KD,..,..,..,..,..,..,..,..,..,..,..,..,..,..,..,..,..,..,..,..,..,..,..,..,..,..,..,..,..,..,..,23015515937.9751,..,..,..
India,IND,GDP per capita (constant 2015 US$),NY.GDP.PCAP.KD,537.870269533789,531.898397841583,549.235069966802,563.372872328964,588.727892188017,620.699954330379,654.355928429641,667.598423095039,695.293709344799,742.53920839445,756.704109527449,778.507377528365,793.615912906381,841.278894571674,892.596614581612,947.732565646672,1008.23275343783,1069.24696813025,1086.50605251513,1155.10163274172,1235.15939133951,1281.61054354933,1333.09626557668,1399.4537980287,1484.31640682913,1583.99815907985,1694.46534973825,1788.69770318446,1883.35772705062,1936.03067741067,1806.50110583878,1965.30943437506,2086.07688562779,2236.31279250417,..
India,IND,Gini index,SI.POV.GINI,..,..,..,31.6,..,..,..,..,..,..,..,..,..,..,34,..,..,..,..,34.9,..,35.4,..,..,..,34.7,34.7,35.9,34.5,33.8,33.8,32.8,..,..,..
India,IND,"Unemployment, total (% of total labor force) (modeled ILO estimate)",SL.UEM.TOTL.ZS,..,7.722,7.733,7.75,7.645,7.608,7.558,7.61,7.639,7.617,7.624,7.653,7.753,7.68,7.625,7.552,7.552,7.561,7.656,7.664,7.652,7.616,7.666,7.711,7.674,7.631,7.601,7.618,7.652,6.51,7.859,6.38,4.822,4.172,4.202
India,IND,Carbon dioxide (CO2) emissions excluding LULUCF per capita (t CO2e/capita),EN.GHG.CO2.PC.CE.AR5,0.694458487124062,0.731268941030917,0.741634593990166,0.75885722469603,0.790360111685005,0.829389809556429,0.850801600457361,0.878467461897259,0.884123268464253,0.92622537283972,0.941139242916713,0.938682658523786,0.956523083565259,0.968644599081604,1.02713496240707,1.05357135746307,1.10701549074687,1.1874471099305,1.24478231356937,1.34070298945647,1.40226678905551,1.46709109594735,1.58192315310593,1.60762730152084,1.70912130103464,1.70187477972263,1.71388197178672,1.78999731844213,1.8718236887863,1.8300789248723,1.65329990364908,1.80206214055006,1.922811819624,2.05496431342395,..
India,IND,Renewable energy consumption (% of total final energy consumption),EG.FEC.RNEW.ZS,53,52,51.5,51.5,50.5,49.5,49.1,47.9,48,47.1,46.9,47.1,45.8,45.6,44.9,44.2,43.2,41.5,39.4,37.4,36.2,35,34.8,34.9,33.9,33.4,33,32.5,32.9,33.5,36.1,34.9,..,..,..
India,IND,"Government expenditure on education, total (% of GDP)",SE.XPD.TOTL.GD.ZS,..,..,..,..,..,..,..,3.3613600730896,3.57256007194519,4.41539001464844,4.32479000091553,..,..,3.61340999603271,3.35254001617432,3.18875002861023,3.14284992218018,..,..,3.27824997901917,3.377690076828,3.79618000984192,4.08479833602905,3.84467005729675,3.89878034591675,4.11499166488647,4.256516456604,4.30639696121216,4.3769326210022,3.89732360839844,4.04014158248901,4.63514137268066,4.12072849273682,..,..
India,IND,Current health expenditure per capita (current US$),SH.XPD.CHEX.PC.CD,..,..,..,..,..,..,..,..,..,..,18.47883415,19.74444199,20.15651703,21.89380074,24.9240799,27.49770737,29.37600899,35.63138962,37.65440369,38.05965042,44.79586029,48.18242264,48.45263672,55.46933746,56.3490181,58.12401581,59.72652817,56.66844559,57.46551132,60.6913681,63.83099747,75.54971313,79.51509857,..,..
India,IND,Individuals using the Internet (% of population),IT.NET.USER.ZS,0,..,0.000111,0.000218,0.00107,0.0262,0.0463,0.0708,0.139,0.273,0.528,0.66,1.54,1.69,1.98,2.39,2.81,3.95,4.38,5.12,7.5,10.1,11.1,12.3,13.5,14.9,16.5,18.2,20.1,29.5,43.4,..,55.9,..,..
India,IND,"GNI, PPP (constant 2021 international $)",NY.GNP.MKTP.PP.KD,1886463177174.04,1905635061763.57,2011105821238.57,2109763626472.77,2251335120608.23,2421865983951.83,2607316693906.45,2717747578072.38,2885813677925.48,3140592070499.6,3252593575525.37,3414039198614.07,3548001634695.79,3826579994145.21,4129703533663.86,4455954312063.83,4812140862712.01,5199357668553.85,5350686829420.13,5771118954138.26,6230525463040.47,6570198977712.29,6907951926050.6,7343737954670.23,7893025922379.27,8523971021446.37,9228864334351.47,9862458926433.5,10501139440487.1,10920280135950.4,10238242529403.9,11250341278206.9,12011506148604.4,12993874776243.5,..
Indonesia,IDN,GDP per capita (constant 2015 US$),NY.GDP.PCAP.KD,1470.91822263911,1544.99580900182,1617.10954878136,1693.10742608086,1790.32729969007,1905.54236118211,2020.99148139905,2081.84166947239,1780.20049551406,1767.51466736224,1828.10265975051,1868.59172314131,1926.37435875198,1991.91820513763,2065.70617478401,2155.44780167098,2244.08022270233,2355.15285661899,2464.60193427292,2546.21969717085,2670.81290999304,2799.62468800564,2930.51844543024,3055.2424601765,3170.72103023033,3288.22269737572,3416.81005183476,3553.51999275326,3701.32155475457,3850.90321753072,3739.44906576846,3850.68877267995,4024.92074265014,4192.62390181339,..
Indonesia,IDN,Gini index,SI.POV.GINI,31.1,..,..,31.8,..,..,34.2,..,30.9,30.8,30.3,31.2,30.2,29.3,30.4,29.9,31.5,33.2,32.6,33.4,34.6,37.9,37.1,38.9,38.8,38.2,36.9,36.4,36.3,35.4,35.3,35.5,35.5,36.1,..
Indonesia,IDN,"Unemployment, total (% of total labor force) (modeled ILO estimate)",SL.UEM.TOTL.ZS,..,2.617,2.734,2.782,4.366,4.611,4.861,4.684,5.459,6.358,6.077,6.082,6.604,6.657,7.303,7.945,7.551,8.06,7.208,6.106,5.614,5.153,4.468,4.336,4.049,4.514,4.301,3.783,4.387,3.59,4.255,3.827,3.462,3.308,3.3
Indonesia,IDN,Carbon dioxide (CO2) emissions excluding LULUCF per capita (t CO2e/capita),EN.GHG.CO2.PC.CE.AR5,0.881619792814537,0.935142133635504,0.960601996980232,1.03387458321859,1.08216654865227,1.19618452241997,1.24022592272484,1.3340878745674,1.32613429701836,1.38622877504262,1.38418807411905,1.45863468834129,1.46322212683732,1.57139226933304,1.58017941991504,1.57060210727476,1.63894504151653,1.69525705806233,1.65423079997496,1.69136729151269,1.80144503739144,2.00412047888782,1.99554706542114,1.85645776868745,1.95132793342072,1.95725313176892,1.91619146584425,2.00382979913667,2.21327139952212,2.338843802504,2.16241358646151,2.23779360089659,2.35508357838392,2.39886105222913,..
Indonesia,IDN,Renewable energy consumption (% of total final energy consumption),EG.FEC.RNEW.ZS,59.2,58.4,57.5,56.1,53.4,50.7,49.3,47.6,48.9,45.8,45.6,44.3,44.7,43,41.5,41.6,40.1,40,41.1,38.2,36,32.4,30.1,30.6,29.3,26.6,27.8,25.2,22,19.8,21.9,20.2,..,..,..
Indonesia,IDN,"Government expenditure on education, total (% of GDP)",SE.XPD.TOTL.GD.ZS,..,..,..,..,0.998549997806549,1.00434994697571,1.07854998111725,1.07208001613617,..,..,..,2.46003007888794,2.64568996429443,3.21799993515015,2.74847006797791,2.8728199005127,..,3.04425001144409,2.90190005302429,3.52513003349304,2.81227993965149,3.18944001197815,3.40748000144958,3.35904002189636,3.28800988197327,3.58360004425049,1.21023452281952,1.05324387550354,0.99443644285202,0.964399099349976,1.01593220233917,1.03221750259399,0.863943338394165,1.27517092227936,..
Indonesia,IDN,Current health expenditure per capita (current US$),SH.XPD.CHEX.PC.CD,..,..,..,..,..,..,..,..,..,..,15.39148712,16.8734417,18.97848511,25.51065636,25.98270035,34.09753036,44.3965683,55.99677658,59.24273682,62.4021759,85.55950165,107.00540161,105.85425568,102.33824921,102.00482178,96.15701294,106.40021515,110.32610321,110.71585846,118.22380829,131.8225708,158.89761353,127.44384766,..,..
Indonesia,IDN,Individuals using the Internet (% of population),IT.NET.USER.ZS,0,..,..,..,0.00106,0.0261,0.0566,0.195,0.255,0.444,0.926,2.02,2.13,2.39,2.6,3.6,4.76,5.79,7.92,6.92,10.9,12.3,14.5,14.9,17.1,22.1,25.4,32.3,39.9,47.7,53.7,62.1,66.5,69.2,..
Indonesia,IDN,"GNI, PPP (constant 2021 international $)",NY.GNP.MKTP.PP.KD,..,..,..,..,..,..,..,..,..,..,..,..,..,..,..,..,..,..,..,..,2120456451411.61,2248473643954.13,2384186129840.57,2512689786780.85,2629626166979.22,2759492296509.6,2902093808934.11,3049230384860.38,3212501303790.85,3372641018162.99,3314604661985.13,3434771286486.53,3610875935275.86,3802253520683.81,..
"Iran, Islamic Rep.",IRN,GDP per capita (constant 2015 US$),NY.GDP.PCAP.KD,3222.20102704478,3534.65396419326,3579.73221786542,3514.51966573319,3448.25956880387,3492.17204968494,3674.0326860468,3679.27534912763,3704.56563043005,3725.31745830681,3885.30183362976,3917.29935490307,4198.95356080112,4511.4313402737,4607.45169101785,4650.3584147747,4778.79345868067,5084.71796041484,5035.94008526563,5023.89314380531,5249.06133359393,5321.75870744451,5058.64637811833,4916.97291948474,5093.20319702186,4952.73355532178,5312.61724954192,5381.18709991831,5215.34606957702,5000.98599002449,5127.95975696418,5325.54680453553,5460.69457075433,5667.52647829172,..
"Iran, Islamic Rep.",IRN,Gini index,SI.POV.GINI,43.6,..,..,..,43,..,..,..,44.1,..,..,..,..,..,..,43.6,44.8,..,..,42.1,..,34.7,34.4,34,34.8,35.3,35.9,36.7,37.4,36.5,35.8,35.5,34.8,..,..
"Iran, Islamic Rep.",IRN,"Unemployment, total (% of total labor force) (modeled ILO estimate)",SL.UEM.TOTL.ZS,..,11.1,10.653,10.567,10.448,9.896,9.1,9.681,10.358,11.173,11.696,12.36,12.8,11.529,10.3,11.813,11.519,10.772,10.63,12.113,13.679,12.491,12.275,10.595,10.68,11.166,12.618,12.232,12.195,10.74,9.687,9.282,9.085,9.041,9.192
"Iran, Islamic Rep.",IRN,Carbon dioxide (CO2) emissions excluding LULUCF per capita (t CO2e/capita),EN.GHG.CO2.PC.CE.AR5,3.57079259141969,3.83764757026826,3.99628778192191,3.96230881986728,4.51133781241853,4.55521448747505,4.67800443056998,4.82850483844676,4.75890066653742,5.13171355336543,5.32876311158285,5.45801418356652,5.65074339025077,5.89775618029779,6.19109034979859,6.52918540430808,6.89497424043823,7.21834833530306,7.34922531925252,7.49465211703315,7.44708511436752,7.47323566341009,7.46289872141542,7.61662863422734,7.80814640908704,7.61735124509918,7.66192732640397,7.83565723325155,7.67841235696166,8.00417701454658,8.12054880244497,8.34976909516343,8.49550522882929,8.59522584292037,..
"Iran, Islamic Rep.",IRN,Renewable energy consumption (% of total final energy consumption),EG.FEC.RNEW.ZS,1.2,1.2,1.4,1.5,1.1,1,1,0.9,0.8,0.6,0.4,0.5,0.7,0.8,0.7,1.4,1.4,1.3,0.7,0.8,0.9,0.9,0.9,1,0.9,0.9,1,1,1,1,0.9,0.9,..,..,..
"Iran, Islamic Rep.",IRN,"Government expenditure on education, total (% of GDP)",SE.XPD.TOTL.GD.ZS,3.77391004562378,3.74353003501892,3.64046001434326,4.31462001800537,..,4.08180999755859,3.53776001930237,..,..,4.22040987014771,4.03064012527466,4.07168006896973,4.48487997055054,4.36322021484375,4.29662990570068,4.05650997161865,4.28998994827271,4.59680986404419,3.91375994682312,3.84244990348816,3.70918011665344,3.48497009277344,2.93899989128113,2.85279011726379,2.61668992042542,2.62911009788513,3.17396998405457,3.45956993103027,3.61979007720947,3.24005007743835,3.20495009422302,..,3.06036734580994,2.92892384529114,..
"Iran, Islamic Rep.",IRN,Current health expenditure per capita (current US$),SH.XPD.CHEX.PC.CD,..,..,..,..,..,..,..,..,..,..,79.89089203,93.23036957,104.64105988,115.51907349,139.75932312,169.8145752,192.07597351,237.51042175,288.85775757,354.25738525,424.60494995,505.33276367,500.21826172,398.3994751,368.1918335,380.40643311,444.43972778,464.12908936,284.95181274,225.23252869,201.4589386,233.74671936,237.82546997,..,..
"Iran, Islamic Rep.",IRN,Individuals using the Internet (% of population),IT.NET.USER.ZS,0,..,..,..,0.000408,0.00418,0.0158,0.0468,0.0998,0.379,0.934,1.48,4.63,6.93,7.49,8.1,8.76,9.47,12,13.8,15.9,19,22.7,30,39.4,45.3,53.2,64,70.2,72.5,75.6,78.6,79.1,79.6,..
"Iran, Islamic Rep.",IRN,"GNI, PPP (constant 2021 international $)",NY.GNP.MKTP.PP.KD,549850783072.542,591800790630.633,606618345482.693,756956519854.493,746371295781.365,727310449013.807,766745518901.205,745454747736.856,686944643980.337,798229151098.591,827541040889.759,861086390603.773,993531133327.724,1064121603814.42,1138836989239.07,1251694414800.01,1324134367455.89,1480397720882.56,1476898433679.57,1438871280253.36,1560886770814.82,1622625778159.31,1397157260329.76,1339046277007.68,1350003362997.36,1213401525429.7,1323615737386.39,1359613843012.08,1283607516630.5,1178431066559.69,1203172370100.24,1322139318088.48,1367579747223.35,..,..
Iraq,IRQ,GDP per capita (constant 2015 US$),NY.GDP.PCAP.KD,3526.57925126853,1254.63057385597,1615.03903542774,2005.56353164115,1985.79691950682,1961.09255088499,2108.82328338114,2478.84310444349,3242.95733892317,3691.74051342189,4172.78025105244,4116.09405320279,3660.92527507177,2250.06990123369,3354.26588756715,3310.86344473993,3471.98744698568,3565.58054079041,3781.78001712762,3768.17284328983,3881.94327045302,4030.01686860986,4387.90469058707,4504.82687537354,4446.97343234862,4440.14189252367,4932.9272911439,4736.32710809857,4749.00921836896,4898.14897652181,4213.99843766061,4182.50064045825,4399.948027123,4175.70315667132,..
Iraq,IRQ,Gini index,SI.POV.GINI,..,..,..,..,..,..,..,..,..,..,..,..,..,..,..,..,28.6,..,..,..,..,..,29.5,..,..,..,..,..,..,..,..,..,..,..,..
Iraq,IRQ,"Unemployment, total (% of total labor force) (modeled ILO estimate)",SL.UEM.TOTL.ZS,..,8.652,8.368,8.381,8.243,8.446,8.527,8.286,8.087,8.002,8.058,8.261,8.621,8.955,8.719,8.578,8.42,8.646,8.467,8.414,8.267,8.191,7.965,9.205,10.59,10.842,10.82,13.02,13.49,14.109,15.778,16.173,15.511,15.447,15.524
Iraq,IRQ,Carbon dioxide (CO2) emissions excluding LULUCF per capita (t CO2e/capita),EN.GHG.CO2.PC.CE.AR5,3.94988830686587,3.0646380732013,4.14043176694847,5.21688363666949,5.45952600240906,5.23863600350718,4.68175885565357,5.46162343331999,4.11926483190579,3.14352865799616,3.63618557048837,3.99446539862147,3.6549049030285,3.09251033638118,3.27512508395316,3.07086366927434,2.96552882138164,2.76239735214706,3.12968787170745,3.22206188885657,3.59128315639764,3.60387649502087,3.95319639295885,4.09301471070693,3.78350962443043,3.67151053625834,3.95906100155325,4.21176025748352,4.43234159242137,4.70127927950192,4.04701423583406,4.05924504885642,4.32205397205041,4.27980632492102,..
Iraq,IRQ,Renewable energy consumption (% of total final energy consumption),EG.FEC.RNEW.ZS,1.6,0.8,0.5,0.4,0.4,0.4,0.4,0.4,0.4,0.4,0.4,0.3,0.3,0.3,0.4,2.4,2.6,2,1.1,1.2,1.7,1.1,1.3,1.5,1,0.8,0.9,0.5,0.5,0.9,1.1,1.1,..,..,..
Iraq,IRQ,"Government expenditure on education, total (% of GDP)",SE.XPD.TOTL.GD.ZS,..,..,..,..,..,..,..,..,..,..,..,..,..,..,..,..,..,..,..,..,..,..,..,..,..,..,..,..,..,..,..,..,..,..,..
Iraq,IRQ,Current health expenditure per capita (current US$),SH.XPD.CHEX.PC.CD,..,..,..,..,..,..,..,..,..,..,..,..,..,26.98399925,51.81518173,53.0551796,56.76464462,100.59433746,139.28845215,140.1234436,144.54083252,161.89790344,174.48312378,186.78742981,178.98071289,149.07951355,199.88551331,197.23654175,232.86825562,241.73873901,248.04725647,251.59538269,254.62432861,..,..
Iraq,IRQ,Individuals using the Internet (% of population),IT.NET.USER.ZS,0,..,..,..,..,..,..,..,..,..,..,0.1,0.5,0.6,0.9,0.9,0.952,0.93,1,1.06,2.5,5,7.1,9.2,11.6,15.2,19.9,49.4,33.9,44.3,53.7,65,78.7,81.7,..
Iraq,IRQ,"GNI, PPP (constant 2021 international $)",NY.GNP.MKTP.PP.KD,..,..,..,..,..,..,..,..,..,..,..,..,..,..,..,..,..,313161463869.302,343239572951.015,352982769017.865,370836364439.71,393803433751.094,451717427453.98,481264475409.008,491669698198.261,503699288418.173,573633050946.555,563498980425.093,577845761454.177,611217531333.295,536005360939.593,542973889892.427,587830333533.867,..,..
Ireland,IRL,GDP per capita (constant 2015 US$),NY.GDP.PCAP.KD,23481.3128567371,23797.2065983241,24425.5975112538,24958.2197097899,26290.9316540796,28676.510604152,30550.0360829405,33578.7616121473,36143.3422357798,39501.3763778575,42643.6343965079,44196.9159835327,46022.1410834443,46643.1579569282,48906.963231587,50599.6045007359,51710.362231689,52904.4732788865,49512.4261970583,46514.5426215055,47040.3543858023,47607.8852921203,47217.4433846332,47999.1237980737,52098.1049579337,64311.8234684057,64367.4069016353,70069.0995778991,74427.5520727589,77117.1897861686,81791.0934649925,94184.0378160321,99677.473101993,91647.7688541174,..
Ireland,IRL,Gini index,SI.POV.GINI,..,..,..,..,36.9,37,35.6,..,..,..,33,..,32.3,32.9,33.6,33.8,32.7,31.9,30.9,32.7,32.3,32.9,33.2,33.5,31.9,31.8,32.8,31.4,30.6,30.8,29.2,30.1,..,..,..
Ireland,IRL,"Unemployment, total (% of total labor force) (modeled ILO estimate)",SL.UEM.TOTL.ZS,..,15.771,15.021,15.571,14.544,11.97,11.692,10.191,7.699,5.804,4.318,3.684,4.216,4.478,4.491,4.237,4.355,4.98,6.774,12.609,14.534,15.354,15.451,13.735,11.858,9.908,8.374,6.713,5.741,4.95,5.623,6.364,4.501,4.288,4.369
Ireland,IRL,Carbon dioxide (CO2) emissions excluding LULUCF per capita (t CO2e/capita),EN.GHG.CO2.PC.CE.AR5,9.20223086454254,9.30090953204866,9.20743136720408,9.22706704012934,9.53003381809087,9.63888406277805,9.92560845193553,10.1696409884026,10.716094180617,10.9770570147007,11.5166087017309,11.9095980257837,11.4393200111802,11.1228240762403,11.0513770366625,11.3153541154937,11.1580635582581,10.6725208015927,10.3092207137295,9.07724278587768,8.97399320856418,8.10976392572713,8.17393852810709,7.85736283623743,7.75919222627283,8.00624080569006,8.31110741935111,7.96511535994182,7.63659067954495,7.1781028465813,6.71998655268543,7.02971331750764,6.72389027624523,6.12001657999849,..
Ireland,IRL,Renewable energy consumption (% of total final energy consumption),EG.FEC.RNEW.ZS,2.3,2.2,2.2,2.1,2.2,1.9,2,1.9,2.3,2.1,2,2,2.2,2,2.3,2.9,3.2,3.5,4.2,5.3,5.3,7,6.9,7.7,8.8,9.5,8.6,10.1,10.8,12.3,13.7,12.7,..,..,..
Ireland,IRL,"Government expenditure on education, total (% of GDP)",SE.XPD.TOTL.GD.ZS,4.60056018829346,4.78267002105713,5.0056300163269,5.11556005477905,5.18871021270752,4.87162017822266,4.75392007827759,..,4.28753995895386,4.13379001617432,4.13225984573364,4.08749008178711,4.10487985610962,4.20493984222412,4.48296022415161,4.51898002624512,4.54742002487183,4.71541023254395,5.45828008651733,6.15610980987549,6.05033016204834,5.82428979873657,5.76235008239746,5.34578990936279,4.86511993408203,3.74868988990784,3.74674010276794,3.49044990539551,3.37838006019592,3.2961699962616,3.25081992149353,3.00598001480103,..,..,..
Ireland,IRL,Current health expenditure per capita (current US$),SH.XPD.CHEX.PC.CD,..,..,..,..,..,..,..,..,..,..,1564.83764648,1823.73474121,2200.35742188,2910.93212891,3483.16064453,3938.19116211,4147.1328125,4858.64501953,5638.77929688,5502.88769531,5133.45507813,5545.76416016,5210.36376953,5313.70947266,5316.26953125,4575.94482422,4726.31298828,5010.25634766,5187.05761719,5462.73095703,6098.26660156,6764.25878906,6448.02197266,..,..
Ireland,IRL,Individuals using the Internet (% of population),IT.NET.USER.ZS,0,0.0568,0.17,0.281,0.558,1.11,2.2,4.09,8.1,10.9,17.9,23.1,25.9,34.3,37,41.6,54.8,61.2,65.3,67.4,69.9,74.9,76.9,78.2,83.5,83.5,83.5,84.1,87,87,92,96.4,96.6,96.5,..
Ireland,IRL,"GNI, PPP (constant 2021 international $)",NY.GNP.MKTP.PP.KD,..,..,..,..,..,116659330820.654,124961029197.247,136445040278.018,149067734173.488,159838595971.14,176045486762.815,183778209766.727,190937538732.432,201317180925.846,208446403175.446,222523745095.187,235778095248.376,243383665683.113,232608538342.007,214685082033.238,217950505023.565,215328483483.086,214886673804.331,227732326562.411,245563426928.451,295992255152.935,317502848301.705,337112022592.292,353696016591.408,374326086365.146,388414495364.98,431052777315.982,452208516623.628,..,..
Isle of Man,IMN,GDP per capita (constant 2015 US$),NY.GDP.PCAP.KD,28042.4441205102,28128.4485818915,28133.8324364624,28694.4160940259,29676.1422111499,30802.8930909929,32928.8324560471,35337.9128286621,39591.5712572814,44456.4562710624,46274.9709691403,48252.7638498277,50714.5824703383,53224.3527757804,55464.0220993356,58201.5990838178,62075.7601604994,66029.9755907183,68520.6825624937,69192.0258221691,70747.8417587183,71727.5055082703,77009.2973015086,80383.8276154987,84778.5809973472,84753.5187422732,90783.7654107394,93200.3109184264,95040.4055536796,95110.1388679513,86595.0674507157,89873.5421403346,..,..,..
Isle of Man,IMN,Gini index,SI.POV.GINI,..,..,..,..,..,..,..,..,..,..,..,..,..,..,..,..,..,..,..,..,..,..,..,..,..,..,..,..,..,..,..,..,..,..,..
Isle of Man,IMN,"Unemployment, total (% of total labor force) (modeled ILO estimate)",SL.UEM.TOTL.ZS,..,..,..,..,..,..,..,..,..,..,..,..,..,..,..,..,..,..,..,..,..,..,..,..,..,..,..,..,..,..,..,..,..,..,..
Isle of Man,IMN,Carbon dioxide (CO2) emissions excluding LULUCF per capita (t CO2e/capita),EN.GHG.CO2.PC.CE.AR5,..,..,..,..,..,..,..,..,..,..,..,..,..,..,..,..,..,..,..,..,..,..,..,..,..,..,..,..,..,..,..,..,..,..,..
Isle of Man,IMN,Renewable energy consumption (% of total final energy consumption),EG.FEC.RNEW.ZS,..,..,..,..,..,..,..,..,..,..,..,..,1.5,1.1,6.3,2.7,3.3,1.9,1.3,1.9,1.9,2.9,3.5,2.1,1.9,2.2,1.9,1.9,2,1.9,2,3.2,2.7,..,..
Isle of Man,IMN,"Government expenditure on education, total (% of GDP)",SE.XPD.TOTL.GD.ZS,..,..,..,..,..,..,..,..,..,..,..,..,..,..,..,..,..,..,..,..,..,..,..,..,..,..,..,..,..,..,..,..,..,..,..
Isle of Man,IMN,Current health expenditure per capita (current US$),SH.XPD.CHEX.PC.CD,..,..,..,..,..,..,..,..,..,..,..,..,..,..,..,..,..,..,..,..,..,..,..,..,..,..,..,..,..,..,..,..,..,..,..
Isle of Man,IMN,Individuals using the Internet (% of population),IT.NET.USER.ZS,..,..,..,..,..,..,..,..,..,..,..,..,..,..,..,..,..,..,..,..,..,..,..,..,..,..,..,..,..,..,..,..,..,..,..
Isle of Man,IMN,"GNI, PPP (constant 2021 international $)",NY.GNP.MKTP.PP.KD,..,..,..,..,..,..,..,..,..,..,..,..,..,..,..,..,..,..,..,..,..,..,..,..,..,..,..,..,..,..,..,..,..,..,..
Israel,ISR,GDP per capita (constant 2015 US$),NY.GDP.PCAP.KD,22307.4301634161,22627.626632006,23555.1962722555,23881.5994936481,24999.7260557082,25948.7323912948,26762.0191453672,27081.6170854316,27545.1108182352,27744.9220453844,29352.2758538156,28717.1277542377,28110.3463494109,28011.8266813741,28808.8298448048,29498.6336701064,30599.2172149639,31871.0466312068,32338.6662012343,31924.7910234896,33112.7068111258,34314.6503871244,34542.8817579662,35338.6242052342,36013.6686508041,36123.9907881129,36969.741657336,37809.4415224874,38599.1089040283,39302.6518220125,38049.9903345588,40911.4355330311,42710.4017586756,42852.5810267712,..
Israel,ISR,Gini index,SI.POV.GINI,..,..,35.5,..,..,..,..,38.1,..,..,..,38.9,39.6,40.7,41.5,42.3,41.6,41.1,41.6,42.6,42.6,41.4,41.3,39.9,39.8,39.7,39,38.2,38.6,38.3,37.8,37.9,..,..,..
Israel,ISR,"Unemployment, total (% of total labor force) (modeled ILO estimate)",SL.UEM.TOTL.ZS,..,13.387,14.08,12.741,9.934,8.782,8.455,9.751,10.749,11.183,11.102,11.812,12.888,13.505,13.029,11.342,10.707,9.379,7.704,9.534,8.48,7.139,6.762,6.137,5.789,5.176,4.723,4.14,3.917,3.731,4.169,4.812,3.695,3.596,3.15
Israel,ISR,Carbon dioxide (CO2) emissions excluding LULUCF per capita (t CO2e/capita),EN.GHG.CO2.PC.CE.AR5,7.558669527897,7.24861588199636,7.49750146398595,8.00572134575176,8.35058344137803,8.69336339044184,9.00823963457484,9.07246401644962,8.96228437447664,8.97253877551021,9.42933693750994,9.20423978878708,9.51703196347032,9.60951911146987,9.41481862241151,8.94281467799888,9.23553595985086,9.40521719753207,9.28874781085814,8.9664555947419,9.44877748045543,9.17076154420665,9.81757158207446,8.48146907376388,8.03544433219324,8.12323241966086,7.91736484905219,7.79586379442921,7.15739406493448,7.22967749061188,6.67683476033901,6.51884456964808,6.57641642688988,6.27831416682041,..
Israel,ISR,Renewable energy consumption (% of total final energy consumption),EG.FEC.RNEW.ZS,5.8,6,6.2,5.9,5.7,5.4,5.4,5.7,6.1,5.9,6,6.3,6.5,6.5,6.7,7,6.9,6.7,8.9,8.5,8.6,9.1,2.9,3.3,3.7,3.7,4,3.9,3.8,4.5,5.6,6.2,..,..,..
Israel,ISR,"Government expenditure on education, total (% of GDP)",SE.XPD.TOTL.GD.ZS,5.18976020812988,5.201819896698,5.33985996246338,5.69947004318237,6.1613302230835,..,..,..,6.42640018463135,6.2209300994873,5.95195007324219,6.19316005706787,6.26281976699829,6.13994979858398,5.75347995758057,5.58138990402222,5.59218978881836,5.34991979598999,5.42434978485107,5.37785005569458,5.43390989303589,5.45581007003784,5.58893013000488,5.78415012359619,5.70471000671387,5.7976598739624,5.79980993270874,6.00771999359131,6.06284999847412,6.04147005081177,6.47881984710693,6.18401002883911,6.45624446868896,..,..
Israel,ISR,Current health expenditure per capita (current US$),SH.XPD.CHEX.PC.CD,..,..,..,..,..,..,..,..,..,..,1473.00915527,1509.44506836,1355.33447266,1384.18737793,1438.98999023,1509.10583496,1555.56396484,1769.92504883,2126.11132813,2034.45812988,2237.90795898,2442.29052734,2405.1809082,2673.3371582,2804.23144531,2645.78857422,2783.82495117,3074.44604492,3199.41625977,3335.24511719,3616.50219727,4190.61328125,4223.87255859,..,..
Israel,ISR,Individuals using the Internet (% of population),IT.NET.USER.ZS,0.111,0.215,0.311,0.399,0.577,0.93,2.17,4.4,10.3,13.4,20.9,17.4,17.8,19.6,22.8,25.2,27.9,48.1,59.4,63.1,67.5,68.9,70.8,70.3,75,77.4,79.7,81.6,83.7,86.8,90.1,90.3,91.9,87,..
Israel,ISR,"GNI, PPP (constant 2021 international $)",NY.GNP.MKTP.PP.KD,106669277963.93,117957723298.286,126929351801.798,132393029258.363,141801665494.682,150787479928.108,160400274259.852,167618633333.922,175946304927.423,181173325623.022,191175794134.567,195544939785.317,195971619217.619,197509081481.439,206159643315.305,217836192916.499,230341590537.745,242953556864.335,244137943614.841,251577011459.133,265180684524.798,278190064837.531,284098756752.307,298984117313.524,315451024953.635,329172173443.835,346631062360.279,362880718763.138,376947710557.978,394607534790.216,389805593705.477,425819703778.152,457178757536.066,..,..
Italy,ITA,GDP per capita (constant 2015 US$),NY.GDP.PCAP.KD,27625.1792401549,28030.7653844433,28245.4271224971,27987.4328992052,28583.6255334144,29408.3209648256,29795.659782462,30353.3778330306,30892.1758716425,31405.2609086396,32609.6674684471,33245.2803732961,33285.4148556776,33159.8415780158,33431.5599098693,33521.3202180455,34022.1190389231,34345.7598862545,33769.8973537384,31832.9860141479,32220.4860698495,32388.8180099136,31292.1311312137,30369.1293679326,30091.3481539205,30387.1293187854,30815.0869082281,31356.224035187,31675.5758014951,32180.4341021496,29469.7989279182,32267.7090970216,33840.3432155508,34088.088128227,..
Italy,ITA,Gini index,SI.POV.GINI,..,31,..,35.1,..,35.2,..,..,36.7,..,35.2,..,34.7,34.9,34.3,33.8,33.7,32.9,33.8,33.8,34.7,35.1,35.2,34.9,34.7,35.4,35.2,35.9,35.2,34.6,35.2,34.8,..,..,..
Italy,ITA,"Unemployment, total (% of total labor force) (modeled ILO estimate)",SL.UEM.TOTL.ZS,..,10.097,9.321,10.212,11.086,11.661,11.864,11.985,12.117,11.681,10.834,9.599,9.211,8.869,7.866,7.73,6.777,6.076,6.723,7.749,8.363,8.359,10.655,12.149,12.683,11.896,11.688,11.211,10.61,9.951,9.164,9.497,8.069,7.627,6.778
Italy,ITA,Carbon dioxide (CO2) emissions excluding LULUCF per capita (t CO2e/capita),EN.GHG.CO2.PC.CE.AR5,7.51802915553876,7.49388977207493,7.45560419322209,7.33205962202056,7.23313524525275,7.65778762385388,7.56700622003609,7.62333563225777,7.78330772184049,7.90187636350398,7.98561409071824,7.96983541644361,8.08579616536264,8.39519124415364,8.54031736701432,8.51297900115861,8.39177862251223,8.22611228832593,7.91131671076538,7.0092248351457,7.15348814878354,6.98738380007534,6.63183031252903,6.0115501643691,5.64825065793002,5.82936122693506,5.7638383823789,5.7144500537682,5.63718931722611,5.56659661313055,4.97779978956861,5.65294542878665,5.63879211234238,5.17837269291222,..
Italy,ITA,Renewable energy consumption (% of total final energy consumption),EG.FEC.RNEW.ZS,3.8,4.7,4.8,4.8,5.2,4.5,4.8,4.8,4.8,5,5.1,5.4,5.6,6.2,5.9,6.7,7.5,8.7,10.8,12.5,12.8,11.9,14.4,16.3,17.1,16.6,16.1,16.4,17.1,17.3,18.7,17.5,..,..,..
Italy,ITA,"Government expenditure on education, total (% of GDP)",SE.XPD.TOTL.GD.ZS,..,..,..,4.73389005661011,4.43331003189087,4.31864976882935,4.44763994216919,..,4.45031023025513,4.51084995269775,4.29107999801636,4.65009021759033,4.43240976333618,4.54179000854492,4.38520002365112,4.23829984664917,4.52545022964478,4.10503005981445,4.38794994354248,4.52371978759766,4.33411979675293,4.11568021774292,4.05601978302002,4.14367008209229,4.06127977371216,4.07362985610962,3.81578993797302,4.04493999481201,4.25614023208618,4.09527015686035,4.44135999679565,4.21828985214233,..,..,..
Italy,ITA,Current health expenditure per capita (current US$),SH.XPD.CHEX.PC.CD,..,..,..,..,..,..,..,..,..,..,1524.23962402,1586.67272949,1762.53759766,2163.02563477,2565.62744141,2677.55224609,2832.69775391,3092.58227539,3504.11157227,3337.75073242,3217.68286133,3391.98925781,3086.30322266,3149.24267578,3154.27587891,2675.67163086,2699.73291016,2809.72143555,3002.76123047,2910.64672852,3062.09838867,3399.85766602,3134.68066406,3228.43505859,..
Italy,ITA,Individuals using the Internet (% of population),IT.NET.USER.ZS,0.0175,0.0351,0.0701,0.122,0.192,0.524,1.02,2.28,4.56,14.4,23.1,27.2,28,29,33.2,35,38,40.8,44.5,48.8,53.7,54.4,55.8,58.5,55.6,58.1,61.3,63.1,74.4,67.9,70.5,74.9,85.1,87,..
Italy,ITA,"GNI, PPP (constant 2021 international $)",NY.GNP.MKTP.PP.KD,..,..,..,..,..,2544545121887.87,2591750697975.13,2654042148418.25,2715274164191.49,2768075870798.86,2829952590914.22,2898307643385.97,2911861918564.61,2920428787338.51,2964316232292.72,2978739803134.05,3015173919190.47,3060069329472.34,2980525507114.46,2887437848896.91,2901305334373.67,2898897365038.63,2805300148553.68,2763958972144.52,2787503940189.09,2806428665395.51,2894508310009.74,2939207264770.89,2978390807226.08,2991075863564.51,2760213195974.31,2950625243861.11,2962028117948.19,3039408679533.56,..
Jamaica,JAM,GDP per capita (constant 2015 US$),NY.GDP.PCAP.KD,4526.50159323362,4704.01222472021,4748.86205122046,5142.58835187444,5160.4307955405,5229.03067140027,5172.78239570246,5066.85282562384,4906.41450897104,4919.4174468527,4928.33188369804,4963.06607294795,5031.19564397903,5184.14288666889,5222.09798764334,5239.67290258786,5363.82690314058,5414.90880663073,5347.63274507982,5094.03087418339,4998.66718141268,5063.19380143837,5010.45967443592,5016.0313458778,5032.44263080999,5062.89556466908,5119.03971902628,5159.34337408318,5248.77402203987,5289.65492391338,4752.33342267359,4958.84581479999,5215.08607266374,5328.61624140582,..
Jamaica,JAM,Gini index,SI.POV.GINI,41.1,..,..,35.7,..,..,40.4,..,..,44.1,..,..,48.3,..,45.5,..,..,..,..,..,..,..,..,..,..,..,..,..,35.6,..,..,40.2,..,..,..
Jamaica,JAM,"Unemployment, total (% of total labor force) (modeled ILO estimate)",SL.UEM.TOTL.ZS,..,6.235,6.389,6.236,6.338,6.327,6.62,6.703,6.86,6.825,6.762,6.646,6.619,6.535,6.539,6.577,6.605,6.606,6.666,7.314,7.63,8.034,8.695,9.698,9.046,8.825,8.634,7.399,5.47,4.987,6.501,5.188,4.083,4.4,4.885
Jamaica,JAM,Carbon dioxide (CO2) emissions excluding LULUCF per capita (t CO2e/capita),EN.GHG.CO2.PC.CE.AR5,3.22146900869247,3.15619052934583,3.40986373165186,3.43554636158954,3.43399778605538,3.51562765608957,3.63194073353422,3.68287276164041,3.84553121410137,3.91718263414672,3.91605881680756,3.91578579966568,3.8722291988251,3.96386690923025,3.95816220565259,3.94984715671294,4.54722158870449,4.49701525536149,3.60965426405223,2.92828448718394,2.78712405878261,2.74182809308769,2.51743055730893,2.67598332714849,2.57206356047018,2.52353762701898,2.70136285261298,2.58462712073881,3.07110003662995,2.98848392520591,2.08079939549354,2.26914079872234,2.24328177788798,2.41733003824936,..
Jamaica,JAM,Renewable energy consumption (% of total final energy consumption),EG.FEC.RNEW.ZS,12.5,12.4,13.1,14.3,12.6,13.7,12.6,12.9,10.5,10,9.3,7.9,8,8.1,6.4,5.4,4.8,5.3,5.9,7.4,8.9,9.8,12.2,11.4,11.9,12.1,11.1,11,8.9,9.2,11.7,10.5,..,..,..
Jamaica,JAM,"Government expenditure on education, total (% of GDP)",SE.XPD.TOTL.GD.ZS,4.7791600227356,4.38306999206543,3.33665990829468,3.21403002738953,4.06418991088867,3.38908004760742,3.67773008346558,4.37953996658325,..,..,4.98346996307373,5.38103008270264,5.37522983551025,4.25684976577759,3.91254997253418,4.61641979217529,..,5.49022006988525,6.19131994247437,6.19848012924194,6.37060022354126,6.26664018630981,6.11246013641357,6.25108003616333,6.01586008071899,5.45522022247314,5.31461000442505,5.26016998291016,5.41380977630615,5.16364002227783,5.61749505996704,5.63123989105225,5.35435009002686,5.65453672409058,..
Jamaica,JAM,Current health expenditure per capita (current US$),SH.XPD.CHEX.PC.CD,..,..,..,..,..,..,..,..,..,..,194.91415405,180.66116333,174.66261292,149.80267334,182.9284668,190.21676636,185.86221313,250.94419861,282.24386597,227.90843201,254.69741821,274.10949707,260.90640259,253.8757782,256.99667358,284.7729187,285.60949707,323.37380981,332.90045166,341.90777588,323.30215454,371.14056396,468.34671021,..,..
Jamaica,JAM,Individuals using the Internet (% of population),IT.NET.USER.ZS,0,..,..,..,0.0368,0.109,0.591,0.798,1.98,2.36,3.12,3.86,6.1,7.8,10,12.8,16.4,21.1,23.6,24.3,27.7,37.4,33.8,37.1,40.4,42.2,44.4,55.1,68.2,70.8,76.4,82.4,82.4,83.4,..
Jamaica,JAM,"GNI, PPP (constant 2021 international $)",NY.GNP.MKTP.PP.KD,..,..,..,..,..,..,..,..,..,..,..,..,..,..,..,..,..,..,..,..,..,..,..,..,..,..,..,..,..,..,..,26400811207.4681,..,..,..
Japan,JPN,GDP per capita (constant 2015 US$),NY.GDP.PCAP.KD,28422.2131195125,29308.274088137,29462.6539670948,29232.4397928178,29466.7552451756,30171.1637924347,31046.1701544648,31276.1930771932,30795.0888900928,30636.266116943,31430.6311303282,31476.052066579,31416.1241772435,31830.2175849262,32515.1158024317,33098.5474664872,33531.5185630775,33990.0360341685,33557.6454041531,31651.0837739853,32942.2020783725,33011.13423011,33518.444936892,34239.8862473683,34386.905855287,34960.6393843385,35242.1993771881,35861.9728545838,36138.5290824719,36043.7844013365,34650.7967802766,35701.4542716142,36202.639274898,36990.3301140205,..
Japan,JPN,Gini index,SI.POV.GINI,..,..,..,..,..,..,..,..,..,..,..,..,..,..,..,..,..,..,34.8,..,32.1,..,..,32.9,..,..,..,..,..,..,..,..,..,..,..
Japan,JPN,"Unemployment, total (% of total labor force) (modeled ILO estimate)",SL.UEM.TOTL.ZS,..,2.059,2.158,2.539,2.89,3.15,3.383,3.374,4.078,4.677,4.748,5.02,5.386,5.251,4.734,4.446,4.192,3.888,4.002,5.068,5.102,4.55,4.358,4.038,3.589,3.385,3.132,2.822,2.467,2.351,2.809,2.828,2.6,2.6,2.563
Japan,JPN,Carbon dioxide (CO2) emissions excluding LULUCF per capita (t CO2e/capita),EN.GHG.CO2.PC.CE.AR5,9.4496485203842,9.49356587396341,9.49874382157927,9.41083802642014,9.80971896020067,9.87184232338689,9.9514333198152,9.81265538605552,9.4126875,9.71900640443493,9.84529536513643,9.71476063516032,9.96060653615285,9.99633019621353,9.9512691666471,10.0413827647469,9.85733101819263,10.1268794775041,9.56528661674332,9.07020156661226,9.52958147887874,9.961007721011,10.2743091303701,10.4100600258935,10.0274639366416,9.71691822464823,9.70188627278164,9.59147213558895,9.29901664682086,8.99842379158671,8.49169181299055,8.63230306127644,8.07175855176299,7.58740778843633,..
Japan,JPN,Renewable energy consumption (% of total final energy consumption),EG.FEC.RNEW.ZS,4.3,4.5,4,4.2,3.3,3.7,3.6,3.8,3.8,3.7,3.7,3.5,3.7,4.2,4.3,4,4.4,4.3,4.4,4.5,4.7,4.8,4.7,5,5.6,6.2,6.4,6.9,7.3,7.8,8.5,8.8,..,..,..
Japan,JPN,"Government expenditure on education, total (% of GDP)",SE.XPD.TOTL.GD.ZS,..,..,..,3.36711001396179,3.5693199634552,3.40211009979248,..,..,3.29797005653381,3.37812995910645,3.46011996269226,3.40082001686096,3.40898990631104,3.46662998199463,3.42611002922058,3.31493997573853,3.27667999267578,3.27934002876282,3.27241992950439,3.5559778213501,3.59951996803284,3.60527992248535,3.41945004463196,3.40875005722046,3.41529989242554,3.31221008300781,3.14643001556396,3.13057994842529,3.07782006263733,3.15533995628357,3.30628991127014,3.33563995361328,3.23762130737305,..,..
Japan,JPN,Current health expenditure per capita (current US$),SH.XPD.CHEX.PC.CD,..,..,..,..,..,..,..,..,..,..,2751.38452148,2488.65185547,2412.35131836,2650.23852539,2884.67358398,2892.60473633,2763.53344727,2781.49365234,3223.29101563,3696.58422852,4071.80200195,5103.34326172,5232.36279297,4356.15527344,4121.21142578,3754.18115234,4194.22802734,4135.24316406,4265.77929688,4431.29980469,4486.63671875,4482.61816406,3889.35717773,..,..
Japan,JPN,Individuals using the Internet (% of population),IT.NET.USER.ZS,0.0203,0.0404,0.0967,0.401,0.8,1.59,4.37,9.16,13.4,21.4,30,38.5,46.6,48.4,62.4,66.9,68.7,74.3,75.4,78,78.2,79.1,79.5,88.2,89.1,91.1,93.2,91.7,88.7,92.7,90.2,82.9,84.9,87,..
Japan,JPN,"GNI, PPP (constant 2021 international $)",NY.GNP.MKTP.PP.KD,..,..,..,..,4912604187933.96,5039853595810.01,5196356400147.21,5233431731290.15,5181686518350.17,5156067070256.5,5280495032276.04,5308228193634.84,5302792651952.44,5373425818897.26,5482368463162.01,5555456691905.65,5604431520549.47,5678008347541.36,5497964542896.99,5258330339999.69,5439592289921.5,5389355829126.55,5445124508497.21,5568211884655.38,5589483510714.82,5775465548990.41,5844149687256.98,5919745842729.74,5920022763859.28,5909747820876.1,5701499232451.39,5835886277014.29,5807237444049.22,..,..
Jordan,JOR,GDP per capita (constant 2015 US$),NY.GDP.PCAP.KD,3202.33686003165,3010.13731183677,3264.84472634328,3238.47541692105,3240.44545104214,3303.28717864788,3262.10615178904,3280.69793184873,3302.29942733776,3341.65644275163,3412.07673213708,3518.76635312228,3644.62434644332,3713.15193593268,3935.15704743447,4151.61313015439,4209.86864014361,4287.35229821209,4489.95545537311,4615.23067817324,4621.5742854131,4631.67703841605,4677.47613977192,4556.52023716712,4282.11872849239,4042.75678097555,3933.14704611068,3940.70199181145,3928.77026821205,3919.06426916073,3806.87949354914,3874.32707806481,3909.80226400152,3950.31227288316,..
Jordan,JOR,Gini index,SI.POV.GINI,..,..,43.1,..,..,..,..,36.4,..,..,..,..,37,..,..,..,33.9,..,32.6,..,33.7,..,..,..,..,..,..,..,..,..,..,..,..,..,..
Jordan,JOR,"Unemployment, total (% of total labor force) (modeled ILO estimate)",SL.UEM.TOTL.ZS,..,21.406,19.945,19.7,16.899,14.6,13.7,13.739,13.838,13.761,13.7,14.7,15.3,14.5,14.628,14.8,14,13.1,12.7,12.9,12.5,12.9,12.2,12.6,11.9,13.075,15.275,18.12,18.257,16.801,19.213,19.837,18.2,17.969,17.996
Jordan,JOR,Carbon dioxide (CO2) emissions excluding LULUCF per capita (t CO2e/capita),EN.GHG.CO2.PC.CE.AR5,2.78063385375885,2.57673462746884,2.89951311786027,2.85973845566488,2.8487707518252,2.90518120846043,2.87587867398294,2.89724024703321,2.87275060782869,2.81687818538394,3.05651904743783,3.00198549017311,3.06379946389519,3.07370753704221,3.23362848498171,3.36946792541512,3.19648577933342,3.12623265639183,2.93184447312724,2.94926189690402,2.82132091040165,2.80914557784425,3.23355599556986,3.01572522566543,2.93929167363346,2.68553460239678,2.52183434807058,2.59421669992435,2.41408538423556,2.2181823258877,1.98041863456524,2.01593008574819,1.98429976271876,2.06124319916064,..
Jordan,JOR,Renewable energy consumption (% of total final energy consumption),EG.FEC.RNEW.ZS,2.8,2.9,2.5,2.5,2.3,2.2,2.2,2.1,2.2,2.2,2.1,2.1,2.1,2,1.8,1.7,2.3,2.3,2.7,2.8,3,3,2.9,3.1,3.1,3.2,4.7,5.3,7.2,8.5,10.7,11.5,..,..,..
Jordan,JOR,"Government expenditure on education, total (% of GDP)",SE.XPD.TOTL.GD.ZS,..,..,..,..,..,..,7.47691011428833,6.36482000350952,..,4.94366979598999,..,..,..,..,..,..,..,..,..,..,..,..,..,..,..,..,3.45282006263733,3.21305990219116,2.95461988449097,2.98847007751465,..,3.13837003707886,3.16022992134094,..,..
Jordan,JOR,Current health expenditure per capita (current US$),SH.XPD.CHEX.PC.CD,..,..,..,..,..,..,..,..,..,..,151.33486938,161.33900452,164.75001526,161.87841797,175.04393005,185.0302124,188.72041321,208.03627014,275.17532349,316.92221069,303.8081665,321.59057617,325.97836304,308.94308472,302.14120483,301.63067627,278.13378906,289.04656982,289.47106934,294.92785645,286.19711304,301.28631592,295.13876343,..,..
Jordan,JOR,Individuals using the Internet (% of population),IT.NET.USER.ZS,0,..,..,..,..,0.0232,0.0449,0.599,1.31,2.53,2.62,4.71,6.03,8.47,11.7,12.9,13.9,20,23,26,27.2,34.9,37,41.4,46.2,54.2,56.2,64.5,65.2,70.1,78.4,86,90.5,92.5,..
Jordan,JOR,"GNI, PPP (constant 2021 international $)",NY.GNP.MKTP.PP.KD,..,..,..,..,..,..,..,..,..,..,..,..,..,..,..,..,..,..,..,..,..,..,..,..,..,..,..,..,..,..,..,101108227485.885,..,..,..
Kazakhstan,KAZ,GDP per capita (constant 2015 US$),NY.GDP.PCAP.KD,5557.08215736977,4910.15324119135,4635.42154654073,4223.1282023154,3740.97810892024,3498.51454364229,3583.36908423331,3728.96386519689,3750.56494562659,3899.65723139778,4269.33016782791,4822.52862802669,5267.6990320263,5724.43199248054,6233.29439373307,6787.4115548789,7450.39687062615,8036.87599811505,8216.52181589585,8218.39912556048,8704.70655484556,9223.3021336315,9531.91477617058,9959.72586930534,10226.7100539683,10196.1226255982,10151.423313302,10404.2718646317,10670.2120148279,10989.6840718388,10565.0359816235,10873.3915275276,11058.3482413407,11453.3952725363,..
Kazakhstan,KAZ,Gini index,SI.POV.GINI,..,..,..,..,..,..,35.4,..,..,..,..,36,34.8,33.7,31.8,39.8,30.2,30.1,28.5,28.2,28,28,28.2,27.1,27,26.8,27.2,27.5,27.8,28,28.7,29.2,..,..,..
Kazakhstan,KAZ,"Unemployment, total (% of total labor force) (modeled ILO estimate)",SL.UEM.TOTL.ZS,..,0.9,1,1.11,7.54,10.98,12.96,13.01,13.13,13.46,12.75,10.43,9.33,8.78,8.4,8.13,7.79,7.26,6.63,6.55,5.77,5.39,5.29,5.2,5.06,4.93,4.96,4.9,4.85,4.8,4.89,5.546,4.86,4.821,4.794
Kazakhstan,KAZ,Carbon dioxide (CO2) emissions excluding LULUCF per capita (t CO2e/capita),EN.GHG.CO2.PC.CE.AR5,14.4937575689105,15.0433079068906,15.3068678287334,13.0899690393121,11.9586563325687,10.7779451895624,9.62590400222904,8.5584399321559,9.04799624994848,8.38828008044061,8.52965108353902,8.37668011723502,9.29497363968101,10.296868431447,11.0125456785639,11.7478472884436,13.0520496014709,13.5077141753808,15.8044747747926,13.9210014340686,14.8419920400598,15.722979523851,15.4442368491213,16.3016300171868,13.0384701412219,11.3572429012359,11.7477400945348,12.2069827515446,12.0898061858706,11.2930986688656,11.5352145765268,12.40220946501,11.9902714347957,11.798616475351,..
Kazakhstan,KAZ,Renewable energy consumption (% of total final energy consumption),EG.FEC.RNEW.ZS,1.4,1.3,1.2,1.3,1.8,1.6,1.6,1.7,1.5,1.8,2.5,2.4,2.8,2.3,1.9,2.1,2.1,1.8,1.1,1.3,1.4,1.4,1.3,1.2,1.3,1.7,2.1,2,1.9,1.9,1.8,2,..,..,..
Kazakhstan,KAZ,"Government expenditure on education, total (% of GDP)",SE.XPD.TOTL.GD.ZS,..,..,..,..,..,4.0344500541687,3.92371010780334,4.37342977523804,..,3.89257001876831,3.25661993026733,3.27934145927429,3.02970004081726,3.23048210144043,2.25590991973877,2.26353001594543,2.62678003311157,2.83138990402222,2.58945989608765,3.06071996688843,3.58735489845276,3.61434006690979,3.90163707733154,3.44564890861511,3.429039478302,3.33796977996826,3.56325101852417,3.39102387428284,3.15191626548767,3.35382127761841,4.44620370864868,4.38569402694702,4.45820236206055,..,..
Kazakhstan,KAZ,Current health expenditure per capita (current US$),SH.XPD.CHEX.PC.CD,..,..,..,..,..,..,..,..,..,..,49.093647,49.36683273,56.88095856,72.90396881,108.43821716,139.57885742,170.9365387,174.33786011,245.79397583,240.99569702,240.6149292,293.73300171,365.04208374,358.91342163,369.68508911,310.01428223,255.84049988,272.98272705,266.92147827,263.61331177,329.57086182,391.81536865,420.97982788,..,..
Kazakhstan,KAZ,Individuals using the Internet (% of population),IT.NET.USER.ZS,0,..,..,..,0.000521,0.0113,0.0318,0.0646,0.131,0.464,0.669,1.01,1.67,2,2.65,2.96,3.27,4.02,11,18.2,31.6,50.6,61.9,63.3,66,70.8,74.6,76.4,78.9,81.9,85.9,90.9,92.3,92.9,..
Kazakhstan,KAZ,"GNI, PPP (constant 2021 international $)",NY.GNP.MKTP.PP.KD,..,..,..,230203855900.954,200655299203.742,183905248264.422,184301453366.407,186848133675.869,183406462356.523,185199233222.033,197358145554.484,227155485737.668,251673975621.636,271703568792.811,293995946875.046,309433246650.597,331430915947.5,354914830288.25,351253715839.571,379425043518.595,389310767184.704,401247092755.356,428174849350.885,476240499121.874,498995133073.206,538555879211.867,519546839853.054,530319721556.515,537675606896.688,559754996539.905,579942056481.958,570646378721.163,592698789673.111,639681561976.432,..
Kenya,KEN,GDP per capita (constant 2015 US$),NY.GDP.PCAP.KD,1329.33312766232,1305.46415701447,1255.93870622359,1223.50616725762,1219.7841113305,1237.88250467675,1254.21025248674,1226.19542113337,1232.06658106635,1224.63404639886,1195.41296851656,1202.29348759987,1171.4262517349,1169.14433674051,1191.25443604556,1223.44738472019,1263.54164666211,1309.91092948216,1273.77226103073,1276.73503486074,1340.16467408856,1370.58000874482,1396.30178709756,1413.94142522583,1450.59338202277,1489.11959777284,1517.97796057742,1542.33773973372,1596.69045914945,1645.70961777862,1609.33414078281,1698.89578271444,1747.53198804428,1808.40479129677,..
Kenya,KEN,Gini index,SI.POV.GINI,..,..,56.9,..,43.1,..,..,45,..,..,..,..,..,..,..,46.4,..,..,..,..,..,..,..,..,..,40.8,..,..,..,..,36.2,38.7,..,..,..
Kenya,KEN,"Unemployment, total (% of total labor force) (modeled ILO estimate)",SL.UEM.TOTL.ZS,..,2.792,2.903,2.985,2.962,2.856,2.783,2.827,2.85,2.89,2.889,2.881,2.919,2.873,2.848,2.745,2.68,2.65,2.756,2.818,2.796,2.704,2.682,2.764,2.768,2.762,2.757,3.541,4.284,5.014,5.619,5.693,5.707,5.567,5.434
Kenya,KEN,Carbon dioxide (CO2) emissions excluding LULUCF per capita (t CO2e/capita),EN.GHG.CO2.PC.CE.AR5,0.282435616565334,0.262875957107251,0.258185597351539,0.246436822465954,0.243016142936204,0.252517212118856,0.270499668101596,0.253108630033527,0.269339679023757,0.268586769468202,0.290609012400593,0.260942965928581,0.24541057673401,0.214823846852554,0.23190719563927,0.252086210478102,0.272395887189272,0.26427878238261,0.27066788235406,0.309607605910293,0.32574439403165,0.327065092450357,0.29593989997745,0.318713553051606,0.356082241945094,0.37672871731003,0.399468737717385,0.40527856488443,0.380695107567142,0.379148987222912,0.367856773384869,0.403760554985022,0.394260455760707,0.392737469448085,..
Kenya,KEN,Renewable energy consumption (% of total final energy consumption),EG.FEC.RNEW.ZS,76.5,77.8,78.4,79.1,79.3,78.2,77.2,78.1,77.9,77.7,76.8,78.3,78.8,81.6,80.3,79.2,77.6,78.2,78.2,75.6,74,74.7,76.2,74.3,71.8,69.2,68.3,68.1,68.7,68.1,69,67.7,..,..,..
Kenya,KEN,"Government expenditure on education, total (% of GDP)",SE.XPD.TOTL.GD.ZS,..,6.57067012786865,6.07590007781982,6.02915000915527,5.9240198135376,..,..,..,..,5.32323980331421,5.1867299079895,5.20621013641357,6.17199993133545,6.49426984786987,6.79692983627319,7.3356499671936,7.04983997344971,..,..,4.01999998092651,4.81548976898193,4.70012998580933,4.93121004104614,4.83721017837524,4.7172999382019,4.9494514465332,4.66556310653687,4.26874256134033,5.32192516326904,5.37359189987183,5.04574871063232,4.89040184020996,4.51101779937744,3.96229314804077,..
Kenya,KEN,Current health expenditure per capita (current US$),SH.XPD.CHEX.PC.CD,..,..,..,..,..,..,..,..,..,..,21.53400993,22.11487579,22.28772163,25.64012337,27.65002823,30.9943428,40.3040123,49.44605255,54.35681915,55.455616,58.8164711,57.02286911,64.48231506,67.59809875,72.84589386,70.94755554,73.88768005,66.46552277,75.27681732,85.64528656,86.59217834,94.1061554,90.43982697,..,..
Kenya,KEN,Individuals using the Internet (% of population),IT.NET.USER.ZS,0,..,..,..,..,0.000727,0.00884,0.0344,0.0503,0.114,0.318,0.62,1.21,2.94,3.02,3.1,3.6,4.4,5.2,6.1,7.2,8.8,10.5,13,16.5,16.6,16.6,17.8,19.5,22.7,..,..,..,35,..
Kenya,KEN,"GNI, PPP (constant 2021 international $)",NY.GNP.MKTP.PP.KD,92387170546.9469,93316403040.6444,92734694376.0309,91152846193.7176,94430273206.8827,100124498910.643,105946665941.724,106983982202.972,110907157160.824,113020192353.509,114047241159.737,118259354624.341,119124190798.845,122408033870.294,128942615896.727,137599922609.738,146175231936.064,155933771914.514,156822974528.466,141267053545.367,154121696227.542,165941295206.372,171920011266.426,177138927509.989,186817967619.043,198747522546.25,226560872683.001,233936561814.654,248143775784.831,260598513581.394,262330339131.241,280169164036.839,293407812470.497,309064741844.756,..
Kiribati,KIR,GDP per capita (constant 2015 US$),NY.GDP.PCAP.KD,1387.65291745794,1283.34636341684,1564.72311281185,1539.30445964374,1547.62397647288,1566.47246119761,1539.33665080748,1529.24949484426,1569.02701626793,1482.19199839683,1555.58163876136,1477.95152090297,1467.99249991305,1415.54587814327,1378.95845078454,1368.99725739118,1419.38693237616,1433.35742787716,1361.83585343997,1340.27572148771,1328.78757544885,1348.060276659,1405.5027269033,1493.49114108782,1492.85058580954,1639.85274301496,1731.43693361219,1769.51190858639,1803.94864497849,1835.21962590991,1793.38536230105,1911.69443416476,1954.50275057384,2003.46946759298,..
Kiribati,KIR,Gini index,SI.POV.GINI,..,..,..,..,..,..,..,..,..,..,..,..,..,..,..,..,37,..,..,..,..,..,..,..,..,..,..,..,..,27.8,..,..,..,..,..
Kiribati,KIR,"Unemployment, total (% of total labor force) (modeled ILO estimate)",SL.UEM.TOTL.ZS,..,..,..,..,..,..,..,..,..,..,..,..,..,..,..,..,..,..,..,..,..,..,..,..,..,..,..,..,..,..,..,..,..,..,..
Kiribati,KIR,Carbon dioxide (CO2) emissions excluding LULUCF per capita (t CO2e/capita),EN.GHG.CO2.PC.CE.AR5,0.224433905550731,0.230466038995901,0.247292023544261,0.246064864727743,0.249934392222042,0.222813107812,0.221487963400022,0.224606937858747,0.22648470060824,0.222666023919381,0.371277352081523,0.326562240549067,0.473640856672158,0.474648261215822,0.482905760524536,0.628347018921814,0.661887479128548,0.603519222479132,0.658210358657481,0.54476974085867,0.562076832499264,0.515151789022748,0.496954151971786,0.527943217554771,0.526334044361202,0.533321919274066,0.57225814075187,0.65599667428809,0.660201172962878,0.67623728020271,0.674866573089398,0.695607468627558,0.722010592554553,0.734927940843583,..
Kiribati,KIR,Renewable energy consumption (% of total final energy consumption),EG.FEC.RNEW.ZS,64,63.5,63.2,59.3,59.9,59.1,55.3,57.5,59.1,59.8,54.7,56.4,53,50.5,50.5,48.5,48.1,48.4,49.7,50.4,50.1,50.5,48.7,46.2,48,47.5,48.1,42.5,42.3,42.2,42.2,42.2,41.9,..,..
Kiribati,KIR,"Government expenditure on education, total (% of GDP)",SE.XPD.TOTL.GD.ZS,..,..,..,..,..,..,..,..,..,9.69332027435303,10.0586099624634,11.6075401306152,..,..,..,..,..,..,..,..,..,13.0445995330811,13.4276657104492,13.2189998626709,12.9530000686646,12.1140003204346,13.4829998016357,13.5749998092651,15.3769998550415,13.7686548233032,..,14.1951599121094,..,..,..
Kiribati,KIR,Current health expenditure per capita (current US$),SH.XPD.CHEX.PC.CD,..,..,..,..,..,..,..,..,..,..,65.61151886,85.88798523,92.96794891,102.43731689,132.29045105,131.88641357,126.86061859,148.0586853,190.33927917,167.97206116,133.15927124,141.5138092,146.6194458,154.34346008,155.38656616,118.3345871,157.72897339,179.57881165,208.73831177,177.93025208,239.24353027,262.54107666,217.68276978,..,..
Kiribati,KIR,Individuals using the Internet (% of population),IT.NET.USER.ZS,0,..,..,..,..,..,..,..,0.617,1.21,1.79,2.34,2.5,3,3.5,4,4.5,6,7,8.97,9.07,10,10.7,11.5,12.3,14.9,19.4,25.3,33,39.6,..,..,..,88,..
Kiribati,KIR,"GNI, PPP (constant 2021 international $)",NY.GNP.MKTP.PP.KD,..,..,..,..,..,..,..,..,..,..,..,..,..,..,..,..,307664393.405416,324022541.907332,319283270.226076,302307823.842517,322493258.929971,317389266.28677,362166525.452781,417473500.567699,479469033.185915,582827695.507519,540565785.301695,591854495.687091,601878103.171008,677791230.282143,609867199.760302,610026136.541577,614149991.323211,..,..
"Korea, Dem. People's Rep.",PRK,GDP per capita (constant 2015 US$),NY.GDP.PCAP.KD,..,..,..,..,..,..,..,..,..,..,..,..,..,..,..,..,..,..,..,..,..,..,..,..,..,..,..,..,..,..,..,..,..,..,..
"Korea, Dem. People's Rep.",PRK,Gini index,SI.POV.GINI,..,..,..,..,..,..,..,..,..,..,..,..,..,..,..,..,..,..,..,..,..,..,..,..,..,..,..,..,..,..,..,..,..,..,..
"Korea, Dem. People's Rep.",PRK,"Unemployment, total (% of total labor force) (modeled ILO estimate)",SL.UEM.TOTL.ZS,..,2.3,2.333,2.433,2.538,2.557,2.592,2.68,2.871,3.059,3.05,3.07,3.043,3.059,3.016,2.972,2.944,2.936,2.873,2.871,2.81,2.894,2.916,2.928,2.883,2.896,2.931,2.846,2.757,2.782,2.948,3,2.805,2.831,2.859
"Korea, Dem. People's Rep.",PRK,Carbon dioxide (CO2) emissions excluding LULUCF per capita (t CO2e/capita),EN.GHG.CO2.PC.CE.AR5,6.25064625149032,5.92270960011551,5.16044132588286,4.71188064232383,4.25070136052219,3.93046473769111,3.45295584603358,3.31757881478078,2.69688468778843,2.91801728338287,3.11867576611252,3.21947711220633,3.06728962649599,3.11253288657132,3.1550105065182,3.2684040326715,3.31295140815675,2.7584412690495,3.00661209472321,2.88002427172368,2.76227187472911,2.0283670242348,1.94789107672429,1.49956270272103,1.63776161669311,1.28011151362542,1.40466347885851,2.8506983326832,2.56166840595212,2.81819406618851,2.64309670010061,2.18333844530612,2.25855710723353,2.43296251327304,..
"Korea, Dem. People's Rep.",PRK,Renewable energy consumption (% of total final energy consumption),EG.FEC.RNEW.ZS,7.2,7.5,7.7,8,9,9.6,10.2,9.6,9.9,9.4,8.7,8.6,9,9.3,9.4,9.2,9,10.9,10.2,10.4,11,14.8,15.4,20.8,18.5,22.6,24,10.2,11.9,10,11.2,14.7,..,..,..
"Korea, Dem. People's Rep.",PRK,"Government expenditure on education, total (% of GDP)",SE.XPD.TOTL.GD.ZS,..,..,..,..,..,..,..,..,..,..,..,..,..,..,..,..,..,..,..,..,..,..,..,..,..,..,..,..,..,..,..,..,..,..,..
"Korea, Dem. People's Rep.",PRK,Current health expenditure per capita (current US$),SH.XPD.CHEX.PC.CD,..,..,..,..,..,..,..,..,..,..,..,..,..,..,..,..,..,..,..,..,..,..,..,..,..,..,..,..,..,..,..,..,..,..,..
"Korea, Dem. People's Rep.",PRK,Individuals using the Internet (% of population),IT.NET.USER.ZS,0,..,..,..,..,..,..,0,0,0,0,0,0,0,0,0,0,0,0,0,0,0,0,..,..,..,..,..,..,..,..,..,..,..,..
"Korea, Dem. People's Rep.",PRK,"GNI, PPP (constant 2021 international $)",NY.GNP.MKTP.PP.KD,..,..,..,..,..,..,..,..,..,..,..,..,..,..,..,..,..,..,..,..,..,..,..,..,..,..,..,..,..,..,..,..,..,..,..
"Korea, Rep.",KOR,GDP per capita (constant 2015 US$),NY.GDP.PCAP.KD,9367.09258686755,10274.4827454694,10798.561680692,11424.5851330612,12358.5180229628,13411.1119170158,14332.1367231987,15074.4883429924,14198.386270755,15714.4119484746,16995.5591864626,17684.0503773277,18940.3842233935,19435.4934104303,20364.7599656771,21197.1990880347,22196.2077459266,23365.1402064812,23887.0595538423,23952.8132191069,25455.6174843658,26191.6442615421,26680.2754448705,27399.6159477521,28100.0102759544,28737.4391706499,29467.124342556,30312.8888500809,31059.2668087927,31645.9498343307,31378.1579340648,32771.0724243229,33690.3788793046,34121.0211756766,..
"Korea, Rep.",KOR,Gini index,SI.POV.GINI,..,..,..,..,..,..,..,..,..,..,..,..,..,..,..,..,31.7,..,32.3,..,32,..,31.6,..,31.2,..,35.2,34.9,33.7,33.2,32.7,32.9,..,..,..
"Korea, Rep.",KOR,"Unemployment, total (% of total labor force) (modeled ILO estimate)",SL.UEM.TOTL.ZS,..,2.407,2.513,2.878,2.476,2.063,2.048,2.608,6.963,6.342,4.063,3.699,3.046,3.348,3.42,3.482,3.254,3.013,2.959,3.363,3.324,2.992,2.812,2.747,3.082,3.546,3.65,3.653,3.824,3.746,3.931,3.639,2.857,2.675,2.604
"Korea, Rep.",KOR,Carbon dioxide (CO2) emissions excluding LULUCF per capita (t CO2e/capita),EN.GHG.CO2.PC.CE.AR5,6.34775487147756,6.90863463035501,7.29020245560239,7.83864274182826,8.36295522063083,8.97571420800186,9.48090553341824,9.91244860574519,8.41338348675855,9.10372268705468,10.0867252462027,10.1855779937768,10.3111285998101,10.3460575002302,10.7253636191565,10.6962767596866,10.7747048554065,10.9480684249604,11.0757299788636,11.1821417427879,12.0701930850865,12.5940576936717,12.5926085879176,12.4705275604602,12.2869803113541,12.5980842438198,12.8839106980048,13.003046167811,12.9991653784706,12.5784611024066,11.848886258897,12.190010036597,11.3758152802505,11.0908267863981,..
"Korea, Rep.",KOR,Renewable energy consumption (% of total final energy consumption),EG.FEC.RNEW.ZS,1.6,1,0.8,0.7,0.4,0.4,0.6,0.7,0.9,0.8,0.7,0.7,0.7,0.8,0.8,0.9,0.9,1,1.1,1.2,1.3,1.4,1.6,1.9,2.9,2.7,2.6,2.8,3.2,3.2,3.6,3.6,..,..,..
"Korea, Rep.",KOR,"Government expenditure on education, total (% of GDP)",SE.XPD.TOTL.GD.ZS,3.03873991966248,3.48924994468689,3.57788991928101,3.69697999954224,3.01831007003784,2.93543004989624,..,..,3.36813998222351,3.3692901134491,..,..,..,..,..,..,..,..,..,3.91358160972595,3.52756690979004,..,..,..,..,4.45423984527588,4.33309984207153,4.32823991775513,4.45807981491089,4.68465995788574,4.8017201423645,4.86627006530762,..,..,..
"Korea, Rep.",KOR,Current health expenditure per capita (current US$),SH.XPD.CHEX.PC.CD,..,..,..,..,..,..,..,..,..,..,475.2520752,503.15795898,537.16113281,685.28436279,765.10858154,945.30609131,1131.65930176,1256.11560059,1171.5625,1146.5637207,1413.15209961,1562.21313477,1591.78039551,1727.56616211,1909.91503906,1933.61779785,2015.13208008,2221.75146484,2493.33569336,2592.47851563,2649.33422852,3141.52246094,3049.67163086,3269.70385742,..
"Korea, Rep.",KOR,Individuals using the Internet (% of population),IT.NET.USER.ZS,0.0233,0.0461,0.0984,0.25,0.311,0.82,1.62,3.6,6.78,23.6,44.7,56.6,59.4,65.5,72.7,73.5,78.1,78.8,81,81.6,83.7,83.8,84.1,84.8,87.6,89.9,92.8,95.1,96,96.2,96.5,97.6,97.2,97.4,..
"Korea, Rep.",KOR,"GNI, PPP (constant 2021 international $)",NY.GNP.MKTP.PP.KD,684316635079.689,759031571809.969,805556729385.406,863676126464.021,944725088407.785,1027530757363.39,1095884358391.66,1140253459998.06,1052753733889.86,1165536680249.22,1240968517303.26,1290153770010.94,1401510278844.68,1438937027493.21,1500787519254.04,1537173122465.05,1598424256102.73,1689330965654.33,1695758703328.44,1737777764172.31,1863031161541.66,1893357718673.65,1948760391518.81,2023687921659.76,2094348455718.67,2226616900140.35,2324908687088.79,2401473373916.82,2439406839227.43,2447965866005.98,2449349195799.72,2534876140736.86,2517405862202.76,2563449069980.71,..
Kosovo,XKX,GDP per capita (constant 2015 US$),NY.GDP.PCAP.KD,..,..,..,..,..,..,..,..,..,..,..,..,..,..,..,..,..,..,2543.59926351696,2680.86121521141,2822.63359634011,2995.64952029477,3021.35142613995,3163.47189486431,3279.02499043758,3520.62850699375,3739.17562318261,3890.17807271082,4009.12140760339,4219.06693858503,3990.94390114906,4429.87349503716,4666.3913779077,4888.63522764435,..
Kosovo,XKX,Gini index,SI.POV.GINI,..,..,..,..,..,..,..,..,..,..,..,..,..,29,..,31.2,30.3,..,..,31.8,33.3,27.8,29,26.3,27.3,26.5,26.7,29,..,..,..,..,..,..,..
Kosovo,XKX,"Unemployment, total (% of total labor force) (modeled ILO estimate)",SL.UEM.TOTL.ZS,..,..,..,..,..,..,..,..,..,..,..,..,..,..,..,..,..,..,..,..,..,..,..,..,..,..,..,..,..,..,..,..,..,..,..
Kosovo,XKX,Carbon dioxide (CO2) emissions excluding LULUCF per capita (t CO2e/capita),EN.GHG.CO2.PC.CE.AR5,..,..,..,..,..,..,..,..,..,..,..,..,..,..,..,..,..,..,..,..,..,..,..,..,..,..,..,..,..,..,..,..,..,..,..
Kosovo,XKX,Renewable energy consumption (% of total final energy consumption),EG.FEC.RNEW.ZS,..,..,..,..,..,..,..,..,..,..,..,..,..,..,..,..,..,..,..,..,..,..,..,..,..,..,..,..,..,..,..,..,..,..,..
Kosovo,XKX,"Government expenditure on education, total (% of GDP)",SE.XPD.TOTL.GD.ZS,..,..,..,..,..,..,..,..,..,..,..,..,..,..,..,..,..,..,..,..,..,..,..,..,..,..,..,..,..,..,..,..,..,..,..
Kosovo,XKX,Current health expenditure per capita (current US$),SH.XPD.CHEX.PC.CD,..,..,..,..,..,..,..,..,..,..,..,..,..,..,..,..,..,..,..,..,..,..,..,..,..,..,..,..,..,..,..,..,..,..,..
Kosovo,XKX,Individuals using the Internet (% of population),IT.NET.USER.ZS,..,..,..,..,..,..,..,..,..,..,..,..,..,..,..,..,..,..,..,..,..,..,..,..,..,..,..,83.9,89.4,..,..,..,..,..,..
Kosovo,XKX,"GNI, PPP (constant 2021 international $)",NY.GNP.MKTP.PP.KD,..,..,..,..,..,..,..,..,..,..,..,..,..,..,..,..,..,..,13372545548.0473,13652288465.1131,14321595468.0732,15350267603.3803,15737222541.6651,16446560511.8108,16950369866.6719,17855998356.5908,18779399691.2501,19834522534.486,20446772409.9751,21544763509.9878,20431560109.3463,22500265186.822,23311681624.7519,24442013031.1454,..
Kuwait,KWT,GDP per capita (constant 2015 US$),NY.GDP.PCAP.KD,20140.7833621894,14812.92001334,22382.8419489494,29323.8531051883,31946.4900872792,33156.8471720356,32417.9626222646,32152.4365708657,32306.6685512895,30798.0945469691,31341.9779145225,30573.4282591058,30702.21604281,35169.6333859206,37918.5403803743,40451.2549496189,41137.9697079252,41113.8691746555,39852.5126986897,35124.0852064802,32568.5149842886,33545.3460715444,33578.3308233506,32311.1795193025,31073.1534776392,29882.2126867068,29454.4421199637,27048.3705363937,26706.0190338255,26580.226300826,25541.50749746,26354.9456744811,26508.4604683157,24155.1872264077,..
Kuwait,KWT,Gini index,SI.POV.GINI,..,..,..,..,..,..,..,..,..,..,..,..,..,..,..,..,..,..,..,..,..,..,..,..,..,..,..,..,..,..,..,..,..,..,..
Kuwait,KWT,"Unemployment, total (% of total labor force) (modeled ILO estimate)",SL.UEM.TOTL.ZS,..,0.881,0.875,0.8,0.7,0.694,0.7,0.7,0.7,0.7,0.8,0.8,1.1,1.3,1.7,1.456,1.3,1.5,1.75,1.64,1.82,2.053,2.231,2.471,2.9,2.2,2.16,2.227,2.204,2.251,3.557,3.002,2.174,2.127,2.144
Kuwait,KWT,Carbon dioxide (CO2) emissions excluding LULUCF per capita (t CO2e/capita),EN.GHG.CO2.PC.CE.AR5,19.2350632323116,28.4870715458573,16.4914025472167,20.4986272172788,24.4737169400148,23.9735880721707,22.9134469896188,23.3532455138858,25.1187712207654,26.2570064683189,27.8697749895253,28.6363720114475,29.1663389926281,29.9423048029723,31.1633415534089,33.7219262621223,33.0142980201147,30.4285639663988,30.8241128059256,29.876507967851,29.3874848303239,28.6880102042445,27.2007896655458,26.5615289619493,24.8980325575661,24.6926777263915,24.2839582267758,23.1539477598505,22.6664184118709,22.2456034194776,22.4100719342713,24.3401481128171,23.8356883095265,23.0009972349395,..
Kuwait,KWT,Renewable energy consumption (% of total final energy consumption),EG.FEC.RNEW.ZS,0.2,0.3,0.2,0.1,0,0.1,0.1,0,0,0,0,0,0,0,0,0,0,0,0,0,0,0,0,0,0,0,0,0,0,0.1,0.1,0.1,..,..,..
Kuwait,KWT,"Government expenditure on education, total (% of GDP)",SE.XPD.TOTL.GD.ZS,..,..,14.1988296508789,..,..,..,5.85961008071899,5.5826301574707,..,..,..,6.5858302116394,6.551109790802,5.2112922668457,5.53506994247437,4.73833990097046,3.75997996330261,..,..,..,..,..,..,..,..,..,5.95593976974487,6.35444211959839,6.39165258407593,6.72789573669434,6.24513053894043,7.76246690750122,6.58236503601074,5.02626085281372,..
Kuwait,KWT,Current health expenditure per capita (current US$),SH.XPD.CHEX.PC.CD,..,..,..,..,..,..,..,..,..,..,425.20968628,553.75134277,578.41534424,626.35095215,649.42504883,727.25366211,782.20379639,880.71105957,1069.46472168,1025.90490723,1050.41589355,1147.15539551,1216.8684082,1235.29321289,1293.8326416,1259.55786133,1292.71984863,1351.72387695,1658.60375977,1643.16491699,1523.4276123,1788.77563477,1700.31958008,..,..
Kuwait,KWT,Individuals using the Internet (% of population),IT.NET.USER.ZS,0,..,..,0.0911,0.147,0.203,0.856,2.17,3.05,4.76,6.73,8.55,10.2,22.4,22.9,25.9,28.8,34.8,42,50.8,61.4,65.8,70.5,75.5,78.7,82,85.6,98,99.6,99.5,99.1,99.7,99.7,99.7,..
Kuwait,KWT,"GNI, PPP (constant 2021 international $)",NY.GNP.MKTP.PP.KD,..,..,..,..,..,..,..,..,..,..,..,..,..,..,..,..,..,..,..,..,202694608726.905,219013166889.551,232667166276.415,240795117648.117,245042570975.032,242738812446.617,249126098433.852,246474524142.42,251548347407.082,259167906688.185,242476867500.139,256983064859.678,272434406639.08,..,..
Kyrgyz Republic,KGZ,GDP per capita (constant 2015 US$),NY.GDP.PCAP.KD,1203.47208279448,1089.90005451003,928.315623345335,784.564919201316,627.221059388758,587.298180667228,619.667835556358,671.250079627062,675.05831892302,689.414278205464,718.34290572247,749.423855336367,742.44300111832,786.350474964134,831.48218538698,820.709598923049,837.138026647346,900.028050315122,966.409971184817,981.220904665529,962.764789828724,1005.48326882132,985.8472865972,1069.78404438716,1088.58223445646,1105.65202996955,1128.31625263844,1157.18284932307,1175.0713690492,1201.87701429721,1093.32864588331,1132.5546781282,1212.17821410944,1264.17439486467,..
Kyrgyz Republic,KGZ,Gini index,SI.POV.GINI,..,..,..,..,..,..,..,..,..,..,31,30.2,30.3,28.7,34.8,32.6,37.4,33.9,31.5,29.9,30.1,27.8,27.4,28.8,26.8,29,26.8,27.3,27.7,29.7,29,28.8,26.4,..,..
Kyrgyz Republic,KGZ,"Unemployment, total (% of total labor force) (modeled ILO estimate)",SL.UEM.TOTL.ZS,..,1,1.1,1.248,1.384,1.474,1.525,1.551,1.632,1.743,1.858,1.95,2.065,2.162,2.259,2.362,2.48,2.577,2.642,2.744,2.887,2.999,3.114,3.153,3.262,3.338,3.474,3.57,3.67,4.295,4.63,4.096,4.043,3.991,3.289
Kyrgyz Republic,KGZ,Carbon dioxide (CO2) emissions excluding LULUCF per capita (t CO2e/capita),EN.GHG.CO2.PC.CE.AR5,5.38729870132236,4.76329376467694,3.10025724191182,2.27753108023708,1.49063076230183,1.04331717850898,1.27809871041793,1.24281886598528,1.29100047819104,1.01518008140613,0.979470380044429,0.815094217526639,1.00953693106223,1.12223960939923,1.09908246546696,1.08723454349272,1.07123427167816,1.27950038574443,1.47087772285446,1.30643161337402,1.20819987492361,1.42494847957388,1.84723276898612,1.67663986567771,1.68326391766804,1.70788731291397,1.57738747072528,1.52799512835208,1.78009935788337,1.55169538577748,1.38371632425348,1.53330266241477,1.47823305058715,1.47385471319413,..
Kyrgyz Republic,KGZ,Renewable energy consumption (% of total final energy consumption),EG.FEC.RNEW.ZS,7.9,9,13,16.2,26.5,35,29.5,28.8,25.1,34.5,35.2,36,28.3,30.5,27.7,28,27.8,24.5,22,24.7,25.6,26,22.4,24.8,26.6,23.5,22.2,24.7,23.4,28.3,30,27.6,..,..,..
Kyrgyz Republic,KGZ,"Government expenditure on education, total (% of GDP)",SE.XPD.TOTL.GD.ZS,..,..,..,..,5.58819007873535,6.15642976760864,4.90260982513428,..,4.91963005065918,4.0852198600769,3.50838994979858,3.85418009757996,4.44545984268188,4.47541999816895,4.62243986129761,4.87383985519409,5.54986000061035,6.46700000762939,5.91318988800049,6.23267984390259,5.81883239746094,6.79062080383301,7.38422012329102,6.78019857406616,6.46763563156128,6.96764755249023,6.58615016937256,6.02618980407715,5.55267000198364,6.07318115234375,6.61971664428711,6.17235136032104,7.1688437461853,6.82694673538208,..
Kyrgyz Republic,KGZ,Current health expenditure per capita (current US$),SH.XPD.CHEX.PC.CD,..,..,..,..,..,..,..,..,..,..,12.0349474,12.87845421,14.4122982,21.68980598,26.37302399,34.93693161,44.5950737,49.61043167,62.77722549,59.93972397,60.67642975,78.73632813,98.66984558,103.59188843,93.15830994,79.54891205,71.52179718,76.60479736,65.34625244,61.39657974,61.40720367,72.58777618,85.87857056,..,..
Kyrgyz Republic,KGZ,Individuals using the Internet (% of population),IT.NET.USER.ZS,0,..,..,..,..,..,..,..,0.0728,0.205,1.04,3,3,3.91,5.09,10.5,12.3,14,15.7,16,16.3,17.5,19.8,23,28.3,30.2,40.5,50.8,62.8,64.1,72,77.1,82.6,88.5,..
Kyrgyz Republic,KGZ,"GNI, PPP (constant 2021 international $)",NY.GNP.MKTP.PP.KD,..,..,..,..,..,..,..,..,..,..,..,..,..,..,..,..,..,..,..,..,25191664848.3041,25475505840.2862,27643240264.3223,29790539560.2295,31456708355.7496,32744762067.6182,33674988343.9553,35376159426.8794,37355440849.9464,36897458495.7164,36193016544.6876,36657778444.8601,41917659559.4928,44896351932.1726,..
Lao PDR,LAO,GDP per capita (constant 2015 US$),NY.GDP.PCAP.KD,634.525297009385,643.410259077746,660.633861954064,680.964153708638,717.509245108717,749.234741728538,782.683156535545,819.205851313643,836.088098507116,881.634129609675,917.228038617529,954.123505414634,994.492241963795,1038.71192767783,1088.76034728831,1148.68153852071,1228.08927619923,1301.08597549864,1381.73754223953,1463.3379666846,1564.91068311647,1666.40086189871,1774.63585203672,1890.27861294875,2006.31195444447,2121.01339097363,2234.76098741846,2351.57441747595,2459.97874636195,2554.95638019245,2529.74622698761,2556.58912640405,2589.05015191628,2648.88726608035,..
Lao PDR,LAO,Gini index,SI.POV.GINI,..,..,34.3,..,..,..,..,34.9,..,..,..,..,32.6,..,..,..,..,35.4,..,..,..,..,36,..,..,..,..,..,38.8,..,..,..,..,..,..
Lao PDR,LAO,"Unemployment, total (% of total labor force) (modeled ILO estimate)",SL.UEM.TOTL.ZS,..,2.498,2.717,2.739,2.636,2.6,2.449,2.352,2.294,2.154,2.046,1.88,1.775,1.639,1.498,1.35,1.198,1.067,0.943,0.834,0.708,1.055,1.399,1.757,2.119,2.494,2.881,3.268,2.9,2.537,2.361,2.066,1.209,1.188,1.218
Lao PDR,LAO,Carbon dioxide (CO2) emissions excluding LULUCF per capita (t CO2e/capita),EN.GHG.CO2.PC.CE.AR5,0.0597408831956734,0.0710240403975723,0.0761901252860419,0.0781420088536753,0.0839637196884318,0.0804356059722372,0.0921977185226644,0.0998056875266765,0.105044218414234,0.100116387406793,0.172061042728584,0.186381120141295,0.20574279762084,0.210602243440398,0.217585848686857,0.221926040668041,0.28652401395224,0.298205023714399,0.343065642386553,0.423077773444872,0.467525939369713,0.486447711772495,0.511690636170271,0.596576965340848,0.654511028510084,1.31253542341595,2.29720000660028,2.74204857777986,2.78647230762432,2.67627440783151,2.645846687138,3.19548907488521,3.24790015408108,3.39475848184075,..
Lao PDR,LAO,Renewable energy consumption (% of total final energy consumption),EG.FEC.RNEW.ZS,88.4,88,87,86.7,86.3,85.6,84.9,84.6,86.6,86.6,81.5,81.1,80.2,78.7,74,73.9,69.8,70.7,69.3,66.4,64.8,63.6,62.4,58.6,58.2,53.3,51.7,50.6,50.2,50.5,50.6,51.5,49.2,..,..
Lao PDR,LAO,"Government expenditure on education, total (% of GDP)",SE.XPD.TOTL.GD.ZS,..,..,2.33456993103027,..,..,..,2.42974996566772,2.13019990921021,..,..,1.50369000434875,1.9902800321579,2.82522010803223,..,2.41300010681152,2.4140899181366,2.95879006385803,3.07841992378235,2.27854990959167,1.65485000610352,1.70978999137878,1.70801997184753,1.82147002220154,3.23380994796753,2.93780994415283,2.73689794540405,2.77442979812622,2.4979727268219,2.33501219749451,2.12201404571533,1.91597270965576,1.85949182510376,1.46083438396454,1.23375165462494,..
Lao PDR,LAO,Current health expenditure per capita (current US$),SH.XPD.CHEX.PC.CD,..,..,..,..,..,..,..,..,..,..,14.10313892,14.46665001,12.90540886,17.59125519,16.23278809,17.33082581,19.22654533,24.56666374,26.74945259,35.71521378,34.52460861,27.11878395,32.46548843,43.49770355,45.53330612,52.04236603,54.3762207,61.42248535,57.1708374,67.57865143,51.96581268,68.61697388,41.34779739,..,..
Lao PDR,LAO,Individuals using the Internet (% of population),IT.NET.USER.ZS,0,..,..,..,..,..,..,..,0.00966,0.0378,0.111,0.182,0.268,0.334,0.361,0.85,1.17,1.64,3.55,6,7,9,10.7,12.5,14.3,18.2,21.9,25.5,36.3,47,54,62,62.7,63.6,..
Lao PDR,LAO,"GNI, PPP (constant 2021 international $)",NY.GNP.MKTP.PP.KD,..,..,..,..,..,..,..,..,..,..,..,..,..,..,..,..,..,..,..,..,..,..,..,..,..,..,..,..,..,..,..,56795189946.6876,..,..,..
Latvia,LVA,GDP per capita (constant 2015 US$),NY.GDP.PCAP.KD,7622.69843955032,6694.19910155276,4607.11390600301,4464.72124061395,4639.50576165125,4661.66851148723,4822.90396636409,5317.98018252187,5719.98922340219,5929.26760970467,6336.38310612599,6833.4352857494,7443.22938820575,8149.00194474603,8957.23390372866,10106.2624634001,11507.4646780972,12810.0407808465,12506.694495072,10675.4252448647,10500.8666389182,11018.5153747356,11971.0108776675,12353.5388527084,12731.6774205863,13321.9753140616,13787.3367216588,14382.8613400359,15120.0696016293,15328.3861531528,14900.7294732334,16070.8728743971,16406.6490572974,16703.9018520982,..
Latvia,LVA,Gini index,SI.POV.GINI,..,..,..,..,..,..,..,..,..,..,..,..,..,..,36.4,39,35.6,37.5,37.2,35.9,35,35.8,35.2,35.5,35.1,34.2,34.3,35.6,35.1,34.5,35.7,34.3,..,..,..
Latvia,LVA,"Unemployment, total (% of total labor force) (modeled ILO estimate)",SL.UEM.TOTL.ZS,..,2.7,6.6,16.7,18.7,19,20.7,17.569,14.454,13.79,14.211,13.821,13.829,12.061,11.708,10.033,7.03,6.052,7.739,17.515,19.482,16.206,15.047,11.867,10.846,9.873,9.643,8.715,7.412,6.312,8.098,7.513,6.815,6.465,6.72
Latvia,LVA,Carbon dioxide (CO2) emissions excluding LULUCF per capita (t CO2e/capita),EN.GHG.CO2.PC.CE.AR5,7.36657440753453,6.78734209594047,5.47148073431974,4.70102875601278,4.16004493914887,3.71605307888434,3.76433224185686,3.62282770297071,3.4924205991737,3.29034060913238,3.05370530717408,3.28054869778407,3.3176736114568,3.45911523609512,3.51585111187112,3.58625316520152,3.84883947894771,4.05035619737993,3.89340667113087,3.61899994817126,4.23283298888468,3.99658398346563,3.94510398811593,3.86431401035552,3.79770707128462,3.86649588096648,3.81646276645963,3.82561856158431,4.2061069732157,4.10403893361034,3.8005755481994,3.94117241269521,3.54259882099604,3.48936986170034,..
Latvia,LVA,Renewable energy consumption (% of total final energy consumption),EG.FEC.RNEW.ZS,17.6,18.7,21.6,25.4,28.3,32.4,32,32.9,35.4,36.3,35.8,35.4,34.4,34.3,36.1,36.3,34,33.1,33.7,38.4,33.1,35.5,40.4,39.6,40.2,38.1,38.5,42.6,41,41.5,43.8,44,..,..,..
Latvia,LVA,"Government expenditure on education, total (% of GDP)",SE.XPD.TOTL.GD.ZS,3.46597003936768,3.74338006973267,4.16692018508911,..,..,..,5.2575798034668,5.51279020309448,5.80772018432617,5.53938007354736,5.27427005767822,5.44695997238159,5.60254001617432,5.05714988708496,4.83406019210815,5.29892539978027,4.68466997146606,4.63328981399536,5.36644983291626,5.52265977859497,5.03881978988647,5.07161998748779,6.58270978927612,6.99697017669678,5.28122997283936,5.28251981735229,4.65749979019165,4.36671018600464,4.24356985092163,4.43584012985229,4.85059022903442,4.61546993255615,..,..,..
Latvia,LVA,Current health expenditure per capita (current US$),SH.XPD.CHEX.PC.CD,..,..,..,..,..,..,..,..,..,..,181.57072449,205.02047729,237.29516602,280.50878906,393.29806519,440.8097229,552.30163574,775.19146729,913.52148438,744.66162109,689.07720947,764.59179688,745.51745605,807.13000488,856.76654053,775.86431885,874.79772949,932.50158691,1101.49243164,1183.1151123,1313.35412598,1897.95275879,1642.47131348,..,..
Latvia,LVA,Individuals using the Internet (% of population),IT.NET.USER.ZS,0,..,..,..,..,..,0.813,2.05,3.32,4.39,6.32,7.22,21.9,27,38.6,46,53.6,59.2,63.4,66.8,68.4,69.8,73.1,75.2,75.8,79.2,79.8,80.1,83.6,86.1,88.9,91.2,91,92.2,..
Latvia,LVA,"GNI, PPP (constant 2021 international $)",NY.GNP.MKTP.PP.KD,..,..,..,..,..,27132775933.0556,27705324620.4461,29233520791.2583,31707278410.574,32579983641.6438,33967318856.7709,36460366234.1202,38636965192.7157,41833894728.5513,44943463038.6381,50119138672.1627,55480514989.752,62893632024.3154,61649401852.0348,57249290650.1554,51636312124.0986,53299044780.2809,55699189914.9036,57301994569.4463,58317004089.7939,60445352702.9584,63226308060.1414,65427045784.4913,67880067840.7191,68762597131.774,68060778643.7499,70521111283.4835,73307476670.1777,..,..
Lebanon,LBN,GDP per capita (constant 2015 US$),NY.GDP.PCAP.KD,2752.72442253257,4031.19474543924,4595.5808332577,4992.69878232449,5301.41584672248,5542.2265103529,6054.52911921482,6008.75855385657,6120.45672717024,5982.41788354308,5958.97836750301,6085.76041420146,6207.24133893746,6319.76518298647,6633.75258002393,6707.18024635316,6696.37428200596,7179.34520092306,7701.29823027979,8375.48851252821,8955.54336184707,8936.20027462737,8920.8056984673,8443.53856528784,7830.4151113336,7714.1099998804,8019.1416913426,8305.57405425721,8388.7235123835,8064.04873416236,6440.82843092922,5973.41933892988,5909.03651555028,..,..
Lebanon,LBN,Gini index,SI.POV.GINI,..,..,..,..,..,..,..,..,..,..,..,..,..,..,..,..,..,..,..,..,..,31.8,..,..,..,..,..,..,..,..,..,..,..,..,..
Lebanon,LBN,"Unemployment, total (% of total labor force) (modeled ILO estimate)",SL.UEM.TOTL.ZS,..,8.609,8.259,8.262,8.35,8.442,8.435,8.62,8.564,8.745,8.603,8.464,8.229,8.05,7.85,8.247,8.671,8.98,7.666,6.355,6.775,7.349,7.937,8.458,8.833,9.306,9.786,10.251,10.745,11.301,13.284,12.669,11.6,11.543,..
Lebanon,LBN,Carbon dioxide (CO2) emissions excluding LULUCF per capita (t CO2e/capita),EN.GHG.CO2.PC.CE.AR5,1.66144902542992,2.01948152476811,2.12391567314792,2.98438981669859,3.22026922213718,3.66649119418492,3.73750149016762,4.030712648826,3.93267039455134,3.98202044191248,3.53552735520888,3.75209170184451,3.68853707759644,3.63908317033137,3.62846002601712,3.54815630230297,3.39541953755902,3.08541203992141,3.71753989662469,4.31820125725945,4.09760362827912,4.11697756288241,4.47594629376314,4.02243535054626,3.93375442532602,4.15659001225035,4.40669549237236,4.75553430058596,4.59412655396726,4.65991232517757,3.8262324025787,2.94836311642179,2.93693660132346,3.00201281962237,..
Lebanon,LBN,Renewable energy consumption (% of total final energy consumption),EG.FEC.RNEW.ZS,11.3,8.5,8,5.4,5.3,4.4,5,4.4,5.5,4.3,4.9,4.6,5.7,7,6.1,6.4,6.4,7.3,5.1,4.3,5.7,6.2,5.6,5.9,4.2,4.2,4,4,4.7,5.1,6.3,6.8,..,..,..
Lebanon,LBN,"Government expenditure on education, total (% of GDP)",SE.XPD.TOTL.GD.ZS,..,..,..,1.66651999950409,1.93125998973846,2.22463011741638,2.0846700668335,..,..,..,..,2.84148001670837,2.55271005630493,..,2.64094996452332,2.64618992805481,2.77975988388062,2.58357000350952,2.01479005813599,1.76570999622345,1.61330997943878,1.65251994132996,2.14902997016907,2.43396997451782,..,..,2.12633323669434,2.13748621940613,2.52722072601318,2.60026550292969,1.66996812820435,..,..,..,..
Lebanon,LBN,Current health expenditure per capita (current US$),SH.XPD.CHEX.PC.CD,..,..,..,..,..,..,..,..,..,..,425.70095825,416.57485962,391.74139404,373.35971069,368.01425171,347.40252686,401.43670654,438.71112061,462.17767334,496.88284302,567.25506592,640.69805908,588.83917236,576.87176514,569.97937012,572.07220459,640.96563721,671.77996826,740.46942139,779.60778809,518.296875,311.84085083,392.38327026,..,..
Lebanon,LBN,Individuals using the Internet (% of population),IT.NET.USER.ZS,0,..,..,..,..,0.0716,0.14,1.24,2.72,5.38,7.95,6.78,7,8,9,10.1,15,18.7,22.5,30.1,43.7,52,61.2,70.5,73,74,76.1,78.2,80.9,81.5,82.1,82.7,82.8,83.5,..
Lebanon,LBN,"GNI, PPP (constant 2021 international $)",NY.GNP.MKTP.PP.KD,23400606865.8987,29172134238.1127,34634800822.8008,37785734122.6918,41343945130.864,44342927855.1973,48785981903.0182,48910440095.0054,50146035707.3577,50062198328.6707,51072756310.4865,51820562624.748,51245066493.2689,46003661643.4868,56925928625.1455,60306185158.4874,62224460374.0746,69514621428.8245,74719019072.2872,80714064814.8931,86543810225.1605,87966794870.026,90326229863.2688,93778693788.765,95394572970.4226,95943448841.8359,96763460330.9761,98961152608.2759,95335958960.5899,88307674956.7478,68854677602.0611,60901770631.7641,63715422501.6326,..,..
Lesotho,LSO,GDP per capita (constant 2015 US$),NY.GDP.PCAP.KD,533.824964193999,560.884905718596,590.008212092485,601.55791413154,628.960051227201,641.758711944969,670.469581774155,689.806218455005,696.935973937753,698.441087182066,725.263668707773,752.243212493971,760.033443180306,798.540500554454,817.793597897186,853.960500629797,893.750686627156,927.26863327342,971.881366821351,952.747929746529,995.233432451681,1031.99721564343,1086.39034816283,1093.95323489272,1100.04993684215,1121.19851342518,1147.58748801671,1097.82166812752,1068.44462913373,1040.99351014117,944.834118658555,955.221236301503,967.51928598325,974.382482849023,..
Lesotho,LSO,Gini index,SI.POV.GINI,..,..,..,..,63,..,..,..,..,..,..,..,51.2,..,..,..,..,..,..,..,..,..,..,..,..,..,..,44.9,..,..,..,..,..,..,..
Lesotho,LSO,"Unemployment, total (% of total labor force) (modeled ILO estimate)",SL.UEM.TOTL.ZS,..,15.59,15.543,15.658,15.706,15.875,15.788,15.896,15.983,16.226,16.227,16.141,16.137,16.113,16.206,16.086,16.107,15.997,15.907,16.16,16.113,16.157,15.813,15.97,16.104,16.254,16.17,16.401,16.625,16.876,18.399,18.23,16.688,16.457,16.147
Lesotho,LSO,Carbon dioxide (CO2) emissions excluding LULUCF per capita (t CO2e/capita),EN.GHG.CO2.PC.CE.AR5,0.060065336940569,0.0734919362411317,0.0614966096790966,0.0585763014166105,0.0629763755591488,0.0638503830766763,0.0655033567935397,0.0650359885922953,0.0633618094451137,0.0650448225219819,0.176504668615853,0.181322665883001,0.192111111612445,0.195863196005761,0.206379186750334,0.209106046052483,0.215160125918801,0.273746357386698,0.222980349761332,0.259328794280127,0.262892792539616,0.272739595503297,0.287314793787119,0.286311137736664,0.288833795092422,0.28109707684698,0.30566714012529,0.326501661945844,0.315945709911554,0.334388670252851,0.34704594970674,0.34905387562999,0.372597993972294,0.379974319394741,..
Lesotho,LSO,Renewable energy consumption (% of total final energy consumption),EG.FEC.RNEW.ZS,52,52,51.4,51,50.8,50.8,50.8,50.6,50.6,56.9,56.7,56.5,56.2,55.9,55.4,55.3,55.5,55.3,55,54,53,42.3,40.8,46.1,43.2,46,45.1,41.5,42.5,41.6,43.2,33.6,34.9,..,..
Lesotho,LSO,"Government expenditure on education, total (% of GDP)",SE.XPD.TOTL.GD.ZS,..,..,..,8.57703018188477,7.02543020248413,8.64097023010254,..,11.3640098571777,..,12.4993495941162,10.0915498733521,9.36505031585693,10.1004495620728,13.2195701599121,11.1090097427368,12.0796604156494,11.2712802886963,..,12.3287401199341,..,..,8.17000007629395,7.67000007629395,7.28999996185303,7.19999980926514,7.64250230789185,7.55247402191162,7.23117733001709,7.40291881561279,7.19406890869141,6.99799251556396,7.50747919082642,6.43347549438477,6.69212198257446,..
Lesotho,LSO,Current health expenditure per capita (current US$),SH.XPD.CHEX.PC.CD,..,..,..,..,..,..,..,..,..,..,23.71122551,28.22144127,23.2145462,32.02215576,41.18851089,41.66717911,49.67809296,65.80387878,69.06710052,80.82315063,88.61594391,118.72569275,126.1050415,131.54730225,121.34915924,105.09508514,91.45993805,115.9289093,131.43312073,236.44024658,97.32032776,116.60222626,133.70170593,..,..
Lesotho,LSO,Individuals using the Internet (% of population),IT.NET.USER.ZS,0,..,..,..,..,..,0.00285,0.00558,0.011,0.0538,0.212,0.261,1.08,1.53,2.18,2.58,2.98,3.45,3.58,3.72,3.86,7,10,15,22,25,32.5,39,40.8,42.3,43.7,45.1,46.5,48,..
Lesotho,LSO,"GNI, PPP (constant 2021 international $)",NY.GNP.MKTP.PP.KD,..,..,..,..,..,..,..,..,..,..,..,..,..,..,..,..,..,6564333217.57708,6782877628.30195,6442509074.64396,6655203741.60832,6533527293.57015,6719726658.77816,6751454937.26811,6696148491.74417,6962215857.80878,7297331015.04129,7038164489.36697,7331092448.26079,7270371884.54615,6700569001.00098,6712825733.14509,7077230565.29688,7286221740.5639,..
Liberia,LBR,GDP per capita (constant 2015 US$),NY.GDP.PCAP.KD,754.134009462384,735.180658658157,450.538677691808,290.388920233659,227.742776021788,216.093554614513,235.435058248512,449.286058616964,528.670341826706,609.040903258705,754.850917360951,754.422355762017,762.716393927064,528.567395543421,535.995882066218,539.665378841936,551.377446611852,574.609394348543,591.185378141907,603.256211077605,621.783295071575,646.908727016597,674.360011422232,717.007280358975,707.157694930142,692.590082351257,668.031513175601,671.260899835355,665.875439637137,636.699384824869,605.025475431411,621.927983063426,638.005183858289,653.329188343162,..
Liberia,LBR,Gini index,SI.POV.GINI,..,..,..,..,..,..,..,..,..,..,..,..,..,..,..,..,..,36.4,..,..,..,..,..,..,33.2,..,35.3,..,..,..,..,..,..,..,..
Liberia,LBR,"Unemployment, total (% of total labor force) (modeled ILO estimate)",SL.UEM.TOTL.ZS,..,2.641,2.623,2.493,2.402,2.391,2.354,2.256,2.197,2.19,2.231,2.294,2.318,2.586,2.589,2.577,2.283,2.235,2.222,2.242,2.266,2.211,2.146,2.08,2.079,2.557,3.081,3.066,3.056,3.068,4.109,3.845,2.977,2.933,2.882
Liberia,LBR,Carbon dioxide (CO2) emissions excluding LULUCF per capita (t CO2e/capita),EN.GHG.CO2.PC.CE.AR5,0.168505446184163,0.131151361755936,0.111268680086139,0.114656869250336,0.114608489214523,0.116773205505167,0.123326325578812,0.112889035134433,0.108347028078097,0.106354928475336,0.13742620257319,0.151724284309089,0.149638972955123,0.160344564505189,0.172606474976021,0.206572826842653,0.207259852864125,0.182090731933334,0.147343511638175,0.132892792036983,0.196605475881337,0.211647080506911,0.226455582531432,0.205469998360267,0.259689726316869,0.262564248724791,0.288690741541355,0.24900364513784,0.278215618014021,0.287981829288337,0.300341996825688,0.307511061784948,0.312657375531657,0.297995769548725,..
Liberia,LBR,Renewable energy consumption (% of total final energy consumption),EG.FEC.RNEW.ZS,89.1,90.1,89,87.7,87.1,87,87.5,88.1,88.5,90.5,91.3,91.6,91.1,90.3,89.6,87.8,87.6,89.8,91.8,91.8,88.6,87.1,86.2,87.5,91.2,91.9,92.8,93.6,94.4,89.7,93,93.2,92.8,..,..
Liberia,LBR,"Government expenditure on education, total (% of GDP)",SE.XPD.TOTL.GD.ZS,..,..,..,..,..,..,..,..,..,..,..,..,..,..,..,..,..,..,1.70166003704071,..,..,..,1.77711999416351,1.69078004360199,2.16898345947266,2.11587476730347,2.11479687690735,2.24632501602173,2.41389799118042,2.16508197784424,2.13601422309875,2.11186790466309,2.27609586715698,..,..
Liberia,LBR,Current health expenditure per capita (current US$),SH.XPD.CHEX.PC.CD,..,..,..,..,..,..,..,..,..,..,8.48562813,6.83265972,6.94840527,6.09226465,18.00925446,20.4276638,19.2805481,15.85356617,26.30083656,51.79761505,50.15371704,53.83006287,49.88091278,48.22105026,59.32390976,69.40925598,67.68016052,71.56608582,71.17150116,51.1932373,76.11009979,92.3295517,99.65045929,..,..
Liberia,LBR,Individuals using the Internet (% of population),IT.NET.USER.ZS,0,..,..,..,..,..,..,0.00449,0.0041,0.0113,0.0177,0.0338,0.0327,0.0319,0.031,..,..,0.551,0.53,2,2.3,2.5,2.6,3.2,5.41,10,15.7,16.3,17.3,18.3,19.4,20.6,21.9,23.5,..
Liberia,LBR,"GNI, PPP (constant 2021 international $)",NY.GNP.MKTP.PP.KD,..,..,..,..,..,..,..,..,..,..,..,..,..,..,..,..,..,..,..,..,..,..,..,..,..,..,..,..,..,..,..,7592740653.13808,..,..,..
Libya,LBY,GDP per capita (constant 2015 US$),NY.GDP.PCAP.KD,11085.9439949716,12541.6926152482,11949.2275026865,11274.3452230872,11280.3829303475,10839.2802241884,10891.8055687803,11284.7780739062,10722.8700734717,10643.1452796026,10853.8059516526,10467.8776146012,10170.3095776338,11267.0627623548,11529.1086646221,12628.896152656,13176.7758911904,13712.9602583972,13403.0004645911,12549.0854345521,12913.9334939386,6569.59477578957,12599.258882136,10126.314927806,7644.24843947404,7458.48917756374,7236.16409923502,9435.60060040046,10020.9165751361,8768.4104874586,6102.79864032512,7733.39007562927,7008.20648391963,7633.45142779936,..
Libya,LBY,Gini index,SI.POV.GINI,..,..,..,..,..,..,..,..,..,..,..,..,..,..,..,..,..,..,..,..,..,..,..,..,..,..,..,..,..,..,..,..,..,..,..
Libya,LBY,"Unemployment, total (% of total labor force) (modeled ILO estimate)",SL.UEM.TOTL.ZS,..,18.538,18.796,19.005,19.349,19.443,19.296,19.437,19.282,19.334,19.201,19.228,19.247,19.045,18.911,18.639,18.779,18.745,19.006,19.247,19.276,19.478,19.03,19.327,19.308,19.676,19.522,19.02,18.836,19.05,19.613,19.641,19.282,18.753,18.615
Libya,LBY,Carbon dioxide (CO2) emissions excluding LULUCF per capita (t CO2e/capita),EN.GHG.CO2.PC.CE.AR5,7.34250734324971,7.23076753806883,7.38372864817152,7.70958230906319,8.80874617925993,9.81095176674697,10.1494307747555,9.25501304239058,9.02897735407446,9.15154316622455,9.29004805070517,9.02132803468181,9.05805849600883,9.57168365721738,9.27830720591114,9.85225979799952,9.61074784819465,8.80412097543076,9.16393897453744,9.46553670151159,9.79827293350912,6.97363776628306,10.1716885719612,9.93041936812132,9.61512011665328,8.37296624416568,7.73910206169183,8.23826900161306,8.38061601198998,8.31797230713766,6.50306675321014,7.84900160122211,7.8970293356479,8.38508887425488,..
Libya,LBY,Renewable energy consumption (% of total final energy consumption),EG.FEC.RNEW.ZS,3.1,3,2.9,2.7,2.4,2.2,2.1,2.1,2.1,2,2,2.9,2.9,2.9,2.8,2.7,2.9,3.1,2.9,2.6,2.5,3.2,2.6,2.4,2.3,2.9,2.8,2.9,2.9,3,3.2,3.1,..,..,..
Libya,LBY,"Government expenditure on education, total (% of GDP)",SE.XPD.TOTL.GD.ZS,..,..,..,..,..,..,..,..,..,2.26416993141174,..,..,..,..,..,..,..,..,..,..,..,..,..,..,..,..,..,..,..,..,..,..,..,..,..
Libya,LBY,Current health expenditure per capita (current US$),SH.XPD.CHEX.PC.CD,..,..,..,..,..,..,..,..,..,..,247.1134491,255.77108765,181.7310791,189.72729492,200.83604431,209.878479,231.11968994,269.63085938,312.11196899,342.20449829,380.58596802,305.20037842,592.46356201,594.65338135,462.19216919,433.06808472,464.47531128,466.08538818,544.88079834,552.73168945,472.62240601,306.70458984,278.3821106,..,..
Libya,LBY,Individuals using the Internet (% of population),IT.NET.USER.ZS,0,..,..,..,..,..,..,..,..,0.134,0.187,0.367,2.24,2.81,3.53,3.92,4.3,4.72,9,10.8,14,14,15.2,16.5,17.8,..,..,..,..,..,87.6,88.6,88.6,88.5,..
Libya,LBY,"GNI, PPP (constant 2021 international $)",NY.GNP.MKTP.PP.KD,..,..,..,..,..,..,..,..,..,..,..,..,..,..,..,..,..,..,..,..,136764377217.609,68023251640.6775,124233811874.832,103517152339.028,80894104803.6303,81133863063.215,79132268629.6365,104923849275.757,112808141738.613,100902405950.524,71129441688.974,88558833500.9954,81954353687.4669,91271424986.8071,..
Liechtenstein,LIE,GDP per capita (constant 2015 US$),NY.GDP.PCAP.KD,..,..,..,..,..,..,..,..,..,..,..,..,..,..,..,..,..,..,..,..,..,..,..,..,..,167187.15730982,..,..,..,..,..,..,..,..,..
Liechtenstein,LIE,Gini index,SI.POV.GINI,..,..,..,..,..,..,..,..,..,..,..,..,..,..,..,..,..,..,..,..,..,..,..,..,..,..,..,..,..,..,..,..,..,..,..
Liechtenstein,LIE,"Unemployment, total (% of total labor force) (modeled ILO estimate)",SL.UEM.TOTL.ZS,..,..,..,..,..,..,..,..,..,..,..,..,..,..,..,..,..,..,..,..,..,..,..,..,..,..,..,..,..,..,..,..,..,..,..
Liechtenstein,LIE,Carbon dioxide (CO2) emissions excluding LULUCF per capita (t CO2e/capita),EN.GHG.CO2.PC.CE.AR5,..,..,..,..,..,..,..,..,..,..,..,..,..,..,..,..,..,..,..,..,..,..,..,..,..,..,..,..,..,..,..,..,..,..,..
Liechtenstein,LIE,Renewable energy consumption (% of total final energy consumption),EG.FEC.RNEW.ZS,64.8,59.8,57.7,56.1,56.5,55,51.8,53.2,52.6,52,54,51.6,51.3,50.2,50.3,49.9,50.8,53.4,53,55.1,52.3,55.3,55.5,53.5,55,55.5,55.8,55.3,56.8,56.1,55.2,53.6,56.9,..,..
Liechtenstein,LIE,"Government expenditure on education, total (% of GDP)",SE.XPD.TOTL.GD.ZS,..,..,..,..,..,..,..,..,..,..,..,..,..,2.46013998985291,2.43333005905151,..,2.05380988121033,1.92119002342224,2.04836988449097,..,..,2.55604004859924,..,..,..,..,..,..,..,..,..,..,..,..,..
Liechtenstein,LIE,Current health expenditure per capita (current US$),SH.XPD.CHEX.PC.CD,..,..,..,..,..,..,..,..,..,..,..,..,..,..,..,..,..,..,..,..,..,..,..,..,..,..,..,..,..,..,..,..,..,..,..
Liechtenstein,LIE,Individuals using the Internet (% of population),IT.NET.USER.ZS,0,..,..,..,..,..,..,..,..,..,36.5,45.1,59.5,58.8,64,63.4,64.2,65.1,70,75,80,85,89.4,93.8,95.2,96.6,98.1,99.5,..,93.1,94.3,95.6,96.5,97.3,..
Liechtenstein,LIE,"GNI, PPP (constant 2021 international $)",NY.GNP.MKTP.PP.KD,..,..,..,..,..,..,..,..,..,..,..,..,..,..,..,..,..,..,..,..,..,..,..,..,..,..,..,..,..,..,..,..,..,..,..
Lithuania,LTU,GDP per capita (constant 2015 US$),NY.GDP.PCAP.KD,8333.35053496193,7847.01718127491,6185.53510851476,5206.44255362131,4730.69622192068,4924.09657364995,5211.10009196454,5685.44881050537,6154.17226900569,6129.99860515858,6384.30864873307,6854.52505220435,7374.09777788834,8218.69324974821,8851.92600601146,9692.86837221713,10577.214234025,11889.354545844,12324.5195097128,10612.9203246688,10884.1160456797,11836.7199700848,12522.3408614335,13161.6342669635,13776.1052981213,14300.2553666736,14870.1049461514,15775.00059445,16709.5561779447,17537.4819556631,17540.2948595021,18619.7026827218,18884.5148575051,18685.551945873,..
Lithuania,LTU,Gini index,SI.POV.GINI,..,..,..,..,..,..,..,..,..,..,..,..,..,..,37,35.3,34.4,34.8,35.7,37.2,33.6,32.5,35.1,35.3,37.7,37.4,38.4,37.3,35.7,35.3,36,36.7,..,..,..
Lithuania,LTU,"Unemployment, total (% of total labor force) (modeled ILO estimate)",SL.UEM.TOTL.ZS,..,1.1,1.2,13.8,13.8,17.54,16.4,14.13,13.711,13.388,15.931,16.84,13.008,12.874,10.684,8.325,5.78,4.25,5.826,13.785,17.814,15.39,13.365,11.77,10.698,9.12,7.862,7.073,6.147,6.255,8.487,7.112,5.955,6.841,7.504
Lithuania,LTU,Carbon dioxide (CO2) emissions excluding LULUCF per capita (t CO2e/capita),EN.GHG.CO2.PC.CE.AR5,9.49792824888489,9.98233325252272,5.64509634027492,4.40374809951521,4.30218224931805,4.16527284160103,4.3303930766576,4.2140203298503,4.48645110867372,3.78263329548118,3.33069869834172,3.56990772780365,3.621712850781,3.65760495758244,3.86864372274824,4.2006568492425,4.34042659902768,4.81707947342458,4.94907966310126,4.1757036860922,4.53268381761816,4.72835410808374,4.84919704408601,4.51751350463149,4.50444981818442,4.70155701897821,4.71248654658568,4.93596563148887,5.00292160427307,5.1156761461589,5.09902911926609,5.11596703701998,4.64398887005017,4.56702483123432,..
Lithuania,LTU,Renewable energy consumption (% of total final energy consumption),EG.FEC.RNEW.ZS,3.1,2.9,4.6,8.9,9.8,10.3,11.5,11.6,12.9,15,17.2,17.6,17.9,18.1,18.1,17.5,17.5,17.1,18.3,20.1,21.5,22.7,23.9,26.3,27.7,29,31.5,33.8,33.7,33.5,31.7,33.2,..,..,..
Lithuania,LTU,"Government expenditure on education, total (% of GDP)",SE.XPD.TOTL.GD.ZS,..,..,..,3.94003009796143,4.79561996459961,4.76711988449097,4.84522008895874,5.45043992996216,6.11644983291626,..,5.97302913665771,5.84758996963501,5.80007982254028,5.11418008804321,5.17428016662598,4.87839984893799,4.82572984695435,4.59521007537842,4.83990001678467,5.58523988723755,5.29786014556885,5.11343002319336,4.75802993774414,4.60233020782471,4.48657989501953,4.2271900177002,4.004310131073,3.81220006942749,3.89289999008179,3.9640998840332,4.50859022140503,4.25490999221802,..,..,..
Lithuania,LTU,Current health expenditure per capita (current US$),SH.XPD.CHEX.PC.CD,..,..,..,..,..,..,..,..,..,..,217.1761322,218.81802368,254.36688232,338.86306763,366.95968628,438.93267822,536.05737305,704.29315186,936.50933838,864.73638916,805.2244873,925.47161865,896.93707275,958.92718506,1021.23297119,920.19976807,988.5279541,1078.17138672,1249.03100586,1369.97949219,1520.39221191,1854.28051758,1829.66320801,1988.94665527,..
Lithuania,LTU,Individuals using the Internet (% of population),IT.NET.USER.ZS,0,..,..,..,..,..,0.277,0.978,1.97,2.92,6.43,7.18,17.7,25.9,31.2,36.2,43.9,49.9,55.2,59.8,62.1,63.6,67.2,68.5,72.1,71.4,74.4,77.6,79.7,81.6,83.1,86.9,87.7,88.5,..
Lithuania,LTU,"GNI, PPP (constant 2021 international $)",NY.GNP.MKTP.PP.KD,..,..,..,..,..,39793202497.4964,43409779070.4603,47902510596.9791,51154732497.4572,51218528270.6759,54295698943.2895,58050758744.7071,62417911038.1807,68063177169.692,75513259416.7822,82325381069.2196,86664721645.881,95218733830.2537,100367347849.219,88330985833.8293,87438689436.1509,89955108801.6346,92602623371.5816,96530138144.4672,101567359310.433,103044185517.871,106899995524.789,111424654993.807,115188880410.42,120795846750.767,122422359877.438,123477625035.231,118359705236.045,..,..
Luxembourg,LUX,GDP per capita (constant 2015 US$),NY.GDP.PCAP.KD,66027.0758007817,70779.9729147771,71116.9400892209,73116.1946629406,74883.1418537888,74896.0965788046,74916.5067672272,77993.0585335828,82170.2399212578,87695.33957586,92527.7118069642,94243.7073233917,96269.5793851216,97597.9969176553,100292.568479162,101222.045664401,105614.179863952,112417.878458001,110094.792338745,104574.349887682,106544.057241723,105290.249048827,104487.744238704,105338.956059283,105583.937014123,105462.012584423,108351.452158933,107142.127556443,106376.783565763,107350.626687276,104616.03467801,110425.88843286,109714.924316129,106342.757463856,..
Luxembourg,LUX,Gini index,SI.POV.GINI,27.7,27.2,27.3,27,28.1,28.3,29,29.6,30.6,30,30.1,30.9,31,30.2,30.2,30.8,30.9,31.1,32.6,31.2,30.5,32.1,34.3,32,31.2,32.9,31.7,34.5,35.4,34.2,33.4,32.7,..,..,..
Luxembourg,LUX,"Unemployment, total (% of total labor force) (modeled ILO estimate)",SL.UEM.TOTL.ZS,..,1.482,2.029,2.33,3.479,2.918,3.286,2.527,2.763,2.39,2.345,1.805,2.621,3.675,5.113,4.488,4.731,4.065,5.06,5.194,4.423,5.122,5.03,6.045,6.044,6.796,6.669,5.523,5.589,5.592,6.766,5.571,4.588,5.184,5.935
Luxembourg,LUX,Carbon dioxide (CO2) emissions excluding LULUCF per capita (t CO2e/capita),EN.GHG.CO2.PC.CE.AR5,31.3693858845096,32.1935400516796,31.038949448588,31.1848543933581,28.4720481479183,22.2167023554604,22.0841330194942,20.3800214566694,18.3805038850954,18.9699750275858,20.171212468485,21.1405922654436,22.4846752955679,23.1474879879547,25.933922003078,26.0429789447887,25.2667480540034,23.6284695818481,22.9458712780108,21.3139058585769,22.1190130051504,21.3947413605172,20.4683715481424,18.9991902237927,17.6513834688371,16.3434596667158,15.53450604281,15.4077567009203,15.5749650464676,15.5138459454098,12.6041569178594,13.0068243175682,11.120757369052,10.5149828189007,..
Luxembourg,LUX,Renewable energy consumption (% of total final energy consumption),EG.FEC.RNEW.ZS,1.7,1.7,2,2,2.8,4,3.1,4.4,6.7,5.9,6.8,3.4,1.3,1.3,1.4,1.9,2.1,3.6,4,3.7,3.7,3.8,4.2,5.7,6.8,9.1,13.5,15.3,16,16.4,20.8,20.5,..,..,..
Luxembourg,LUX,"Government expenditure on education, total (% of GDP)",SE.XPD.TOTL.GD.ZS,..,..,..,..,..,3.65909004211426,3.47681999206543,..,..,..,4.24965620040894,3.53973007202148,4.62219953536987,4.88090658187866,4.9162769317627,4.86388111114502,4.43285608291626,4.28102445602417,4.33647680282593,4.87690353393555,5.02103185653687,4.99604034423828,3.87815999984741,4.686607837677,3.85569000244141,3.76792001724243,4.46611595153809,3.48645997047424,3.66211009025574,3.73606991767883,3.85349988937378,3.71989011764526,4.70302200317383,..,..
Luxembourg,LUX,Current health expenditure per capita (current US$),SH.XPD.CHEX.PC.CD,..,..,..,..,..,..,..,..,..,..,2901.19995117,3109.20141602,3600.86743164,4607.40283203,5610.35351563,5818.14599609,6070.73583984,6671.26513672,7578.74951172,7670.59375,7459.83544922,7174.73925781,6029.47460938,6356.64453125,6547.03466797,5421.93212891,5475.13964844,5713.11865234,6227.08398438,6221.73876953,6785.86230469,7632.57275391,7022.62695313,7504.58496094,..
Luxembourg,LUX,Individuals using the Internet (% of population),IT.NET.USER.ZS,0,..,0.153,0.302,0.496,1.59,5.55,7.14,11.7,17.4,22.9,36.2,39.8,54.6,65.9,70,72.5,78.9,82.2,87.3,90.6,90,91.9,93.8,94.7,96.4,98.1,97.4,97.1,97.1,98.5,98.7,98.2,99.3,98.8
Luxembourg,LUX,"GNI, PPP (constant 2021 international $)",NY.GNP.MKTP.PP.KD,25567810713.4244,27600220609.4568,27659751849.7287,28970462698.9396,29280515388.3108,30681964783.3944,31601806939.7356,33342526736.9501,33516171228.4989,36403956191.2453,37778267111.8176,38460642598.7176,37320035916.4705,36574968854.2005,42697988321.7291,44611246091.8107,43200296959.5565,49294002378.9625,46936586404.4577,37191240888.296,42329284790.2632,43953672946.8728,49918375949.476,48490265742.7218,51197599852.9355,46618689072.9695,49444419344.1337,54092798624.6484,54915462483.7081,53531650487.9741,55485165735.8005,59415264536.884,58470997352.0853,..,..
"Macao SAR, China",MAC,GDP per capita (constant 2015 US$),NY.GDP.PCAP.KD,31369.8635643468,30973.3657720283,33271.1922725489,33802.9807094517,34103.7623025662,34151.9035982021,33533.6096691965,33263.7045307135,31367.2423992605,30262.1351696049,31763.2544886623,32432.2785674008,34959.4789553457,38571.5853069907,47650.9371115089,49454.3054456136,53221.6129284219,58352.9615581923,58122.7746636858,59490.4023246461,74158.8329148087,88121.854021015,93164.193587976,98998.2586741496,92322.2273232045,70070.2918001631,68570.512855482,75807.990437175,79378.3395479546,75835.7636508166,33952.4969134127,42121.7745037138,34121.9508226626,59602.3570393926,..
"Macao SAR, China",MAC,Gini index,SI.POV.GINI,..,..,..,..,..,..,..,..,..,..,..,..,..,..,..,..,..,..,..,..,..,..,..,..,..,..,..,..,..,..,..,..,..,..,..
"Macao SAR, China",MAC,"Unemployment, total (% of total labor force) (modeled ILO estimate)",SL.UEM.TOTL.ZS,..,3.01,2.196,2.057,2.48,3.581,4.249,3.261,4.607,6.348,6.874,6.393,6.267,5.995,4.904,4.158,3.822,3.269,2.999,3.58,2.84,2.56,1.97,1.82,1.67,1.81,1.939,1.987,1.834,1.749,2.566,2.229,2.482,2.235,2.437
"Macao SAR, China",MAC,Carbon dioxide (CO2) emissions excluding LULUCF per capita (t CO2e/capita),EN.GHG.CO2.PC.CE.AR5,2.8380355276907,2.75643395421584,2.96171474791049,3.18541666666667,3.37222782258065,2.96701685805033,3.39604914478439,3.58854541097532,3.90835898650249,4.07955077211043,3.43265211333024,3.64323576861028,3.95506386861314,3.95784490532011,4.47371893556191,4.32291446673706,4.0765684505913,3.69994240737186,2.95431847604957,3.16560747663551,3.20316573556797,3.07278020378457,3.06902623701356,3.06656529819226,3.36014154737011,4.2911805879608,4.02406130268199,4.923658235657,3.80254970405221,4.02678571428571,4.18806536329151,4.10798534798535,4.31167872434667,4.43783146729523,..
"Macao SAR, China",MAC,Renewable energy consumption (% of total final energy consumption),EG.FEC.RNEW.ZS,0.8,0.8,0.7,0.6,0.6,0.6,0.5,0.2,0.2,0.2,0.2,0.9,1.4,2.4,2.5,2.3,2.8,3.4,4.7,3,5.5,6.4,11.1,16.6,11.4,5.4,5.4,3.9,8.4,8.4,11,13.6,11,..,..
"Macao SAR, China",MAC,"Government expenditure on education, total (% of GDP)",SE.XPD.TOTL.GD.ZS,..,..,..,..,..,..,..,..,3.35004997253418,3.33664989471436,3.31438994407654,2.71446990966797,2.84295988082886,2.78016996383667,2.23348999023438,2.2778799533844,2.19386005401611,2.04345011711121,2.1964099407196,2.53323006629944,2.61848998069763,2.67528009414673,3.32516002655029,2.05048990249634,2.04853010177612,3.00247001647949,3.09952998161316,2.70949006080627,2.7334098815918,3.0654399394989,6.38948011398315,5.10697984695435,6.18937015533447,..,..
"Macao SAR, China",MAC,Current health expenditure per capita (current US$),SH.XPD.CHEX.PC.CD,..,..,..,..,..,..,..,..,..,..,..,..,..,..,..,..,..,..,..,..,..,..,..,..,..,..,..,..,..,..,..,..,..,..,..
"Macao SAR, China",MAC,Individuals using the Internet (% of population),IT.NET.USER.ZS,0,..,..,..,0.037,0.28,0.727,2.36,7,9.21,13.6,22.5,25.2,25.7,31.5,34.9,46.4,47.3,49.2,54,55.2,60.2,61.3,65.8,69.8,77.6,81.6,83.2,83.8,86.5,87.5,88.5,88,89.2,..
"Macao SAR, China",MAC,"GNI, PPP (constant 2021 international $)",NY.GNP.MKTP.PP.KD,..,..,..,..,..,..,..,..,..,..,..,..,20957057592.5311,23204683855.7654,28145561420.324,30014152172.5367,33060975280.4195,42377975257.7036,39574517370.1826,41941294167.1315,52005522161.5913,61475447305.4545,67795489745.2638,78705880518.8269,82947333219.4961,71159332910.7165,71525830559.2359,77869029246.7285,83509801334.521,82708664592.5798,49995706886.4703,50445272979.0601,47622395698.6406,..,..
Madagascar,MDG,GDP per capita (constant 2015 US$),NY.GDP.PCAP.KD,538.536275056569,489.716098120013,480.810932444988,476.159733326381,461.397665709464,454.537946632781,449.6280870806,451.303199370831,453.886174768872,460.034389996571,465.529509827021,478.40561494987,406.70122213637,433.601040301214,443.278654985967,450.955230911228,461.540337897729,473.785462328449,490.963935389518,457.789754866068,447.417143030687,441.755158414121,442.641500123543,440.674658903628,443.343869908205,445.320069480568,451.15659433146,456.851859574031,459.330367799543,467.27741349648,422.924255422319,436.090064737198,442.415162117323,448.058746204617,..
Madagascar,MDG,Gini index,SI.POV.GINI,..,..,..,45.2,..,..,..,39.4,..,38.6,..,47.4,..,..,..,39.9,..,..,..,..,42.4,..,42.6,..,..,..,..,..,..,..,..,..,..,..,..
Madagascar,MDG,"Unemployment, total (% of total labor force) (modeled ILO estimate)",SL.UEM.TOTL.ZS,..,6.168,6.268,6.307,6.103,6.088,6.087,5.969,5.9,5.823,5.8,5.35,5.502,5.01,3.946,2.62,2.946,3.205,3.438,3.887,4.28,2.512,0.599,0.996,1.386,1.785,1.947,2.119,2.297,2.469,3.284,3.487,3.186,3.069,3.012
Madagascar,MDG,Carbon dioxide (CO2) emissions excluding LULUCF per capita (t CO2e/capita),EN.GHG.CO2.PC.CE.AR5,0.0753008612815961,0.0781312140680947,0.0767916555671607,0.0772124999384346,0.0922075680281478,0.100674138112022,0.0936480645228204,0.0994542391093639,0.107454379663361,0.106715375126262,0.102571163171885,0.100411326547932,0.0664390757948487,0.0857355310639406,0.0900701514214735,0.0933208425368927,0.0868839849192959,0.0887512677434248,0.0893669613225871,0.0824141144497125,0.0887197329166843,0.100520105335571,0.121483538922937,0.126465773152175,0.126520593233466,0.134421680011824,0.124548121774324,0.132598561876187,0.122804476724178,0.141756315496694,0.107354689006076,0.137485722565256,0.13108603957498,0.13139854260485,..
Madagascar,MDG,Renewable energy consumption (% of total final energy consumption),EG.FEC.RNEW.ZS,87.2,86.6,86.7,87,86,86.1,85.5,83.1,82.7,82.7,82.2,84.1,87.2,84.8,84.3,84.9,85.9,86.2,86.4,87.2,86.7,84.5,83.3,81.4,82.2,83.9,83.8,81.9,84.2,82.5,84.7,83.6,83.1,..,..
Madagascar,MDG,"Government expenditure on education, total (% of GDP)",SE.XPD.TOTL.GD.ZS,..,..,..,1.7754499912262,..,..,..,1.53846001625061,1.58879005908966,2.40500998497009,2.4386899471283,2.707200050354,2.23179006576538,2.61094999313354,2.81261992454529,3.3096399307251,2.83097004890442,2.90274000167847,2.55433988571167,2.82512998580933,2.58523440361023,3.09318614006042,2.46357321739197,2.40690064430237,2.98742127418518,2.70418834686279,2.69792056083679,2.70137405395508,3.04906916618347,3.01338386535645,3.25443387031555,3.19807553291321,3.13901996612549,..,..
Madagascar,MDG,Current health expenditure per capita (current US$),SH.XPD.CHEX.PC.CD,..,..,..,..,..,..,..,..,..,..,11.1882658,13.13894939,15.01983547,17.64075851,14.29298973,15.9498682,16.44085503,19.33553123,20.91898537,19.56957817,21.13975906,22.88667488,19.30151749,19.33186913,22.56570244,22.29386139,24.20793915,23.62072182,21.12731934,15.50084877,16.78295326,17.17938805,16.32154655,..,..
Madagascar,MDG,Individuals using the Internet (% of population),IT.NET.USER.ZS,0,..,..,..,..,..,0.0037,0.0143,0.0626,0.169,0.196,0.223,0.34,0.423,0.525,0.568,0.608,0.65,1.65,1.63,1.7,1.9,2.3,3,3.7,4.17,4.71,6.4,7.75,9.38,11.4,13.7,18.6,20.4,..
Madagascar,MDG,"GNI, PPP (constant 2021 international $)",NY.GNP.MKTP.PP.KD,22853040278.5588,21248841829.6979,21717351373.3505,22222127754.6712,22063610315.2462,22448872138.6932,23160215833.5359,24274175277.5067,25327771062.2858,26731897260.5307,27946939777.6943,29419679995.6419,25515313750.4288,28360309898.5603,29781122727.9327,31014193160.2305,32614086985.412,34946529180.2605,37316705533.853,35629825617.1744,35733982655.7537,36269646082.7527,36804620407.878,37562019830.3316,39105701711.6334,39853986794.1322,41300161068.4613,43389049592.0669,44642239135.2722,46587991737.795,43673864554.0044,46640143903.1109,48248975692.7801,50285515468.6507,..
Malawi,MWI,GDP per capita (constant 2015 US$),NY.GDP.PCAP.KD,353.77130371544,372.997561763664,335.726543541832,362.930995393978,329.584099894945,385.279714073317,405.397063687562,412.413106831207,419.313245173731,422.09990996551,418.592985031573,388.260039765002,385.308980233616,397.224846762569,408.064916052501,410.267979585416,417.877689774176,445.254305414801,465.551472974592,489.631418783217,508.088650544952,517.833736617774,512.740317968077,525.357645516578,539.562601911645,539.605363240686,538.221990810316,544.795729217028,553.528790898715,569.866249368475,559.447086082658,569.968967318961,560.635759711524,556.744034801608,..
Malawi,MWI,Gini index,SI.POV.GINI,..,..,..,..,..,..,..,65.8,..,..,..,..,..,..,39.9,..,..,..,..,..,45.5,..,..,..,..,..,44.7,..,..,38.5,..,..,..,..,..
Malawi,MWI,"Unemployment, total (% of total labor force) (modeled ILO estimate)",SL.UEM.TOTL.ZS,..,4.923,5.073,5.002,5.349,4.914,4.955,4.723,4.935,5.009,5.048,5.209,5.233,5.157,4.971,4.944,4.96,4.888,4.814,4.754,4.798,4.842,4.952,4.978,4.967,4.954,5.007,5.039,5.014,4.966,5.728,5.662,5.037,5.033,5.045
Malawi,MWI,Carbon dioxide (CO2) emissions excluding LULUCF per capita (t CO2e/capita),EN.GHG.CO2.PC.CE.AR5,0.160918061583188,0.179242108090356,0.190358654333133,0.190265989266458,0.200543163558813,0.205485316080593,0.215335288210422,0.23812645953171,0.247125974578046,0.247741542120045,0.274276768120586,0.272792562583574,0.263197322658083,0.25873503703216,0.251705159463798,0.277935466043657,0.287391918341055,0.300338611067796,0.306709509311292,0.288910895325772,0.302749212674662,0.37645540242261,0.362422234538842,0.311388274683984,0.299105895014047,0.286773875547852,0.278765961835974,0.298413805317878,0.298077280642286,0.293554756731823,0.268727864109797,0.310621033559802,0.289167127884622,0.305513302814066,..
Malawi,MWI,Renewable energy consumption (% of total final energy consumption),EG.FEC.RNEW.ZS,84,82.6,82.7,81.3,82,81.7,81.4,81.2,81.9,81,82.6,83.1,83.3,82.8,82.4,83.2,82.8,82.2,80.4,80,81.2,80.2,80.2,79.8,82.8,81,78.9,76.9,73.2,70.9,71.5,71.1,62.9,..,..
Malawi,MWI,"Government expenditure on education, total (% of GDP)",SE.XPD.TOTL.GD.ZS,2.24734997749329,..,..,..,..,2.75467991828918,3.69773006439209,..,..,3.43224000930786,3.60612988471985,3.09834003448486,..,2.20964002609253,..,..,..,..,..,..,2.43236994743347,2.85346007347107,2.52861189842224,3.92116975784302,3.66006016731262,3.44449663162231,3.24413061141968,3.57505488395691,3.32295989990234,..,..,..,..,..,..
Malawi,MWI,Current health expenditure per capita (current US$),SH.XPD.CHEX.PC.CD,..,..,..,..,..,..,..,..,..,..,8.84964848,7.42542601,11.17413807,12.3155899,15.94395351,17.2403183,20.95054436,25.02168465,32.73458099,35.56491852,33.99176025,39.29244232,32.53772354,39.53992844,35.337677,34.97310638,34.0307579,37.60110092,36.70302963,36.91519165,43.22896194,47.58463669,39.65991211,..,..
Malawi,MWI,Individuals using the Internet (% of population),IT.NET.USER.ZS,0,..,..,..,..,..,..,0.00467,0.0181,0.0873,0.127,0.164,0.215,0.279,0.348,0.384,0.425,0.966,0.7,1.07,2.26,3.33,4.35,5.05,5.83,6,6.3,7,8.8,11.1,13.9,17.5,17,18,..
Malawi,MWI,"GNI, PPP (constant 2021 international $)",NY.GNP.MKTP.PP.KD,..,..,..,..,..,..,..,..,..,..,..,..,..,..,..,..,..,..,..,..,..,..,..,..,..,..,..,..,..,..,..,32815116977.098,..,..,..
Malaysia,MYS,GDP per capita (constant 2015 US$),NY.GDP.PCAP.KD,4184.76072928976,4456.93133148159,4726.13789172987,5062.5911043705,5390.10167606966,5771.35211956083,6190.46429134886,6480.55649455855,5857.96702940857,6070.95621987091,6455.61419792583,6334.92795651698,6516.90671560155,6732.92049458099,7025.34558004381,7234.02442689141,7469.8106921211,7769.59693350488,7976.11785374773,7700.46111294033,8118.92270511981,8400.32248683558,8710.52671359902,8964.80724896203,9341.73055971278,9648.6797937523,9901.47960179812,10293.7629205362,10610.1950240479,10902.9834855856,10171.4657842762,10388.2667120857,11174.2100761842,11429.5894122241,..
Malaysia,MYS,Gini index,SI.POV.GINI,..,..,47.7,..,..,48.5,..,49.1,..,..,..,..,..,46.4,..,..,44.8,..,45.5,..,..,43.9,..,41.3,..,41.1,..,..,41.2,..,..,40.7,..,..,..
Malaysia,MYS,"Unemployment, total (% of total labor force) (modeled ILO estimate)",SL.UEM.TOTL.ZS,..,3.702,3.71,4.11,3.64,3.15,2.52,2.45,3.2,3.43,3,3.53,3.48,3.61,3.54,3.53,3.32,3.23,3.32,3.66,3.39,3.05,3.1,3.16,2.88,3.1,3.44,3.41,3.3,3.26,4.54,4.64,3.93,3.869,3.826
Malaysia,MYS,Carbon dioxide (CO2) emissions excluding LULUCF per capita (t CO2e/capita),EN.GHG.CO2.PC.CE.AR5,3.61249830442382,4.10541353658919,4.20951429106008,4.11425153384647,4.41788746832438,4.47298675262839,4.96066035599755,5.29855648723676,5.05175285767427,5.33504644931292,5.69403725630682,5.88304152527669,6.08051197393529,6.344348664942,6.7160126400951,7.01158082434438,7.10770863810607,7.59083810519213,7.84104959659317,7.03938356420093,7.52290218907351,7.48674329665357,7.41258985024052,7.86251794368479,8.19206012795682,8.09817295267622,7.78769276889658,7.35156129174867,7.7287671310296,7.63165524920668,7.47703466654832,7.55240028563929,7.90714805522435,8.06585140284353,..
Malaysia,MYS,Renewable energy consumption (% of total final energy consumption),EG.FEC.RNEW.ZS,8.3,7.6,6.9,6.7,6.8,6.1,4.9,4.2,4.5,4.9,4.4,4.2,3.5,3.3,3.2,3,3.1,2.8,3,2.3,2,2.2,2.5,2.8,3,3.4,4.4,5.2,5.3,5.7,7,7.5,..,..,..
Malaysia,MYS,"Government expenditure on education, total (% of GDP)",SE.XPD.TOTL.GD.ZS,..,..,5.11143016815186,4.65463018417358,4.70528984069824,4.3425498008728,4.91384983062744,4.62037992477417,..,5.68678998947144,5.9716100692749,7.48446989059448,7.65792989730835,7.50288009643555,5.92389011383057,..,4.48576021194458,4.37253999710083,3.95851993560791,5.97418022155762,4.96645021438599,5.76293992996216,5.73902988433838,5.48120021820068,5.02935981750488,4.70381021499634,4.34598445892334,4.18488502502441,4.13194847106934,3.97953963279724,4.51888704299927,4.26109409332275,3.49933791160583,3.62725496292114,..
Malaysia,MYS,Current health expenditure per capita (current US$),SH.XPD.CHEX.PC.CD,..,..,..,..,..,..,..,..,..,..,111.8384552,114.91710663,121.61391449,142.21202087,153.86297607,162.17677307,200.54800415,230.5599823,263.67819214,245.64353943,285.64263916,343.45877075,371.76046753,381.69210815,414.4392395,368.77331543,350.71160889,366.36639404,409.84710693,419.32568359,406.52005005,476.94366455,458.21963501,..,..
Malaysia,MYS,Individuals using the Internet (% of population),IT.NET.USER.ZS,0,..,0.00105,0.0255,0.0996,0.146,0.852,2.31,6.75,12.3,21.4,26.7,32.3,35,42.3,48.6,51.6,55.7,55.8,55.9,56.3,61,65.8,57.1,63.7,71.1,78.8,80.1,81.2,84.2,89.6,96.8,97.4,97.7,..
Malaysia,MYS,"GNI, PPP (constant 2021 international $)",NY.GNP.MKTP.PP.KD,..,..,..,..,..,..,..,..,..,..,..,..,..,..,..,..,..,..,..,..,..,..,..,..,..,839107813406.445,879351487121.049,930472052825.061,969193708045.647,1017860198774.6,967311498450.058,994571002411.833,1077343859262.98,1120205194898.87,..
Maldives,MDV,GDP per capita (constant 2015 US$),NY.GDP.PCAP.KD,4590.26356695948,4515.06612430301,4680.15538526464,4812.29925947695,5062.47182108124,5590.00858122666,5898.35513531258,6265.68163671991,6611.39751143758,6901.04317295071,7049.37475025832,6659.25959328415,7024.50162334981,7858.99379450401,8180.30181956038,7143.33627610066,8620.77452138445,8932.38983152591,9395.96484110418,8329.52984333565,8590.16212928659,9005.04761398753,8904.68161856579,9209.23725155412,9602.5027218867,9644.90655028145,9927.42327472035,10280.3915425959,10821.7341975778,11263.1928054734,7340.09129737358,9818.73434768401,11006.7091828435,11485.5546954096,..
Maldives,MDV,Gini index,SI.POV.GINI,..,..,..,..,..,..,..,..,..,..,..,..,41.3,..,..,..,..,..,..,38.4,..,..,..,..,..,..,31.3,..,..,29.3,..,..,..,..,..
Maldives,MDV,"Unemployment, total (% of total labor force) (modeled ILO estimate)",SL.UEM.TOTL.ZS,..,0.799,0.805,0.792,0.791,0.79,1.013,1.24,1.47,1.71,1.97,3.083,4.148,5.134,6.1,7.328,8.392,9.447,10.242,11.697,10.881,10.06,9.14,8.3,7.477,6.604,5.771,5.401,4.95,4.562,5.434,5.024,4.419,4.241,4.636
Maldives,MDV,Carbon dioxide (CO2) emissions excluding LULUCF per capita (t CO2e/capita),EN.GHG.CO2.PC.CE.AR5,0.423559142559685,0.426225830665827,0.454425407578508,0.523104816974568,1.09798980950634,1.3197012261883,1.31467102730353,1.14714968230192,1.27491997374626,1.25300996351996,2.25445803296941,1.96047662387932,2.33526281136837,1.94744528501708,2.45112188259962,2.23444908934859,2.66495884990011,2.70525981650584,2.84320433114198,2.82564065752638,2.92024213397193,3.06202732863405,3.72810986045117,4.05229084910141,5.3017646760167,3.70964652905263,3.91082497947251,4.00447754354804,4.50180617587439,5.06590723165023,5.00300726124138,5.10351561743201,5.30579691894388,5.46831332676799,..
Maldives,MDV,Renewable energy consumption (% of total final energy consumption),EG.FEC.RNEW.ZS,4.5,4.4,3.1,3.8,4,3.3,3.2,2.7,3,2.2,2.3,2.3,1.8,2.2,1.7,2,1.6,1.5,1.5,1.5,1.4,1.3,1.2,1.3,1.2,1.5,1.2,1.3,1.3,1.3,1.6,1.4,1.2,..,..
Maldives,MDV,"Government expenditure on education, total (% of GDP)",SE.XPD.TOTL.GD.ZS,..,..,..,..,..,..,..,..,..,..,5.73720693588257,5.24949979782104,5.79186010360718,5.32406997680664,4.66160011291504,5.0168399810791,4.64523983001709,4.41788005828857,4.470290184021,5.08168983459473,3.63328003883362,3.08072996139526,4.96826791763306,3.95450043678284,3.88979530334473,4.62230539321899,4.43873596191406,3.8226854801178,3.85681772232056,4.12356948852539,5.84760808944702,4.61379766464233,4.67344331741333,5.16706371307373,..
Maldives,MDV,Current health expenditure per capita (current US$),SH.XPD.CHEX.PC.CD,..,..,..,..,..,..,..,..,..,..,219.8586731,229.80044556,249.48114014,240.54026794,304.5932312,335.13778687,403.94284058,478.24349976,775.14593506,679.66296387,608.87176514,588.20758057,647.11553955,671.65325928,707.39245605,837.47290039,1017.99908447,961.57415771,833.21575928,880.79962158,845.82440186,1057.34313965,1150.68554688,..,..
Maldives,MDV,Individuals using the Internet (% of population),IT.NET.USER.ZS,0,0,0,0,0,0,0.227,0.309,0.57,1.12,2.2,3.62,5.35,5.98,6.59,6.87,11,16.3,23.2,24.8,26.5,34,38.9,44.1,49.3,54.5,59.5,65,70.9,77.5,79.1,82,83.9,84.7,..
Maldives,MDV,"GNI, PPP (constant 2021 international $)",NY.GNP.MKTP.PP.KD,..,..,..,..,..,..,..,..,..,..,..,..,..,..,..,..,..,..,..,..,..,..,..,..,6655254537.23404,7147361615.24109,7681396664.1031,8260124271.33221,8868345814.82147,9445328216.51537,6480283020.74905,8831908243.93683,9893384617.91782,10425008313.781,..
Mali,MLI,GDP per capita (constant 2015 US$),NY.GDP.PCAP.KD,457.445829210427,501.12499187012,475.316821153577,480.277588513466,487.817806474246,481.757520252354,504.752043612501,517.237651197416,542.486619489623,557.691179166949,541.349959295276,606.087325789489,605.798110999901,640.357496675707,629.62644918936,649.1577691577,657.496279045272,658.457019310221,667.583424768544,677.24304910758,690.434176248061,689.951621809593,664.489488855298,660.173389348304,684.949913127196,704.821646439506,722.812021596039,737.275674738634,748.506920372791,760.795187413671,729.061137632465,728.671852610385,731.640024202997,743.273871368099,..
Mali,MLI,Gini index,SI.POV.GINI,..,..,..,..,50.2,..,..,..,..,..,..,39.9,..,..,..,..,38.9,..,..,33,..,..,..,..,..,..,..,..,36,..,..,35.7,..,..,..
Mali,MLI,"Unemployment, total (% of total labor force) (modeled ILO estimate)",SL.UEM.TOTL.ZS,..,1.405,1.483,1.423,1.509,1.464,1.424,1.414,1.35,1.364,1.414,1.338,1.364,1.281,1.412,1.379,1.425,1.405,1.424,1.423,1.405,1.422,1.482,1.516,1.474,1.401,1.367,1.494,1.62,3.29,3.528,3.966,2.387,2.956,3.06
Mali,MLI,Carbon dioxide (CO2) emissions excluding LULUCF per capita (t CO2e/capita),EN.GHG.CO2.PC.CE.AR5,0.0347103062154981,0.0423694056791024,0.0379231154106227,0.0362283703609695,0.035406732456235,0.035580462752194,0.0380022518856516,0.0371577688243877,0.0374831506689868,0.0375153140771941,0.0694160281470575,0.0695256056879031,0.0706540093830998,0.0701460903881803,0.0697352677664084,0.06985927028011,0.0818862485926694,0.0933407803067899,0.104981118123536,0.130406848766344,0.125203838798364,0.132703473042068,0.135802059239963,0.15884084500145,0.16194543621357,0.188473933930697,0.236576084076479,0.255735990859744,0.265497115501738,0.296429653787271,0.298367363555661,0.29472995891218,0.296676063077307,0.280224847971909,..
Mali,MLI,Renewable energy consumption (% of total final energy consumption),EG.FEC.RNEW.ZS,87.2,87.6,86.9,86.6,85.6,85.1,85.4,84.6,84.8,84.6,83.5,82.1,83.6,85.8,81.5,82.3,81.7,78.9,75,78.7,84,83.6,81.2,84.8,84.6,81.2,77.9,77,77.2,74.9,72.8,71.2,71.1,..,..
Mali,MLI,"Government expenditure on education, total (% of GDP)",SE.XPD.TOTL.GD.ZS,..,..,..,..,..,..,..,..,2.64959001541138,2.23183989524841,2.97156000137329,2.65844988822937,2.8962299823761,3.80559992790222,3.85922002792358,3.52218008041382,..,..,3.403559923172,3.86904001235962,3.34388995170593,3.75423002243042,3.47949004173279,3.28465008735657,3.64819002151489,3.80152010917664,3.09477996826172,3.78976988792419,3.55817008018494,3.55504989624023,3.95445990562439,4.36370992660522,4.03505516052246,..,..
Mali,MLI,Current health expenditure per capita (current US$),SH.XPD.CHEX.PC.CD,..,..,..,..,..,..,..,..,..,..,14.00467396,13.15898132,15.8949194,18.7693882,21.72006226,23.9734993,26.93185234,29.63539696,33.2138176,34.64718246,31.36423492,31.67959213,27.53107071,30.09257126,35.7261734,28.97842216,27.58086205,28.49467659,31.16962624,31.4089489,28.20211601,30.61906815,29.74292755,..,..
Mali,MLI,Individuals using the Internet (% of population),IT.NET.USER.ZS,0,..,..,..,..,..,0.00206,0.0101,0.0198,0.0609,0.143,0.186,0.227,0.31,0.433,0.507,0.73,0.81,1.57,1.8,2,2.2,2.8,3.5,7,10.3,14,18.9,21.4,25,29.1,34,34.4,35.1,..
Mali,MLI,"GNI, PPP (constant 2021 international $)",NY.GNP.MKTP.PP.KD,13483798798.3918,15145937286.9643,14635624713.5353,15150414731.2447,15544538402.8603,15582877526.0033,16673882314.3213,17444476246.8106,18792232955.3662,19969997781.028,20017497757.4575,22230971771.8378,22611315917.6205,25379950850.9449,25789903852.135,27494906278.636,28612559458.6878,29639613469.4231,31205125410.4998,32158017983.6401,34084311110.3521,35270255445.9873,34890261953.213,35932509048.3828,38727499829.9737,41296728502.8712,43487666341.9683,45571971617.0315,47914242405.4877,49647021469.504,48826157042.7415,50137201071.6838,52159235277.4171,54259985709.0919,..
Malta,MLT,GDP per capita (constant 2015 US$),NY.GDP.PCAP.KD,10067.6981674592,10413.1235495181,10789.7090111113,11161.1378649963,11682.0945167611,12336.7254609096,12718.9472844946,13286.6460045186,13877.1799347657,14446.2786385453,17178.285512948,16920.7309210792,17255.4273732686,17775.5868275971,17728.4915191352,18123.2975105227,18479.2305223587,19342.39192186,20064.4398081358,19635.8764747478,20750.6053846472,20867.8390565654,21529.4927880365,22565.0085794121,23806.8319393667,25481.8977555627,25920.9076621619,28492.3072831419,29492.5863910946,29513.8670529001,27865.3293176048,31420.7339514472,31925.1853539107,33000.5930696382,..
Malta,MLT,Gini index,SI.POV.GINI,..,..,..,..,..,..,..,..,..,..,..,..,..,..,..,..,28,29.2,29,30.2,29,29.1,29.4,28.8,29,29.4,29.1,29.2,28.7,31,31.4,..,..,..,..
Malta,MLT,"Unemployment, total (% of total labor force) (modeled ILO estimate)",SL.UEM.TOTL.ZS,..,6.353,6.349,6.346,6.343,6.34,6.337,6.333,6.33,6.327,6.324,7.107,6.902,7.488,7.317,6.923,6.798,6.472,5.977,6.889,6.847,6.378,6.197,6.106,5.725,5.389,4.687,4.002,3.658,3.616,4.347,3.394,2.921,3.11,2.703
Malta,MLT,Carbon dioxide (CO2) emissions excluding LULUCF per capita (t CO2e/capita),EN.GHG.CO2.PC.CE.AR5,6.55560888838693,6.0957275763031,5.91837178810613,7.57565148071143,6.7105659863873,6.32109141299193,6.13600768613206,6.47037156045988,6.18681658088646,6.23771215084448,5.47262533742473,6.34763935393916,5.86939886708303,6.55674365626145,6.4961571817339,6.52421539543476,6.56266345593968,6.69717056283868,6.67474394143324,6.10555255202108,6.26091655649589,6.20345546619005,6.48742464788062,5.59339103733388,5.45220660993469,3.75708061736467,2.99831340753169,3.32928061812098,3.2340135773683,3.31883776202134,3.14418666025009,3.13825848157119,3.31037363290694,3.04768727826655,..
Malta,MLT,Renewable energy consumption (% of total final energy consumption),EG.FEC.RNEW.ZS,0,0,0,0,0,0,0,0,0,0,0,0,0.1,0.1,0.1,0.1,0.2,0.2,0.2,0.3,1.2,2,2.7,3.2,4.5,6,9.2,7.3,7.6,7.4,9.2,8.6,..,..,..
Malta,MLT,"Government expenditure on education, total (% of GDP)",SE.XPD.TOTL.GD.ZS,3.83141994476318,3.92030000686646,4.31409978866577,..,..,..,..,..,4.18472003936768,..,5.14647483825684,5.64622497558594,4.14305019378662,5.84895467758179,4.43492984771729,5.38576030731201,5.44513845443726,5.94750022888184,5.50121021270752,5.07039022445679,6.25004005432129,7.69612979888916,6.34545993804932,7.57923984527588,7.00420999526978,5.02398014068604,5.10765981674194,4.56079006195068,4.92361116409302,4.8993501663208,5.6448712348938,5.36479997634888,..,..,..
Malta,MLT,Current health expenditure per capita (current US$),SH.XPD.CHEX.PC.CD,..,..,..,..,..,..,..,..,..,..,647.10150146,685.98400879,830.64630127,1074.09313965,1223.85742188,1379.68640137,1474.48449707,1596.12316895,1751.16503906,1677.36230469,1733.66882324,1960.06115723,1898.60144043,2121.08227539,2456.43481445,2243.46704102,2321.15332031,2551.71606445,2753.51098633,2943.63208008,3135.40527344,3641.61938477,3352.77490234,..,..
Malta,MLT,Individuals using the Internet (% of population),IT.NET.USER.ZS,0,..,..,..,..,0.225,1.05,3.92,6.5,7.76,13.1,17.9,28.9,31.6,34.6,41.2,40.4,46.9,50.1,58.9,63,68,68.2,68.9,73.1,76,78.1,81,81.7,85.8,86.9,87.5,91.5,92.1,..
Malta,MLT,"GNI, PPP (constant 2021 international $)",NY.GNP.MKTP.PP.KD,..,..,..,..,..,..,..,..,..,..,11848597798.7619,12233465880.9339,12583278049.7002,12909473619.3858,12962926092.0793,12731673358.5794,13104507182.961,13916017475.6638,14539366046.2171,13752473435.5602,14722460510.8103,15135423931.0958,15643466570.4268,16171211040.08,17392910281.0448,19136913512.0932,18993660402.0235,22348625901.662,23477396797.6288,24366551291.8883,23009840316.936,25810218936.1705,26358580307.7362,28544445926.9974,..
Marshall Islands,MHL,GDP per capita (constant 2015 US$),NY.GDP.PCAP.KD,3148.09977817114,3085.93530547753,3247.85289298957,3391.38513154821,3544.13564721663,3791.20498901919,3365.11122501281,3117.27400069023,3067.73739364805,2997.54989841042,3040.59677355737,3224.7911898754,3322.41127856101,3256.97244330835,3234.15265200518,3284.78403267445,3285.12078781351,3403.47842798117,3146.26177205458,3262.26955535477,3441.31888402121,3433.06297801838,3420.91444796671,3602.92811901896,3620.77275283155,3764.34426229508,3946.8444109078,4190.93468589482,4542.34293916308,5162.81500670348,5172.57528216176,5405.2747359006,5516.88000598847,5470.42006850903,..
Marshall Islands,MHL,Gini index,SI.POV.GINI,..,..,..,..,..,..,..,..,..,..,..,..,..,..,..,..,..,..,..,..,..,..,..,..,..,..,..,..,..,35.5,..,..,..,..,..
Marshall Islands,MHL,"Unemployment, total (% of total labor force) (modeled ILO estimate)",SL.UEM.TOTL.ZS,..,..,..,..,..,..,..,..,..,..,..,..,..,..,..,..,..,..,..,..,..,..,..,..,..,..,..,..,..,..,..,..,..,..,..
Marshall Islands,MHL,Carbon dioxide (CO2) emissions excluding LULUCF per capita (t CO2e/capita),EN.GHG.CO2.PC.CE.AR5,0,0,0,0,0,0,0,0,0,0,0,0,0,0,0,0,0,0.00192178341500913,0.00576590428598885,0.00961187258501701,0.00960725539927753,0.00770608973741499,0.00583441918357027,0.00394625204711825,0.0020081934291911,0,0,0,0,0,0,0,0,0,..
Marshall Islands,MHL,Renewable energy consumption (% of total final energy consumption),EG.FEC.RNEW.ZS,..,..,19.3,19,19.4,19.4,19.6,19.7,19.6,19.4,19.6,19.1,18.6,18.6,18.4,18.4,17,15.2,14.8,14,13.7,12.3,12,12.4,12.2,11.7,12.1,12,12,12.1,12,12.1,12.2,..,..
Marshall Islands,MHL,"Government expenditure on education, total (% of GDP)",SE.XPD.TOTL.GD.ZS,..,..,..,..,..,..,..,..,..,13.8498497009277,..,..,8.1951904296875,11.8441400527954,..,..,..,..,..,..,..,..,..,..,..,..,..,..,..,9.92057037353516,..,..,7.54093980789185,..,..
Marshall Islands,MHL,Current health expenditure per capita (current US$),SH.XPD.CHEX.PC.CD,..,..,..,..,..,..,..,..,..,..,306.73342896,269.22146606,309.72741699,338.22610474,363.40332031,490.59927368,613.29852295,485.01657104,536.23034668,543.67626953,548.59899902,376.39205933,410.4979248,445.42425537,449.90563965,557.35211182,619.35668945,553.06298828,702.8359375,793.66851807,687.02435303,782.16351318,758.44873047,..,..
Marshall Islands,MHL,Individuals using the Internet (% of population),IT.NET.USER.ZS,0,0,0,0,0,0,0.0371,..,..,0.966,1.53,1.71,2.34,2.57,3.6,3.88,3.8,3.95,4.6,5.6,7,10,12.5,14,16.8,19.3,29.8,38.7,43.9,49.8,56.4,64,64.8,65.7,..
Marshall Islands,MHL,"GNI, PPP (constant 2021 international $)",NY.GNP.MKTP.PP.KD,..,..,..,..,..,..,..,219360014.231046,227206923.331126,231801170.375366,236971634.837414,250929474.968708,255179048.401211,251325669.479201,250759059.688201,260366686.496178,258325065.799483,267692501.937261,251599727.033899,255202587.08689,258325065.799483,257004017.113386,247156199.63521,262048021.187574,266131262.580964,290870901.611505,293512998.983699,294113475.659198,305402437.158571,335065984.9282,325818644.125522,304081388.472474,302880435.121477,309245487.881761,..
Mauritania,MRT,GDP per capita (constant 2015 US$),NY.GDP.PCAP.KD,1437.75048235693,1421.32599942189,1393.601055166,1416.96725732195,1327.72304068576,1418.64664533923,1471.80330904422,1381.16274901033,1383.19229722759,1396.17220086364,1304.64439067179,1262.65567288639,1252.10300454131,1308.56307582578,1338.66768122804,1418.53202144135,1637.04191255803,1563.60628765192,1514.2655013629,1469.05426880813,1460.19179652873,1472.55245572229,1488.97177557214,1502.90142381083,1520.64621634902,1554.94897871782,1528.05152299375,1576.06857825162,1602.90225649072,1605.1352359742,1553.30615586591,1520.31117904613,1576.75624107308,1630.27171808744,..
Mauritania,MRT,Gini index,SI.POV.GINI,..,..,..,49.5,..,37.7,..,..,..,..,39,..,..,..,40.2,..,..,..,35.7,..,..,..,..,..,32.6,..,..,..,..,32,..,..,..,..,..
Mauritania,MRT,"Unemployment, total (% of total labor force) (modeled ILO estimate)",SL.UEM.TOTL.ZS,..,9.984,10.058,9.874,9.991,9.797,9.794,9.815,9.984,10.036,10.033,10.125,10.185,9.921,9.791,9.626,9.37,9.524,9.735,10.186,10.075,9.968,9.864,9.929,10.028,10.108,10.283,10.336,10.407,10.416,11.054,11.144,10.531,10.446,10.373
Mauritania,MRT,Carbon dioxide (CO2) emissions excluding LULUCF per capita (t CO2e/capita),EN.GHG.CO2.PC.CE.AR5,0.361754167012487,0.443789190431788,1.09245810256521,1.03944759024397,1.04438677118981,1.05686939153129,1.0279078682446,0.994772127635398,0.986563357822982,0.97847974070877,0.40815920466542,0.43438008630859,0.47202002442805,0.482683010914168,0.518011171751031,0.523943207672932,0.565524976274696,0.607068924323784,0.663311834469534,0.640198901002543,0.623863708413387,0.652104838085754,0.706735554294323,0.626995344263665,0.698815179053526,0.690047476537201,0.636853056177702,0.887711965040612,0.906312929592628,0.966782072597403,0.980146000189995,0.969719574375158,0.980302676347726,0.925904356069091,..
Mauritania,MRT,Renewable energy consumption (% of total final energy consumption),EG.FEC.RNEW.ZS,47,46.7,46.4,46.1,45.5,45.2,43.9,43.8,46,43.9,44.4,44.2,42.1,40.2,38.6,38.8,39.1,35.6,35.8,33.4,34,33.3,31.9,35.1,31,28.3,31.7,25.5,21.6,21.2,20.9,22.1,19.6,..,..
Mauritania,MRT,"Government expenditure on education, total (% of GDP)",SE.XPD.TOTL.GD.ZS,..,..,..,..,..,..,..,1.58580005168915,..,1.72203004360199,..,2.10683989524841,2.27714991569519,2.36501002311707,1.9507999420166,..,1.95851004123688,..,..,..,..,2.33102011680603,2.15821003913879,2.29354000091553,2.55796432495117,2.82956600189209,1.94405996799469,..,..,1.82317996025085,1.802649974823,1.891970038414,2.44024252891541,2.64603042602539,..
Mauritania,MRT,Current health expenditure per capita (current US$),SH.XPD.CHEX.PC.CD,..,..,..,..,..,..,..,..,..,..,23.00290108,23.28163338,25.96999741,29.51877594,31.47280884,34.00539017,35.14922333,40.41820145,49.2858696,44.64679718,43.759655,47.77469254,49.2515831,55.47412872,59.29050827,57.1233139,49.90084076,55.22446442,49.68307495,54.63365555,53.89974594,73.6309433,90.41540527,..,..
Mauritania,MRT,Individuals using the Internet (% of population),IT.NET.USER.ZS,0,..,..,..,..,..,..,0.00417,0.0406,0.118,0.192,0.261,0.363,0.424,0.481,0.67,0.98,1.43,1.87,2.28,4,4.5,5,6.2,11.8,17.6,19.2,21,23,25.1,27.4,30,34.3,37.4,..
Mauritania,MRT,"GNI, PPP (constant 2021 international $)",NY.GNP.MKTP.PP.KD,10440319622.4296,10729611808.9408,10951384860.5334,11538667360.7527,11159980623.1775,12265963527.1732,13461071636.6006,12886771852.735,13299189808.2257,13811715391.4963,13194135996.3388,12824275198.2636,13523687264.0097,14446019821.4083,15114836439.0053,16344318596.879,18664480884.9695,18374971107.3176,18468868133.0729,18736081289.4443,18817442007.3762,19347953070.7466,20118681886.9077,20985900615.3645,21742228771.7363,23130216059.6499,23610608815.0717,25190581262.6241,26605376921.6888,27231869240.9807,27084229700.0005,27197391809.7867,29392026976.3814,31519995138.6097,..
Mauritius,MUS,GDP per capita (constant 2015 US$),NY.GDP.PCAP.KD,3810.48083308592,3936.7665085183,4138.34644932114,4297.40909221881,4412.9375663223,4562.74692775784,4768.68343568327,4977.19016757315,5224.18419650851,5292.86908859768,5671.0295504201,5814.74834570012,5867.77362995049,6170.64876733851,6397.59346169031,6472.87388554741,6756.22955969517,7110.69493851624,7466.69465771689,7693.76434353874,8011.45517219702,8324.78328337964,8591.96715947096,8859.2121832294,9181.61575362564,9507.87133656424,9868.32716641952,10247.6960577758,10652.4836886859,10956.9450226163,9362.87435896817,9679.12123882353,10570.4275259933,11319.2352240984,..
Mauritius,MUS,Gini index,SI.POV.GINI,..,..,..,..,..,..,..,..,..,..,..,..,..,..,..,..,35.7,..,..,..,..,..,38.5,..,..,..,..,36.8,..,..,..,..,..,..,..
Mauritius,MUS,"Unemployment, total (% of total labor force) (modeled ILO estimate)",SL.UEM.TOTL.ZS,..,9.507,9.451,9.512,9.524,9.59,9.505,9.39,9.269,9.28,9.138,9.14,8.205,8.311,8.337,9.524,9.04,8.475,7.17,7.257,7.654,7.447,7.472,7.322,7.467,7.41,6.814,6.752,6.426,6.331,8.626,7.719,6.322,5.571,5.476
Mauritius,MUS,Carbon dioxide (CO2) emissions excluding LULUCF per capita (t CO2e/capita),EN.GHG.CO2.PC.CE.AR5,1.1202569006635,1.18708806969482,1.23778057081944,1.34867419858681,1.36982116123884,1.3910555148215,1.44242131365543,1.43048235453947,1.55262615895438,1.8790623747625,2.05801294662529,2.15901368149951,2.18857217332256,2.27506861056397,2.28017457778564,2.42482418131755,2.69149981037216,2.75356356332131,2.80270166647778,2.75542736300022,2.93881957773513,2.91886643607015,2.98021629420598,3.06467332895394,3.16355430666472,3.16855375693158,3.22517086093973,3.33270877161359,3.30442161954587,3.32736959758607,2.96576499154038,3.15390726301276,3.20714949351418,3.34136637904715,..
Mauritius,MUS,Renewable energy consumption (% of total final energy consumption),EG.FEC.RNEW.ZS,47.1,43.4,43.2,38.8,35.4,38.8,35.6,36.5,33.5,21,20.4,20.1,17.9,18.9,19.1,17.6,16.4,15.7,12.7,12.8,12.8,12,11.4,11.4,10.6,11.5,10.3,9.4,9.2,8.9,9.4,8.6,..,..,..
Mauritius,MUS,"Government expenditure on education, total (% of GDP)",SE.XPD.TOTL.GD.ZS,3.12822008132935,3.46325993537903,..,..,..,..,..,..,..,3.88741993904114,3.71903991699219,3.07347989082336,3.02024006843567,4.35717010498047,4.25577020645142,4.02402019500732,3.64839005470276,3.18540000915527,3.06307005882263,3.04731011390686,3.55147004127502,3.33207011222839,3.41820001602173,3.56775999069214,4.81514978408813,4.75847005844116,4.88207006454468,4.87887001037598,4.67447996139526,4.54195022583008,4.35243988037109,4.67151021957397,4.84085988998413,4.56763982772827,..
Mauritius,MUS,Current health expenditure per capita (current US$),SH.XPD.CHEX.PC.CD,..,..,..,..,..,..,..,..,..,..,115.89820862,116.36106873,132.38633728,157.68417358,184.74328613,192.13858032,203.24180603,229.2313385,312.88540649,301.67260742,357.17382813,385.76248169,387.1026001,440.00280762,544.44122314,515.72247314,540.39239502,594.86120605,640.62182617,639.18286133,541.95184326,593.77947998,590.93572998,..,..
Mauritius,MUS,Individuals using the Internet (% of population),IT.NET.USER.ZS,0,..,..,..,..,..,0.184,0.476,2.57,4.65,7.28,8.78,10.3,12.2,13.7,15.2,16.7,20.2,21.8,22.5,28.3,35,35.4,40.1,44.8,50.1,52.2,55.4,58.6,61.7,67.7,71.6,75.5,79.5,..
Mauritius,MUS,"GNI, PPP (constant 2021 international $)",NY.GNP.MKTP.PP.KD,..,..,..,..,..,..,..,..,..,..,..,..,..,..,..,..,20034742288.9414,21648599484.8975,22514733715.7493,22819390270.1483,23586558283.2883,24065960243.5373,26318668509.541,27005093645.3208,28071272594.1318,29238612994.8209,29879100992.0971,31275005321.9586,33281615766.0907,34252163946.0965,29185303287.3329,30353821215.1852,32683605779.6749,34398249491.3211,..
Mexico,MEX,GDP per capita (constant 2015 US$),NY.GDP.PCAP.KD,8036.86114412537,8197.01179494896,8330.26426802488,8411.79621338297,8623.48043007968,7970.64038496182,8320.65295694833,8770.84481553539,9161.89527783381,9264.97729259968,9581.96970210753,9398.35074355724,9242.27886130016,9221.99666693097,9421.28975988024,9491.51730225718,9813.8280424425,9877.69532644737,9826.3421836048,9074.1188145564,9389.06722084275,9575.93437788582,9782.51776305354,9738.71059803658,9862.48125444199,10021.2386118827,10100.5021214015,10193.7727193457,10296.8690937052,10159.4448355881,9234.64362485294,9728.05680032556,10011.2545383826,10241.8945112994,..
Mexico,MEX,Gini index,SI.POV.GINI,..,..,52.3,..,53.4,..,52,..,53.3,..,53.4,..,50.6,..,50.3,50.9,49.7,..,50.8,..,47.7,..,49.6,..,48.9,..,46.9,..,46,..,44.6,..,43.5,..,..
Mexico,MEX,"Unemployment, total (% of total labor force) (modeled ILO estimate)",SL.UEM.TOTL.ZS,..,3.145,3.235,3.365,4.436,7.095,5.465,4.235,3.733,2.598,2.646,2.627,3.003,3.455,3.937,3.558,3.566,3.628,3.874,5.356,5.303,5.175,4.892,4.921,4.819,4.311,3.853,3.419,3.275,3.477,4.44,4.019,3.256,2.765,2.711
Mexico,MEX,Carbon dioxide (CO2) emissions excluding LULUCF per capita (t CO2e/capita),EN.GHG.CO2.PC.CE.AR5,3.497414941312,3.6416465353332,3.61639596410749,3.65456916206731,3.87802244037464,3.59047529587441,3.69794384159805,3.83635045229743,4.01754554748983,3.84149085173215,4.02242412797852,3.94369283983265,3.94818249826802,4.08524049895262,4.12319826676846,4.22722561433396,4.32537009970363,4.32861291944168,4.2787664460404,4.12095937274701,4.19738559393691,4.2216609449848,4.33344945678331,4.17439314596324,4.0140164992127,4.04965029740162,4.0599543149425,4.05637657039332,3.82148846798022,3.85856547199239,3.37396129154087,3.54786659341113,3.62283731915151,3.75439189770655,..
Mexico,MEX,Renewable energy consumption (% of total final energy consumption),EG.FEC.RNEW.ZS,14.4,13.2,13.4,13.3,11.9,13.3,13.1,12.7,12.2,12.8,12.2,11.3,10.7,10.2,10.2,10.3,9.8,9.5,9.8,9.2,9.4,9.1,9,9.2,9.8,9.2,9.2,10.1,10.3,10.3,12.3,13,..,..,..
Mexico,MEX,"Government expenditure on education, total (% of GDP)",SE.XPD.TOTL.GD.ZS,2.32498002052307,2.54800009727478,3.00501990318298,..,3.47707009315491,3.49746990203857,..,..,3.17838001251221,3.36164999008179,3.80870008468628,4.0313401222229,4.24307012557983,4.83262014389038,4.51204013824463,4.63395023345947,4.4931697845459,4.47921991348267,4.60609006881714,4.94933986663818,4.93695020675659,4.90405988693237,4.88348007202148,4.50858020782471,5.06808996200562,5.05087995529175,4.75795984268188,4.39752006530762,4.13945007324219,..,4.50059986114502,4.24952983856201,..,..,..
Mexico,MEX,Current health expenditure per capita (current US$),SH.XPD.CHEX.PC.CD,..,..,..,..,..,..,..,..,..,..,319.34719849,364.39672852,385.61471558,411.83197021,446.13604736,483.97970581,514.29864502,558.06530762,573.11114502,492.59887695,534.08520508,565.31738281,582.48297119,625.59765625,609.82232666,553.91259766,489.92230225,512.54974365,528.26306152,549.72601318,535.11669922,606.13415527,650.97070313,..,..
Mexico,MEX,Individuals using the Internet (% of population),IT.NET.USER.ZS,0,0.00588,0.0173,0.0283,0.0433,0.103,0.2,0.627,1.27,1.86,5.08,7.04,11.9,12.9,14.1,17.2,19.5,20.8,21.7,26.3,31.1,37.2,39.8,43.5,44.4,57.4,59.5,53,56.7,69.6,71.5,75.6,78.6,81.2,..
Mexico,MEX,"GNI, PPP (constant 2021 international $)",NY.GNP.MKTP.PP.KD,1376288559310.49,1439055441067.22,1491744811032.75,1541628729871.89,1607049684866.68,1492584100018.44,1590600884307.43,1719079662728.2,1826423604318.36,1882681247315.3,1977724507484.83,1973945336451.5,1980052297475.3,2005971650325.24,2082158968165.6,2114333115115.24,2214511531686.12,2258351923493.52,2285789910844.33,2138039230549.69,2254225690551.34,2322147059606.95,2390319031294.1,2391351439649.54,2464307863668.41,2527618012886.81,2569521374140.46,2619293264014.88,2669242114213.7,2651356157165.12,2420370154644.11,2584308612675.84,2688084499513.68,2767242315331.12,..
"Micronesia, Fed. Sts.",FSM,GDP per capita (constant 2015 US$),NY.GDP.PCAP.KD,2410.22248315814,2542.21768899049,2592.34106438055,2744.19964633008,2679.25739314358,2837.15025158891,2734.95215490209,2560.83810825059,2626.59893890544,2655.47572825017,2774.79494666123,2826.84271814889,2840.20752247657,2889.04669625569,2809.06585903908,2879.62178695366,2895.03542297907,2863.83528755232,2819.07927372108,2875.73866449213,2952.11580223798,3041.77717927473,2979.68061790385,2863.90347357213,2790.77010690782,2911.16211045292,2915.62716763945,2928.72277934078,2917.31795034991,3026.12235068898,2949.82835516828,3013.18972956906,2976.67396648663,2986.27621746796,..
"Micronesia, Fed. Sts.",FSM,Gini index,SI.POV.GINI,..,..,..,..,..,..,..,..,..,..,..,..,..,..,..,42.4,..,..,..,..,..,..,..,40.1,..,..,..,..,..,..,..,..,..,..,..
"Micronesia, Fed. Sts.",FSM,"Unemployment, total (% of total labor force) (modeled ILO estimate)",SL.UEM.TOTL.ZS,..,..,..,..,..,..,..,..,..,..,..,..,..,..,..,..,..,..,..,..,..,..,..,..,..,..,..,..,..,..,..,..,..,..,..
"Micronesia, Fed. Sts.",FSM,Carbon dioxide (CO2) emissions excluding LULUCF per capita (t CO2e/capita),EN.GHG.CO2.PC.CE.AR5,0,0,0,0,0,0,0,0,0,0,0,0,0,0,0,0,0,0,0,0,0,0,0,0,0,0,0,0,0,0,0,0,0,0,..
"Micronesia, Fed. Sts.",FSM,Renewable energy consumption (% of total final energy consumption),EG.FEC.RNEW.ZS,..,..,0.9,1,0.9,0.8,0.8,0.8,0.8,0.6,1.3,1.4,1.6,0.9,1,1.4,1.4,1.2,1.4,1.1,2,1.6,1.4,1.4,1.5,1.7,1.9,1.7,2,2,2,2.1,2,..,..
"Micronesia, Fed. Sts.",FSM,"Government expenditure on education, total (% of GDP)",SE.XPD.TOTL.GD.ZS,..,..,..,..,..,..,..,..,..,6.42491006851196,6.70687007904053,..,..,..,..,..,..,..,..,..,..,..,11.7189998626709,12.3439998626709,12.2279996871948,13.6470003128052,13.5129995346069,12.4160003662109,9.69699954986572,10.2259998321533,10.5389995574951,..,..,..,..
"Micronesia, Fed. Sts.",FSM,Current health expenditure per capita (current US$),SH.XPD.CHEX.PC.CD,..,..,..,..,..,..,..,..,..,..,161.47862244,181.29023743,169.95617676,208.84524536,257.89633179,397.91644287,403.95806885,409.62240601,448.39755249,492.5491333,581.45568848,379.53436279,372.10220337,354.82269287,345.01589966,362.27624512,399.74655151,408.86560059,426.75872803,424.89938354,402.98059082,398.76144409,396.7605896,..,..
"Micronesia, Fed. Sts.",FSM,Individuals using the Internet (% of population),IT.NET.USER.ZS,0,..,..,..,..,..,0.278,0.571,1.86,2.8,3.73,4.66,5.57,9.23,11,11.9,12.8,13.6,14.5,15.4,20,22.8,26,27.8,29.7,31.5,33.4,35.3,36.6,38,39.4,..,..,..,..
"Micronesia, Fed. Sts.",FSM,"GNI, PPP (constant 2021 international $)",NY.GNP.MKTP.PP.KD,..,..,..,..,..,..,..,..,..,..,..,..,..,..,..,..,..,..,..,..,..,..,..,..,..,..,..,..,..,..,..,489044079.279994,..,..,..
Moldova,MDA,GDP per capita (constant 2015 US$),NY.GDP.PCAP.KD,3740.10149814887,3137.8350172715,2225.17356234959,2202.16445303219,1526.42524496526,1511.95831765054,1425.9518091471,1454.80861555923,1360.18161095544,1316.43254916007,1346.91567176561,1432.2768928234,1547.57421231612,1654.36629303195,1781.19145323724,1919.44550763748,2017.17730062908,2082.51260097669,2249.22589719372,2116.94357544097,2269.51116145996,2402.94446306051,2389.08666147529,2605.85029986142,2737.80185056647,2749.55137054338,2910.95486872376,3085.33305844263,3267.9961042872,3438.67732670712,3188.91691602699,3688.16729442144,3596.22420493094,3728.90191379122,..
Moldova,MDA,Gini index,SI.POV.GINI,..,..,..,..,..,..,..,36.9,39.5,42.6,36.4,38,35.8,34.9,35,36.3,35.4,34.4,34.7,32.9,32.1,30.6,29.2,28.5,26.8,27,26.3,25.9,25.7,26,..,25.7,..,..,..
Moldova,MDA,"Unemployment, total (% of total labor force) (modeled ILO estimate)",SL.UEM.TOTL.ZS,..,1.9,3.7,3.7,5.8,5.3,7.9,7.9,10,11.14,8.539,7.366,6.845,6.378,6.374,5.633,4.2,2.723,2.073,2.987,2.937,2.648,2.151,1.873,1.425,1.742,1.557,1.586,1.196,1.466,1.186,0.785,0.897,1.555,1.434
Moldova,MDA,Carbon dioxide (CO2) emissions excluding LULUCF per capita (t CO2e/capita),EN.GHG.CO2.PC.CE.AR5,10.6844661628685,8.60363312433802,6.84590392708401,5.83430724678978,4.74685218985791,4.15122578897467,3.58301668683772,3.27971576205391,2.99312455220669,2.54198596748404,2.35667774940609,2.45999585351603,2.50959594832013,2.71004595621794,2.72390792476441,2.88281178337721,2.81478406382301,2.79121970261271,2.762203307059,2.72419537395649,2.97031743802479,2.98252280299325,2.91935459059883,2.61981047420615,2.8126733186018,2.92534004142486,3.00376072083693,3.01336859286241,3.27230724847749,3.41803091631935,3.35649474598976,3.71637512621306,3.73997391497611,4.03949412946546,..
Moldova,MDA,Renewable energy consumption (% of total final energy consumption),EG.FEC.RNEW.ZS,1.1,1.6,2.2,2.4,2.6,2.8,3.7,3.9,4.1,4.9,5.7,5.6,5.8,5.9,4.8,4.3,5,4.4,4.9,4.8,20,20.4,22.1,23.8,24.3,24.7,25.3,26.1,25.3,22,22.3,21.4,..,..,..
Moldova,MDA,"Government expenditure on education, total (% of GDP)",SE.XPD.TOTL.GD.ZS,..,..,..,..,..,..,9.89663982391357,..,..,4.6625599861145,4.48639011383057,4.84684991836548,5.4979100227356,5.42489004135132,6.77103996276855,7.16270017623901,7.49899005889893,8.29337024688721,8.23727035522461,9.5097599029541,7.5922999382019,7.13638019561768,6.98338985443115,5.90975522994995,6.33806991577148,5.80568695068359,5.67208003997803,5.71016979217529,5.53887987136841,6.22576999664307,6.6012601852417,5.82405996322632,6.11053991317749,6.25268602371216,..
Moldova,MDA,Current health expenditure per capita (current US$),SH.XPD.CHEX.PC.CD,..,..,..,..,..,..,..,..,..,..,21.37988663,25.3985939,33.9242363,38.43836975,64.60713959,79.33213043,100.10816193,135.44366455,185.56115723,208.53004456,198.28894043,214.98246765,223.61895752,231.66229248,230.76982117,186.43643188,171.18476868,243.94540405,276.47143555,284.30029297,306.64892578,410.12298584,398.14910889,..,..
Moldova,MDA,Individuals using the Internet (% of population),IT.NET.USER.ZS,0,..,..,..,0.000825,0.00346,0.00464,0.0281,0.261,0.601,1.28,1.49,3.79,7.41,10.6,14.6,19.6,20.5,23.4,27.5,29.7,32.1,34.7,37.4,67,69,71,49.9,50.3,57.8,58.2,74.5,76.7,80.2,..
Moldova,MDA,"GNI, PPP (constant 2021 international $)",NY.GNP.MKTP.PP.KD,..,..,..,..,..,..,18418908074.3252,18704549612.1688,17243490406.7042,16831739254.2371,17513498848.6477,19012157876.8397,20929791922.5213,22654251190.6553,24714040443.9589,26494569063.1265,27363719862.1889,27636521118.5136,29855793065.0763,27110168624.6867,29542433304.8043,31178962393.8308,31722465867.0716,34611146751.9881,36131141681.2915,35046904550.1254,36606957932.5049,38244862982.2882,39400652196.4643,41001900988.4721,36965921520.8378,41500056971.4244,38809727272.8327,39597225548.9449,..
Monaco,MCO,GDP per capita (constant 2015 US$),NY.GDP.PCAP.KD,105878.37276656,106020.717884683,106558.024151992,104739.794413175,106244.898612952,107691.087543628,108107.452988927,109747.029483889,112873.604489635,116084.581378187,120456.506337384,123122.12291461,124481.880220824,126022.239091348,129403.404955341,132253.218402608,140615.178788026,162028.480643444,163243.752211148,142375.532007071,141814.78664157,148272.711991792,146472.677860476,157167.975027858,165288.200345355,170437.101188261,173120.189785092,165781.779121526,173041.761057866,185582.7556905,161262.925884403,194674.777609089,213937.006283651,224582.449752101,..
Monaco,MCO,Gini index,SI.POV.GINI,..,..,..,..,..,..,..,..,..,..,..,..,..,..,..,..,..,..,..,..,..,..,..,..,..,..,..,..,..,..,..,..,..,..,..
Monaco,MCO,"Unemployment, total (% of total labor force) (modeled ILO estimate)",SL.UEM.TOTL.ZS,..,..,..,..,..,..,..,..,..,..,..,..,..,..,..,..,..,..,..,..,..,..,..,..,..,..,..,..,..,..,..,..,..,..,..
Monaco,MCO,Carbon dioxide (CO2) emissions excluding LULUCF per capita (t CO2e/capita),EN.GHG.CO2.PC.CE.AR5,..,..,..,..,..,..,..,..,..,..,..,..,..,..,..,..,..,..,..,..,..,..,..,..,..,..,..,..,..,..,..,..,..,..,..
Monaco,MCO,Renewable energy consumption (% of total final energy consumption),EG.FEC.RNEW.ZS,..,..,..,..,..,..,..,..,..,..,..,..,..,..,..,..,..,..,..,..,..,..,..,..,..,..,..,..,..,..,..,..,..,..,..
Monaco,MCO,"Government expenditure on education, total (% of GDP)",SE.XPD.TOTL.GD.ZS,..,..,0.913609981536865,..,..,1.06456005573273,1.08222997188568,1.21240997314453,1.20881998538971,1.19526994228363,1.25537002086639,..,..,..,1.26668000221252,..,..,..,..,1.35431003570557,1.31735002994537,1.58989000320435,1.78004002571106,1.33440005779266,1.02195000648499,..,1.37246000766754,1.45792996883392,..,1.15890002250671,..,1.41878998279572,1.17324995994568,..,..
Monaco,MCO,Current health expenditure per capita (current US$),SH.XPD.CHEX.PC.CD,..,..,..,..,..,..,..,..,..,..,2968.43188477,3047.76098633,3359.671875,4822.00146484,5671.20849609,5876.08105469,6140.17773438,7025.23681641,8307.68554688,8157.43505859,8016.66992188,8302.79492188,7868.83154297,8455.65527344,8678.04394531,7348.51708984,7149.51806641,7098.20507813,7616.03564453,7512.53173828,7579.64404297,8222.6640625,7655.94042969,..,..
Monaco,MCO,Individuals using the Internet (% of population),IT.NET.USER.ZS,0,..,..,..,..,..,..,..,..,..,42.2,46.6,48,49.5,52.5,55.5,61.5,64.4,67.3,70.1,75,80.3,87,90.7,92.4,93.4,95.2,97.1,..,83.3,98.6,99.1,99.1,99.1,..
Monaco,MCO,"GNI, PPP (constant 2021 international $)",NY.GNP.MKTP.PP.KD,..,..,..,..,..,..,..,..,..,..,..,..,..,..,..,..,..,..,..,..,..,..,..,..,..,..,..,..,..,..,..,..,..,..,..
Mongolia,MNG,GDP per capita (constant 2015 US$),NY.GDP.PCAP.KD,1823.45623781461,1613.69985423318,1462.6746723198,1418.0656069858,1432.28072706305,1499.26495210763,1509.32921132514,1546.08098489924,1575.67716165836,1601.31353865438,1598.31282040605,1625.46152259484,1680.65335337555,1775.64906676137,1942.36263694017,2060.26168223171,2209.74321787628,2403.72416258662,2576.71295838607,2498.72967493254,2611.67326563924,3010.81642672623,3318.16496597089,3628.90708069575,3830.35892049593,3838.92126989984,3817.91962716702,3956.2049437134,4183.85566447661,4337.8167085432,4066.03410882791,4063.53669849245,4205.88554513551,4456.53627552726,..
Mongolia,MNG,Gini index,SI.POV.GINI,..,..,..,..,..,33.2,..,..,30.3,..,..,..,32.9,..,..,..,..,35.8,..,..,33.1,33.9,33.8,..,32,..,32.3,..,32.7,..,..,..,31.4,..,..
Mongolia,MNG,"Unemployment, total (% of total labor force) (modeled ILO estimate)",SL.UEM.TOTL.ZS,..,5.659,5.843,5.845,5.701,5.5,5.533,5.613,5.755,5.848,5.993,6.111,6.2,6.768,6.854,7.017,7.193,7.2,5.565,5.86,6.549,4.769,3.905,4.231,4.798,4.861,7.235,6.359,5.377,9.269,6.594,7.747,6.211,5.503,5.424
Mongolia,MNG,Carbon dioxide (CO2) emissions excluding LULUCF per capita (t CO2e/capita),EN.GHG.CO2.PC.CE.AR5,6.26470546192661,6.86182598407088,5.97719336282573,5.51338718691257,4.75300254179808,4.64901379584664,3.86929538169167,3.73919493836588,3.69918526006225,3.67182292358367,3.78591625252952,3.72751371005534,3.94360699167465,3.77455174098745,3.81795335056602,4.38770276221442,4.9537856501795,5.07727194111882,4.99617698389188,5.17573570806153,5.44270074511926,5.82701106873339,6.21853326313825,6.61532501946354,6.59056877007391,5.95454569481814,6.1880191242324,6.69179276557623,7.15441016723142,7.75199966459312,6.7655605126707,7.34349939903793,7.54001167237666,8.07696892832674,..
Mongolia,MNG,Renewable energy consumption (% of total final energy consumption),EG.FEC.RNEW.ZS,1.9,2,2.4,2.7,3,3,3.4,3.4,3.7,3.6,5.7,6.1,6.5,6.1,5.8,5.3,4.5,4.7,4.7,4.4,4.5,4,3,3,3.3,3.5,3.4,1.8,2.1,2.3,2.9,3,..,..,..
Mongolia,MNG,"Government expenditure on education, total (% of GDP)",SE.XPD.TOTL.GD.ZS,..,..,..,..,..,..,..,3.948970079422,5.49302005767822,5.14565992355347,5.55037021636963,4.93606424331665,7.21078014373779,..,4.32572984695435,..,..,4.69013023376465,..,5.14484977722168,4.64510011672974,4.60902976989746,5.96198511123657,5.24104022979736,5.42825603485107,4.38715648651123,5.20043277740479,4.31822395324707,3.99742722511292,3.65236973762512,4.66345500946045,3.34389615058899,4.18056726455688,3.74101543426514,..
Mongolia,MNG,Current health expenditure per capita (current US$),SH.XPD.CHEX.PC.CD,..,..,..,..,..,..,..,..,..,..,28.13583946,27.85225105,30.67812347,27.18718147,33.7024498,38.04277039,49.52784348,66.17643738,97.26833344,76.7000351,99.50933838,135.98664856,169.6519928,180.41543579,176.69651794,165.19296265,168.41404724,160.4889679,188.64115906,197.57131958,188.77464294,330.03753662,448.24212646,..,..
Mongolia,MNG,Individuals using the Internet (% of population),IT.NET.USER.ZS,0,..,..,..,..,0.00881,0.0182,0.113,0.146,0.508,1.26,1.65,2.04,..,..,..,..,9,9.8,10,10.2,12.5,16.4,17.7,19.9,22.5,22.3,23.7,47.1,51.1,62.5,81.6,82.2,83,..
Mongolia,MNG,"GNI, PPP (constant 2021 international $)",NY.GNP.MKTP.PP.KD,..,..,..,..,..,..,..,..,..,..,..,..,..,..,..,..,..,..,..,..,24787752499.2707,28965332035.1254,32653393919.6441,37388144488.1713,39243499456.7488,40220532799.5219,40744393089.1337,39866437186.5317,45516022340.7985,46891598884.6312,45636484323.6899,42745618822.7807,46498905104.1921,49632515351.9167,..
Montenegro,MNE,GDP per capita (constant 2015 US$),NY.GDP.PCAP.KD,..,..,..,..,..,..,..,4488.79462512197,4723.14338358475,4290.89684941343,4431.60047014419,4462.34990117884,4529.12330572995,4623.0760644615,4819.14785988608,5013.1959009921,5435.88622103627,5798.06497333447,6205.8212472095,5833.65954418904,5982.19928466066,6168.84838637415,5995.77445120446,6202.50670294785,6307.01856129174,6517.19267514764,6707.85041020824,7023.43381181246,7381.80764032937,7684.18397197185,6515.53680560451,7390.30811727832,7889.23763310614,8403.3387654549,..
Montenegro,MNE,Gini index,SI.POV.GINI,..,..,..,..,..,..,..,..,..,..,..,..,..,..,..,..,..,..,..,..,..,..,41.2,39,38.8,39,38.5,36.9,36.8,35.7,35.4,34.3,..,..,..
Montenegro,MNE,"Unemployment, total (% of total labor force) (modeled ILO estimate)",SL.UEM.TOTL.ZS,..,30.228,30.283,30.348,30.334,30.294,30.235,30.298,30.269,30.676,30.609,30.741,30.423,30.458,30.37,30.31,24.79,19.4,17.15,19.09,19.649,19.759,19.808,19.585,18.054,17.555,17.732,16.082,15.19,15.128,17.878,16.543,14.851,14.621,14.1
Montenegro,MNE,Carbon dioxide (CO2) emissions excluding LULUCF per capita (t CO2e/capita),EN.GHG.CO2.PC.CE.AR5,..,..,..,..,..,..,..,..,..,..,..,..,..,..,..,..,..,..,..,..,..,..,..,..,..,..,..,..,..,..,..,..,..,..,..
Montenegro,MNE,Renewable energy consumption (% of total final energy consumption),EG.FEC.RNEW.ZS,..,..,..,..,..,..,..,..,..,..,..,..,..,..,..,47.6,44.8,42.3,38.8,49.2,49.1,42.8,45.9,49.3,46,43,43.9,37.8,40.6,38.7,39.6,39.6,..,..,..
Montenegro,MNE,"Government expenditure on education, total (% of GDP)",SE.XPD.TOTL.GD.ZS,..,..,..,..,..,..,..,..,..,..,..,..,..,..,..,..,..,..,..,..,..,..,..,..,..,..,..,..,..,..,..,..,..,..,..
Montenegro,MNE,Current health expenditure per capita (current US$),SH.XPD.CHEX.PC.CD,..,..,..,..,..,..,..,..,..,..,..,..,..,..,..,..,..,..,..,..,..,571.65600586,535.16223145,597.17596436,581.40106201,582.18743896,604.88665771,623.68841553,745.7520752,754.77441406,896.24884033,1024.2565918,1107.06445313,..,..
Montenegro,MNE,Individuals using the Internet (% of population),IT.NET.USER.ZS,..,..,..,..,..,..,..,..,..,..,..,..,..,..,25.4,27.1,28.9,30.8,32.9,35.1,37.5,35.6,56.8,60.3,63.9,68.1,69.9,71.3,71.5,73.5,77.6,82.2,88.2,89.8,..
Montenegro,MNE,"GNI, PPP (constant 2021 international $)",NY.GNP.MKTP.PP.KD,..,..,..,..,..,..,..,..,..,..,..,..,..,..,..,..,11039210405.0504,11746822353.3024,12631876426.8762,11753657651.7632,11969556691.9919,12540918328.9509,12302793919.3348,12774774210.6575,12925769557.972,13480107808.3515,13699765156.5556,14522641736.0619,15125874072.8548,15733230296.5586,13389481572.714,15211167737.6193,16169876159.2457,17020375412.7312,..
Morocco,MAR,GDP per capita (constant 2015 US$),NY.GDP.PCAP.KD,1695.63647460938,1786.76281738281,1720.42248535156,1680.71044921875,1830.88061523438,1705.4482421875,1886.67224121094,1828.96862792969,1931.74047851563,1935.47875976563,1957.14135742188,2078.96606445313,2127.50708007813,2229.576171875,2301.08178710938,2342.15478515625,2489.99291992188,2540.615234375,2648.58569335938,2710.66650390625,2767.04223632813,2879.53930664063,2927.45043945313,3008.185546875,3051.458984375,3146.24780273438,3124.42504882813,3242.64428710938,3304.7119140625,3364.73950195313,3090.89428710938,3309.130859375,3325.560546875,3403.31982421875,..
Morocco,MAR,Gini index,SI.POV.GINI,39.2,..,..,..,..,..,..,..,39.4,..,40.6,..,..,..,..,..,40.7,..,..,..,..,..,..,39.5,..,..,..,..,..,..,..,..,..,..,..
Morocco,MAR,"Unemployment, total (% of total labor force) (modeled ILO estimate)",SL.UEM.TOTL.ZS,..,13.538,13.8,14.029,13.869,14.052,13.398,14.023,13.393,13.94,13.58,12.46,11.59,11.92,10.83,11.01,9.67,9.56,9.57,8.96,9.09,8.91,8.99,9.23,9.7,9.46,9.3,9.223,9.271,9.194,11.223,10.576,9.494,9.044,8.943
Morocco,MAR,Carbon dioxide (CO2) emissions excluding LULUCF per capita (t CO2e/capita),EN.GHG.CO2.PC.CE.AR5,0.921111485849079,0.949098218179158,1.00011629166966,1.01392620595156,1.08144657888124,1.10843685293345,1.07845361852666,1.11903218631364,1.12936780600491,1.17173405143629,1.18059270457635,1.28342384807613,1.31040529907691,1.28804117084015,1.42931840791469,1.47057738444089,1.47433419676036,1.47515262068151,1.56474403092224,1.52790856344482,1.60244785045845,1.70947966777939,1.75488463716991,1.73073406194248,1.73798808236744,1.7664016342312,1.74157565314012,1.80121576266493,1.8187259066467,1.98431698656023,1.84687338318216,1.97882571194012,1.88316803228712,1.85238291648884,..
Morocco,MAR,Renewable energy consumption (% of total final energy consumption),EG.FEC.RNEW.ZS,22.4,23,21.6,19,19,17.7,19.1,18.8,17.6,15.9,15.5,15.3,15.1,16.1,22.4,20,18.2,16.6,14.4,14.2,13.9,11.8,10.9,11.6,11.1,11.2,11.1,10.4,10.9,10.7,11.1,10.9,..,..,..
Morocco,MAR,"Government expenditure on education, total (% of GDP)",SE.XPD.TOTL.GD.ZS,4.51048994064331,4.30316019058228,..,4.82496976852417,..,4.73480987548828,..,..,4.59939002990723,4.62526988983154,..,..,..,..,..,..,..,..,4.85339021682739,4.83119010925293,..,..,5.55294847488403,..,5.48276042938232,5.13336896896362,5.08530187606812,4.73564958572388,4.96022701263428,5.00325679779053,6.28428268432617,5.64273405075073,5.91224670410156,6.02096939086914,..
Morocco,MAR,Current health expenditure per capita (current US$),SH.XPD.CHEX.PC.CD,..,..,..,..,..,..,..,..,..,..,54.63968277,56.55395889,63.57953644,77.74629211,91.17259979,97.19748688,110.22368622,131.86448669,153.23677063,165.50694275,168.36595154,179.00019836,172.04353333,179.81974792,188.6415863,162.85198975,162.21507263,166.8500061,175.70518494,177.84625244,185.45245361,211.94190979,199.21412659,..,..
Morocco,MAR,Individuals using the Internet (% of population),IT.NET.USER.ZS,0,..,..,..,..,0.00371,0.00568,0.0216,0.142,0.176,0.694,1.37,2.37,3.35,11.6,15.1,19.8,21.5,33.1,41.3,52,46.1,55.4,56,56.8,57.1,58.3,61.8,64.8,84.1,84.1,88.1,89.9,91,..
Morocco,MAR,"GNI, PPP (constant 2021 international $)",NY.GNP.MKTP.PP.KD,105340024030.026,112645311611.221,110663393347.095,109180062914.177,121418393460.068,114325333546.37,129550742009.627,127424572164.128,137548181137.609,139997347265.332,143467736774.334,154759760701.597,161054694181.481,171338669264.283,179875707857.296,186621788991.076,200946339835.542,208261884314.613,220415051905.936,225944190173.538,233877163718.142,246098643566.354,252825789317.387,264962142405.164,270340723814.743,283277733667.184,285199079270.762,299188661418.958,308484338262.453,317364169458.606,296250473173.35,319023680780.111,323846632546.489,334844788247.027,..
Mozambique,MOZ,GDP per capita (constant 2015 US$),NY.GDP.PCAP.KD,221.048981086396,227.4627362365,206.194607588583,221.624579964898,220.478583291331,212.086249862904,227.198486695187,247.184945629196,266.672705397492,291.560018665606,287.390630344484,317.185703581034,340.13537022259,356.521157404125,377.064958084878,391.699758163976,420.526462764726,442.049574057751,460.94729485679,475.788178051193,494.162859074785,514.869957191994,540.2945177803,559.393953685688,585.266716133984,610.563774706589,620.779714954555,618.397694360334,621.153734194787,617.13932000195,591.804059985932,588.215854695416,596.058889467339,610.174972826279,..
Mozambique,MOZ,Gini index,SI.POV.GINI,..,..,..,..,..,..,53.3,..,..,..,..,..,47,..,..,..,..,..,45.5,..,..,..,..,..,54,..,..,..,..,50.3,..,..,..,..,..
Mozambique,MOZ,"Unemployment, total (% of total labor force) (modeled ILO estimate)",SL.UEM.TOTL.ZS,..,2.842,3.033,2.899,2.881,2.76,2.764,2.7,2.64,2.663,2.833,2.839,2.903,2.859,2.955,3.037,3.039,3.084,3.114,3.208,3.261,3.296,3.305,3.346,3.377,3.426,3.457,3.539,3.604,3.646,3.921,4.053,3.596,3.519,3.527
Mozambique,MOZ,Carbon dioxide (CO2) emissions excluding LULUCF per capita (t CO2e/capita),EN.GHG.CO2.PC.CE.AR5,0.0887163860776444,0.0729623601997889,0.0853061810950396,0.0961484264110831,0.0761680987568523,0.0787818449637951,0.0735668619880091,0.0791387271089727,0.0747557850816449,0.0727282733446311,0.0866425849408149,0.102299477999705,0.104814040133687,0.130225770563066,0.140123797442107,0.131275871947836,0.135988270025521,0.152370143512889,0.144323516401,0.151957786228809,0.156805215477819,0.17968171983648,0.193172394960507,0.204254329192642,0.224530531564972,0.243250117185858,0.304761605151679,0.295085707282434,0.277552596875305,0.288692621362732,0.259224950564728,0.292940538290263,0.307083673977713,0.289580902840956,..
Mozambique,MOZ,Renewable energy consumption (% of total final energy consumption),EG.FEC.RNEW.ZS,93,94.2,93,91.8,93.1,92.8,93.1,92.6,94,94.2,93.6,93,93.2,92.7,92.9,93.7,93.1,87.5,88.1,86.1,84.9,85.4,84.5,83.1,81.2,80.1,77.4,78.2,79,77.5,80.2,76.9,..,..,..
Mozambique,MOZ,"Government expenditure on education, total (% of GDP)",SE.XPD.TOTL.GD.ZS,..,..,..,..,..,..,..,..,1.80137002468109,2.64153003692627,..,..,..,..,3.19839000701904,3.85834002494812,3.7359299659729,..,..,..,5.39052867889404,5.62194490432739,5.5575098991394,6.03576993942261,6.49390125274658,6.01083421707153,5.80086994171143,5.48664999008179,5.38976001739502,6.2863941192627,6.64256286621094,6.49789762496948,6.16198396682739,..,..
Mozambique,MOZ,Current health expenditure per capita (current US$),SH.XPD.CHEX.PC.CD,..,..,..,..,..,..,..,..,..,..,7.00877714,8.53719139,10.00207806,11.03660774,14.12452602,18.40718079,18.05057144,19.29700851,24.48562622,27.68954468,26.26061249,30.42516136,35.24672699,41.5031395,43.50259018,40.35658646,31.85357285,36.75825882,41.29206467,41.01906586,34.87546539,45.22790909,49.4729538,..,..
Mozambique,MOZ,Individuals using the Internet (% of population),IT.NET.USER.ZS,0,..,..,..,..,..,0.00304,0.0118,0.0202,0.0563,0.11,0.16,0.26,0.42,0.679,0.854,0.843,0.91,1.56,2.68,4.17,4.6,5,5.5,6,6.5,7,7.8,10.9,12.5,14.3,16.4,18.8,19.8,..
Mozambique,MOZ,"GNI, PPP (constant 2021 international $)",NY.GNP.MKTP.PP.KD,..,7310966074.32601,6630532966.94144,7382101755.91389,7849391907.93483,8104418479.07347,9078350459.60504,10203646690.7168,11192345454.0952,12558619290.8008,12495051237.7524,14021440053.4383,14405126924.0124,16713060589.4825,18155189222.7231,18920643203.1213,20229391170.4891,22040551878.3618,23646767272.7069,25785526732.7231,27291279802.5917,29663299342.9079,32444091412.4139,34616147498.011,36991353559.0043,39421237484.5188,41242606161.042,41883492551.1979,43785971025.1722,44900381709.2042,44246974543.8064,45234468975.6807,44362051147.9298,46077986516.9446,..
Myanmar,MMR,GDP per capita (constant 2015 US$),NY.GDP.PCAP.KD,170.233436726358,166.710439947437,180.333227417157,188.680525344568,200.12478854129,211.265635944395,222.01335977578,231.587954115917,242.132148131296,265.455335144641,298.590464505888,328.973872708822,364.855800192284,411.498764121701,463.330135715086,522.099544784385,586.085579927107,651.729730889922,714.620419016959,785.634853157477,854.932478015582,895.512538749886,953.12308192292,1024.690604732,1099.24387750063,1166.73305546288,1225.37913970924,1290.56409025621,1361.56831264048,1440.98988236657,1301.31386350598,1136.99566054087,1174.76697945619,1177.76649645503,..
Myanmar,MMR,Gini index,SI.POV.GINI,..,..,..,..,..,..,..,..,..,..,..,..,..,..,..,..,..,..,..,..,..,..,..,..,..,38.1,..,30.7,..,..,..,..,..,..,..
Myanmar,MMR,"Unemployment, total (% of total labor force) (modeled ILO estimate)",SL.UEM.TOTL.ZS,..,0.832,0.8,0.784,0.745,0.759,0.758,0.769,0.776,0.754,0.717,0.694,0.69,0.691,0.682,0.676,0.68,0.687,0.703,0.715,0.727,0.75,0.767,0.775,0.763,0.766,1.058,1.356,0.767,0.407,1.476,4.34,3.057,3.032,3.032
Myanmar,MMR,Carbon dioxide (CO2) emissions excluding LULUCF per capita (t CO2e/capita),EN.GHG.CO2.PC.CE.AR5,0.111318583997675,0.1062331940409,0.111097973247696,0.122575958144522,0.145045280193198,0.173682462042667,0.180313410818619,0.177229765046387,0.190364214501161,0.206402540124611,0.221709285548484,0.191692848194143,0.191284718183921,0.234800928240979,0.22583975634631,0.236951674030081,0.218722830855244,0.226840316797223,0.172648544941183,0.159971775029907,0.176010377856472,0.185609741192906,0.25196515888876,0.282921766692084,0.350014366150862,0.386288210140348,0.446004264123355,0.65006147613087,0.640911801629649,0.65295468167386,0.654628004454913,0.596140243761499,0.602575075776013,0.61640603897772,..
Myanmar,MMR,Renewable energy consumption (% of total final energy consumption),EG.FEC.RNEW.ZS,90.9,91.1,90.8,89.2,88,85.2,84.6,85.2,83.4,81.9,80.2,82.5,83,79.9,80.2,79.6,81.3,80.5,85.6,85.8,84.6,83.8,78.1,75.6,72,70,68.8,59.5,59.4,58.5,59.2,62.9,..,..,..
Myanmar,MMR,"Government expenditure on education, total (% of GDP)",SE.XPD.TOTL.GD.ZS,..,..,..,..,..,1.20247995853424,..,..,..,..,..,..,..,..,..,..,..,..,..,..,..,0.787440001964569,1.58642876148224,1.84381175041199,2.01199841499329,2.2456042766571,2.15808844566345,2.16652989387512,1.99249005317688,1.99976003170013,..,..,..,..,..
Myanmar,MMR,Current health expenditure per capita (current US$),SH.XPD.CHEX.PC.CD,..,..,..,..,..,..,..,..,..,..,4.47214985,4.62700701,7.0817728,6.57480383,7.01517916,7.65254498,8.47415161,9.91384029,14.70817947,18.70313454,20.23270416,27.40522575,37.25568008,37.68575287,54.28113556,63.62335968,59.67910385,59.51782608,60.83261871,53.72147369,66.02284241,71.14800262,57.96875763,..,..
Myanmar,MMR,Individuals using the Internet (% of population),IT.NET.USER.ZS,0,..,..,..,..,..,..,..,..,0.000152,..,0.000289,0.000426,0.0241,0.0243,0.0652,0.182,0.217,0.22,0.22,0.25,0.98,1.4,1.8,7.4,10.9,16,23.6,29.4,36.5,45.4,56.5,58,58.5,..
Myanmar,MMR,"GNI, PPP (constant 2021 international $)",NY.GNP.MKTP.PP.KD,..,..,..,..,..,..,..,..,..,..,..,..,..,..,..,..,..,..,..,..,..,..,..,..,..,..,..,..,..,..,..,272097982701.969,..,..,..
Namibia,NAM,GDP per capita (constant 2015 US$),NY.GDP.PCAP.KD,2857.33777498196,2989.40001637296,3104.24536078011,2959.27503800966,2918.37740296161,2945.36226956201,2958.24060697383,3004.30804359997,3025.32668011049,3050.46098873323,3083.59657884697,3055.40444831936,3145.94566281247,3232.30589658857,3582.89503259701,3627.75059772278,3834.99894666178,3987.61796106565,4036.38187484707,3989.20711387651,4165.12990200988,4302.72451368462,4420.96741373862,4549.26759093897,4701.95694189098,4774.10650865775,4648.62713460213,4476.73324402105,4400.47537705743,4243.09274481966,3787.49943973286,3809.80753359714,3903.73340788924,3965.35920570222,..
Namibia,NAM,Gini index,SI.POV.GINI,..,..,..,..,..,..,..,..,..,..,..,..,..,63.3,..,..,..,..,..,61,..,..,..,..,..,59.1,..,..,..,..,..,..,..,..,..
Namibia,NAM,"Unemployment, total (% of total labor force) (modeled ILO estimate)",SL.UEM.TOTL.ZS,..,19.14,18.932,19.104,19.4,21.312,22.835,24.45,23.081,21.669,20.3,20.98,21.5,22.052,22.09,22.107,21.876,22.119,22.017,22.254,22.12,19.476,16.771,19.028,18.521,20.808,23.352,21.733,19.877,19.921,21.004,20.922,19.695,19.365,19.148
Namibia,NAM,Carbon dioxide (CO2) emissions excluding LULUCF per capita (t CO2e/capita),EN.GHG.CO2.PC.CE.AR5,0.910025027331423,0.797211807154704,0.840266553162137,0.943927110612668,1.05673441692626,1.11249118383193,1.18692451201413,1.19649740952273,1.20387015977539,1.11739234212731,1.07140088208432,1.32780628179778,1.13112906554072,1.19658048338848,1.25221283138405,1.31797199404856,1.28310427092286,1.30298226493609,1.47099053469959,1.48344512403521,1.50918731583066,1.57133705286944,1.61774931264792,1.68319047035571,1.70223329998759,1.74135534683907,1.74576799976058,1.66954344750171,1.63518249721514,1.59834355406954,1.42082746681462,1.40687865853919,1.47242134201163,1.47298686002305,..
Namibia,NAM,Renewable energy consumption (% of total final energy consumption),EG.FEC.RNEW.ZS,..,42.5,40.3,38,32.8,32.1,31.4,30.6,31.7,32.7,34.8,30.4,33.8,33.3,34.8,34.6,35.8,36.5,32.5,33.4,31.2,31.6,31.9,30.7,30.2,29.3,29.2,30.2,30.9,30.2,31.2,30,..,..,..
Namibia,NAM,"Government expenditure on education, total (% of GDP)",SE.XPD.TOTL.GD.ZS,..,..,..,..,..,..,..,..,..,7.13076019287109,6.901780128479,6.88886976242065,6.7423300743103,6.13713979721069,..,..,6.03171014785767,..,6.40342998504639,..,8.24330043792725,8.0213794708252,9.24281215667725,8.59541702270508,9.56250667572021,9.85076808929443,10.592794418335,9.70867252349854,8.88112258911133,9.32253170013428,9.27799892425537,10.3914480209351,9.67791175842285,9.04451274871826,..
Namibia,NAM,Current health expenditure per capita (current US$),SH.XPD.CHEX.PC.CD,..,..,..,..,..,..,..,..,..,..,200.10691833,185.65335083,173.55830383,257.13796997,347.41690063,374.68215942,409.22375488,463.44381714,411.6569519,384.44067383,519.55053711,565.43469238,550.6829834,484.64331055,452.2585144,476.50942993,409.78106689,448.58221436,439.87658691,397.42849731,344.69924927,413.51190186,405.59393311,..,..
Namibia,NAM,Individuals using the Internet (% of population),IT.NET.USER.ZS,0,..,..,..,..,0.00617,0.00903,0.0588,0.287,0.336,1.64,2.42,2.63,3.36,3.8,4.01,4.4,4.84,5.33,6.5,11.6,12,12.9,13.9,14.8,25.7,31,36.8,42.8,49.8,57.9,60.3,61.1,64.4,..
Namibia,NAM,"GNI, PPP (constant 2021 international $)",NY.GNP.MKTP.PP.KD,10158230548.9317,11160634317.1012,11691743172.9702,11479613523.0823,11666445051.2102,12376799996.3057,12523500824.9688,13008240762.8364,13522961991.8395,13630159730.7462,14397483670.2638,14454093697.9131,15392310690.0581,16524032708.0019,17977718815.5619,17957439828.8676,19358954322.7871,19988228477.5178,20527068299.0283,20535686690.0984,21328092075.2051,22661046921.0906,23840325056.1751,26120412822.55,27623840929.0174,28919366146.0202,28382030840.9995,28120717182.4607,27843687739.2481,27980382400.5532,26292783057.4386,26257533214.0787,27576289468.8327,28428726763.8757,..
Nauru,NRU,GDP per capita (constant 2015 US$),NY.GDP.PCAP.KD,20743.0546568632,16414.2227344012,13510.6705433805,11242.2323199836,10770.2765041795,9889.58238222283,8701.31595291815,7911.35685035345,6978.08306417341,6526.78700752091,6090.65769939007,5700.16392815847,5156.21747954894,5182.71729298914,4958.59494194212,4946.36830865812,5366.34976796417,4181.64316901683,5039.43231005929,4751.28407417521,4730.93001061022,5382.45329963983,6632.10607690211,6710.62531212923,7649.08971293174,7703.43149943923,7898.2277010259,7309.38138643462,7124.01760358281,7655.24340340684,7769.40694625475,8282.3668394419,8466.19206696855,8463.13245199864,..
Nauru,NRU,Gini index,SI.POV.GINI,..,..,..,..,..,..,..,..,..,..,..,..,..,..,..,..,..,..,..,..,..,..,32.4,..,..,..,..,..,..,..,..,..,..,..,..
Nauru,NRU,"Unemployment, total (% of total labor force) (modeled ILO estimate)",SL.UEM.TOTL.ZS,..,..,..,..,..,..,..,..,..,..,..,..,..,..,..,..,..,..,..,..,..,..,..,..,..,..,..,..,..,..,..,..,..,..,..
Nauru,NRU,Carbon dioxide (CO2) emissions excluding LULUCF per capita (t CO2e/capita),EN.GHG.CO2.PC.CE.AR5,0,0,0,0,0,0,0,0,0,0,0,0,0,0,0,0,0,0,0,0,0,0,0,0,0,0,0,0,0,0,0,0,0,0,..
Nauru,NRU,Renewable energy consumption (% of total final energy consumption),EG.FEC.RNEW.ZS,0,0,0,0,0,0,0,0,0,0,0,0,0,0,0,0,0.1,0.1,0.1,0,0,0,0.1,0.1,0,0.1,0.2,0.6,0.7,0.6,1.3,1.6,1.9,..,..
Nauru,NRU,"Government expenditure on education, total (% of GDP)",SE.XPD.TOTL.GD.ZS,..,..,..,..,..,..,..,..,..,..,..,..,15.8634700775146,..,..,..,..,4.24615001678467,..,..,..,..,..,..,..,6.25260305404663,7.9856219291687,6.81056642532349,..,6.01101303100586,6.09919404983521,6.21887111663818,7.80539798736572,..,..
Nauru,NRU,Current health expenditure per capita (current US$),SH.XPD.CHEX.PC.CD,..,..,..,..,..,..,..,..,..,..,463.77734375,349.01687622,298.91278076,273.59832764,216.23666382,328.92779541,363.46365356,586.8157959,809.65649414,575.39526367,626.21124268,672.27624512,873.81658936,831.84564209,760.04394531,979.76556396,981.88366699,1127.47509766,1221.42358398,1213.86804199,1270.52563477,1809.3338623,2264.20239258,..,..
Nauru,NRU,Individuals using the Internet (% of population),IT.NET.USER.ZS,0,..,..,..,..,..,..,..,..,..,..,2.99,..,..,..,..,..,..,..,..,..,54,..,..,..,..,..,62.4,..,74.7,81.7,..,..,..,..
Nauru,NRU,"GNI, PPP (constant 2021 international $)",NY.GNP.MKTP.PP.KD,..,..,..,..,..,..,..,..,..,..,..,..,..,..,..,..,..,..,..,..,..,..,..,..,..,..,..,..,..,..,..,214651270.927235,..,..,..
Nepal,NPL,GDP per capita (constant 2015 US$),NY.GDP.PCAP.KD,422.724738575869,438.15619419594,443.462044821677,448.13094087379,472.951082824345,477.741099613336,492.212428031946,506.426874424217,511.54871132025,524.27256909301,547.221082273632,564.28622920391,556.438454538796,570.28967363428,589.46992868617,603.190108570995,617.477638588722,633.226129136597,666.865095417138,692.400000816919,721.265221364302,742.617252662576,775.310578479839,801.039060847856,846.665541773599,875.543635474862,875.188943730855,951.857298563641,1021.91492204011,1077.11796498188,1031.53618783934,1062.7888430629,1113.55462343197,1136.09335013717,..
Nepal,NPL,Gini index,SI.POV.GINI,..,..,..,..,..,35.2,..,..,..,..,..,..,..,43.8,..,..,..,..,..,..,32.8,..,..,..,..,..,..,..,..,..,..,..,30,..,..
Nepal,NPL,"Unemployment, total (% of total labor force) (modeled ILO estimate)",SL.UEM.TOTL.ZS,..,10.484,10.493,10.517,10.465,10.484,10.443,10.535,10.551,10.581,10.551,10.504,10.632,10.702,10.71,10.617,10.639,10.683,10.613,10.587,10.554,10.64,10.643,10.687,10.617,10.644,10.742,10.66,10.559,10.389,12.975,12.186,10.844,10.628,10.706
Nepal,NPL,Carbon dioxide (CO2) emissions excluding LULUCF per capita (t CO2e/capita),EN.GHG.CO2.PC.CE.AR5,0.055740015415446,0.0669078930951015,0.0684628849890976,0.0735641314118558,0.087335182872745,0.0926706818417924,0.0962234314850736,0.10411093486529,0.108296509212256,0.13828279716988,0.139298830640235,0.146508073918091,0.117817609796462,0.131886485130967,0.112493319664141,0.124506555779294,0.102098874759203,0.104205193782464,0.114301436489324,0.149552672345949,0.174991163761827,0.195175632946305,0.226065706031778,0.228191406769323,0.265672943806403,0.263139650115375,0.385015994369902,0.471203399718784,0.530230231538533,0.473719634051644,0.568082369699641,0.562887001565055,0.579560737389147,0.603941172631508,..
Nepal,NPL,Renewable energy consumption (% of total final energy consumption),EG.FEC.RNEW.ZS,95.1,94.2,94.2,93.6,92.4,91.7,91.5,90.7,90.5,88,88.3,87.8,90,89.4,90.3,89.5,91.2,91.3,90.5,88.9,87.3,87,84.7,86,84,85.2,79.4,76.8,75,78.2,73.1,73.7,..,..,..
Nepal,NPL,"Government expenditure on education, total (% of GDP)",SE.XPD.TOTL.GD.ZS,..,..,..,..,..,..,..,..,2.89287996292114,2.89331007003784,2.9751501083374,3.70837998390198,3.15283989906311,3.11435008049011,3.17194008827209,3.3646399974823,3.60536003112793,3.51721000671387,3.8051700592041,4.6637601852417,3.63172006607056,3.84261989593506,3.52898859977722,3.20268630981445,3.48599410057068,3.29425358772278,3.47711229324341,3.52892374992371,3.66440558433533,3.48568081855774,4.21106672286987,3.95612215995789,3.61778378486633,3.68125796318054,..
Nepal,NPL,Current health expenditure per capita (current US$),SH.XPD.CHEX.PC.CD,..,..,..,..,..,..,..,..,..,..,8.34249592,10.26854038,10.46419716,11.06888008,12.92468262,14.14693356,13.68047714,17.13900185,18.86374855,20.86620903,29.62231827,34.14775085,33.64963913,35.14327621,41.9739151,46.49585342,47.1232872,49.63053513,51.16128922,53.61107254,59.07941437,66.54234314,88.26616669,..,..
Nepal,NPL,Individuals using the Internet (% of population),IT.NET.USER.ZS,0,0,0,0,0,0.000925,0.00451,0.022,0.0644,0.147,0.205,0.24,0.313,0.383,0.45,0.827,1.14,1.41,1.73,1.97,7.93,9,11.1,13.3,15.4,17.6,20.7,24.3,28.6,33.3,38.9,45.3,53.9,55.8,..
Nepal,NPL,"GNI, PPP (constant 2021 international $)",NY.GNP.MKTP.PP.KD,..,..,..,..,..,..,..,..,..,..,..,60432516567.3262,60195605424.4407,62568192967.8826,65385646038.2087,68052154098.8307,70663966048.8218,73255401858.4051,77681384096.5189,81369966050.4124,84963782001.9761,87647019234.2583,91934044267.0227,95138965740.9183,101645860989.092,105612731375.374,105941489088.277,115198344320.398,123537110958.697,132287264506.402,129286676935.072,134717047770.225,142377748227.822,146015140519.7,..
Netherlands,NLD,GDP per capita (constant 2015 US$),NY.GDP.PCAP.KD,31308.9134353062,31820.8312757536,32119.9518915891,32297.9765926087,33054.4495250043,33916.5007890845,34915.1715994696,36211.649328204,37661.7336703917,39298.7334163813,40665.3381347954,41297.3198197765,41135.4190926401,40981.8476753112,41663.1477702602,42411.3453295771,43841.1223358567,45445.5228940384,46227.2111445548,44304.4119418886,44659.2728095964,45239.7318784562,44631.8744697382,44487.0306140116,45042.0669609307,45793.8135434697,46655.0363545163,47670.1056982589,48463.0299572209,49254.0158758866,47086.5803832096,49780.8440433539,51777.543168341,51305.6282286444,..
Netherlands,NLD,Gini index,SI.POV.GINI,31.1,..,..,30.4,..,..,..,..,..,28.1,..,..,..,..,29.8,29,30,29.6,29.3,27.9,27.8,27.8,27.6,28.1,28.6,28.2,28.2,28.5,28.1,29.2,26,25.7,..,..,..
Netherlands,NLD,"Unemployment, total (% of total labor force) (modeled ILO estimate)",SL.UEM.TOTL.ZS,..,7.285,5.555,6.287,7.159,7.157,6.421,5.511,4.394,3.622,2.725,2.119,2.554,3.593,4.646,5.872,5.007,4.153,3.658,4.352,4.991,4.977,5.821,7.241,7.419,6.872,6.007,4.837,3.832,3.379,3.82,4.209,3.526,3.537,3.599
Netherlands,NLD,Carbon dioxide (CO2) emissions excluding LULUCF per capita (t CO2e/capita),EN.GHG.CO2.PC.CE.AR5,11.0270534548016,11.3465489053005,11.1359425338211,11.2723382458813,11.2758712013999,11.4938502514327,12.0996506358006,11.5407430183881,11.5179278508359,11.1440500457625,11.108879192777,11.3124307467572,11.264127794481,11.3616005421656,11.4733101339847,11.1643182408093,10.873822448546,10.9216225230892,10.9446646283901,10.5732968881311,11.2048802453917,10.4312962369903,10.2443323953823,10.0808167750032,9.59314101718778,10.0010844205136,10.0310599088191,9.81196051950769,9.46056506339739,9.10127107294063,8.13520052747757,8.34508257664784,7.51205215620241,6.87314962474095,..
Netherlands,NLD,Renewable energy consumption (% of total final energy consumption),EG.FEC.RNEW.ZS,1.2,1.1,1.2,1.2,1.2,1.2,1.3,1.5,1.6,1.6,1.7,1.8,1.9,1.9,2.2,2.7,3.1,3.7,3.9,4.4,3.9,4.7,4.9,5,5.6,5.8,5.6,6.4,7.4,8.6,10.7,12.2,..,..,..
Netherlands,NLD,"Government expenditure on education, total (% of GDP)",SE.XPD.TOTL.GD.ZS,5.22878980636597,5.16165018081665,..,4.75660991668701,4.66324996948242,4.57887983322144,4.49419021606445,..,4.54056978225708,4.50699996948242,4.58512020111084,4.69964981079102,4.80590009689331,5.0404200553894,5.06297016143799,5.10939979553223,5.04402017593384,4.88682985305786,5.02904987335205,5.43156003952026,5.48908996582031,5.46303987503052,5.4102201461792,5.52655982971191,5.458899974823,5.34815979003906,5.47959995269775,5.17509984970093,5.35764980316162,5.15986013412476,5.42381000518799,5.50609016418457,5.05201101303101,..,..
Netherlands,NLD,Current health expenditure per capita (current US$),SH.XPD.CHEX.PC.CD,..,..,..,..,..,..,..,..,..,..,2028.18139648,2175.73046875,2544.81347656,3244.35644531,3689.46435547,3823.48095703,4080.21972656,4696.14160156,5382.44580078,5282.74316406,5191.69384766,5562.12109375,5284.64990234,5532.72607422,5601.88574219,4676.56201172,4644.02099609,4934.57519531,5330.66015625,5340.61279297,5865.90527344,6554.96826172,5796.03466797,..,..
Netherlands,NLD,Individuals using the Internet (% of population),IT.NET.USER.ZS,0.334,0.531,1.32,1.97,3.26,6.47,9.65,14.1,22.2,39.2,44,49.4,61.3,64.4,68.5,81,83.7,85.8,87.4,89.6,90.7,91.4,92.9,94,91.7,91.7,90.4,93.2,91.9,93.3,91.3,92.1,92.5,97,..
Netherlands,NLD,"GNI, PPP (constant 2021 international $)",NY.GNP.MKTP.PP.KD,633015273630.976,651366989362.683,656865185002.113,667938424855.164,692893464625.842,721676200621.135,750366209526.667,784242109970.709,813308387156.027,860840112091.545,897806665121.441,905725472557.864,904854069885.464,916972973588.845,931073004776.568,950568924558.167,994195249012.49,1024582005428.53,1007103574255.98,979075004764.631,1014111262760.04,1025405291712.95,1010366401813.87,1013860357327.05,1021751271361.07,1049214087314.86,1056845155033.48,1098577519462.05,1132171371935.6,1138950906633.56,1076864359161.19,1192800070124.8,1193730009461.02,..,..
New Caledonia,NCL,GDP per capita (constant 2015 US$),NY.GDP.PCAP.KD,..,..,..,..,..,..,..,..,..,..,..,..,..,..,..,..,..,..,..,..,..,..,..,..,..,30858.7237060533,..,..,..,..,..,..,..,..,..
New Caledonia,NCL,Gini index,SI.POV.GINI,..,..,..,..,..,..,..,..,..,..,..,..,..,..,..,..,..,..,..,..,..,..,..,..,..,..,..,..,..,..,..,..,..,..,..
New Caledonia,NCL,"Unemployment, total (% of total labor force) (modeled ILO estimate)",SL.UEM.TOTL.ZS,..,18.009,18.616,18.803,18.948,18.63,18.64,18.381,18.623,18.293,17.984,17.441,17.074,16.716,16.31,15.769,15.236,14.757,14.367,13.97,13.95,13.935,14.051,14.347,14.59,13.637,12.714,11.676,11.702,10.88,13.558,11.54,10.71,10.939,11.15
New Caledonia,NCL,Carbon dioxide (CO2) emissions excluding LULUCF per capita (t CO2e/capita),EN.GHG.CO2.PC.CE.AR5,8.95860724486558,9.49635286198259,9.36142998409218,9.40023158699969,9.59440530841351,8.56926124993138,9.39405171825161,8.51307501431571,8.25519628866557,7.70156548161097,9.74952711364512,9.60620446450922,10.4587574708486,11.0842579369439,9.70554531413482,10.653856069007,10.5874843969024,10.8640941270316,10.3894415443711,10.334693877551,13.1610737741894,13.1007004498336,12.8946041165838,13.9457846558438,16.7620828947743,15.8909198779523,16.9665129506074,16.5126646117385,21.7365389837801,21.9452338808065,22.7147964641631,19.6613770712518,20.4852972419486,21.4185669438024,..
New Caledonia,NCL,Renewable energy consumption (% of total final energy consumption),EG.FEC.RNEW.ZS,10.6,7.8,7,5.8,5.8,4.8,7.1,8,8.5,9.5,7.5,6.7,5.3,4.9,5.2,5.1,4.5,5.8,7.8,7,4.8,5.9,6.2,6.6,4.3,5.1,3.7,5.1,4.6,5.2,6.1,8.3,9.6,..,..
New Caledonia,NCL,"Government expenditure on education, total (% of GDP)",SE.XPD.TOTL.GD.ZS,..,..,..,..,..,..,..,..,..,..,..,..,..,..,..,..,..,..,..,..,..,..,..,..,..,..,..,..,..,..,..,..,..,..,..
New Caledonia,NCL,Current health expenditure per capita (current US$),SH.XPD.CHEX.PC.CD,..,..,..,..,..,..,..,..,..,..,..,..,..,..,..,..,..,..,..,..,..,..,..,..,..,..,..,..,..,..,..,..,..,..,..
New Caledonia,NCL,Individuals using the Internet (% of population),IT.NET.USER.ZS,0,..,..,..,..,0.00518,0.253,0.989,1.94,5.69,13.9,18.2,22.4,26.4,30.3,32.4,33.5,35.1,34.5,34,42,50,58,66,70,74,..,82,..,..,..,..,..,..,..
New Caledonia,NCL,"GNI, PPP (constant 2021 international $)",NY.GNP.MKTP.PP.KD,..,..,..,..,..,..,..,..,..,..,..,..,..,..,..,..,..,..,..,..,..,..,..,..,..,..,..,..,..,..,..,..,..,..,..
New Zealand,NZL,GDP per capita (constant 2015 US$),NY.GDP.PCAP.KD,26391.1425882701,24868.7385228741,24880.2037081612,26170.4401014812,27146.8256678231,28015.5864425497,28571.4075096158,28785.1958436523,28776.0222188928,30164.0852034973,30848.1860883256,31713.1301772319,32636.1375503767,33511.5504913352,34367.0062362204,35120.7355126427,35659.59616566,36406.1408058787,35651.0156373706,35278.0407763656,35392.017344657,35910.4173636577,36531.7484498327,37252.7570550478,38014.6435529728,38639.3501941427,39197.327525871,39691.2133196719,40350.9122003744,40651.9744673101,39596.5266174221,41225.7927835812,42320.892439076,41766.8707772422,..
New Zealand,NZL,Gini index,SI.POV.GINI,..,..,..,..,..,..,..,..,..,..,..,..,..,..,..,..,..,..,..,..,..,..,..,..,..,..,..,..,..,..,..,..,..,..,..
New Zealand,NZL,"Unemployment, total (% of total labor force) (modeled ILO estimate)",SL.UEM.TOTL.ZS,..,10.614,10.667,9.804,8.354,6.461,6.29,6.857,7.718,7.023,6.13,5.433,5.282,4.745,4.005,3.807,3.857,3.661,4.167,6.121,6.557,6.491,6.931,5.839,5.428,5.415,5.147,4.736,4.335,4.109,4.595,3.776,3.297,3.729,4.869
New Zealand,NZL,Carbon dioxide (CO2) emissions excluding LULUCF per capita (t CO2e/capita),EN.GHG.CO2.PC.CE.AR5,7.47192023544958,7.31123573002203,7.69892686241753,7.6168467610996,7.67983425414365,7.81869657537976,7.96136120042873,8.26234363843123,7.95651376146789,8.32374644728951,8.52616844233611,8.97134389898209,8.84158541218184,8.89821712355979,8.6685993883792,8.73427030165219,8.65561821918463,8.28867370614139,8.47694727451993,7.7488960163622,7.66966235318454,7.44452554744526,7.87470792404891,7.76970351860607,7.79767519096646,7.66192996919339,7.35480791667551,7.52004736579691,7.31355344243562,7.49168541131105,6.92664335389572,6.900318901258,6.76168607832408,6.85322892535085,..
New Zealand,NZL,Renewable energy consumption (% of total final energy consumption),EG.FEC.RNEW.ZS,28,27.6,25.6,27.3,28.2,28.7,27.6,25.9,27.3,26.4,26.4,24.6,26.6,25.9,28.2,26.8,27,27,26.1,28.5,29.4,30.3,28.8,28.3,29,29.3,30.1,28.4,28.9,28,28.7,28.9,..,..,..
New Zealand,NZL,"Government expenditure on education, total (% of GDP)",SE.XPD.TOTL.GD.ZS,..,..,..,..,5.92605018615723,5.74212980270386,6.38371992111206,6.15721988677979,..,6.6362099647522,..,..,..,..,..,..,..,..,..,6.54333829879761,6.59741258621216,6.55125284194946,6.53085327148438,5.88855981826782,5.80853986740112,5.70734977722168,5.50559997558594,5.28000020980835,5.19308996200562,5.17797994613647,5.65149021148682,5.54822015762329,5.23012018203735,..,..
New Zealand,NZL,Current health expenditure per capita (current US$),SH.XPD.CHEX.PC.CD,..,..,..,..,..,..,..,..,..,..,1054.28100586,1053.73632813,1250.12634277,1610.73034668,1981.9720459,2295.37182617,2304.06518555,2705.66430664,2850.05834961,2712.92041016,3232.71362305,3655.53637695,3854.95629883,4012.08374023,4184.59765625,3582.66357422,3702.37109375,3849.74169922,3907.59912109,4059.05639648,4214.57177734,4967.38183594,4804.37792969,..,..
New Zealand,NZL,Individuals using the Internet (% of population),IT.NET.USER.ZS,0,..,0.286,0.631,3.17,4.88,8.04,14.6,31.6,41.5,47.4,53.2,59.1,61,61.8,62.7,69,69.8,72,79.7,80.5,81.2,81.6,82.8,84,85.2,86.5,87.7,89,89.9,95.2,96.1,96.2,96.2,..
New Zealand,NZL,"GNI, PPP (constant 2021 international $)",NY.GNP.MKTP.PP.KD,87748739625.6904,83505351776.2615,84981892905.988,90214320482.2982,95875066597.2166,100054692945.19,102313117315.509,106232480159.058,108739396522.91,112044913914.714,116177701141.008,122834142115.488,128055636931.434,136652538222.755,141536917253.579,144596244904.462,147246882346.81,155868433497.055,152436035099.238,158043998721.926,161569699885.061,167340504962.728,170038741889.381,179415880275.401,185637011294.503,193560888973.115,202576333831.957,212511474130.012,219684371429.711,229069243565.911,230696646911.791,238520589424.895,240691386313.83,..,..
Nicaragua,NIC,GDP per capita (constant 2015 US$),NY.GDP.PCAP.KD,1260.87697668085,1229.8091165168,1206.96533307515,1176.11829757074,1189.83813240005,1234.77136603689,1288.94419078619,1317.89375616831,1346.0761227479,1420.32184791873,1458.37854273063,1482.31887414202,1475.49003872794,1494.9599207623,1555.87814231071,1601.49170634402,1644.38005202143,1703.20754558409,1736.64128116032,1655.72842353391,1704.37971859341,1786.64293904555,1876.188223644,1941.45084735102,2006.66284522362,2074.45446460028,2140.13831299183,2209.65481256582,2107.35346456322,2019.92516272041,1959.78830967601,2136.10385403637,2187.96728914942,2256.77147695561,..
Nicaragua,NIC,Gini index,SI.POV.GINI,..,..,..,57.1,..,..,..,..,54.4,..,..,52.9,..,..,..,48.8,..,..,..,43.9,..,..,..,..,46.2,..,..,..,..,..,..,..,..,..,..
Nicaragua,NIC,"Unemployment, total (% of total labor force) (modeled ILO estimate)",SL.UEM.TOTL.ZS,..,7.946,7.838,7.862,7.685,7.414,7.102,7.079,7.187,7.162,7.162,7.203,7.513,7.6,6.41,5.37,5.31,4.89,6.2,8.16,7.83,6.618,5.208,5.28,4.52,4.7,3.9,3.3,5.2,5.472,6.201,6.118,4.961,4.716,4.574
Nicaragua,NIC,Carbon dioxide (CO2) emissions excluding LULUCF per capita (t CO2e/capita),EN.GHG.CO2.PC.CE.AR5,0.47182514410006,0.463607579706909,0.526207555337058,0.505059577001939,0.562436199200055,0.585470686512464,0.609390241891393,0.641429083205515,0.734470391540762,0.730397023184009,0.749786018608168,0.784146467301843,0.801295712215497,0.867555574660576,0.879532979120456,0.823626641557963,0.859757273446143,0.878076519448022,0.831493350868532,0.801735883439543,0.811806638837811,0.837954504952784,0.820532876980903,0.774000663453014,0.807979306656961,0.892523632728111,0.916766597151203,0.898288868788998,0.808208647391908,0.819799690205697,0.720290583764529,0.77906723527674,0.802908602938139,0.839042307938624,..
Nicaragua,NIC,Renewable energy consumption (% of total final energy consumption),EG.FEC.RNEW.ZS,68.8,70.6,67.2,67.7,64.6,64.6,63.9,62.8,60.5,59.4,58.4,56.7,54.7,51.5,51.2,52.8,53.3,52.6,53.8,54.6,54.4,53.3,53.3,54.3,53,50,49.5,48.9,51.3,50.5,52.2,50.4,..,..,..
Nicaragua,NIC,"Government expenditure on education, total (% of GDP)",SE.XPD.TOTL.GD.ZS,..,..,2.98497009277344,..,..,..,..,..,2.22585010528564,2.92365002632141,3.00160002708435,..,2.39101004600525,2.42200994491577,..,..,..,..,..,..,4.48424005508423,..,..,..,4.08329010009766,4.07843017578125,4.081130027771,4.35767984390259,3.57310891151428,4.59991979598999,4.58156108856201,4.08665704727173,3.79476308822632,..,..
Nicaragua,NIC,Current health expenditure per capita (current US$),SH.XPD.CHEX.PC.CD,..,..,..,..,..,..,..,..,..,..,53.29532623,57.69081879,58.15333939,62.13036346,66.54763794,73.65701294,79.3536377,93.93821716,109.20231628,112.75749207,117.70147705,125.13540649,133.64489746,140.20372009,156.22232056,165.18948364,171.5748291,181.75810242,172.9760437,166.49009705,165.88038635,204.21273804,208.47544861,..,..
Nicaragua,NIC,Individuals using the Internet (% of population),IT.NET.USER.ZS,0,..,..,..,0.0132,0.03,0.0841,0.206,0.304,0.498,0.98,1.45,1.71,1.88,2.32,2.57,2.81,3.9,5.3,7.3,10,10.6,13.5,15.5,17.6,19.7,24.6,30.4,33.9,37.8,42.2,47.1,49.1,58.2,..
Nicaragua,NIC,"GNI, PPP (constant 2021 international $)",NY.GNP.MKTP.PP.KD,..,..,..,..,15520193993.7114,17127348286.6655,18577982798.5442,19670989845.0537,20881671038.8068,22363166501.8221,23327512083.531,23876176418.5305,24215849343.6852,24902669754.501,26358820911.7474,27772465088.0589,28709949543.5426,30337954252.5237,31387775924.7949,30186576693.3487,31597110856.5531,33610034206.9647,35343130709.5143,36741455102.2929,38924081076.5139,40688235710.1452,42056526037.4137,43814514527.8996,42485312718.1468,41863397551.0183,39778403496.9711,44107117289.1581,45457282416.651,48488784780.5121,..
Niger,NER,GDP per capita (constant 2015 US$),NY.GDP.PCAP.KD,465.923889536505,449.719266854731,444.632775312455,432.184449587188,426.267506763664,422.523153898523,409.039358698404,401.724988110363,427.086030331896,411.735699209485,392.898616941042,406.923493665264,412.123793192578,406.333757497876,393.398781453199,407.190931059924,415.852022114801,413.419126261066,429.195542798877,421.650901333136,441.079166112039,434.986264873953,463.066265496402,469.690214200878,482.74524741946,485.662574175279,495.017437216008,501.615305462902,519.546993483886,532.186024570389,533.194328910254,523.263179518652,566.797962983866,562.137571413883,..
Niger,NER,Gini index,SI.POV.GINI,..,..,36,..,41.4,..,..,..,..,..,..,..,..,..,..,44.4,..,37.3,..,..,..,31.5,..,..,34.3,..,..,..,37.3,..,..,32.9,..,..,..
Niger,NER,"Unemployment, total (% of total labor force) (modeled ILO estimate)",SL.UEM.TOTL.ZS,..,1.583,1.566,1.539,1.502,1.495,1.498,1.502,1.389,1.393,1.431,1.47,1.813,2.156,2.747,3.1,2.536,2.032,1.592,1.209,0.722,0.316,2.177,1.397,0.524,0.553,0.548,0.554,0.535,0.531,0.594,0.78,0.418,0.425,0.355
Niger,NER,Carbon dioxide (CO2) emissions excluding LULUCF per capita (t CO2e/capita),EN.GHG.CO2.PC.CE.AR5,0.0751020479096275,0.0694637821900338,0.0638606755350331,0.0751363425742537,0.0609793857542536,0.0568324002120947,0.0637341396369006,0.0622112797139514,0.0648704225412429,0.0614351668747337,0.0609489618693216,0.0592585285010117,0.0593968294482597,0.062264671113131,0.0627778000572297,0.0580683956722907,0.0561863860183434,0.0588032243486555,0.0592504254840624,0.071137927736234,0.0871239576683192,0.0858043617469507,0.115239480872349,0.109995206237097,0.114592549329829,0.108814173757032,0.10482093641938,0.0924683349252448,0.0947355986679147,0.103408799387234,0.101595383987419,0.116675523035947,0.114767821536472,0.107909570029542,..
Niger,NER,Renewable energy consumption (% of total final energy consumption),EG.FEC.RNEW.ZS,91.4,92.1,92.8,92,92.6,93.4,91.9,93.5,93.1,93,87.6,87.7,87.7,87,87,87.5,87.4,86.2,86.1,83.2,80.7,77.2,72.7,78.7,78.1,78.9,80.2,82,82,80.7,81.9,79.6,..,..,..
Niger,NER,"Government expenditure on education, total (% of GDP)",SE.XPD.TOTL.GD.ZS,2.07436990737915,2.30833005905151,2.24298000335693,2.06511998176575,2.26538991928101,2.32975006103516,2.14418005943298,..,..,2.56853008270264,2.5650200843811,2.27981996536255,2.40134000778198,1.93705999851227,..,..,2.55852007865906,3.01462006568909,2.72311997413635,3.33588004112244,2.7219500541687,3.07762002944946,3.1868200302124,3.68952989578247,5.10368013381958,4.48669004440308,2.95843005180359,2.57818007469177,3.44956994056702,3.52622723579407,3.81920099258423,3.82175827026367,4.10143089294434,..,..
Niger,NER,Current health expenditure per capita (current US$),SH.XPD.CHEX.PC.CD,..,..,..,..,..,..,..,..,..,..,9.10514259,9.74551487,10.91576767,12.63532829,14.1569891,18.03248978,19.30820656,20.80476379,24.75069427,24.51097679,23.7641449,24.84123039,22.71487427,24.61338997,25.09494019,25.96905327,22.68474007,29.09627533,30.61364555,31.89424324,35.75509644,35.39406204,26.50681686,..,..
Niger,NER,Individuals using the Internet (% of population),IT.NET.USER.ZS,0,..,..,..,..,..,0.00104,0.00201,0.00291,0.0281,0.0363,0.105,0.127,0.156,0.19,0.221,0.294,0.39,0.7,0.76,0.83,0.9,1.05,1.15,1.25,2.48,4.32,10.2,..,16.6,17,17.5,23.3,23.2,..
Niger,NER,"GNI, PPP (constant 2021 international $)",NY.GNP.MKTP.PP.KD,..,..,..,..,..,..,..,..,..,..,..,..,..,..,..,..,..,..,..,..,..,..,..,..,..,..,..,..,..,..,..,39562480948.6793,..,..,..
Nigeria,NGA,GDP per capita (constant 2015 US$),NY.GDP.PCAP.KD,1577.1961662774,1541.59066261036,1571.1902261783,1498.95895037787,1433.3886109229,1395.07488456856,1416.10189471212,1420.23877961207,1419.31770917955,1390.46921139078,1421.67987952013,1465.45720342309,1644.39518877632,1717.2145111176,1824.80269456773,1889.25175325817,1949.15856804565,2020.83316299454,2098.28339220667,2204.6072560373,2315.46676509662,2370.97657091803,2403.65387896923,2495.34106573748,2583.6155695814,2585.73360671797,2481.81490350326,2441.71236404487,2431.77857832567,2431.53528472982,2337.57587388074,2372.57314465346,2398.98622787065,2416.36198205178,..
Nigeria,NGA,Gini index,SI.POV.GINI,..,..,44.9,..,..,..,51.9,..,..,..,..,..,..,40.1,..,..,..,..,..,..,35.7,..,35.5,..,..,35.9,..,..,35.1,..,..,..,..,..,..
Nigeria,NGA,"Unemployment, total (% of total labor force) (modeled ILO estimate)",SL.UEM.TOTL.ZS,..,3.851,3.81,4.038,4.078,4.163,4.056,3.977,3.935,3.997,3.963,3.91,3.681,3.648,3.601,3.734,3.756,3.799,3.795,3.766,3.746,3.77,3.76,3.711,3.902,4.135,4.499,4.828,5.067,5.206,5.742,5.45,3.821,3.074,2.989
Nigeria,NGA,Carbon dioxide (CO2) emissions excluding LULUCF per capita (t CO2e/capita),EN.GHG.CO2.PC.CE.AR5,0.773337980460956,0.815718690870157,0.870388678551924,0.82428552657197,0.749486865857949,0.801761041394294,0.910978869731706,0.863442932603571,0.762153984387364,0.731242257043876,0.793658969888662,0.821769347824907,0.725466824353685,0.784874816260829,0.737360547996734,0.71062027357531,0.62268688008601,0.551614215902247,0.583368075337713,0.501455530886545,0.568500715956155,0.609298896826681,0.583423583202386,0.644514548437467,0.663324079369472,0.616825098874833,0.617495984777202,0.594333975254568,0.609462080512785,0.619418110857536,0.570700371517378,0.599378245348772,0.583043144043661,0.561436047791993,..
Nigeria,NGA,Renewable energy consumption (% of total final energy consumption),EG.FEC.RNEW.ZS,87.8,86.5,84.5,86.3,88.6,88,87.1,85.6,87.2,87.2,86,84.5,84.5,82.9,84,83.9,85.8,87.1,85.7,88.1,86,84.1,83.9,81.4,79.9,81.3,81.1,81.6,80.8,80.1,81.8,80.3,..,..,..
Nigeria,NGA,"Government expenditure on education, total (% of GDP)",SE.XPD.TOTL.GD.ZS,..,..,..,..,..,..,..,..,..,..,..,..,..,..,..,..,..,..,..,..,0.496685653924942,0.564658761024475,0.549233078956604,0.534206748008728,0.470742553472519,0.436954915523529,0.393045634031296,0.396354019641876,0.419998496770859,0.358478993177414,0.359637647867203,0.381919115781784,0.348516702651978,..,..
Nigeria,NGA,Current health expenditure per capita (current US$),SH.XPD.CHEX.PC.CD,..,..,..,..,..,..,..,..,..,..,17.15887642,17.96053314,17.53752899,37.91439438,42.81798172,52.24337006,63.63072205,66.90659332,77.45053101,65.71811676,73.008255,80.2377243,87.89523315,97.29588318,102.39888763,92.91207123,75.52328491,70.31814575,63.60244751,67.6254425,67.91384888,81.87322235,90.92185211,..,..
Nigeria,NGA,Individuals using the Internet (% of population),IT.NET.USER.ZS,0,..,..,..,..,..,0.00883,0.0172,0.0252,0.041,0.0641,0.0899,0.32,0.559,1.29,3.55,5.55,6.77,8,9.3,11.5,13.8,16.1,19.1,21,22.5,24.1,25.9,27.7,29.7,31.9,35.5,37.7,39.2,..
Nigeria,NGA,"GNI, PPP (constant 2021 international $)",NY.GNP.MKTP.PP.KD,..,..,..,..,..,..,..,..,..,..,..,..,..,..,..,..,..,..,..,..,..,..,..,..,..,..,..,..,..,..,..,1176731655094.57,..,..,..
North Macedonia,MKD,GDP per capita (constant 2015 US$),NY.GDP.PCAP.KD,3534.32265095546,3328.63950847977,3146.02235459166,2948.27151752275,2917.05894611342,2876.0722287817,2889.88516353778,2954.5238308875,3038.13983382569,3154.84918240006,3283.37934095351,3169.32514368931,3240.11064526089,3307.92040834712,3473.76544811451,3657.56307699216,3866.74650622977,4140.63354809364,4392.5507164151,4405.20045750867,4582.36517512347,4711.13027870081,4708.05168535923,4863.68088666968,5053.75001236367,5262.68671928674,5429.94678358359,5510.81862920922,5698.39334484489,5961.58475399191,5743.72649424581,6064.92315120022,6250.62720952063,6393.78647551263,..
North Macedonia,MKD,Gini index,SI.POV.GINI,..,..,..,..,..,..,..,..,..,..,..,..,..,..,..,..,..,..,..,42.8,40.1,39.4,38.1,36.2,35.2,35.6,34.5,34.2,33,33.5,..,..,..,..,..
North Macedonia,MKD,"Unemployment, total (% of total labor force) (modeled ILO estimate)",SL.UEM.TOTL.ZS,..,24.5,26.3,27.7,30,35.6,38.8,36,34.5,32.4,32.2,30.52,31.94,36.69,37.161,37.32,36.392,35.231,33.93,32.351,33.135,31.502,31.096,29.017,28.215,26.395,24.312,22.857,21.208,17.414,16.575,15.801,14.476,13.174,13.417
North Macedonia,MKD,Carbon dioxide (CO2) emissions excluding LULUCF per capita (t CO2e/capita),EN.GHG.CO2.PC.CE.AR5,5.42228019822754,4.81436229872266,4.33161149959927,4.50501132618516,4.40154044882584,4.36139690393058,5.10466059775817,4.63290280934803,5.06449988368751,4.64335183145262,4.45984158709009,4.53156497526638,4.30154685997177,4.6678614245634,4.56351745325084,4.81860840859111,4.83731779829082,5.22513872127803,5.1444260770898,4.65661824541986,4.7140777003316,5.28740093672028,4.9850219269041,4.57509065301376,4.35522907532866,4.15047871033188,3.99976289308209,4.20581495235843,3.99565707860719,4.62803169280197,4.08701142811579,4.16620852053819,4.57713876417253,4.79462921869597,..
North Macedonia,MKD,Renewable energy consumption (% of total final energy consumption),EG.FEC.RNEW.ZS,2.4,4.4,16,14.8,16.6,17.8,14.2,15.9,15.1,17.7,19.4,15.2,14.6,17.3,18.2,19,19.8,15.7,15.6,18.4,22.3,18.6,18.3,21.2,21.2,23.9,21.4,19,20.9,17,20,19.5,..,..,..
North Macedonia,MKD,"Government expenditure on education, total (% of GDP)",SE.XPD.TOTL.GD.ZS,..,..,4.73344993591309,4.63056993484497,4.52628993988037,4.27123022079468,4.30311012268066,..,..,..,..,..,3.30014991760254,..,..,..,..,..,..,..,..,..,..,..,..,..,..,..,..,..,..,..,..,..,..
North Macedonia,MKD,Current health expenditure per capita (current US$),SH.XPD.CHEX.PC.CD,..,..,..,..,..,..,..,..,..,..,162.68013,150.4312439,172.87971497,214.29603577,230.68000793,229.81243896,242.60142517,263.25378418,313.61117554,297.88058472,308.09429932,335.13171387,317.978302,361.13168335,357.63867188,322.25213623,347.44271851,375.3303833,426.57290649,469.47344971,510.81011963,636.65447998,561.69281006,..,..
North Macedonia,MKD,Individuals using the Internet (% of population),IT.NET.USER.ZS,0,..,..,..,..,0.0407,0.076,0.504,1,1.5,2.49,3.47,17.3,19.1,24.4,26.5,28.6,36.3,46,51.8,51.9,56.7,57.4,65.2,68.1,70.4,72.2,74.5,79.2,81.4,81.4,81.9,85,87.2,..
North Macedonia,MKD,"GNI, PPP (constant 2021 international $)",NY.GNP.MKTP.PP.KD,26433308426.2942,24933707892.3867,22847273284.6013,21248711318.046,21017330445.1295,20865951401.5802,21068743272.3556,21332778206.0117,22057190545.0753,22921163546.4867,23923455889.5612,23445833942.6281,23701798911.7472,24210912382.6118,25491701811.4397,26392224932.5792,28128501708.8435,28666533189.6344,31342010944.2351,31380108680.3069,32213565621.5223,32852915224.7527,32568355879.231,33442850856.8408,34821722445.9871,35662797389.3299,36304504677.4347,36704605326.9537,37642259144.8378,38927405454.6853,37443741023.6532,38896307050.1657,40034066889.025,40451217621.3997,..
Northern Mariana Islands,MNP,GDP per capita (constant 2015 US$),NY.GDP.PCAP.KD,..,..,..,..,..,..,..,..,..,..,..,..,24066.5361573445,24650.0405531909,24445.4618441919,21882.2927935415,20940.1619770428,20117.7037335229,18451.3905458787,15710.5807282039,16293.3059496259,15226.1308805108,15457.4258192247,16015.0349164338,16869.5270385638,17665.1007493109,23158.5744988538,28989.3470221339,23756.6075820248,21451.4401636511,15410.1186923944,16365.016735395,19461.8611129744,..,..
Northern Mariana Islands,MNP,Gini index,SI.POV.GINI,..,..,..,..,..,..,..,..,..,..,..,..,..,..,..,..,..,..,..,..,..,..,..,..,..,..,..,..,..,..,..,..,..,..,..
Northern Mariana Islands,MNP,"Unemployment, total (% of total labor force) (modeled ILO estimate)",SL.UEM.TOTL.ZS,..,..,..,..,..,..,..,..,..,..,..,..,..,..,..,..,..,..,..,..,..,..,..,..,..,..,..,..,..,..,..,..,..,..,..
Northern Mariana Islands,MNP,Carbon dioxide (CO2) emissions excluding LULUCF per capita (t CO2e/capita),EN.GHG.CO2.PC.CE.AR5,0,0,0,0,0,0,0,0,0,0,0,0,0,0,0,0,0,0,0,0,0,0,0,0,0,0,0,0,0,0,0,0,0,0,..
Northern Mariana Islands,MNP,Renewable energy consumption (% of total final energy consumption),EG.FEC.RNEW.ZS,..,..,0,0,0,0,0,0,0,0,0,0,0,0,0,0,0,0,0,0,0,0,0,0,0,0,0,0,0,0,0.3,0.5,0.5,..,..
Northern Mariana Islands,MNP,"Government expenditure on education, total (% of GDP)",SE.XPD.TOTL.GD.ZS,..,..,..,..,..,..,..,..,..,..,..,..,..,..,..,..,..,..,..,..,..,..,..,..,..,..,..,..,..,..,..,..,..,..,..
Northern Mariana Islands,MNP,Current health expenditure per capita (current US$),SH.XPD.CHEX.PC.CD,..,..,..,..,..,..,..,..,..,..,..,..,..,..,..,..,..,..,..,..,..,..,..,..,..,..,..,..,..,..,..,..,..,..,..
Northern Mariana Islands,MNP,Individuals using the Internet (% of population),IT.NET.USER.ZS,0,..,..,..,..,..,..,..,..,..,..,..,..,..,..,..,..,..,..,..,..,..,..,..,..,..,..,..,..,..,..,..,..,..,..
Northern Mariana Islands,MNP,"GNI, PPP (constant 2021 international $)",NY.GNP.MKTP.PP.KD,..,..,..,..,..,..,..,..,..,..,..,..,..,..,..,..,..,..,..,..,..,..,..,..,..,..,..,..,..,..,..,..,..,..,..
Norway,NOR,GDP per capita (constant 2015 US$),NY.GDP.PCAP.KD,49937.4557760277,51233.0361138797,52758.9452456296,53938.0213173081,56343.0105413415,58380.5400198046,61005.8800438647,63882.4765007626,65197.9463149391,66094.7354617269,67846.5968530147,68899.5269042015,69472.9836723066,69719.312268163,72090.9862919578,73524.2549173583,74729.7366063199,76115.7066720983,75535.2117892008,73141.3073422967,72804.3956195341,72660.6754085214,73661.6785918009,73515.9144885958,74180.323865677,74809.9658049898,75017.4944737055,76247.4116556881,76373.6241145297,76712.2871258373,75287.2059530897,77812.7115682103,79434.6256451575,78912.3327624579,..
Norway,NOR,Gini index,SI.POV.GINI,..,25.2,..,..,..,26,..,..,..,..,27.4,..,..,27.6,31.6,30.6,26.4,27.1,27,26.2,25.7,25.3,25.7,26.4,26.8,27.5,28.5,27,27.6,27.7,..,..,..,..,..
Norway,NOR,"Unemployment, total (% of total labor force) (modeled ILO estimate)",SL.UEM.TOTL.ZS,..,5.407,5.91,5.965,5.349,6.307,5.036,4.687,3.737,3.247,3.458,3.738,4.022,4.221,4.256,4.381,3.397,2.493,2.521,3.1,3.527,3.196,3.129,3.425,3.486,4.296,4.68,4.164,3.801,3.684,4.424,4.359,3.231,3.572,3.97
Norway,NOR,Carbon dioxide (CO2) emissions excluding LULUCF per capita (t CO2e/capita),EN.GHG.CO2.PC.CE.AR5,8.56105885856164,7.93541217514382,8.4827107869749,8.92910026945789,9.33484265254935,9.32458918916935,9.34479802507728,9.83013772267368,10.1777426150816,10.4705313617724,9.30069181091734,9.36757477317646,9.1630548863537,9.73634430885537,9.77588846471294,9.36832658813819,9.44315600501815,9.53568507967356,9.87881830757525,9.34505291872017,9.81428243011405,9.4765931879264,9.24348415376243,9.22848014508163,9.14691024271436,9.242133775019,9.04967581548563,8.98392789192582,8.83931523013542,8.55355077959631,8.27517555151757,8.33924397964617,8.16471744198,7.98341327278782,..
Norway,NOR,Renewable energy consumption (% of total final energy consumption),EG.FEC.RNEW.ZS,59.2,60.8,61.4,61.1,60.4,60,57.9,58.8,59.5,59.4,60.2,59.6,59.5,56.2,56.9,58.6,57,57.4,58.5,56.7,56,56,56.9,56.6,55.8,56.5,57.7,58.9,58.9,59.8,60.9,61.4,..,..,..
Norway,NOR,"Government expenditure on education, total (% of GDP)",SE.XPD.TOTL.GD.ZS,6.31036996841431,6.37321996688843,6.63613986968994,7.6766300201416,7.83044004440308,7.69568014144897,7.1380500793457,7.30343008041382,7.35759019851685,6.96222019195557,6.45934009552002,6.82015991210938,7.42246007919312,7.39933013916016,7.27744007110596,6.84082984924316,6.35822010040283,6.50671005249023,6.24915981292725,7.07067012786865,6.71042013168335,6.41490983963013,7.32766008377075,7.43906021118164,7.64403009414673,7.52334976196289,7.98444986343384,7.84598016738892,7.59563016891479,7.8645601272583,8.3728199005127,6.9602198600769,3.96801972389221,..,..
Norway,NOR,Current health expenditure per capita (current US$),SH.XPD.CHEX.PC.CD,..,..,..,..,..,..,..,..,..,..,2948.93164063,3099.00341797,3889.95947266,4632.56835938,5097.34423828,5584.68896484,5892.98730469,6895.56005859,7768.05029297,7301.95996094,7859.51611328,8900.37207031,8970.11914063,9241.265625,9116.37792969,7566.56152344,7492.07666016,7815.78710938,8271.859375,8007.35546875,7824.57714844,9163.13867188,8692.57617188,..,..
Norway,NOR,Individuals using the Internet (% of population),IT.NET.USER.ZS,0.707,1.41,2.22,2.78,4.15,6.42,18.3,20.4,22.6,40,52,64,72.8,78.1,77.7,82,82.6,86.9,90.6,92.1,93.4,93.5,94.7,95.1,96.3,96.8,97.3,96.4,96.5,98,94.6,99,99,99,..
Norway,NOR,"GNI, PPP (constant 2021 international $)",NY.GNP.MKTP.PP.KD,187527338897.942,191577763818.16,196136720953.149,201762745944.749,210256245943.457,220181899412.062,236704776630.18,250740057244.757,248150773544.839,264220737856.271,301910874783.223,307873728377.27,302868387673.836,306928041277.695,328832518508.621,361575831307.91,384350521710.354,390755887853.729,413819336909.456,378234811162.116,392107656694.616,410140115629.417,424156121890.221,428649842135.854,436022654509.25,427233473164.859,417882676062.209,432831659141.759,452740786518.805,439065196103.573,412365566918.021,480158945692.591,605696925727.086,..,..
Oman,OMN,GDP per capita (constant 2015 US$),NY.GDP.PCAP.KD,16629.4556601528,16805.7218402658,17404.1314569504,17694.1605143981,17848.8187662711,18398.7242065917,18639.2039411697,19458.9266441148,19167.755471589,18965.2142322448,19881.7364316776,20546.0554077598,20150.1131971413,19485.6441506077,19534.8601445269,19629.0451546015,20096.3965576134,20642.7489563377,22007.7338963517,22819.1977324647,22766.0503620721,20993.9079436935,19824.1215485946,19299.9400516869,18726.2026946971,18808.3077921839,18830.6057208608,18277.945563615,18269.6769435562,18089.586668488,17743.8858800477,18291.3387983888,19069.3926798091,18098.5776925062,..
Oman,OMN,Gini index,SI.POV.GINI,..,..,..,..,..,..,..,..,..,..,..,..,..,..,..,..,..,..,..,..,..,..,..,..,..,..,..,..,..,..,..,..,..,..,..
Oman,OMN,"Unemployment, total (% of total labor force) (modeled ILO estimate)",SL.UEM.TOTL.ZS,..,4.055,4.158,4.004,4.067,4.16,4.247,4.188,4.259,4.342,4.331,4.281,4.328,4.62,4.734,4.626,4.383,4.298,4.142,3.993,3.935,3.958,3.765,3.547,3.449,3.401,3.266,2.522,1.8,2.04,2.94,1.9,3.3,3.176,3.161
Oman,OMN,Carbon dioxide (CO2) emissions excluding LULUCF per capita (t CO2e/capita),EN.GHG.CO2.PC.CE.AR5,9.30296368272642,10.7560304687133,10.5993691177244,10.2394796394079,9.37620386639857,9.50296341288585,9.71679139664504,10.0374762635115,9.96544864788982,11.1939718825749,11.5318533423366,12.3286686921618,13.0297286427001,13.6147535574136,13.2140396312241,13.4329917611255,16.7588610602455,17.7304338149868,17.0293189224258,17.5455057793187,18.674128160624,19.4167701574674,19.0116675396788,18.4229793425151,18.7455199192292,18.9548363817969,18.6080366177417,18.1494848587163,18.5599136297034,18.8075947222113,18.175224881299,19.5702671570501,19.2317238119278,18.4371638746123,..
Oman,OMN,Renewable energy consumption (% of total final energy consumption),EG.FEC.RNEW.ZS,0,0,0,0,0,0,0,0,0,0,0,0,0,0,0,0,0,0,0,0,0,0,0,0,0,0,0,0,0,0,0.1,0.1,..,..,..
Oman,OMN,"Government expenditure on education, total (% of GDP)",SE.XPD.TOTL.GD.ZS,2.83892011642456,2.98794007301331,3.12258005142212,3.50821995735168,3.4444899559021,3.41325998306274,3.18452000617981,3.3568000793457,4.13832998275757,4.03593015670776,3.20023989677429,4.02031993865967,4.32506990432739,3.89699006080627,4.02835988998413,3.51721000671387,3.85933995246887,..,..,4.18773984909058,..,..,..,4.35383987426758,..,..,..,5.99594020843506,4.58565998077393,5.06363010406494,6.87769985198975,..,4.19907999038696,..,..
Oman,OMN,Current health expenditure per capita (current US$),SH.XPD.CHEX.PC.CD,..,..,..,..,..,..,..,..,..,..,261.88265991,259.59085083,274.11166382,290.38589478,306.42941284,326.909729,341.97601318,397.21173096,466.60375977,510.08691406,583.57073975,563.23632813,561.1171875,587.71075439,726.64660645,767.04455566,714.48864746,704.6295166,639.78082275,730.08325195,859.24969482,856.42144775,706.92224121,..,..
Oman,OMN,Individuals using the Internet (% of population),IT.NET.USER.ZS,0,..,..,..,..,..,0,0.44,0.863,2.52,3.52,5.89,6.87,7.26,6.76,6.68,8.3,16.7,20,26.8,35.8,48,60,66.5,70.2,73.5,76.8,80.2,85.5,90.3,95.2,95.2,95.2,95.3,95.3
Oman,OMN,"GNI, PPP (constant 2021 international $)",NY.GNP.MKTP.PP.KD,..,..,..,..,..,..,..,..,88303902188.071,88129701290.2679,93431136326.2466,97760842333.722,96680275415.8832,95712529709.5721,98082057370.5071,99585313976.0734,105112995161.846,110125980414.814,116804142597.3,122408505402.805,125020262892.483,127973008239.43,139370907081.952,149695532941.271,150034183034.974,161686851502.778,170348610338.337,169069400500.832,167683952144.461,163307247908.173,157858141197.692,162223938347.616,173046432229.812,..,..
Pakistan,PAK,GDP per capita (constant 2015 US$),NY.GDP.PCAP.KD,950.884644833285,966.522495703734,1011.6250844611,1001.25854820003,1009.06429520182,1028.96592446155,1047.88663514614,1028.99804758369,1026.50033720969,1035.49888206288,1049.54229686852,1057.86767778646,1059.04171024589,1090.27523993746,1146.99632842666,1201.23359367214,1243.94142602543,1265.35567539842,1258.05188934452,1269.07432116444,1256.69482201323,1261.83161907857,1275.48806898966,1309.70080446386,1343.30778121043,1380.47020838317,1452.18658269177,1495.26187528032,1561.68169819559,1573.8330826937,1526.00597486307,1595.02792175422,1642.28066974826,1616.39906887866,..
Pakistan,PAK,Gini index,SI.POV.GINI,33.2,..,..,..,..,..,28.7,..,33.1,..,..,28.7,..,..,30.9,31.3,..,29.7,..,..,28.8,29.7,..,29.5,..,31.3,..,..,29.6,..,..,..,..,..,..
Pakistan,PAK,"Unemployment, total (% of total labor force) (modeled ILO estimate)",SL.UEM.TOTL.ZS,..,0.611,0.596,0.61,0.617,0.632,0.616,0.631,0.645,0.652,0.634,0.629,0.635,0.63,0.608,0.585,0.582,0.398,0.423,0.535,0.653,0.796,3.667,2.954,1.827,3.566,2.285,3.215,4.083,4.83,6.127,6.338,5.485,5.408,5.472
Pakistan,PAK,Carbon dioxide (CO2) emissions excluding LULUCF per capita (t CO2e/capita),EN.GHG.CO2.PC.CE.AR5,0.564951785009443,0.567280273898124,0.606190293094325,0.655609536243775,0.654444012001308,0.68252981319907,0.693942826109543,0.695197122461174,0.682751784307918,0.727643381120747,0.722280672462726,0.715435117098944,0.694198814405233,0.702938338048544,0.767198720269024,0.763118545814938,0.808545330660399,0.877730305454947,0.82505768773704,0.823380768791772,0.781107932121358,0.761781092557542,0.756405714192846,0.761674184204744,0.789553024116013,0.820351031478849,0.893837153310713,0.955178531852753,0.891393767524322,0.862094995565853,0.946681902525099,0.988583071213352,0.897331150923768,0.810127104964296,..
Pakistan,PAK,Renewable energy consumption (% of total final energy consumption),EG.FEC.RNEW.ZS,57.5,58.1,56,54.1,54.2,53.1,52.2,51.9,51.6,50.2,51,51.5,51.4,50.1,47.9,48,47,44.9,46.6,46.4,47.4,46.8,47.2,48.1,47.2,45.9,43.7,42.1,43.4,45.9,42.7,41.6,..,..,..
Pakistan,PAK,"Government expenditure on education, total (% of GDP)",SE.XPD.TOTL.GD.ZS,2.51680994033813,2.56676006317139,2.54967999458313,2.38644003868103,2.58930993080139,2.79531002044678,2.81057000160217,3.02230000495911,..,2.61149001121521,1.83782005310059,..,..,..,1.44337999820709,1.67058002948761,1.98055994510651,2.23465991020203,2.27263998985291,2.17916011810303,2.05268001556396,2.00100994110107,1.97879004478455,2.23698997497559,2.2043399810791,2.38609004020691,2.41721177101135,2.13665676116943,2.33216953277588,2.21491765975952,2.05718231201172,1.6874612569809,1.97444903850555,1.86864340305328,..
Pakistan,PAK,Current health expenditure per capita (current US$),SH.XPD.CHEX.PC.CD,..,..,..,..,..,..,..,..,..,..,15.36755657,13.41587162,14.98332214,14.34851551,15.53542328,19.58962631,24.43647003,26.14198685,24.34272766,23.14643288,23.62846184,25.02491379,25.59742928,28.20998955,32.11787415,33.99359894,36.46934128,42.07228851,40.09578323,36.01374817,36.9091301,42.79639816,38.76602173,..,..
Pakistan,PAK,Individuals using the Internet (% of population),IT.NET.USER.ZS,0,..,..,..,..,0.000123,0.00299,0.0275,0.0439,0.0554,..,1.32,2.58,5.04,6.16,6.33,6.5,6.8,7,7.5,8,8,8.1,9,10,11,12.4,13.8,15.3,17.1,18.9,21.4,24.2,27.4,..
Pakistan,PAK,"GNI, PPP (constant 2021 international $)",NY.GNP.MKTP.PP.KD,362115966314.229,380061701565.416,409105565696.607,414966668115.163,429648474240.655,451447336110.954,472459434321.082,475119572285.987,485135073264.326,508252692459.928,535311384511.951,553787399994.514,567258447075.808,600594233929.058,649775333950.532,697263441619.779,739670885466.378,770207108424.974,786965499855.959,810981567851.203,828812796349.103,854096703352.361,880213479664.843,917557613978.913,954933758754.332,994409565146.766,1057710929653.25,1107046290360.61,1174585098225.86,1201124011884.4,1184790296738.02,1269115520015.63,1328185771743.89,1322565643433.19,..
Palau,PLW,GDP per capita (constant 2015 US$),NY.GDP.PCAP.KD,13982.8887298451,14335.2711060989,13103.1137584432,11222.5992884285,11756.0650398724,12715.2357323975,13672.6474507216,13636.4371021223,13596.7986642973,12606.0151465977,12100.4320010493,12771.1374440955,13307.9204567455,12776.7674077891,13172.1748507982,13622.5559995534,13762.6402502229,14215.1662523053,13641.2626504257,12853.6812910625,12955.2669004719,13857.9060186166,14278.8292092136,13937.0760667985,14546.6487640882,15690.7586522228,15598.0194534191,15076.8166949457,15091.7066383316,15135.4842892095,14232.2400546821,12275.270193371,12129.7974298911,12379.7893768679,..
Palau,PLW,Gini index,SI.POV.GINI,..,..,..,..,..,..,..,..,..,..,..,..,..,..,..,..,..,..,..,..,..,..,..,..,..,..,..,..,..,..,..,..,..,..,..
Palau,PLW,"Unemployment, total (% of total labor force) (modeled ILO estimate)",SL.UEM.TOTL.ZS,..,..,..,..,..,..,..,..,..,..,..,..,..,..,..,..,..,..,..,..,..,..,..,..,..,..,..,..,..,..,..,..,..,..,..
Palau,PLW,Carbon dioxide (CO2) emissions excluding LULUCF per capita (t CO2e/capita),EN.GHG.CO2.PC.CE.AR5,141.287109247002,137.050083258614,122.321596097317,122.263620816027,178.640429338104,136.650189008433,125.274725274725,139.065606361829,123.018786439214,128.03026294905,110.647617061216,122.137246796197,74.0450187150695,87.3950862200519,76.7810292633703,87.552348756244,86.6482927576175,71.681691016475,73.533589352412,116.190068950772,114.73689932594,131.081978094922,202.865184351252,103.371486854034,71.5608241603161,67.2650534608891,64.2973534865427,67.1625870199865,69.0748849219715,71.2608158220025,71.7401079136691,74.7342968003149,78.7262796328622,81.2094545044283,..
Palau,PLW,Renewable energy consumption (% of total final energy consumption),EG.FEC.RNEW.ZS,..,..,0,0,0,0,0,0,0,0,0,0,0,0,0,0,0,0,0,0,0,0,0,0,0.3,0.4,0.6,0.6,0.6,0.9,0.9,0.9,0.9,..,..
Palau,PLW,"Government expenditure on education, total (% of GDP)",SE.XPD.TOTL.GD.ZS,..,..,..,..,..,..,..,..,..,..,7.8443398475647,7.58415985107422,7.54601001739502,..,..,..,..,..,..,..,..,..,..,..,..,..,..,..,..,..,3.47118067741394,3.94417095184326,3.57620143890381,3.43726491928101,..
Palau,PLW,Current health expenditure per capita (current US$),SH.XPD.CHEX.PC.CD,..,..,..,..,..,..,..,..,..,..,675.54473877,640.58422852,609.03295898,638.3067627,765.0546875,810.10369873,852.00756836,897.35339355,880.83892822,947.12615967,1093.30786133,1072.56323242,1239.99304199,1399.29931641,1481.35656738,1554.91186523,1704.62316895,1775.32849121,1794.765625,1924.65795898,1934.02905273,1916.50598145,1978.85437012,..,..
Palau,PLW,Individuals using the Internet (% of population),IT.NET.USER.ZS,0,..,..,..,..,..,..,..,..,..,..,..,20.2,21.6,27,..,..,..,..,..,..,..,..,..,..,..,..,..,..,..,..,..,..,..,..
Palau,PLW,"GNI, PPP (constant 2021 international $)",NY.GNP.MKTP.PP.KD,..,..,..,..,..,..,..,..,..,..,263158877.439287,279855679.625314,289468199.478163,288044537.866175,302447249.941143,313332962.080963,315176904.429074,321180806.926936,306187559.460822,295986646.577401,287418338.472533,292448349.057724,293612911.061476,297994920.583654,309607775.106512,349106729.050664,355160031.862937,345408762.657624,339806615.777981,348269822.193515,332802608.955719,289998622.752028,277512441.242265,..,..
Panama,PAN,GDP per capita (constant 2015 US$),NY.GDP.PCAP.KD,5333.21870442352,5712.98860533438,6053.46766447567,6252.48829508086,6299.53554013552,6280.46246501922,5799.88560096133,6122.6466478841,6504.97011881774,6709.72276088415,6856.14919005847,6787.86267897348,6825.17747437166,7037.08165700349,7468.76593139801,7935.87135060821,8557.9801770364,9507.64641073854,10288.1549911493,10267.0633151993,10698.0717633911,11761.4988547604,12668.2945474105,13236.8306754449,13611.5490809559,14082.6548502728,14474.1243636349,15045.5456426827,15375.6435074101,15602.5420867199,12647.082664124,14552.9401574302,15917.427539403,16872.8834654731,..
Panama,PAN,Gini index,SI.POV.GINI,..,58,..,..,..,57.7,..,58.1,57.4,56.4,56.6,56.7,56.1,55.7,54.8,53.8,54.6,52.7,52.7,51.8,51.6,51.3,51.7,51.5,50.5,50.8,50.4,49.9,49.2,49.8,..,50.9,..,48.9,..
Panama,PAN,"Unemployment, total (% of total labor force) (modeled ILO estimate)",SL.UEM.TOTL.ZS,..,6.445,6.303,6.364,6.429,6.526,6.524,6.406,6.23,6.232,6.264,6.372,6.362,6.346,6.127,6.002,5.822,5.694,5.647,5.864,5.845,4.03,3.691,3.674,4.391,4.335,4.717,5.338,5.161,6.256,14.663,10.177,8.086,6.544,6.518
Panama,PAN,Carbon dioxide (CO2) emissions excluding LULUCF per capita (t CO2e/capita),EN.GHG.CO2.PC.CE.AR5,1.10694690425858,1.25038622314628,1.46122960829817,1.4626979705166,1.52449143037805,1.60749068564174,1.58620141448882,1.63447251114413,1.97562885420921,1.69532580216558,1.72374217247122,2.02066305113768,1.72818967809228,1.71753338054622,1.69355198383344,2.14275408644544,2.21873977785047,2.17469723548287,2.07261626990203,2.43326961960576,2.52928523495019,2.70623702959655,2.7787413254112,2.68201767743376,2.76693744586793,2.68396617706662,2.6461832782919,2.4753416138309,2.38115003862894,3.09426877937044,2.23301122386922,2.50195321264646,2.72636193686882,3.30147917839919,..
Panama,PAN,Renewable energy consumption (% of total final energy consumption),EG.FEC.RNEW.ZS,43,40.7,39.7,39.9,37.8,34.8,36.8,36.5,31.4,33.7,27.7,24,28.7,27.4,28.2,22.8,22.1,22.8,23.4,20.4,20.6,19.7,21.2,20.7,19.8,22,22.1,23.6,24.5,19,28.5,28,..,..,..
Panama,PAN,"Government expenditure on education, total (% of GDP)",SE.XPD.TOTL.GD.ZS,..,..,..,..,3.47054004669189,3.94780993461609,4.09431982040405,3.84711003303528,..,4.56723022460938,4.75968980789185,4.10587978363037,4.19163990020752,4.16870021820068,3.5786600112915,..,..,..,3.50229001045227,..,..,3.15900993347168,..,..,3.17401003837585,3.36669993400574,3.42913007736206,3.49375009536743,3.4535698890686,3.09329414367676,4.30284023284912,3.71141004562378,3.36693000793457,..,..
Panama,PAN,Current health expenditure per capita (current US$),SH.XPD.CHEX.PC.CD,..,..,..,..,..,..,..,..,..,..,300.66052246,296.75146484,308.58657837,303.45755005,344.4079895,323.0513916,370.62973022,472.08703613,506.78494263,550.80755615,607.42242432,664.97564697,725.01544189,805.78985596,919.2946167,982.06530762,1056.68481445,1126.96154785,1227.30554199,1339.45153809,1358.4498291,1417.1541748,1472.04638672,..,..
Panama,PAN,Individuals using the Internet (% of population),IT.NET.USER.ZS,0,..,..,..,0.00764,0.0561,0.22,0.539,2.75,3.84,6.55,7.27,8.52,9.99,11.1,11.5,17.3,22.3,33.8,39.1,40.1,42.7,40.3,44,44.9,51.2,54,60,61.8,63.6,70,77,77.7,78,..
Panama,PAN,"GNI, PPP (constant 2021 international $)",NY.GNP.MKTP.PP.KD,..,..,..,..,..,..,33296182746.8437,35372327208.7145,38032728319.5965,39529327334.4999,41752868467.3841,42060247651.8758,44321800648.1234,44638709183.0518,48002318958.2416,51751419929.6356,56962098689.2829,65442423418.0909,72104123103.4035,73600611882.4145,76132114459.7067,87295246839.4758,94527712864.4485,100814724070.476,102946295987.334,110866911412.319,114988715086.561,122964600655.363,125157958649.868,131714904776.307,111430299889.325,126453500703.573,141940074315.054,151920130470.069,..
Papua New Guinea,PNG,GDP per capita (constant 2015 US$),NY.GDP.PCAP.KD,1892.30679279448,2008.35151943089,2206.99633305172,2515.6383945071,2570.33691061958,2397.40045298857,2492.07962762784,2310.98773975643,2147.04526266919,2112.0950973955,1989.57882204274,1920.78003889393,1854.41831737462,1832.67870314447,1821.84741071002,1875.82273480514,1915.2349405788,2000.9726186689,1934.03201558753,2003.24109727039,2140.50939027384,2102.03192060639,2139.48096660428,2162.10592595591,2391.3578028163,2484.5963398603,2557.09463030035,2584.8883636271,2518.45899317321,2572.56177971872,2438.61137934805,2378.37168116559,2467.23488917127,2496.50840962288,..
Papua New Guinea,PNG,Gini index,SI.POV.GINI,..,..,..,..,..,..,45.8,..,..,..,..,..,..,..,..,..,..,..,..,41.9,..,..,..,..,..,..,..,..,..,..,..,..,..,..,..
Papua New Guinea,PNG,"Unemployment, total (% of total labor force) (modeled ILO estimate)",SL.UEM.TOTL.ZS,..,2.799,2.618,2.397,2.432,2.613,2.734,2.856,2.862,2.939,2.92,2.801,2.755,2.628,2.526,2.387,2.287,2.172,2.169,2.089,2.002,2.62,2.631,2.692,2.536,2.503,2.472,2.569,2.635,2.634,2.883,3.003,2.689,2.661,2.741
Papua New Guinea,PNG,Carbon dioxide (CO2) emissions excluding LULUCF per capita (t CO2e/capita),EN.GHG.CO2.PC.CE.AR5,0.555629553948807,0.551663331955025,0.602251326529706,0.593144161641446,0.57004049811973,0.533344472488512,0.52786400188974,0.534354955799885,0.642827970788113,0.507857708615261,0.531960620285408,0.625563526512913,0.693247454466178,0.739533347256702,0.761467885558896,0.800118728775893,0.787984682233406,0.758758901074125,0.710218373877663,0.668296960023158,0.55425260394185,0.568571481647455,0.527149413652849,0.551110012672989,0.649608532516386,0.683144452300667,0.738697647035981,0.708650471079064,0.71960089895027,0.742303317407308,0.607503494894835,0.555114124824626,0.569685751554247,0.572859393039313,..
Papua New Guinea,PNG,Renewable energy consumption (% of total final energy consumption),EG.FEC.RNEW.ZS,71.7,71.7,71.6,71.2,69.4,70.7,69.9,68.7,67.7,68.7,66.4,63.4,62.5,60.4,57.5,58.6,58.9,57.1,56.9,56,55.2,54.7,55.5,58.3,56.9,55.3,54.8,54.7,53.4,53.2,53.6,54.5,54.6,..,..
Papua New Guinea,PNG,"Government expenditure on education, total (% of GDP)",SE.XPD.TOTL.GD.ZS,..,..,..,..,..,..,..,..,..,..,..,..,..,..,..,..,..,..,..,..,..,..,..,..,..,1.66600000858307,0.846000015735626,1.96493005752563,1.8748300075531,0.736999988555908,1.49800002574921,1.34599995613098,..,..,..
Papua New Guinea,PNG,Current health expenditure per capita (current US$),SH.XPD.CHEX.PC.CD,..,..,..,..,..,..,..,..,..,..,18.84121323,18.19814301,20.55322266,21.9858036,25.73586273,27.49723434,30.03865242,33.18586731,34.69308472,36.5436821,39.3453064,52.49456787,70.27664948,76.75310516,89.08061218,45.18995285,53.98646545,55.24723816,59.04003525,59.89566803,55.92817688,61.02529907,81.11356354,..,..
Papua New Guinea,PNG,Individuals using the Internet (% of population),IT.NET.USER.ZS,0,..,..,..,..,..,0.00207,0.101,0.235,0.667,0.835,0.904,1.32,1.37,1.51,1.72,1.75,1.79,1.15,1.61,1.28,2,3.5,5.1,6.5,7.9,9.6,11.2,..,20,24.4,23.2,23.7,24.1,..
Papua New Guinea,PNG,"GNI, PPP (constant 2021 international $)",NY.GNP.MKTP.PP.KD,..,..,..,..,..,..,..,..,..,..,..,..,..,..,..,..,..,..,..,..,..,..,..,..,..,..,..,..,..,..,..,37395476684.9317,..,..,..
Paraguay,PRY,GDP per capita (constant 2015 US$),NY.GDP.PCAP.KD,4059.77343113311,4091.49044786451,4054.04426060844,4147.78440621564,4262.14495791711,4445.18978188914,4411.37280078232,4496.02336469138,4402.11110078249,4252.49065726668,4074.48953320404,3972.88427866686,3916.4402230868,4035.71833919883,4151.34584799368,4193.2808652562,4349.31197066182,4540.38235899198,4788.6631877791,4727.59685811395,5191.05014254402,5342.19015717376,5230.26244858764,5583.12274473463,5794.47644401603,5879.33792308671,6041.95879367268,6243.13363139058,6354.2392005297,6243.53620897773,6109.19608100615,6278.11006663828,6218.19790694079,6431.71872824395,..
Paraguay,PRY,Gini index,SI.POV.GINI,40.8,..,..,..,..,58.1,..,54.9,..,54.6,..,54.6,57.3,54.9,52.3,51.4,53,53,50.7,49.1,51,52.3,47.6,47.9,50.7,47.6,47.9,48.5,46,45.7,43.5,42.9,45.1,..,..
Paraguay,PRY,"Unemployment, total (% of total labor force) (modeled ILO estimate)",SL.UEM.TOTL.ZS,..,5.1,4.98,5.06,4.41,3.4,8.15,5.36,4.417,5.343,7.61,6.206,9.393,6.814,6.513,4.825,5.277,4.713,4.415,5.46,4.569,4.67,4.085,4.385,5.034,4.556,5.255,6.138,6.217,6.595,7.548,7.311,6.755,5.794,6.093
Paraguay,PRY,Carbon dioxide (CO2) emissions excluding LULUCF per capita (t CO2e/capita),EN.GHG.CO2.PC.CE.AR5,0.540420398008101,0.514216415353478,0.600526612751552,0.667431331451928,0.758730397992404,0.840799806804044,0.810445898842955,0.877584154219537,0.899648471181269,0.882006981622523,0.713368783509003,0.727742160333821,0.751179169973817,0.765671454608673,0.765639571840187,0.697986838340066,0.744375991344829,0.700041335499999,0.810018715349615,0.827121283614366,0.909851234870305,0.933250049100321,0.913429318732483,0.938378873520776,0.976982644105393,1.07811153669617,1.19885564797381,1.33263181808142,1.35663322951709,1.30419406857161,1.20234915401714,1.34040335825685,1.2097838254889,1.20597953345823,..
Paraguay,PRY,Renewable energy consumption (% of total final energy consumption),EG.FEC.RNEW.ZS,78.5,79.2,75.7,72.6,69.9,70.2,70.8,69.5,67.4,65.9,70.4,69.8,67.7,67,66.8,68.8,66.5,68.4,65.8,65.4,63.6,62.5,63.4,62.5,62.5,60.5,62.5,60.1,59.2,60.1,61.5,58.8,..,..,..
Paraguay,PRY,"Government expenditure on education, total (% of GDP)",SE.XPD.TOTL.GD.ZS,1.04070997238159,..,..,..,..,..,..,..,4.19833993911743,4.23087978363037,4.2302098274231,3.83357000350952,3.40773010253906,3.3827600479126,2.86989998817444,..,..,2.73951005935669,..,..,2.7707200050354,3.69282007217407,3.668790102005,2.67871189117432,2.59655904769897,3.33377814292908,3.4349799156189,3.09062075614929,3.29619598388672,3.48983025550842,3.93615007400513,3.41070008277893,3.39619994163513,3.40649008750916,..
Paraguay,PRY,Current health expenditure per capita (current US$),SH.XPD.CHEX.PC.CD,..,..,..,..,..,..,..,..,..,..,104.49077606,91.8441391,65.0742569,70.85758209,88.10053253,95.1805954,122.45078278,161.25285339,220.90351868,217.7858429,258.43127441,337.81317139,368.7868042,391.80084229,440.85821533,393.42440796,385.52297974,406.60488892,422.13101196,416.84432983,411.81765747,480.11322021,480.19396973,..,..
Paraguay,PRY,Individuals using the Internet (% of population),IT.NET.USER.ZS,0,..,..,..,..,..,0.0204,0.0996,0.195,0.382,0.748,1.1,1.79,2.11,3.45,7.91,7.96,11.2,14.3,18.9,19.8,24.8,29.3,36.9,43,49.7,53.4,61.1,65,68.5,74,77,76.3,78.1,..
Paraguay,PRY,"GNI, PPP (constant 2021 international $)",NY.GNP.MKTP.PP.KD,..,..,..,..,..,44905151870.2753,48363531028.214,48745912144.4709,48702420922.808,47921215093.6901,44769286614.5932,44997339874.6136,46029572955.2568,44227703944.7529,47127199311.1565,48659457901.1852,52973575235.502,58523802103.7493,62864758614.1476,62368685850.7011,69304462074.5657,73031544853.491,72478212682.4331,78609316008.264,83046737840.8137,85507653730.7668,89361276577.6121,93851751370.9278,96884047492.6405,96904900503.7081,95722580044.3237,99405231283.4861,99902339628.2346,104653474699.961,..
Peru,PER,GDP per capita (constant 2015 US$),NY.GDP.PCAP.KD,2706.92253156841,2709.27754515647,2640.31373880219,2723.2842310292,2998.57693125514,3158.98338644792,3186.90077024092,3331.15151093297,3258.29746206218,3250.37802318947,3286.27308475523,3261.6642505136,3398.74991419297,3502.79165687646,3640.60299869744,3835.13219279722,4091.36268615581,4407.79121686416,4778.52642172313,4801.17153740507,5167.39259325937,5453.45718713631,5740.04346272472,6021.46142765232,6103.91864749969,6231.71150338894,6392.25474941014,6457.41940254721,6593.14437459526,6626.26083494969,5831.83024758521,6547.42006938295,6661.66496902346,6552.55403560046,..
Peru,PER,Gini index,SI.POV.GINI,..,..,..,..,..,..,..,53.3,55.1,54.8,49.1,51.3,53.6,53.1,49.9,50.4,50.3,50,47.5,47,45.5,44.7,44.4,43.9,43.1,43.4,43.6,43.3,42.4,41.5,43.7,40.1,40.3,..,..
Peru,PER,"Unemployment, total (% of total labor force) (modeled ILO estimate)",SL.UEM.TOTL.ZS,..,4.934,5.071,4.803,4.505,4.717,4.931,4.768,5.096,5.01,4.958,5.063,4.84,4.15,4.71,4.87,4.17,4.08,4.03,3.96,3.6,3.477,3.238,3.575,3.208,3.272,3.741,3.691,3.492,3.379,7.179,5.097,3.85,4.899,4.828
Peru,PER,Carbon dioxide (CO2) emissions excluding LULUCF per capita (t CO2e/capita),EN.GHG.CO2.PC.CE.AR5,0.946755249009858,0.900062378315029,0.920007286565091,0.948646359283333,0.954115389686901,1.06316013454232,1.14653193918175,1.1224513333724,1.05961222071797,1.11937813462996,1.08969619184001,0.998950438762287,1.02970450579457,0.998894508400685,1.1423518222445,1.13289904552051,1.1115963213602,1.20469884036139,1.35760104245821,1.45239209959881,1.57606305627456,1.67801514096021,1.66202679181706,1.68743164135633,1.76795416469733,1.80225296806052,1.86257629389331,1.76238594560569,1.73484298998946,1.7923189290075,1.44701754603937,1.60661387321863,1.70307853776252,1.72558237008946,..
Peru,PER,Renewable energy consumption (% of total final energy consumption),EG.FEC.RNEW.ZS,39.4,39.9,37.3,37.1,35.9,33.3,31.7,31.7,39.4,36.7,38.6,41.2,40.2,40.9,37.8,38.4,38.7,36,33.7,32.9,32.2,30.6,30.8,28.4,28.6,27.4,27.2,27.6,27.9,27.1,31.6,30.6,..,..,..
Peru,PER,"Government expenditure on education, total (% of GDP)",SE.XPD.TOTL.GD.ZS,..,..,..,..,..,..,3.11879992485046,..,3.27817988395691,3.44133996963501,3.22802996635437,3.03712010383606,2.82056999206543,2.93779993057251,2.95787000656128,2.83903002738953,2.65281009674072,2.62940001487732,2.8677499294281,3.13994002342224,2.86730003356934,2.6635000705719,2.92276000976562,3.29729008674622,3.69599008560181,3.96933007240295,3.81316995620728,3.93130993843079,3.71392011642456,3.822429895401,4.25937986373901,3.92721009254456,3.83315992355347,4.23516988754272,..
Peru,PER,Current health expenditure per capita (current US$),SH.XPD.CHEX.PC.CD,..,..,..,..,..,..,..,..,..,..,83.63842773,89.36621857,97.6605072,97.352211,105.16587067,123.25354004,136.14295959,158.55148315,191.42611694,209.1973877,241.43280029,264.46487427,309.31439209,320.96490479,332.18841553,310.60983276,311.33517456,332.54321289,362.75994873,367.98739624,399.59625244,455.69836426,445.85757446,..,..
Peru,PER,Individuals using the Internet (% of population),IT.NET.USER.ZS,0,..,..,..,0.0085,0.0334,0.246,0.403,1.19,1.95,3.08,7.58,8.97,11.6,14.1,17.1,20.7,25.2,30.6,31.4,34.8,36,38.2,39.2,40.2,40.9,45.5,50.5,55.1,60,65.3,71.1,74.7,79.5,..
Peru,PER,"GNI, PPP (constant 2021 international $)",NY.GNP.MKTP.PP.KD,131567533756.734,139519826987.512,138196721431.089,144898375879.82,161905861479.37,173245035182.831,180334919732.999,192570841992.755,193703604995.032,196574605848.784,200940695395.577,203364350549.805,213390671885.143,220245845693.079,226970310624.069,238393914399.295,250266889679.515,272315407543.116,300408616294.189,305753759798.323,326131530175.155,345715155705.684,371777935041.806,398973714758.807,411431452993.854,430104466714.486,443758188683.68,452392514110.087,468713622524.303,486034794049.327,437173513173.592,467527125315.739,486511576949.579,491580889252.519,..
Philippines,PHL,GDP per capita (constant 2015 US$),NY.GDP.PCAP.KD,1704.07568906112,1656.38349711577,1624.34939812793,1620.3550584059,1654.74613909627,1693.80873088593,1752.23800111748,1800.25913144999,1746.52590520447,1759.4210523287,1793.34760866258,1807.70892532174,1837.25429294391,1892.82162002816,1978.3448914123,2037.8776606782,2110.42044789942,2209.34651092393,2264.94629082173,2256.72554844721,2373.14312085009,2416.75212076537,2533.74141971272,2654.41506946871,2776.92005916931,2909.85818014474,3076.33741880211,3247.45038795053,3410.93647986368,3575.88170930212,3198.6669001424,3350.97587601524,3577.70136587922,3745.65232883132,..
Philippines,PHL,Gini index,SI.POV.GINI,..,..,..,..,..,..,..,..,..,..,47.7,..,..,46.6,..,..,47.2,..,..,46.3,..,..,46.5,..,..,44.6,..,..,42.3,..,..,40.7,..,..,..
Philippines,PHL,"Unemployment, total (% of total labor force) (modeled ILO estimate)",SL.UEM.TOTL.ZS,..,3.729,3.844,3.863,3.765,3.683,3.613,3.598,3.698,3.749,3.767,3.698,3.615,3.527,3.554,3.795,4.052,3.434,3.72,3.858,3.605,3.592,3.504,3.497,3.6,3.068,2.695,2.552,2.338,2.237,2.522,3.398,2.598,2.222,2.153
Philippines,PHL,Carbon dioxide (CO2) emissions excluding LULUCF per capita (t CO2e/capita),EN.GHG.CO2.PC.CE.AR5,0.677384873861234,0.665281201966088,0.707203707179817,0.744520030402208,0.785660055534329,0.926987667068776,0.949963569868626,1.03972178688846,0.99708904843402,0.951436671006592,0.932441190842665,0.880483904667689,0.877841281830554,0.882266977931022,0.875840435405474,0.896020428658156,0.792682424086449,0.844793242470968,0.838628467732074,0.833016101733075,0.881750415532953,0.86071646771526,0.893216298210684,0.954798181627522,1.002138152997,1.07452934202078,1.13620258650246,1.25437278109918,1.29093253096756,1.33475495796509,1.21162266692496,1.28722791453122,1.32180559851978,1.40383511882403,..
Philippines,PHL,Renewable energy consumption (% of total final energy consumption),EG.FEC.RNEW.ZS,49.5,51.3,47.7,44.1,43.1,37.8,35.8,33.4,32.8,33.6,33.9,32.9,31.8,30.9,30.2,31.3,33.3,32.4,33.9,34.1,32.7,33.8,34.1,33.1,32.4,30.8,28.6,27.8,27.6,26.9,29.1,28,..,..,..
Philippines,PHL,"Government expenditure on education, total (% of GDP)",SE.XPD.TOTL.GD.ZS,..,..,..,..,..,2.66399002075195,2.94356989860535,3.07756996154785,3.69745993614197,..,3.16440010070801,2.92463994026184,2.89222002029419,2.93517994880676,2.46983003616333,2.32806992530823,2.42579007148743,2.48517990112305,2.58282995223999,2.53777003288269,..,..,..,..,2.66454243659973,2.8305230140686,3.3012809753418,3.9638409614563,3.85502767562866,3.40748643875122,3.85829043388367,3.87249755859375,3.57960081100464,3.62368631362915,..
Philippines,PHL,Current health expenditure per capita (current US$),SH.XPD.CHEX.PC.CD,..,..,..,..,..,..,..,..,..,..,32.10300446,27.60987473,26.76997948,31.60413551,33.50411606,45.67607498,53.87452698,64.27903748,75.69056702,77.64539337,89.35166931,95.95716095,109.2149353,118.87432098,106.16293335,113.4342804,118.05981445,120.32259369,125.27716827,141.6925354,166.61218262,208.192276,182.93429565,194.05615234,..
Philippines,PHL,Individuals using the Internet (% of population),IT.NET.USER.ZS,0,..,..,..,0.00584,0.0286,0.0559,0.137,1.1,1.43,1.98,2.52,4.33,4.86,5.24,5.4,5.74,5.97,6.22,9,25,29,30.8,32.7,34.7,36.9,39.2,41.6,44.1,43,53.8,66.9,75.2,83.8,..
Philippines,PHL,"GNI, PPP (constant 2021 international $)",NY.GNP.MKTP.PP.KD,263319845294.8,269200644480.819,278819000470.286,289304454925.066,303675895265.565,319485215294.458,349613398015.174,368321358434.63,375329277441.094,385472814902.783,415112544776.227,428012120015.156,443932454336.009,466167486322.029,496196807468.443,522286008425.051,547024398636.483,581612682548.85,608667816488.139,630867025980.628,675397935501.51,697964012190.984,747246486071.202,802773380908.74,852389909043.514,904546141050.244,966232132300.61,1032308263311.35,1093331049621.54,1152112185662.63,1020072151497.73,1037456879371.22,1140032464458.46,1259171258804.21,..
Poland,POL,GDP per capita (constant 2015 US$),NY.GDP.PCAP.KD,5111.3453296443,4735.9276980893,4840.16858549117,5008.34908886395,5262.31523522496,5671.89573674798,6012.95806433166,6391.13172823376,6684.11477782234,6998.79475144289,7401.57697647848,7494.96089503246,7640.99307757777,7915.55424389704,8323.38773754587,8598.57681241557,9137.65850849801,9760.7042604352,10187.2017910883,10446.5289138524,10808.3975674238,11370.313427173,11542.2353368014,11628.2286809525,12093.1622787394,12637.5220324406,13026.1858988718,13695.6452848724,14551.0850277089,15221.3090624454,14937.5960275482,16368.6239689025,17303.64494323,17391.1441481102,..
Poland,POL,Gini index,SI.POV.GINI,..,..,..,..,..,..,..,..,..,..,..,..,..,..,38,35.8,34.7,34,33.5,33.4,33.2,33.2,33,33.1,32.8,31.8,31.2,29.7,30.2,28.8,28.5,28.5,..,..,..
Poland,POL,"Unemployment, total (% of total labor force) (modeled ILO estimate)",SL.UEM.TOTL.ZS,..,13.611,13.645,14.393,14.825,13.695,12.684,10.964,9.935,12.29,14.928,18.435,20.211,19.899,18.822,17.592,13.794,9.551,7.069,8.131,9.578,9.576,10.031,10.293,8.971,7.475,6.141,4.867,3.835,3.267,3.155,3.268,2.811,2.743,2.472
Poland,POL,Carbon dioxide (CO2) emissions excluding LULUCF per capita (t CO2e/capita),EN.GHG.CO2.PC.CE.AR5,9.74855881991611,9.65391248221751,9.39209486934604,9.37970341595399,9.2015645420559,9.23525115871233,9.64260387936424,9.38320802822069,8.64013770513834,8.39730533704743,8.1816235495527,8.0984413438208,7.91264242213336,8.2527640017935,8.31474920448579,8.30799169248518,8.67118284245775,8.66406736941955,8.51278003409716,8.160671518835,8.65771846305505,8.58867955459931,8.3992360698128,8.28253093122864,7.95928152187739,8.04885441667931,8.34090530263994,8.69521824800461,8.67851401260048,8.22017635759858,7.8334930118338,8.7570591602155,8.61696982400266,7.82031889844983,..
Poland,POL,Renewable energy consumption (% of total final energy consumption),EG.FEC.RNEW.ZS,2.5,2.1,2.3,6.1,6.2,6.3,5.9,6,6.5,6.4,6.9,7.3,7.5,7.3,7.3,7.2,7.2,7.3,8,8.8,9.5,10.4,10.9,11.4,11.6,11.9,11.3,11.1,15.1,15.6,16.1,15.2,..,..,..
Poland,POL,"Government expenditure on education, total (% of GDP)",SE.XPD.TOTL.GD.ZS,..,3.89144992828369,4.1879301071167,4.1827597618103,..,4.33025979995728,6.25738000869751,..,4.94200992584229,4.59181976318359,4.9839301109314,5.31902980804443,5.38735008239746,5.32449007034302,5.35557985305786,5.42574977874756,5.20765018463135,4.86874008178711,5.04239988327026,4.98976993560791,5.10705995559692,4.8610200881958,4.86159992218018,5.021240234375,4.9665699005127,4.81700992584229,4.6591100692749,4.57464981079102,4.60506010055542,4.67881011962891,4.85265016555786,4.67303991317749,..,..,..
Poland,POL,Current health expenditure per capita (current US$),SH.XPD.CHEX.PC.CD,..,..,..,..,..,..,..,..,..,..,238.00448608,282.8210144,315.83145142,339.33520508,392.00338745,465.70019531,524.09747314,660.92468262,892.59698486,759.60577393,809.19940186,866.09466553,815.1418457,878.08837891,911.29815674,803.95965576,816.08618164,909.57818604,978.73565674,1014.03820801,1025.98486328,1183.30236816,1193.13061523,1543.71240234,..
Poland,POL,Individuals using the Internet (% of population),IT.NET.USER.ZS,0,0.00523,0.0521,0.13,0.389,0.648,1.3,2.07,4.1,5.46,7.29,9.9,21.2,24.9,32.5,38.8,44.6,48.6,53.1,59,62.3,62,62.3,62.8,66.6,68,73.3,76,77.5,80.4,83.2,85.4,86.9,86.4,..
Poland,POL,"GNI, PPP (constant 2021 international $)",NY.GNP.MKTP.PP.KD,..,..,..,..,..,546966455453.862,581525238281.374,618140292213.511,646416168765.742,675817945756.397,707562426904.534,716170326146.624,727401896814.533,750583070537.33,773041312627.032,807557300440.168,852482720831.508,902316609172.905,954749833163.331,969416358436.977,998002723238.669,1048329551631.54,1061590540117.76,1070338034498.97,1109915141512.99,1159368250339.72,1192593255442.81,1249391410003.57,1328053310476.13,1389995793618.73,1367131115151.74,1451722369321.13,1536681657883.12,1540012929312.53,..
Portugal,PRT,GDP per capita (constant 2015 US$),NY.GDP.PCAP.KD,14593.2547484179,15265.8627897796,15444.1838248682,15110.1228224777,15214.9142471067,15811.7000553673,16304.3794881171,16946.0868319509,17671.3135096042,18258.0910764888,18822.0932874528,19053.0899271768,19095.1102477948,18846.5411815772,19137.8371065037,19251.7145595409,19529.3121306472,19979.5706126396,20014.4748812235,19371.131868075,19698.6836541739,19389.6395563318,18679.7626580948,18597.721407072,18836.8967511808,19215.7813014347,19662.823085477,20364.1963711444,20997.7744915886,21569.1874470753,19778.7138255776,20747.6990979031,22042.86817027,22292.4218368837,..
Portugal,PRT,Gini index,SI.POV.GINI,..,..,..,..,..,..,..,..,..,..,..,..,..,38.8,38.9,38.5,38.1,36.8,36.6,34.9,35.8,36.3,36,36.2,35.6,35.5,35.2,33.8,33.5,32.8,34.7,34.6,..,..,..
Portugal,PRT,"Unemployment, total (% of total labor force) (modeled ILO estimate)",SL.UEM.TOTL.ZS,..,3.919,3.985,5.301,6.709,7.064,7.298,6.571,4.64,4.579,3.806,3.829,4.497,6.132,6.319,7.582,7.649,7.965,7.553,9.432,10.771,12.682,15.531,16.188,13.897,12.447,11.068,8.869,6.994,6.464,6.801,6.577,6.011,6.509,6.384
Portugal,PRT,Carbon dioxide (CO2) emissions excluding LULUCF per capita (t CO2e/capita),EN.GHG.CO2.PC.CE.AR5,4.41137316644793,4.56644848239022,4.94146492326446,4.831216271479,4.96176509591879,5.28371933626539,5.09473173790199,5.31808510396255,5.7267596018817,6.3519663865941,6.25970247712854,6.14336657878113,6.51637279669501,6.02003801384496,6.17340310025095,6.47278529761514,5.99647148985088,5.83221189031851,5.62680470312252,5.5485171760274,5.05016504147317,4.88227393450759,4.74836336135848,4.61815412111832,4.59784779669614,5.00830463109172,4.90825970620947,5.36912517111152,4.98556859502236,4.53785791788524,3.97455356522883,3.77951541576001,3.78545555192225,3.41942758740781,..
Portugal,PRT,Renewable energy consumption (% of total final energy consumption),EG.FEC.RNEW.ZS,27,25.8,22.4,24.4,25,23.7,25.4,24.6,22.4,19,20.1,20.8,18.3,22.1,19.9,18.1,22.3,23.1,23.2,24.9,27.8,27.2,25.5,30.2,30.5,27.2,29,24.4,27.5,28.2,31.3,32.3,..,..,..
Portugal,PRT,"Government expenditure on education, total (% of GDP)",SE.XPD.TOTL.GD.ZS,3.56972002983093,4.07133007049561,4.33747005462646,4.84095001220703,4.67129993438721,4.61330986022949,5.065110206604,..,..,5.0468602180481,5.16384983062744,5.33713006973267,5.25871992111206,5.28152990341187,5.04638004302979,5.07394981384277,4.90767002105713,4.92147016525269,4.69609022140503,5.56314992904663,5.41248989105225,5.12333011627197,4.94940996170044,5.2709698677063,5.12400007247925,4.88554000854492,4.7709059715271,5.0156102180481,4.67515993118286,4.63002014160156,4.87656021118164,4.78316020965576,..,..,..
Portugal,PRT,Current health expenditure per capita (current US$),SH.XPD.CHEX.PC.CD,..,..,..,..,..,..,..,..,..,..,995.34210205,1015.54956055,1139.4029541,1443.37792969,1723.74401855,1814.35449219,1857.64526367,2112.52880859,2391.98120117,2346.54199219,2259.30371094,2255.96923828,1980.01867676,2030.63012695,2059.92651367,1790.53405762,1875.2421875,1998.06469727,2216.30664063,2221.73120117,2346.33081055,2760.16503906,2580.75634766,2743.57739258,..
Portugal,PRT,Individuals using the Internet (% of population),IT.NET.USER.ZS,0,0.1,0.25,0.45,0.719,1.49,2.98,4.95,9.87,14.7,16.4,18.1,19.4,29.7,31.8,35,38,42.1,44.1,48.3,53.3,55.3,60.3,62.1,64.6,68.6,70.4,73.8,74.7,75.3,78.3,82.3,84.5,85.8,..
Portugal,PRT,"GNI, PPP (constant 2021 international $)",NY.GNP.MKTP.PP.KD,..,..,..,..,..,282007309986.81,289433724753.362,300830535352.453,318657933521.523,333128976054.377,337490462185.649,345111880141.994,351435032918.41,351013271798.101,356200569340.168,357780166757.059,358437604621.84,368291536076.4,364118420776.825,360060787859.191,364533457508.167,360915944847.022,344312060294.272,347102738979.389,349083361938.81,357677953181.572,368173726335.991,380220622555.842,389789716419.824,400994951467.78,374266601512.361,395750838156.278,412828579437.66,429959817241.734,..
Puerto Rico,PRI,GDP per capita (constant 2015 US$),NY.GDP.PCAP.KD,18733.6452536405,19030.2415359881,19770.7684693743,20515.5207151284,21176.6701694708,21936.4179224341,22193.5791392757,23061.3345012501,24197.3097505137,25374.1017092522,26131.963075211,27722.3671929856,27940.3826166867,27937.8165878003,30375.7895781623,29815.2164197823,29519.7386832555,29347.8460011415,28976.1310397467,28565.767919716,28592.0775837897,28820.9780542122,29180.366828561,29426.1119191935,29554.5785374075,29763.4883013861,29961.5430101514,29809.2349889347,29686.968854595,30181.1498485361,28145.0053474362,28416.7798983171,29819.888444393,30122.8412253197,..
Puerto Rico,PRI,Gini index,SI.POV.GINI,..,..,..,..,..,..,..,..,..,..,..,..,..,..,..,..,..,..,..,..,..,..,..,..,..,..,..,..,..,..,..,..,..,..,..
Puerto Rico,PRI,"Unemployment, total (% of total labor force) (modeled ILO estimate)",SL.UEM.TOTL.ZS,..,16.18,16.93,16.91,14.6,13.93,13.64,13.8,13.46,11.81,10.08,11.4,11.94,11.78,10.31,11.35,11.01,10.93,11.48,15,16.1,15.7,14.5,14.3,13.9,12,11.8,10.8,9.2,8.3,8.89,7.9,6,5.725,5.472
Puerto Rico,PRI,Carbon dioxide (CO2) emissions excluding LULUCF per capita (t CO2e/capita),EN.GHG.CO2.PC.CE.AR5,5.37709923664122,5.48276162162314,5.6497644746032,5.74438313736673,5.86670583467174,5.93689614436523,5.95480655255319,6.06419058208292,6.13220858157452,6.617753674198,6.60892430467078,6.51078068510993,5.26808973818821,6.83051518584876,6.84176501053862,6.88558163293611,4.45924986084882,4.74692670754257,4.09389752253869,3.73563325945551,3.60972988223914,3.17155476397846,3.11942149760847,3.04424313756705,3.2565800082266,3.48295190185971,3.33149184893644,3.49738338296315,4.28922067518978,3.94627663138673,3.80596771593484,3.87836060579405,3.92327846879908,4.30961686575531,..
Puerto Rico,PRI,Renewable energy consumption (% of total final energy consumption),EG.FEC.RNEW.ZS,1.8,1.8,1.8,0.8,0.2,0.5,0.7,0.5,0.5,0.7,0.6,0.5,0.5,0.5,0.5,0.6,0.5,0.5,0.5,0.5,0.4,0.7,0.5,1.4,1.6,1.9,1.9,2.3,1.4,2.4,2.5,2.6,2.5,..,..
Puerto Rico,PRI,"Government expenditure on education, total (% of GDP)",SE.XPD.TOTL.GD.ZS,..,..,..,..,..,..,..,..,..,..,..,..,..,..,..,..,..,..,..,..,..,..,..,6.48108005523682,6.07265996932983,..,..,..,..,..,..,..,..,..,..
Puerto Rico,PRI,Current health expenditure per capita (current US$),SH.XPD.CHEX.PC.CD,..,..,..,..,..,..,..,..,..,..,..,..,..,..,..,..,..,..,..,..,..,..,..,..,..,..,..,..,..,..,..,..,..,..,..
Puerto Rico,PRI,Individuals using the Internet (% of population),IT.NET.USER.ZS,0,..,..,..,0.0273,0.135,0.268,1.33,2.65,5.27,10.5,15.6,17.5,19.7,22.1,23.4,25.4,27.9,38,41.5,45.3,48,69,69,76.1,63.5,68.6,68.7,70.9,77.7,..,84.8,87.3,..,..
Puerto Rico,PRI,"GNI, PPP (constant 2021 international $)",NY.GNP.MKTP.PP.KD,73933878775.1707,76054020266.4028,77366889761.7827,80567850198.6836,82942824075.1221,89018266197.2216,87616542672.2575,91955313995.5465,93159654097.8101,98866252909.2824,103081280672.86,103192855317.907,102790541282.283,102157136030.168,113477372199.904,111386527544.458,110610337112.434,111103608829.576,107456365866.07,103463953436.924,101477699883.027,100362226747.827,102957413594.639,103271284285.443,101968697979.038,101861441764.291,101095954727.556,96745961023.2829,96418093026.966,94803324237.5201,96822151979.516,91214417323.8454,94776099748.664,98359487448.0368,..
Qatar,QAT,GDP per capita (constant 2015 US$),NY.GDP.PCAP.KD,40125.4450320925,38185.1513329494,41171.7235066225,39377.8741609676,38744.0142152536,38526.8534768908,39095.0579501611,48844.9174942535,51513.6335015126,50917.3964102353,52234.4244373565,51633.9606840175,52752.7081230353,52255.3835016224,59990.3064867664,60416.7829217551,64676.3968892258,61423.0870888622,61213.7943874193,60781.874945265,72333.9848623762,81608.5716870182,80621.8607158041,76486.9692979253,71756.0649338302,68985.2946961507,67294.4585771356,64497.6987225375,64410.8171280981,63430.4607641011,57769.604101576,65488.5117915042,64315.6263669902,65111.0333213131,..
Qatar,QAT,Gini index,SI.POV.GINI,..,..,..,..,..,..,..,..,..,..,..,..,..,..,..,..,..,..,..,..,..,..,..,..,..,..,..,35.1,..,..,..,..,..,..,..
Qatar,QAT,"Unemployment, total (% of total labor force) (modeled ILO estimate)",SL.UEM.TOTL.ZS,..,0.87,0.87,0.87,0.87,0.87,0.87,0.87,0.87,0.87,0.87,0.87,0.87,0.87,0.87,0.87,0.87,0.52,0.31,0.31,0.45,0.56,0.48,0.28,0.2,0.17,0.15,0.14,0.11,0.1,0.14,0.14,0.13,0.13,0.126
Qatar,QAT,Carbon dioxide (CO2) emissions excluding LULUCF per capita (t CO2e/capita),EN.GHG.CO2.PC.CE.AR5,38.5792014539672,39.6319250395183,40.3988442629408,40.1832647122558,41.0564230497398,40.7915228697808,43.0672622344377,50.6761126248865,51.7461329107383,53.1136326530612,49.228436453955,47.8361175646274,50.899248458602,51.3894521419881,53.2356090269121,52.7728105373343,50.3539669274519,46.455926096004,43.3493256189127,39.761253475194,44.6608553022206,51.1964528936871,53.5983878665009,53.2932135130707,51.476266936835,48.6587018357839,46.0429944051806,44.8204114980635,44.5201636433666,44.5962472576011,41.2614865067992,47.0939075655413,44.6800607977999,48.157514668498,..
Qatar,QAT,Renewable energy consumption (% of total final energy consumption),EG.FEC.RNEW.ZS,0.2,0.2,0.1,0,0,0.1,0.1,0.1,0.1,0.1,0.1,0.1,0.1,0,0,0,0.1,0.1,0.1,0.1,0.1,0.1,0,0,0,0,0.1,0.1,0,0.1,0,0,..,..,..
Qatar,QAT,"Government expenditure on education, total (% of GDP)",SE.XPD.TOTL.GD.ZS,..,..,..,..,..,..,..,..,3.57767009735107,4.34530019760132,3.72598004341125,3.20019006729126,3.84656000137329,3.37393999099731,3.46258997917175,3.97187995910645,..,..,4.22755002975464,3.41315007209778,4.53965997695923,4.01223993301392,3.50744009017944,4.07384014129639,3.60535001754761,..,..,2.96745991706848,..,2.80378007888794,3.2336699962616,..,..,..,..
Qatar,QAT,Current health expenditure per capita (current US$),SH.XPD.CHEX.PC.CD,..,..,..,..,..,..,..,..,..,..,553.08605957,598.73602295,668.85986328,1115.45336914,1261.61999512,1386.015625,1378.9296875,1301.49682617,1292.60046387,1325.43005371,1309.79272461,1482.28308105,1712.67089844,2029.8659668,2252.4140625,2422.64453125,2072.06103516,1911.95361328,1966.55712891,2007.51525879,1967.15197754,1847.00231934,1781.56030273,..,..
Qatar,QAT,Individuals using the Internet (% of population),IT.NET.USER.ZS,0,..,..,..,..,0.19,0.93,3.08,3.52,4.07,4.86,6.17,10.2,19.2,20.7,24.7,29,37,44.3,53.1,69,69,69.3,85.3,91.5,92.9,95.1,97.4,99.7,99.7,99.7,99.7,99.7,99.7,..
Qatar,QAT,"GNI, PPP (constant 2021 international $)",NY.GNP.MKTP.PP.KD,..,..,..,..,..,..,..,..,..,..,..,..,..,..,..,..,..,..,..,..,..,..,..,..,..,..,..,..,..,..,..,288156263217.733,..,..,..
Romania,ROU,GDP per capita (constant 2015 US$),NY.GDP.PCAP.KD,5019.43702748333,4409.1517208357,4059.09860455382,4126.76859277572,4295.27065788629,4572.25803354276,4764.63682106299,4546.66753054721,4463.60791806212,4453.78126046181,4569.30914768462,4875.30310600635,5248.54994632668,5410.30835796252,6008.64048461485,6328.09022324183,6876.77841417966,7483.97375820611,8318.00342795388,7924.87058070212,7660.70667630517,8044.57194920892,8234.28553425194,8287.95844089676,8661.47397274241,8977.01748158196,9286.87678236598,10106.2269557253,10788.015091463,11270.4758020159,10916.3126056493,11607.9771173075,12114.8715109948,12399.0008278388,..
Romania,ROU,Gini index,SI.POV.GINI,..,..,..,..,..,..,..,..,..,..,..,..,..,..,..,..,39.6,37.5,36.4,35.6,35.5,35.9,36.5,36.9,36,35.9,34.4,36,35.8,34.8,34.6,33.9,..,..,..
Romania,ROU,"Unemployment, total (% of total labor force) (modeled ILO estimate)",SL.UEM.TOTL.ZS,..,8.218,8.26,8.273,8.17,8.01,6.74,5.515,5.63,6.239,6.969,6.561,8.112,6.95,7.719,7.174,7.27,6.413,5.787,6.859,6.959,7.177,6.794,7.096,6.802,6.812,5.901,4.927,4.187,3.912,5.035,5.59,5.614,5.589,5.379
Romania,ROU,Carbon dioxide (CO2) emissions excluding LULUCF per capita (t CO2e/capita),EN.GHG.CO2.PC.CE.AR5,8.0918944557618,6.60862030624114,6.06984628251539,5.75921396213551,5.63780072257138,5.88062124106264,6.03690595748601,5.51408713797628,4.84228170147486,4.14730482857809,4.34067307755288,4.71728002523047,4.75826230565561,4.99482115918708,4.92140314159946,4.90077597300335,5.22958644431191,5.12768722397979,5.13011691813296,4.20694020818572,4.11602365619853,4.45770319812932,4.36866323146809,3.979224460664,3.96700905656689,4.05192551167725,3.99419011020407,4.17513859382813,4.26157070181375,4.18924089473441,3.92956229480541,4.20495512538686,3.98885959641341,3.71328618164222,..
Romania,ROU,Renewable energy consumption (% of total final energy consumption),EG.FEC.RNEW.ZS,3.4,5,5.6,7.2,7.6,8.6,11.9,15.8,16.3,17.7,16.4,13.4,14.4,15.7,17.3,18.5,17.4,18.2,20.4,22.1,24.1,21.1,21.5,23.1,24.3,23.7,24.4,23.4,23,23.5,24.1,23.6,..,..,..
Romania,ROU,"Government expenditure on education, total (% of GDP)",SE.XPD.TOTL.GD.ZS,..,..,..,..,..,..,3.24121999740601,..,..,..,2.86862993240356,3.26628994941711,3.5041298866272,3.54397010803223,3.31273007392883,3.50039005279541,4.30650997161865,4.14953994750977,4.0971999168396,4.00213003158569,3.41717004776001,2.91375994682312,2.82322001457214,3.06800007820129,3.12508010864258,3.10695004463196,3.02559995651245,3.11820006370544,3.31918001174927,3.56695008277893,3.58926010131836,3.32452988624573,..,..,..
Romania,ROU,Current health expenditure per capita (current US$),SH.XPD.CHEX.PC.CD,..,..,..,..,..,..,..,..,..,..,69.89345551,78.8175354,96.57698822,143.54553223,190.7950592,254.52961731,291.00408936,415.06790161,521.31561279,449.37692261,472.20751953,426.59973145,401.67105103,495.23623657,503.34753418,442.24038696,476.24505615,555.11309814,687.15411377,738.5581665,809.58880615,963.01287842,902.2677002,..,..
Romania,ROU,Individuals using the Internet (% of population),IT.NET.USER.ZS,0,..,..,0.0037,0.0263,0.075,0.222,0.445,2.24,2.7,3.61,4.54,6.58,8.9,15,21.5,24.7,28.3,32.4,36.6,39.9,40,45.9,49.8,54.1,55.8,59.5,63.7,70.7,73.7,78.5,83.6,85.5,89.2,..
Romania,ROU,"GNI, PPP (constant 2021 international $)",NY.GNP.MKTP.PP.KD,378715501537.186,330858934334.898,300861211062.287,304933206578.116,317177499792.727,336310376106.825,348904774295.389,331724776011.605,324037703398.557,322716603872.905,332455473767.779,350024667459.295,368407815319.523,372118166634.615,403116938846.091,427034952593.652,458947448720.157,491708186091.979,543665893297.841,519004674806.403,499338169607.777,521441182675.28,528782841627.301,531329514935.635,559389535760.842,573222135699.343,587612159893.718,635155051949.976,670899903285.848,700429073808.433,673848884190.221,707103472237.855,726478995147.129,746640256143.178,..
Russian Federation,RUS,GDP per capita (constant 2015 US$),NY.GDP.PCAP.KD,7849.51904296875,7432.021484375,6345.912109375,5798.91455078125,5071.74267578125,4862.646484375,4686.86279296875,4760.33935546875,4515.50927734375,4819.38037109375,5323.66650390625,5618.95556640625,5910.171875,6370.45361328125,6856.67822265625,7323.38525390625,7949.89697265625,8640.40625,9093.7001953125,8381.8681640625,8755.1201171875,9120.8203125,9464.0107421875,9601.537109375,9493.8125,9277.7138671875,9269.3193359375,9418.9140625,9674.787109375,9882.0244140625,9632.3251953125,10206.9453125,10030.0390625,10420.5712890625,..
Russian Federation,RUS,Gini index,SI.POV.GINI,..,..,..,..,..,..,..,..,..,..,..,..,..,..,..,..,..,..,..,..,..,..,..,..,36.9,36.5,36.7,35.5,35.3,35.7,33.7,35.1,..,..,..
Russian Federation,RUS,"Unemployment, total (% of total labor force) (modeled ILO estimate)",SL.UEM.TOTL.ZS,..,5.068,5.181,5.883,8.131,9.449,9.665,11.813,13.261,13.036,10.581,8.978,7.875,8.21,7.763,7.124,7.055,6.002,6.205,8.301,7.407,6.571,5.484,5.513,5.212,5.615,5.591,5.238,4.871,4.513,5.62,4.749,3.867,3.076,2.527
Russian Federation,RUS,Carbon dioxide (CO2) emissions excluding LULUCF per capita (t CO2e/capita),EN.GHG.CO2.PC.CE.AR5,16.4646143135832,16.129518821677,14.816594953014,13.5306880508655,12.2036660686932,11.8967510514367,11.6376322809492,10.8497494049993,10.9101106959654,11.2821908583416,11.467802221615,11.5379030712632,11.5292890172695,12.0100552913682,12.0697035821782,12.1188173976967,12.4164803018689,12.4575692716439,12.3601005744854,11.6402461686755,12.2285936689663,12.8134885215129,12.6919361875917,12.2679042667298,12.1337887932022,12.1477371558365,11.9612088255969,12.1351313887513,12.6648259090803,13.1301023639266,12.5911035596177,13.5265713232328,14.0403956038084,14.3889152826402,..
Russian Federation,RUS,Renewable energy consumption (% of total final energy consumption),EG.FEC.RNEW.ZS,3.8,3.8,4,4,3.9,3.9,3.7,3.8,3.6,3.8,3.5,3.6,3.5,3.3,3.5,3.6,3.5,3.7,3.3,3.6,3.3,3.2,3.2,3.6,3.3,3.2,3.4,3.2,3.2,3.2,3.7,3.5,..,..,..
Russian Federation,RUS,"Government expenditure on education, total (% of GDP)",SE.XPD.TOTL.GD.ZS,..,..,..,..,..,..,..,..,..,..,2.93979001045227,3.10601997375488,3.83502006530762,3.67853999137878,3.54786992073059,3.77192997932434,3.86626005172729,..,4.10174989700317,4.47064161300659,3.8476243019104,3.71261262893677,3.79310011863708,3.76382994651794,4.01387977600098,3.83402991294861,3.76044011116028,4.68990993499756,4.67819976806641,3.69561433792114,4.01641845703125,3.99480700492859,4.05402755737305,..,..
Russian Federation,RUS,Current health expenditure per capita (current US$),SH.XPD.CHEX.PC.CD,..,..,..,..,..,..,..,..,..,..,95.20859528,117.87785339,140.05729675,163.31135559,207.61283875,270.1439209,350.84014893,459.60116577,606.77508545,513.91033936,564.30065918,681.04577637,755.48553467,805.52130127,736.32177734,496.9503479,463.29275513,577.06811523,606.11401367,650.47058105,814.94451904,881.75720215,1078.23486328,..,..
Russian Federation,RUS,Individuals using the Internet (% of population),IT.NET.USER.ZS,0,..,0.000673,0.0134,0.0538,0.148,0.27,0.473,0.813,1.02,1.98,2.94,4.13,8.3,12.9,15.2,18,24.7,32,42.6,49,58,66,68,70.5,70.1,73.1,76,80.9,82.6,85,88.2,90.4,92.2,..
Russian Federation,RUS,"GNI, PPP (constant 2021 international $)",NY.GNP.MKTP.PP.KD,..,..,..,..,..,..,..,..,..,..,..,..,..,..,..,..,..,..,..,..,..,..,5176896584410.05,5267770191248.57,5306555045773.87,5201873030108.99,5067061250929.1,5165346210444.65,5323130634188.43,5399771845960.5,5300806320958.93,5598675743004.99,5496322820673.16,5738097340776.13,..
Rwanda,RWA,GDP per capita (constant 2015 US$),NY.GDP.PCAP.KD,368.21957991856,351.728521330576,364.809184619657,322.716798987982,188.658266938085,305.387805791359,291.210822676605,286.805176925216,299.60112137886,310.098111246406,333.355069767411,358.446036782143,400.27039679917,400.191596187801,418.780971680294,446.029782373711,474.364570468705,497.171591741909,538.325339161514,557.397770789373,583.371380762055,614.539612560495,651.852778822614,666.408748050251,690.610352732156,733.998585018273,759.606241725671,771.069190383494,817.57838732716,874.639605475352,826.391257189481,896.267225355832,948.379194381944,1004.21571099829,..
Rwanda,RWA,Gini index,SI.POV.GINI,..,..,..,..,..,..,..,..,..,..,48.5,..,..,..,..,52,..,..,..,..,47.2,..,..,45.1,..,..,43.7,..,..,..,..,..,..,..,..
Rwanda,RWA,"Unemployment, total (% of total labor force) (modeled ILO estimate)",SL.UEM.TOTL.ZS,..,12.31,12.12,12.154,12.222,11.972,11.586,11.217,11.352,11.627,11.731,11.76,11.499,11.696,11.731,11.854,11.632,11.626,11.57,11.663,11.673,11.775,11.701,11.785,11.844,11.838,11.801,11.875,10.759,11.236,11.829,15.775,15.084,12.352,11.994
Rwanda,RWA,Carbon dioxide (CO2) emissions excluding LULUCF per capita (t CO2e/capita),EN.GHG.CO2.PC.CE.AR5,0.0749528121337864,0.0661089740540877,0.0649463392260531,0.062722932035205,0.0705646586042655,0.0828675046941216,0.0702961081951907,0.0621257529427208,0.0614971068519037,0.0630222810457452,0.0828348813740948,0.0839256800996827,0.097426483718206,0.0824863527185385,0.0778623280620594,0.0819148165426182,0.0800387472274634,0.0709219635362887,0.0690923515052474,0.0691024003740595,0.0707725950135657,0.0720275422123861,0.0781355249692495,0.0848346845945405,0.0842076957738736,0.0948881368093634,0.101382787729662,0.107301553999898,0.11667204249585,0.118001553368817,0.110838670343125,0.125890473116959,0.118833523917243,0.117955026743758,..
Rwanda,RWA,Renewable energy consumption (% of total final energy consumption),EG.FEC.RNEW.ZS,80.1,81.8,81.6,81.3,78.5,88.4,89.2,91.1,90.8,90.8,86.8,86.9,87.1,87.3,87.6,89.2,90.6,90.3,90.6,90.5,90.5,89.7,88.8,88.5,88,86.3,85.5,84.5,82.8,81.8,81.7,79.4,79.9,..,..
Rwanda,RWA,"Government expenditure on education, total (% of GDP)",SE.XPD.TOTL.GD.ZS,..,..,..,..,..,..,..,..,..,3.857990026474,3.43418002128601,4.82501983642578,..,..,..,..,..,3.98502993583679,3.50216007232666,..,4.63126993179321,4.38346004486084,4.42103004455566,4.7421498298645,4.19644021987915,3.64711999893188,3.43483996391296,3.1247398853302,3.07375001907349,3.23868060112,3.33394289016724,5.58984994888306,4.74623012542725,4.92004013061523,..
Rwanda,RWA,Current health expenditure per capita (current US$),SH.XPD.CHEX.PC.CD,..,..,..,..,..,..,..,..,..,..,9.00399399,7.86746025,7.32393837,17.25927353,20.23413277,25.02086639,27.15680885,33.50766754,39.94607162,43.99682617,47.96915817,51.64990616,57.26454163,47.7545433,50.63998795,48.81341934,50.77831268,48.27599335,51.35319138,50.75216675,58.29339218,60.46223831,76.83828735,..,..
Rwanda,RWA,Individuals using the Internet (% of population),IT.NET.USER.ZS,0,..,..,..,..,..,0.000883,0.00163,0.0118,0.0672,0.0628,0.241,0.293,0.357,0.431,0.556,..,2.12,4.5,7.7,8,7,8.02,9,10.6,12.5,14.6,17.2,19.2,21.4,23.8,24.4,31.2,34.2,..
Rwanda,RWA,"GNI, PPP (constant 2021 international $)",NY.GNP.MKTP.PP.KD,8242873869.17963,8025330729.82555,8502822097.01062,7795849366.33937,3886732673.91872,5295976736.94076,5902154948.81283,6723324197.00697,7314737760.79877,7656378671.31529,8278372946.22639,8946708615.94588,10144964035.1984,10324930718.8653,11094237242.9223,12191420544.9879,13316812919.4236,14399765170.283,15966483027.9498,16973311323.833,18185979294.8038,19631783195.0608,21222372743.0847,22147694034.1616,23366421620.9858,25531608588.3183,26827056124.5538,27753902157.2403,29990624542.8602,32908011400.6085,32138151328.3873,35729413817.2806,38632067469.5591,41868780713.8451,..
Samoa,WSM,GDP per capita (constant 2015 US$),NY.GDP.PCAP.KD,2534.12204893501,2471.07143007975,2452.18685335209,2531.28193070432,2447.20260205264,2589.40524057852,2751.65426684601,2746.33660844689,2785.31171323751,2824.55330392791,2945.37217923198,3137.46403765812,3291.3424477268,3444.99857743289,3535.73813824914,3755.78242822467,3820.92239453139,3818.25503804332,3925.8743329936,3875.94291686166,4081.15535978003,4201.45663738908,4007.91092846814,3976.39289268132,3967.23730470679,4084.36083819933,4373.23792440391,4393.37316255965,4321.00518344962,4466.08075482035,4283.07280337978,3945.71948874755,3710.62462714769,4003.07590158729,..
Samoa,WSM,Gini index,SI.POV.GINI,..,..,..,..,..,..,..,..,..,..,..,..,40.7,..,..,..,..,..,42,..,..,..,..,38.7,..,..,..,..,..,..,..,..,..,..,..
Samoa,WSM,"Unemployment, total (% of total labor force) (modeled ILO estimate)",SL.UEM.TOTL.ZS,..,2.1,2.44,2.69,3,3.245,3.516,3.78,4.128,4.49,4.734,4.96,4.975,5.037,5.162,5.212,5.321,5.426,5.539,5.647,5.621,5.68,8.752,8.773,8.72,8.9,9.062,9.4,8.639,7.838,7.435,6.612,5.048,4.977,4.551
Samoa,WSM,Carbon dioxide (CO2) emissions excluding LULUCF per capita (t CO2e/capita),EN.GHG.CO2.PC.CE.AR5,0.731179233563257,0.756931651787823,0.735626515431718,0.831324880366062,0.847198239768074,0.763013329819959,0.765032288111046,0.781201597323525,0.798188982979794,0.791568437109971,1.03695957288714,1.11156000567791,1.14001658797318,1.15515288788222,1.13074432614403,1.16484292269679,1.16510130041714,1.2614369043141,1.28401373963084,1.29599557210215,1.36304999922289,1.37484400117095,1.36439047725677,1.40567312929974,1.43173512900113,1.62898573708259,1.74005769070118,1.75887836818149,1.72654661772215,1.91915339879874,1.93069867512173,2.00721305647421,2.10395752133457,2.16188273955405,..
Samoa,WSM,Renewable energy consumption (% of total final energy consumption),EG.FEC.RNEW.ZS,64,61.8,60.6,59.2,60,58.6,58.2,59.1,58,57.9,59.7,52.4,49.6,52.4,48.8,48.9,46,43.2,45,43.2,41.9,40.6,40.2,42.6,41.4,37.1,36.8,35.8,36.6,34.2,35.6,36,35.9,..,..
Samoa,WSM,"Government expenditure on education, total (% of GDP)",SE.XPD.TOTL.GD.ZS,..,..,..,..,..,..,..,..,..,4.0162501335144,3.63095998764038,3.97652006149292,3.93932008743286,..,..,..,..,..,5.11659002304077,..,..,4.9480414390564,4.89170742034912,4.61486053466797,5.21744775772095,4.61519002914429,4.34968376159668,3.96231913566589,4.26097393035889,4.39581727981567,4.48100519180298,5.2044882774353,4.88079118728638,6.1134729385376,..
Samoa,WSM,Current health expenditure per capita (current US$),SH.XPD.CHEX.PC.CD,..,..,..,..,..,..,..,..,..,..,60.4606514,56.09679031,72.41275024,81.95996094,104.42662811,121.24176788,133.41867065,147.84771729,156.89399719,172.45288086,185.43850708,211.88684082,197.01564026,247.41108704,248.20323181,240.28297424,238.34661865,220.82498169,200.42073059,242.9050293,256.74545288,270.41333008,236.22660828,..,..
Samoa,WSM,Individuals using the Internet (% of population),IT.NET.USER.ZS,0,..,..,..,..,..,..,0.175,0.23,0.285,0.566,1.69,2.24,2.8,3.08,3.35,4.47,4.75,5.03,6,7,11,12.9,15.3,21.2,25.4,31.7,39.4,43.1,47.2,51.7,56.6,57.3,58.1,..
Samoa,WSM,"GNI, PPP (constant 2021 international $)",NY.GNP.MKTP.PP.KD,..,..,..,..,..,..,..,..,..,..,..,..,..,..,..,..,..,..,..,1113040082.6453,1199350436.67507,1243903937.1558,1199643188.29064,1188195937.55686,1204317724.28756,1272647846.69161,1370107304.20435,1378953232.40306,1364689134.39438,1415376573.62066,1378561902.55276,1305349419.80671,1227460024.88867,1347845410.34968,..
San Marino,SMR,GDP per capita (constant 2015 US$),NY.GDP.PCAP.KD,..,..,..,..,..,..,..,48409.5476837524,51376.4362163713,55318.4458342113,55806.9219720449,58173.2936031775,57615.4100635074,59090.2331058555,58393.2236678918,59049.5774485922,60604.3508911242,62776.9461598748,61572.7435735639,52873.2681862909,49672.6977770842,46450.0251706982,42082.5554467713,42293.4870685544,42492.8509160139,43146.8240435428,43886.2146896896,43057.7784775102,42818.6962696679,43525.4225717352,40506.8521137898,46834.1395065822,51277.3460993917,..,..
San Marino,SMR,Gini index,SI.POV.GINI,..,..,..,..,..,..,..,..,..,..,..,..,..,..,..,..,..,..,..,..,..,..,..,..,..,..,..,..,..,..,..,..,..,..,..
San Marino,SMR,"Unemployment, total (% of total labor force) (modeled ILO estimate)",SL.UEM.TOTL.ZS,..,..,..,..,..,..,..,..,..,..,..,..,..,..,..,..,..,..,..,..,..,..,..,..,..,..,..,..,..,..,..,..,..,..,..
San Marino,SMR,Carbon dioxide (CO2) emissions excluding LULUCF per capita (t CO2e/capita),EN.GHG.CO2.PC.CE.AR5,..,..,..,..,..,..,..,..,..,..,..,..,..,..,..,..,..,..,..,..,..,..,..,..,..,..,..,..,..,..,..,..,..,..,..
San Marino,SMR,Renewable energy consumption (% of total final energy consumption),EG.FEC.RNEW.ZS,..,..,..,..,..,..,..,..,..,..,..,..,..,..,..,..,..,..,..,..,..,..,..,..,..,..,..,..,..,..,..,..,..,..,..
San Marino,SMR,"Government expenditure on education, total (% of GDP)",SE.XPD.TOTL.GD.ZS,..,..,..,..,..,..,..,..,..,..,..,..,3.30499792098999,3.13275384902954,2.79383993148804,..,..,..,..,..,2.62883996963501,2.70296001434326,..,3.26723527908325,3.19357633590698,3.11914277076721,3.3372015953064,3.36997008323669,3.55516004562378,3.37969994544983,3.4246199131012,3.10892009735107,3.43181848526001,..,..
San Marino,SMR,Current health expenditure per capita (current US$),SH.XPD.CHEX.PC.CD,..,..,..,..,..,..,..,..,..,..,2176.20825195,2202.07763672,2253.21850586,2506.68334961,2958.87963867,3055.63232422,3242.24291992,3804.50634766,4378.24853516,4242.50341797,3813.88354492,4550.35058594,4310.10009766,4113.46679688,4120.02685547,3530.04614258,3621.23266602,3672.30322266,3969.36474609,3801.21044922,3758.609375,4033.1027832,3874.98535156,..,..
San Marino,SMR,Individuals using the Internet (% of population),IT.NET.USER.ZS,0,..,..,..,..,1.36,1.43,1.42,1.41,42.8,48.8,50.3,50.8,50,50.6,50.3,50.2,50.4,54.5,54.2,..,49.6,..,..,..,..,..,60.2,..,67.9,78,81.7,85.1,87,..
San Marino,SMR,"GNI, PPP (constant 2021 international $)",NY.GNP.MKTP.PP.KD,..,..,..,..,..,..,..,..,..,..,..,..,..,..,..,..,..,..,..,..,..,..,..,..,..,..,..,1865385443.2191,1861843008.16842,1910237015.25797,1758001372.05423,1998662749.70766,2185285146.11526,..,..
Sao Tome and Principe,STP,GDP per capita (constant 2015 US$),NY.GDP.PCAP.KD,967.490807502814,957.946483063679,946.482495103288,939.606669438019,943.891404294867,947.331538535199,947.030151309961,942.971185295678,953.9855008639,966.2268289095,959.938180991352,973.424252100436,982.32906557627,1036.86196260207,1047.05796134884,1089.14778798762,1157.0861446542,1170.51612474435,1214.14114724792,1225.60541902997,1216.3502521663,1214.96130276731,1225.6945255615,1263.70423995281,1301.32146445028,1298.10946596396,1342.533807689,1375.59403284199,1413.84348618541,1420.66008316091,1430.84119299096,1428.28676097975,1403.23356704678,1380.60169416257,..
Sao Tome and Principe,STP,Gini index,SI.POV.GINI,..,..,..,..,..,..,..,..,..,..,32.1,..,..,..,..,..,..,..,..,..,30.8,..,..,..,..,..,..,40.7,..,..,..,..,..,..,..
Sao Tome and Principe,STP,"Unemployment, total (% of total labor force) (modeled ILO estimate)",SL.UEM.TOTL.ZS,..,14.513,14.662,14.476,14.424,14.356,14.342,14.421,14.402,14.356,14.4,15.73,17.63,16.36,16.12,16.47,16.65,16.024,15.426,15.134,14.626,14.224,13.59,12.48,11.435,10.594,9.686,8.808,8.714,8.831,9.686,9.6,8.992,9.071,9.17
Sao Tome and Principe,STP,Carbon dioxide (CO2) emissions excluding LULUCF per capita (t CO2e/capita),EN.GHG.CO2.PC.CE.AR5,0.313059033989267,0.406533171038291,0.33877136835532,0.324219917680333,0.387999879456348,0.392156862745098,0.400841109212774,0.39518578770821,0.397865734524089,0.405077154210135,0.382591065005763,0.378479931682323,0.426888648764024,0.470698375960576,0.523762721537047,0.553084342268883,0.580180876368949,0.575132586918091,0.604742423457792,0.646039144686904,0.683160801311317,0.691627749139505,0.710518953330624,0.699981361443038,0.670844196435378,0.69648661197957,0.711869565857754,0.705416243900082,0.686055750355636,0.78212866461723,0.807137765309173,0.80419533161231,0.905415258169285,0.92735770192012,..
Sao Tome and Principe,STP,Renewable energy consumption (% of total final energy consumption),EG.FEC.RNEW.ZS,50.9,50.9,54.2,54.5,53.4,53.9,55.6,56.1,55.1,56.7,54.7,55.5,55.3,51.8,48.9,47.9,47.3,47.7,46,45.4,38.2,42.4,40.1,42.8,38.4,39.2,38.1,39.2,40.6,38.6,41.6,40.8,42.5,..,..
Sao Tome and Principe,STP,"Government expenditure on education, total (% of GDP)",SE.XPD.TOTL.GD.ZS,..,..,..,..,..,..,..,..,..,..,..,..,2.72058010101318,3.24692988395691,3.23470997810364,4.85645008087158,4.27118015289307,6.28682994842529,5.5544900894165,9.99429035186768,9.9882698059082,..,6.92846012115479,6.68509006500244,4.43216991424561,4.69794988632202,6.11515998840332,5.87489986419678,5.62454986572266,5.89931058883667,5.0152382850647,5.51617622375488,5.15598058700562,..,..
Sao Tome and Principe,STP,Current health expenditure per capita (current US$),SH.XPD.CHEX.PC.CD,..,..,..,..,..,..,..,..,..,..,49.63587952,47.14751816,50.61143494,71.20994568,71.05591583,80.13071442,57.2040329,59.71631241,64.58831787,64.90551758,60.94829941,69.45979309,86.29039001,124.59179688,118.70980835,85.37828827,109.73142242,117.07767487,108.87628937,106.86884308,159.84396362,187.06524658,180.3336792,..,..
Sao Tome and Principe,STP,Individuals using the Internet (% of population),IT.NET.USER.ZS,0,..,..,..,..,..,..,..,0.296,0.363,4.64,6.31,7.58,10.2,13.3,13.8,14.2,14.6,15.5,16.4,18.8,20.2,21.6,23,24.4,25.8,28,32.6,38,44.3,51.6,61.5,61.6,61.5,..
Sao Tome and Principe,STP,"GNI, PPP (constant 2021 international $)",NY.GNP.MKTP.PP.KD,..,..,..,..,..,..,..,..,..,..,..,..,..,..,..,..,..,..,..,..,..,..,..,..,..,..,..,..,..,..,..,1279059021.87556,..,..,..
Saudi Arabia,SAU,GDP per capita (constant 2015 US$),NY.GDP.PCAP.KD,25470.2738583136,26279.7272309324,26246.6642117063,25205.0461527272,24379.1807555485,23462.9068748862,23288.8661714378,23000.8405788344,22778.5751742478,21829.8543190947,21862.716081319,20826.2090357035,19678.7591105989,20406.4507586687,21172.8992556898,21460.1352100343,21242.1265778774,20829.8389773483,21255.3966323385,20221.3196152235,21452.2279704984,22754.1058113664,22997.746224663,22338.5338759623,22628.601848725,22453.571552265,22035.8042885977,22219.9383333817,23523.9456479821,23886.9767401289,21944.785821998,23633.8601193936,24304.9858794751,23331.7694701019,..
Saudi Arabia,SAU,Gini index,SI.POV.GINI,..,..,..,..,..,..,..,..,..,..,..,..,..,..,..,..,..,..,..,..,..,..,..,..,..,..,..,..,..,..,..,..,..,..,..
Saudi Arabia,SAU,"Unemployment, total (% of total labor force) (modeled ILO estimate)",SL.UEM.TOTL.ZS,..,7.294,7.2,7.078,6.889,6.45,5.852,5.327,4.771,4.346,4.57,4.618,5.265,5.563,5.822,6.051,6.254,5.734,5.085,5.377,5.55,5.77,5.622,5.6,5.877,5.6,5.6,5.89,6.029,5.636,7.66,6.621,5.589,4.008,3.896
Saudi Arabia,SAU,Carbon dioxide (CO2) emissions excluding LULUCF per capita (t CO2e/capita),EN.GHG.CO2.PC.CE.AR5,16.3430457664826,15.9151038676275,16.341002351738,16.4613107122526,17.1577579364457,16.3409132723492,16.6668462149074,16.2236469389826,16.7200580880079,16.4369872819257,16.3951945768384,16.1833680654233,16.3989211045112,16.4117221446351,16.6255132316665,16.8473420820831,17.090103873668,17.3403823524823,18.0561070465977,18.3343522869721,20.3045212986124,20.2938027688414,20.6098729325667,19.808511467056,20.6971369416657,20.5068643137185,19.6904180815798,19.4761786472731,19.2088423074351,19.3095124139168,18.0934036626563,18.9871695658152,18.8112940565697,18.7261944429781,..
Saudi Arabia,SAU,Renewable energy consumption (% of total final energy consumption),EG.FEC.RNEW.ZS,0,0,0,0,0,0,0,0,0,0,0,0,0,0,0,0,0,0,0,0,0,0,0,0,0,0,0,0,0,0,0.1,0.1,..,..,..
Saudi Arabia,SAU,"Government expenditure on education, total (% of GDP)",SE.XPD.TOTL.GD.ZS,..,5.77946996688843,5.14463996887207,5.99928998947144,6.34382009506226,5.69247007369995,4.94373989105225,4.37706995010376,8.28131008148193,7.07226991653442,5.90982007980347,7.71887016296387,7.63688993453979,7.10509014129639,6.27747011184692,5.43092012405396,5.89117002487183,..,5.13781023025513,..,..,..,..,..,..,..,..,..,..,..,..,..,..,5.11466979980469,..
Saudi Arabia,SAU,Current health expenditure per capita (current US$),SH.XPD.CHEX.PC.CD,..,..,..,..,..,..,..,..,..,..,493.36984253,482.10446167,449.84130859,457.08770752,471.45797729,545.73571777,634.81872559,662.00793457,663.14331055,760.19476318,765.91680908,954.38873291,1093.15588379,1189.67932129,1363.59155273,1309.27148438,1353.21813965,1400.90356445,1488.9753418,1504.55249023,1574.70068359,1654.74353027,1593.37145996,..,..
Saudi Arabia,SAU,Individuals using the Internet (% of population),IT.NET.USER.ZS,0,..,..,..,..,0.011,0.0267,0.0521,0.101,0.494,2.21,4.68,6.38,8,10.2,12.7,19.5,30,36,38,41,47.5,54,60.5,64.7,69.6,74.9,94.2,93.3,95.7,97.9,100,100,100,..
Saudi Arabia,SAU,"GNI, PPP (constant 2021 international $)",NY.GNP.MKTP.PP.KD,..,..,..,..,..,..,..,..,..,..,..,..,..,..,..,..,..,..,..,..,..,..,..,..,..,..,..,..,..,..,..,1742116683970.11,..,..,..
Senegal,SEN,GDP per capita (constant 2015 US$),NY.GDP.PCAP.KD,990.777522619822,988.63221583773,974.054860027128,960.506561720788,934.692068072302,960.84709282163,956.588791201654,962.736689457399,995.979085689636,1033.76396461633,1048.37474052363,1067.36886550595,1042.25509944289,1074.38578467686,1098.20064546027,1119.0505307548,1118.7830430051,1123.99862153285,1138.66883930214,1142.65317233964,1153.53431121583,1139.74447892639,1154.05677992367,1147.3859217191,1180.7987108505,1218.00613555438,1257.40906915928,1312.10932776049,1355.09610863712,1379.60875249861,1361.79143748646,1414.5395109385,1432.86013001798,1463.19101905166,..
Senegal,SEN,Gini index,SI.POV.GINI,..,54,..,..,39.2,..,..,..,..,..,..,41.2,..,..,..,39.2,..,..,..,..,..,40.3,..,..,..,..,..,..,38.3,..,..,36.2,..,..,..
Senegal,SEN,"Unemployment, total (% of total labor force) (modeled ILO estimate)",SL.UEM.TOTL.ZS,..,2.867,2.926,2.881,2.941,2.853,2.84,2.776,2.769,2.684,2.668,2.7,2.828,2.794,2.788,2.703,2.77,2.808,2.822,2.814,2.803,2.853,3.888,4.986,5.841,6.757,4.455,4.078,3.455,2.863,3.437,3.44,2.837,2.8,2.992
Senegal,SEN,Carbon dioxide (CO2) emissions excluding LULUCF per capita (t CO2e/capita),EN.GHG.CO2.PC.CE.AR5,0.306300492855212,0.29937990088234,0.319940453418328,0.303967658088908,0.302223611613902,0.311298435675633,0.327682299817779,0.352076453964805,0.385932708067977,0.415861370088873,0.400250394752946,0.441890299582628,0.447353742241464,0.423778137771453,0.471641727947474,0.511620695596945,0.488187313947173,0.528353291968357,0.534784789291755,0.534326995768716,0.552209888192812,0.577070718287212,0.553187541109478,0.571817252162867,0.592286573400898,0.631630982672839,0.684837248888741,0.65930201495289,0.674554736190862,0.674399351993485,0.644121683087224,0.709801660973283,0.700103557267781,0.665128001419217,..
Senegal,SEN,Renewable energy consumption (% of total final energy consumption),EG.FEC.RNEW.ZS,55.5,55.3,53.7,55.1,54.8,53.2,52.5,50.7,48,45.9,47.5,45.8,43.8,43.7,39.9,40.3,43.4,40,39.8,51.3,49.5,48,49.6,42.7,42.5,39.1,36.7,36.8,34.2,36.2,38.7,35.4,..,..,..
Senegal,SEN,"Government expenditure on education, total (% of GDP)",SE.XPD.TOTL.GD.ZS,..,..,..,..,..,..,..,..,2.47457003593445,2.45981001853943,2.46335005760193,2.47150993347168,2.59441995620728,2.75125002861023,3.07778000831604,4.06443023681641,3.82137989997864,..,4.02568006515503,4.92073011398315,0.544770002365112,4.90302991867065,4.77698993682861,5.68656015396118,5.72907018661499,5.45637989044189,5.11309003829956,4.74007987976074,5.11019992828369,5.03527021408081,5.6869797706604,5.61201000213623,5.98753976821899,..,..
Senegal,SEN,Current health expenditure per capita (current US$),SH.XPD.CHEX.PC.CD,..,..,..,..,..,..,..,..,..,..,21.41570663,23.45893669,26.46221161,35.14493942,41.94406128,36.00606155,38.28113556,40.60185623,49.05390167,50.27443314,51.38805008,57.93114853,56.61458969,60.51578903,61.40605545,53.32304382,53.90053558,56.49185944,64.37467957,64.33670807,75.16521454,71.12162781,63.73388672,..,..
Senegal,SEN,Individuals using the Internet (% of population),IT.NET.USER.ZS,0,..,..,..,..,0.000693,0.0112,0.0273,0.0799,0.311,0.404,0.984,1.01,2.1,4.39,4.79,5.61,6.89,7.12,7.5,8,9.8,10.8,13.1,17.7,21.7,25.7,29.6,35.3,43.4,53.3,57.3,59.2,60.6,..
Senegal,SEN,"GNI, PPP (constant 2021 international $)",NY.GNP.MKTP.PP.KD,22040239168.536,22615759179.6439,23124996618.6132,23239972533.0743,23238638332.4502,24563875786.7825,25368619493.8591,26109118141.1342,27739207963.8325,29312798940.664,30437211158.9692,31824966237.3976,31777158809.1857,33667870628.3981,35301832020.6277,36846548010.2864,37802458526.5774,38875531529.9739,40413980456.8694,41207892522.1381,42655855561.5755,42956652253.3884,44637332022.0957,45689069027.8274,48385304494.5095,51106451049.0448,54313537581.1975,58224548443.5473,61989017878.9419,64839172171.2412,66352943258.2096,70041413822.1293,72249513619.1375,75438461533.3753,..
Serbia,SRB,GDP per capita (constant 2015 US$),NY.GDP.PCAP.KD,..,..,..,..,..,3012.49818951388,3200.76826306115,3497.55046734497,3699.40387054927,3329.45173036535,3542.35373929055,3788.9822937535,4038.65254639261,4233.77646622459,4527.43497714122,4809.13847725945,5016.41284072937,5431.27888961402,5735.94771592691,5578.01198011964,5690.7032693018,5737.00119892159,5739.30750190714,5793.33614236087,5716.5404784933,5820.3215576888,6024.95753018527,6200.26060347164,6524.0796846826,6870.75746352687,6850.96677811138,7465.67530944906,7857.40327149497,8210.55401378745,..
Serbia,SRB,Gini index,SI.POV.GINI,..,..,..,..,..,..,..,..,..,..,..,..,..,..,..,..,..,..,..,..,..,..,39.9,39.4,40.4,40.5,38.8,36.1,35,34.5,35,33.1,..,..,..
Serbia,SRB,"Unemployment, total (% of total labor force) (modeled ILO estimate)",SL.UEM.TOTL.ZS,..,13.339,13.372,13.395,13.374,13.4,13.2,13.8,13.7,13.7,12.6,12.8,13.8,15.2,18.5,20.85,20.85,18.06,13.67,16.116,19.204,22.959,24,22.154,19.223,17.66,15.257,13.477,12.733,10.395,9.011,9.843,8.439,8.268,7.39
Serbia,SRB,Carbon dioxide (CO2) emissions excluding LULUCF per capita (t CO2e/capita),EN.GHG.CO2.PC.CE.AR5,..,..,..,..,..,..,..,..,..,..,..,..,..,..,..,..,..,..,..,..,..,..,..,..,..,..,..,..,..,..,..,..,..,..,..
Serbia,SRB,Renewable energy consumption (% of total final energy consumption),EG.FEC.RNEW.ZS,14.5,17.2,17.8,19.2,20.9,23.3,18,15.2,15.5,22.1,22.1,19.6,18,15.7,14.6,16.1,15.3,14,15.5,20.7,20.5,17.4,19.5,20,23.2,21.2,20.9,20,21,21.4,26,27.2,..,..,..
Serbia,SRB,"Government expenditure on education, total (% of GDP)",SE.XPD.TOTL.GD.ZS,..,..,..,..,..,..,..,..,..,..,..,..,..,..,..,..,..,4.20983982086182,4.28094434738159,4.48398017883301,3.90093231201172,4.2383599281311,3.84768438339233,..,..,..,3.63470005989075,3.71016001701355,3.58231997489929,3.61647009849548,..,3.29867005348206,3.23938989639282,..,..
Serbia,SRB,Current health expenditure per capita (current US$),SH.XPD.CHEX.PC.CD,..,..,..,..,..,..,..,..,..,..,56.47927475,112.19810486,173.26341248,230.08865356,274.45532227,307.54705811,371.506073,547.22723389,671.88702393,575.262146,545.33380127,618.89422607,559.90545654,627.53308105,608.85858154,491.25177002,486.42944336,515.84588623,617.08679199,641.02966309,670.19439697,919.16790771,903.11828613,..,..
Serbia,SRB,Individuals using the Internet (% of population),IT.NET.USER.ZS,..,..,..,..,..,..,..,..,..,..,..,..,..,..,23.5,26.3,27.2,33.2,35.6,38.1,40.9,42.2,48.1,53.5,62.1,65.3,67.1,70.3,73.4,77.4,78.4,81.2,83.5,85.4,..
Serbia,SRB,"GNI, PPP (constant 2021 international $)",NY.GNP.MKTP.PP.KD,..,..,..,..,..,..,..,83405573155.3727,87818596773.7558,78765125909.6515,83474004812.6203,89171137656.868,94622939678.9508,98759805760.7008,105146071407.873,111020274573.279,115194639248.488,122080894640.099,128822070089.019,126264174038.197,127601417706.931,125515188029.988,125716496356.573,125436399027.526,123265485171.371,123782023517.466,126334683754.495,128114058025.43,135963687789.262,142010580257,143882187958.201,154081547997.482,156572549872.165,161582595862.593,..
Seychelles,SYC,GDP per capita (constant 2015 US$),NY.GDP.PCAP.KD,8779.85231337378,8902.83798776266,9497.7554107084,9981.2446035158,9481.8805265777,9388.81967720743,10177.0904671696,11284.8459766598,11339.3481297046,11326.9386083063,11703.7535246117,11427.9413083015,11218.2606464315,10677.9692081272,10412.0868936027,11297.3118190493,12105.4475265558,13112.8210098816,12473.2921769121,12116.3783687977,12313.5566919249,13843.7116081878,14135.0010570653,14050.3135581314,14395.6158118771,15333.1051727105,16962.6753972731,17921.5731976918,18628.1862276696,19481.6461053742,17048.361729788,17005.0422063679,16188.7813275605,16715.2650923889,..
Seychelles,SYC,Gini index,SI.POV.GINI,..,..,..,..,..,..,..,..,..,..,..,..,..,..,..,..,..,..,..,..,..,..,..,46.8,..,..,..,..,32.1,..,..,..,..,..,..
Seychelles,SYC,"Unemployment, total (% of total labor force) (modeled ILO estimate)",SL.UEM.TOTL.ZS,..,..,..,..,..,..,..,..,..,..,..,..,..,..,..,..,..,..,..,..,..,..,..,..,..,..,..,..,..,..,..,..,..,..,..
Seychelles,SYC,Carbon dioxide (CO2) emissions excluding LULUCF per capita (t CO2e/capita),EN.GHG.CO2.PC.CE.AR5,3.8183204569324,5.35498800380471,4.49246074926162,4.41919366669896,4.28677312849538,4.49511314140019,4.5958360050774,4.82158331069983,4.81825330390889,4.86506653401318,9.37865920548249,10.2571365237309,9.00708288045101,9.16635459827738,12.8632919066384,11.6500518960149,12.5283687943262,10.1795773405619,10.638713832283,11.7127540149832,10.2573242731425,9.01750894889125,10.1797220932471,9.03623164237512,10.1653914775775,10.4721737548036,11.5075467114505,11.7744644887994,10.3832082842438,10.9562099871959,11.4267433121407,11.5315642064116,10.0310315487412,10.330374959298,..
Seychelles,SYC,Renewable energy consumption (% of total final energy consumption),EG.FEC.RNEW.ZS,4.2,3.5,3.3,3.1,2.8,3,2.3,2.1,1.9,1.8,1.5,1.3,1.1,1.1,1,0.9,0.9,1,0.9,0.8,0.7,0.8,0.8,1.5,1.4,1.4,1.2,1.2,1.2,1.2,1.3,1.7,1.9,..,..
Seychelles,SYC,"Government expenditure on education, total (% of GDP)",SE.XPD.TOTL.GD.ZS,..,..,..,..,8.47928047180176,7.24050998687744,7.31149005889893,..,5.63179016113281,4.94468021392822,3.97916483879089,..,4.88109016418457,5.05177021026611,..,..,4.48331022262573,4.06658267974854,..,..,3.54826331138611,3.62995004653931,2.54216003417969,3.61840009689331,3.95247006416321,4.91460990905762,4.0213098526001,4.23536539077759,4.35177803039551,4.05055141448975,4.89120054244995,5.62358999252319,4.74013519287109,..,..
Seychelles,SYC,Current health expenditure per capita (current US$),SH.XPD.CHEX.PC.CD,..,..,..,..,..,..,..,..,..,..,340.23703003,390.20773315,382.27920532,446.6859436,511.96136475,537.44683838,581.25598145,508.96060181,478.90612793,401.24008179,546.56799316,560.39526367,666.49902344,646.56634521,631.42675781,575.63037109,673.19622803,667.09515381,708.699646,692.09197998,693.1987915,629.11602783,694.75085449,..,..
Seychelles,SYC,Individuals using the Internet (% of population),IT.NET.USER.ZS,0,..,..,..,..,..,0.651,1.28,2.53,6.23,7.4,11,14.3,14.6,24.3,25.4,35,38.4,40.4,..,41,43.2,47.1,50.4,51.3,54.3,56.5,62.6,69.2,76.6,84.8,87.3,87,87.4,..
Seychelles,SYC,"GNI, PPP (constant 2021 international $)",NY.GNP.MKTP.PP.KD,1044746038.13843,1080737392.59245,1166547275.02818,1249995645.47915,1237060271.3812,1206916626.50506,1338922081.50488,1513963235.25481,1532437881.70187,1552867825.7744,1600660227.36687,1600501013.36034,1511263894.01348,1476123803.29806,1537223969.59126,1674771370.70288,1831470077.78929,1844473455.02388,1767025034.37837,1751749788.65077,1850020946.22972,1994542060.44232,2203586507.94463,2099400341.91762,2182318359.02753,2391430585.75532,2653280555.48523,2839605791.20769,3036913869.36404,3230930664.19755,2859508648.40786,2851007347.51214,3318486092.18612,3496777276.92033,..
Sierra Leone,SLE,GDP per capita (constant 2015 US$),NY.GDP.PCAP.KD,886.058367601776,896.339164880344,739.840408666788,751.676201452901,734.216726239304,674.499465246237,683.055057701964,634.673262757861,639.675904788056,623.782841349838,649.404708238465,573.319808206318,684.719710400667,719.793625697478,740.951027512485,752.690253176869,767.797732668035,811.033383728662,834.032131697465,837.924748136024,869.552043593205,898.064605764694,1008.71326115035,1191.69433194611,1216.61116951572,945.148168480629,981.743978922239,994.582742641008,1005.24821808651,1036.22706679474,999.888885139707,1035.03777484863,1066.03912308826,1102.44133602893,..
Sierra Leone,SLE,Gini index,SI.POV.GINI,..,..,..,..,..,..,..,..,..,..,..,..,..,40.2,..,..,..,..,..,..,..,34,..,..,..,..,..,..,35.7,..,..,..,..,..,..
Sierra Leone,SLE,"Unemployment, total (% of total labor force) (modeled ILO estimate)",SL.UEM.TOTL.ZS,..,4.085,4.266,4.285,4.325,4.22,4.216,4.253,4.161,4.195,4.08,4.154,3.903,3.879,3.42,3.716,3.889,4.007,4.128,4.269,4.413,4.54,4.552,4.538,4.678,4.606,4.294,3.834,3.192,3.203,3.508,3.556,3.175,3.153,3.126
Sierra Leone,SLE,Carbon dioxide (CO2) emissions excluding LULUCF per capita (t CO2e/capita),EN.GHG.CO2.PC.CE.AR5,0.150518439164054,0.196831711241898,0.124160959454834,0.121405873763871,0.124918975199522,0.135170089627652,0.151957153845604,0.14622508883997,0.152288813336794,0.155695531517403,0.0982455283703743,0.11639315057634,0.116022838476215,0.118276751761935,0.114307757486066,0.10324059129231,0.127567665979313,0.115839141524123,0.110115455826416,0.108031413989523,0.114580229783982,0.137022954006348,0.150524798964446,0.169182509933273,0.175950008616446,0.144138921274203,0.145656103372393,0.138942736972712,0.134898603665096,0.129177594748882,0.131487187834832,0.131210898324587,0.133251868746003,0.127049048568219,..
Sierra Leone,SLE,Renewable energy consumption (% of total final energy consumption),EG.FEC.RNEW.ZS,92.3,91.8,92.5,93,92.7,93.8,94.3,94.5,94.6,95,93.3,91.2,88,86.5,86.5,88.1,84.4,86.3,86,86.1,84.9,81,79.1,74.6,73,74,73.6,74.6,75.9,75.4,75.1,71.1,71.6,..,..
Sierra Leone,SLE,"Government expenditure on education, total (% of GDP)",SE.XPD.TOTL.GD.ZS,..,..,..,..,..,..,..,..,..,..,4.94936990737915,3.48251008987427,3.59434008598328,3.29900002479553,3.14692997932434,2.8372700214386,..,2.5967800617218,2.4658899307251,2.8182098865509,2.58851051330566,2.6782546043396,2.88159847259521,2.3798131942749,2.66290760040283,..,2.91133999824524,4.66086006164551,6.98962783813477,7.44701194763184,8.80954837799072,9.44223594665527,8.5391845703125,6.79109716415405,..
Sierra Leone,SLE,Current health expenditure per capita (current US$),SH.XPD.CHEX.PC.CD,..,..,..,..,..,..,..,..,..,..,17.80823517,19.44268227,23.70949936,22.6285038,23.45412064,27.1346283,30.24594879,31.99986649,37.45465088,39.24406815,37.81203461,49.60349274,51.89955902,84.93772125,143.60603333,118.66024017,84.6361618,47.37737274,44.82733536,48.13619995,47.8861618,44.90049362,39.31665802,..,..
Sierra Leone,SLE,Individuals using the Internet (% of population),IT.NET.USER.ZS,0,..,..,0,0,0,0.00251,0.00499,0.0148,0.0485,0.118,0.16,0.176,0.19,0.203,0.215,0.228,0.24,0.25,0.26,0.58,0.9,2.5,4,6.06,6.34,11.8,13.2,14.4,15.7,17.1,18.7,19.2,20.6,..
Sierra Leone,SLE,"GNI, PPP (constant 2021 international $)",NY.GNP.MKTP.PP.KD,..,..,..,..,..,..,..,..,..,..,..,7280358878.26341,9328882426.73985,10034319079.7175,9751168374.91523,10514311636.6462,11241312157.8065,11262219348.8509,12505468695.6708,13962352965.735,14889020776.9917,15782951277.6103,18182695539.8349,22014822870.3832,23018949669.8098,18302745217.0851,19020452184.9586,19692974123.7514,20671916992.4257,21813198348.6025,21683642265.0552,22833547210.3092,24052851581.7134,25452619129.6638,..
Singapore,SGP,GDP per capita (constant 2015 US$),NY.GDP.PCAP.KD,23272.7000932159,24132.7153290621,24973.4311358112,27139.9524278985,29220.2727915476,30379.8991144598,31349.3171805131,32835.2518506082,31043.108180076,32557.0469904063,34890.0811365168,33597.8690808226,34598.8267483781,36709.7965038255,39856.6356222613,41798.4880834671,44159.4101820552,46178.8139470199,44601.5799302699,43331.8746638962,48752.0515441859,50713.5326393594,51679.352717333,53298.9728558286,54681.9336458253,55645.6068614606,56899.485124515,59414.6549459103,61216.1250918658,61333.6563161696,59144.3539186758,67638.6459886659,67948.8928271514,65422.4603166668,..
Singapore,SGP,Gini index,SI.POV.GINI,..,..,..,..,..,..,..,..,..,..,..,..,..,..,..,..,..,..,..,..,..,..,..,..,..,..,..,..,..,..,..,..,..,..,..
Singapore,SGP,"Unemployment, total (% of total labor force) (modeled ILO estimate)",SL.UEM.TOTL.ZS,..,2.18,3.09,3.07,3.03,3.3,3.57,2.5,3.41,4.85,3.7,3.76,5.65,5.93,5.84,5.59,4.48,3.9,3.96,5.86,4.12,3.89,3.72,3.86,3.74,3.79,4.08,4.2,3.613,3.1,4.1,4.64,3.591,3.444,3.182
Singapore,SGP,Carbon dioxide (CO2) emissions excluding LULUCF per capita (t CO2e/capita),EN.GHG.CO2.PC.CE.AR5,10.3862254736585,10.6788560302869,10.5852048071346,11.9127947701972,12.1812270550165,11.7303531331767,11.5838542143414,11.1153260320366,10.4576451544645,10.4599892440062,11.3010369953278,11.0938779297885,10.8280032088507,10.314555220561,10.6855268387372,9.78289459186893,9.5355418148688,9.44913687162465,8.86887537205056,8.77428761443692,9.63034881494631,9.90489782564074,9.44225785642258,9.74877212426669,9.84961946891653,9.9706739040022,9.44912179392408,10.1381031824474,9.61665468985982,9.80130160606455,9.47610427156602,10.2115753252092,9.89125108967111,9.64374697514959,..
Singapore,SGP,Renewable energy consumption (% of total final energy consumption),EG.FEC.RNEW.ZS,0.2,0.5,0.5,0.5,0.5,0.4,0.5,0.4,0.4,0.4,0.3,0.6,0.6,0.6,0.5,0.5,0.5,0.5,0.5,0.5,0.5,0.5,0.5,0.6,0.6,0.7,0.7,0.7,0.8,0.9,0.9,1.1,..,..,..
Singapore,SGP,"Government expenditure on education, total (% of GDP)",SE.XPD.TOTL.GD.ZS,..,..,..,..,..,..,..,..,..,..,3.32130002975464,3.54249000549316,3.87853002548218,3.98194003105164,3.65276002883911,3.19596004486084,2.85911989212036,2.9467499256134,2.76460003852844,3.01012992858887,3.08044004440308,3.03077006340027,3.07085990905762,2.85435009002686,2.92436671257019,2.86309337615967,2.87133049964905,2.75684809684753,2.85660004615784,2.72951006889343,2.6869900226593,2.82470989227295,2.48891997337341,2.18787837028503,..
Singapore,SGP,Current health expenditure per capita (current US$),SH.XPD.CHEX.PC.CD,..,..,..,..,..,..,..,..,..,..,796.03100586,690.01330566,749.44445801,851.10961914,868.43688965,908.3760376,989.73895264,1116.97937012,1286.91345215,1326.11682129,1510.66784668,1700.1685791,1853.02429199,2102.97021484,2233.34960938,2330.39599609,2488.28295898,2645.3293457,2688.27270508,2893.78222656,3492.35986328,4044.17333984,4320.51611328,..,..
Singapore,SGP,Individuals using the Internet (% of population),IT.NET.USER.ZS,0,0.162,0.471,0.763,1.19,2.87,8.35,13.5,19.6,24.2,36,41.7,47,53.8,62,61,59,69.9,69,69,71,71,72,80.9,79,79,84.5,84.5,88.2,88.9,92,96.9,96,94.3,..
Singapore,SGP,"GNI, PPP (constant 2021 international $)",NY.GNP.MKTP.PP.KD,..,..,..,..,..,..,..,..,..,..,..,..,..,..,..,..,..,..,..,..,..,..,..,..,..,..,..,..,..,..,..,611569622317.811,..,..,..
Sint Maarten (Dutch part),SXM,GDP per capita (constant 2015 US$),NY.GDP.PCAP.KD,..,..,..,..,..,..,..,..,..,..,..,..,..,..,..,..,..,..,..,37548.9474627441,38403.0705201664,39615.1371367338,39298.9873567827,38889.7715088035,38623.1999405819,37839.6283815163,37428.7027557069,33945.4185182499,31047.7241050626,33877.976645467,28920.3773007159,29834.6350068383,32316.8721521009,33066.2495331081,..
Sint Maarten (Dutch part),SXM,Gini index,SI.POV.GINI,..,..,..,..,..,..,..,..,..,..,..,..,..,..,..,..,..,..,..,..,..,..,..,..,..,..,..,..,..,..,..,..,..,..,..
Sint Maarten (Dutch part),SXM,"Unemployment, total (% of total labor force) (modeled ILO estimate)",SL.UEM.TOTL.ZS,..,..,..,..,..,..,..,..,..,..,..,..,..,..,..,..,..,..,..,..,..,..,..,..,..,..,..,..,..,..,..,..,..,..,..
Sint Maarten (Dutch part),SXM,Carbon dioxide (CO2) emissions excluding LULUCF per capita (t CO2e/capita),EN.GHG.CO2.PC.CE.AR5,..,..,..,..,..,..,..,..,..,..,..,..,..,..,..,..,..,..,..,..,..,..,..,..,..,..,..,..,..,..,..,..,..,..,..
Sint Maarten (Dutch part),SXM,Renewable energy consumption (% of total final energy consumption),EG.FEC.RNEW.ZS,..,..,..,..,..,..,..,..,..,..,..,..,..,..,..,..,..,..,..,..,..,..,0,0,0,0,0,0,0,0,0,0,0,..,..
Sint Maarten (Dutch part),SXM,"Government expenditure on education, total (% of GDP)",SE.XPD.TOTL.GD.ZS,..,..,..,..,..,..,..,..,..,..,..,..,..,..,..,..,..,..,..,..,..,..,..,..,..,..,..,..,..,..,..,..,4.18044137954712,..,..
Sint Maarten (Dutch part),SXM,Current health expenditure per capita (current US$),SH.XPD.CHEX.PC.CD,..,..,..,..,..,..,..,..,..,..,..,..,..,..,..,..,..,..,..,..,..,..,..,..,..,..,..,..,..,..,..,..,..,..,..
Sint Maarten (Dutch part),SXM,Individuals using the Internet (% of population),IT.NET.USER.ZS,..,..,..,..,..,..,..,..,..,..,..,..,..,..,..,..,..,..,..,..,..,..,..,..,..,..,..,..,..,..,..,..,..,..,..
Sint Maarten (Dutch part),SXM,"GNI, PPP (constant 2021 international $)",NY.GNP.MKTP.PP.KD,..,..,..,..,..,..,..,..,..,..,..,..,..,..,..,..,..,..,..,..,..,..,..,..,..,..,..,..,..,..,..,1633031013.4519,..,..,..
Slovak Republic,SVK,GDP per capita (constant 2015 US$),NY.GDP.PCAP.KD,8597.46399873616,7338.79871066771,6843.30031185734,6946.84551124536,7348.91832054302,7755.62339473121,8212.83202531548,8647.39444587014,8966.21926255304,8914.68322907316,8997.21205983851,9277.35799766772,9690.68462796365,10168.0224775637,10718.2101357286,11412.1592874654,12430.2014562792,13770.9603683827,14497.1115099188,13680.7537015807,14596.1478430022,14950.8735594537,15159.6571004823,15249.8825237603,15647.6491148855,16442.0760860018,16740.7414999051,17195.2888048325,17869.0149419565,18250.9802872053,17763.8564029317,18821.1163135169,18959.6818363057,19238.7622372766,..
Slovak Republic,SVK,Gini index,SI.POV.GINI,..,..,..,..,..,..,..,..,..,..,..,..,..,..,27.1,29.3,25.8,24.7,26,27.2,27.3,26.5,26.1,28.1,26.1,26.5,25.2,23.2,25,23.2,24.2,24.1,..,..,..
Slovak Republic,SVK,"Unemployment, total (% of total labor force) (modeled ILO estimate)",SL.UEM.TOTL.ZS,..,12.166,12.192,12.2,13.654,13.109,11.341,11.894,12.421,16.099,18.546,19.148,18.541,17.549,18.206,16.276,13.395,11.16,9.514,12.023,14.387,13.634,13.966,14.226,11.536,11.492,9.679,8.142,6.544,5.761,6.719,6.894,6.143,5.84,5.234
Slovak Republic,SVK,Carbon dioxide (CO2) emissions excluding LULUCF per capita (t CO2e/capita),EN.GHG.CO2.PC.CE.AR5,11.4404530355317,9.929526818615,9.27303518028975,9.04442092988101,8.49055174473859,8.532974362733,8.55704651148508,8.46253713574094,8.2850324532939,8.13241982053439,7.73497231253433,7.8025539579246,7.79389731503882,7.88543659905304,7.78163089042269,7.8581084338224,7.85743080192382,7.68965705867315,7.64846958664925,6.90939375902968,7.40000608373143,7.01774827429838,6.67537173289563,6.71868826076363,6.27163708149393,6.36299156255917,6.52701499853244,6.93460032592837,6.83162556310886,6.37685416252991,5.97512982184634,6.7223681981008,6.54551238716348,6.42404095276354,..
Slovak Republic,SVK,Renewable energy consumption (% of total final energy consumption),EG.FEC.RNEW.ZS,2.2,2.1,2.3,4.1,4.7,4.2,3.9,3.9,3.6,3.8,3.7,6,5.5,5.3,6.2,6.3,6.6,8.2,7.6,10,10.3,10.4,10.5,10.7,12.2,13.4,13.1,12.4,12.4,17.6,17.6,17.9,..,..,..
Slovak Republic,SVK,"Government expenditure on education, total (% of GDP)",SE.XPD.TOTL.GD.ZS,..,..,5.35694980621338,4.44960021972656,3.71250009536743,4.29757976531982,4.12440013885498,4.1223201751709,..,4.1072998046875,3.86468005180359,3.93569993972778,4.24539995193481,4.20956993103027,4.10157012939453,3.75995993614197,3.70770001411438,3.52321004867554,3.52165007591248,4.00641012191772,4.0447998046875,3.89836001396179,3.8590099811554,4.06895017623901,4.21589994430542,4.57843017578125,3.90078997612,3.93220996856689,3.95290994644165,4.27311992645264,4.76427984237671,4.79718017578125,..,..,..
Slovak Republic,SVK,Current health expenditure per capita (current US$),SH.XPD.CHEX.PC.CD,..,..,..,..,..,..,..,..,..,..,203.50627136,212.22207642,254.12765503,344.47335815,511.52990723,601.31323242,729.01324463,1029.30029297,1251.67724609,1320.09301758,1296.54284668,1352.43835449,1319.43823242,1370.46765137,1289.34851074,1108.87817383,1175.6270752,1189.07983398,1299.91125488,1342.07580566,1393.62438965,1684.51550293,1642.39208984,..,..
Slovak Republic,SVK,Individuals using the Internet (% of population),IT.NET.USER.ZS,0,..,..,0.128,0.319,0.523,0.783,1.17,2.69,5.44,9.43,12.5,40.1,43,52.9,55.2,56.1,61.8,66.1,70,75.7,74.4,76.7,77.9,80,77.6,80.5,81.6,80.4,82.9,89.9,88.9,89.1,87.2,89.8
Slovak Republic,SVK,"GNI, PPP (constant 2021 international $)",NY.GNP.MKTP.PP.KD,..,..,..,..,..,94412408693.4734,98331988933.2979,104757601792.403,107978317745.181,106670684402.535,109780897506.326,113167409637.344,117929913412.842,118510743634.525,125870120234.239,136045969218.683,145571512219.375,159816846406.124,168329767894.248,159766239425.732,166791921446.899,167020865768.627,170413761391.237,172128420312.31,175875392522.545,181988596092.538,184424533690.536,190521950806.667,197530321506.361,200315265216.168,195908318663.106,199469291945.27,197633423509.334,199242920110.125,..
Slovenia,SVN,GDP per capita (constant 2015 US$),NY.GDP.PCAP.KD,13615.5857769678,12395.9177026624,11735.8460166299,12098.341410018,12757.6301133778,13278.7427797574,13674.1833709721,14400.671212846,14874.2902934445,15646.6889507489,16146.1215958752,16576.7160906192,17099.6583810838,17635.3610248185,18425.2598378487,19102.2771961477,20166.5324125858,21485.7811592397,22175.2369942549,20307.6185841652,20444.1199248351,20535.4157335883,19894.8697893882,19704.2184304723,20228.7077025728,20697.2748530619,21309.7120251737,22397.7638081191,23293.9665948387,23943.1796396034,22811.8052853002,24659.2499013385,25276.9355802471,25708.8691396365,..
Slovenia,SVN,Gini index,SI.POV.GINI,..,..,..,..,..,..,..,..,..,..,..,..,..,..,24.8,24.6,24.4,24.4,23.7,24.8,24.9,24.9,25.6,26.2,25.7,25.4,24.8,24.2,24.6,24.4,24,24.3,..,..,..
Slovenia,SVN,"Unemployment, total (% of total labor force) (modeled ILO estimate)",SL.UEM.TOTL.ZS,..,7.08,7.809,8.51,8.24,7.15,6.886,6.658,7.4,7.33,6.92,5.682,5.922,6.479,6.012,6.506,5.95,4.818,4.371,5.858,7.236,8.166,8.841,10.103,9.668,8.962,8,6.564,5.108,4.446,4.971,4.744,4.011,3.652,3.357
Slovenia,SVN,Carbon dioxide (CO2) emissions excluding LULUCF per capita (t CO2e/capita),EN.GHG.CO2.PC.CE.AR5,7.50089707486033,6.95703623384476,6.65154685854932,7.01911789957153,7.07620173083622,7.52691630416429,7.91057955535173,8.1724872051546,8.09576363688662,7.7846443222418,7.56056663775658,8.48157184020562,8.62654359673708,8.54523125087374,8.71236627521517,8.81596061733369,8.94164439315391,8.88063258811905,9.34445677964257,8.28085341298024,8.37783970676316,7.8341597482126,7.54404496686936,7.53119124562551,6.85273378015306,6.92943309308171,7.27597792199868,7.42754990834248,7.39830483139447,7.04544420688714,6.38374177554522,6.52764910612932,6.2175319448732,5.69522382161237,..
Slovenia,SVN,Renewable energy consumption (% of total final energy consumption),EG.FEC.RNEW.ZS,12.3,13.1,13.9,12.4,12.3,11.5,11.1,10.2,11.1,10.9,18,18.7,16.3,16.9,17.8,18.6,17.4,18.4,17.6,19.6,20.1,19.1,20.2,22.5,22.9,21.4,21,19.7,20.6,20.9,22.7,23.4,..,..,..
Slovenia,SVN,"Government expenditure on education, total (% of GDP)",SE.XPD.TOTL.GD.ZS,..,4.07581996917725,4.72460985183716,4.96054983139038,4.70306015014648,4.90559005737305,..,..,..,..,6.13048267364502,5.7568302154541,5.67286014556885,5.70333003997803,5.64425992965698,5.60408020019531,5.59066009521484,5.11661005020142,5.10951995849609,5.55496978759766,5.54546022415161,5.541259765625,5.62023019790649,5.4057297706604,5.29169988632202,4.90953016281128,4.79266977310181,4.78053998947144,4.93455982208252,4.89153003692627,5.38373994827271,5.36526012420654,..,..,..
Slovenia,SVN,Current health expenditure per capita (current US$),SH.XPD.CHEX.PC.CD,..,..,..,..,..,..,..,..,..,..,796.64703369,826.22576904,944.87145996,1203.06359863,1368.64855957,1449.18920898,1541.66430664,1795.95043945,2179.45239258,2125.05688477,2017.14660645,2147.80517578,1974.85400391,2055.38134766,2062.38476563,1775.86071777,1838.65405273,1925.03466797,2169.57885742,2219.09790039,2417.20874023,2779.56591797,2737.84936523,3033.32104492,..
Slovenia,SVN,Individuals using the Internet (% of population),IT.NET.USER.ZS,0,..,..,0.41,1.07,2.9,5.07,7.59,10.1,12.6,15.1,30.2,27.8,31.9,40.8,46.8,54,56.7,58,64,70,67.3,68.4,72.7,71.6,73.1,75.5,78.9,79.8,83.1,86.6,89,88.9,90.4,..
Slovenia,SVN,"GNI, PPP (constant 2021 international $)",NY.GNP.MKTP.PP.KD,..,..,..,..,..,50068095830.4974,51919419068.0717,54488040885.5006,56519314399.8218,59744466592.3722,60787469391.654,63417602449.3953,65761817086.0479,67804764190.2393,70072373110.9955,72141906696.1037,75780117793.7313,80737947556.7407,82621970621.3304,78667977751.3065,78042767578.1506,77988338134.8041,75213761882.5389,74974435549.1803,77938598581.7559,78591315681.5881,81908228593.7981,86179251369.017,90288482321.2475,93642972796.8447,90858242420.7249,96095760376.7231,95283718498.9994,..,..
Solomon Islands,SLB,GDP per capita (constant 2015 US$),NY.GDP.PCAP.KD,1805.7455346015,1856.38271673266,2029.96795439512,2049.29308753255,2151.04597183789,2299.99401501925,2270.47720120585,2186.42335260732,2153.37470167047,2086.02456092051,1747.73099551254,1577.66696008378,1504.85795225232,1573.85522149264,1664.58030147977,1755.72812344484,1796.71896309507,1830.23675931387,1911.19452897184,1930.45659372799,2058.95426620207,2132.01998399541,2105.90758922315,2136.72036781191,2085.15500132222,2045.47889485251,2084.24598380679,2075.36230008714,2061.89784418456,2043.07578936317,1930.64258596415,1933.17055918223,1932.78966817916,1945.14986518195,..
Solomon Islands,SLB,Gini index,SI.POV.GINI,..,..,..,..,..,..,..,..,..,..,..,..,..,..,..,46.1,..,..,..,..,..,..,37.1,..,..,..,..,..,..,..,..,..,..,..,..
Solomon Islands,SLB,"Unemployment, total (% of total labor force) (modeled ILO estimate)",SL.UEM.TOTL.ZS,..,1.985,1.868,1.846,1.82,1.856,1.89,2.022,2.164,2.202,2.45,2.642,2.696,2.29,2.031,1.885,1.92,1.981,1.999,2.02,1.617,1.292,0.984,0.694,0.729,0.735,0.734,0.725,0.72,0.743,0.864,0.884,1.483,1.455,1.47
Solomon Islands,SLB,Carbon dioxide (CO2) emissions excluding LULUCF per capita (t CO2e/capita),EN.GHG.CO2.PC.CE.AR5,0.481844102161812,0.48487437744705,0.516744509589586,0.508489991428705,0.507392787850405,0.447323208562821,0.439383953394999,0.440028075410946,0.440259526428696,0.428571428571429,0.535338468768517,0.576454216532146,0.592783899351281,0.596369440142099,0.603652254161829,0.618738097209572,0.609852846047755,0.647198074200849,0.645256392617779,0.632646326000066,0.672460635535342,0.674208103880133,0.648180109692019,0.660565262335174,0.606897624929487,0.521726890986292,0.48854205824762,0.485800791048781,0.499787759430603,0.494817667311683,0.491472106036551,0.503153066322577,0.518522122330251,0.523496728145449,..
Solomon Islands,SLB,Renewable energy consumption (% of total final energy consumption),EG.FEC.RNEW.ZS,60.2,59,57.7,56.1,54.5,54.1,52.5,53.1,52.5,55.3,55.3,54.1,52.8,51.5,49.9,49.7,48.9,47.4,46.7,45.8,45.1,43.6,43.8,41.8,45.9,48.6,48.7,49,48.6,48.4,49,49.1,50.1,..,..
Solomon Islands,SLB,"Government expenditure on education, total (% of GDP)",SE.XPD.TOTL.GD.ZS,..,3.87719011306763,..,..,..,..,..,..,2.31550002098083,..,..,..,..,..,..,..,..,7.33327007293701,6.89515018463135,6.6585898399353,7.47837018966675,..,..,..,..,..,..,..,..,..,9.64354610443115,8.33232688903809,8.48737812042236,8.29349040985107,..
Solomon Islands,SLB,Current health expenditure per capita (current US$),SH.XPD.CHEX.PC.CD,..,..,..,..,..,..,..,..,..,..,46.02681351,60.23266602,76.49930573,53.52047729,64.72148895,89.02578735,87.74922943,89.10964203,75.69615936,93.87008667,74.11127472,95.43640137,100.7893219,99.02694702,105.87472534,90.99643707,94.32994843,89.29357147,88.03850555,98.67025757,100.99560547,98.7951355,96.73880768,..,..
Solomon Islands,SLB,Individuals using the Internet (% of population),IT.NET.USER.ZS,0,..,..,..,..,0.0249,0.269,0.392,0.508,0.495,0.481,0.469,0.502,0.556,0.65,0.844,1.65,2,3,4,5,6,7,8,9,10,11,15.1,20.9,26.3,33.2,41.8,42.1,42.5,..
Solomon Islands,SLB,"GNI, PPP (constant 2021 international $)",NY.GNP.MKTP.PP.KD,752253544.328068,789297824.777698,892080042.450487,953464938.846243,1036908456.76206,1128476805.45003,1152786656.05875,1137940642.26266,1154792439.86409,1125042972.96723,993520200.957768,924385328.633251,877833942.100142,948486287.092676,1035467084.43976,1109987716.01752,1121710694.01737,1123725736.19091,1163911643.72844,1204041042.3333,1351279290.10806,1425389313.84877,1499495125.94935,1662859004.87677,1658634288.16816,1673858362.05831,1744907411.49955,1818319193.07136,1880762329.60119,1918868155.90518,1918965727.4538,1943166730.49071,1978075649.17368,..,..
Somalia,SOM,GDP per capita (constant 2015 US$),NY.GDP.PCAP.KD,259.40003710693,277.598818656264,266.498425696668,269.406220446972,210.446206963212,211.087543240614,219.936394792198,214.852363909301,219.712173654863,226.444124329962,233.032406774336,239.839088175856,248.636468605335,257.910352385283,266.257287496335,275.457056977944,284.47080657478,294.210421748355,304.741466711122,317.038203436977,329.970524319027,349.577469611358,369.617226464266,397.108794017201,417.516794459335,445.583078625015,458.921476933292,506.501096987553,498.981062089377,494.559375806552,463.032522124252,461.842091966231,460.299643149511,465.160693722591,..
Somalia,SOM,Gini index,SI.POV.GINI,..,..,..,..,..,..,..,..,..,..,..,..,..,..,..,..,..,..,..,..,..,..,..,..,..,..,..,..,..,..,..,..,..,..,..
Somalia,SOM,"Unemployment, total (% of total labor force) (modeled ILO estimate)",SL.UEM.TOTL.ZS,..,19.315,19.536,19.491,19.974,19.747,19.651,19.267,19.169,19.164,18.98,19.076,19.077,19.081,18.992,18.997,19.002,18.981,18.996,19.013,19.031,19.052,19.105,19.013,18.861,18.597,18.578,18.523,18.738,18.828,19.413,19.662,19.05,18.941,18.861
Somalia,SOM,Carbon dioxide (CO2) emissions excluding LULUCF per capita (t CO2e/capita),EN.GHG.CO2.PC.CE.AR5,0.0886230057529419,0.0698733151740009,0.0579205238651188,0.0577872987378841,0.054747561371134,0.0542209499592794,0.0542195260715703,0.0524121272537311,0.0512910621247203,0.0507179707536182,0.0713339147905357,0.0716095560435824,0.0768895451265609,0.0753242682500641,0.0721525283829449,0.0709586453803883,0.0717051484296573,0.069604265175558,0.0657201817289492,0.0650185545749127,0.0646073857610606,0.064419058323744,0.0633087128325132,0.0615947946765065,0.0581281549648334,0.0590788865009633,0.0578517695630418,0.0549587979965178,0.0535059502072385,0.0545506569751764,0.0546807732852263,0.0536492893958816,0.0486577357458028,0.0472911491416972,..
Somalia,SOM,Renewable energy consumption (% of total final energy consumption),EG.FEC.RNEW.ZS,86.3,87.6,88.8,89.4,89.9,90.6,91,91.7,92.5,92.9,93.3,93.3,92.6,92.8,93,93.3,93.5,93,93.4,93.6,93.6,93.7,93.9,94.4,94.6,94.5,94.8,94.9,94.9,95,95.5,95.4,95.4,..,..
Somalia,SOM,"Government expenditure on education, total (% of GDP)",SE.XPD.TOTL.GD.ZS,..,..,..,..,..,..,..,..,..,..,..,..,..,..,..,..,..,..,..,..,..,..,..,..,..,..,..,..,..,..,..,..,..,..,..
Somalia,SOM,Current health expenditure per capita (current US$),SH.XPD.CHEX.PC.CD,..,..,..,..,..,..,..,..,..,..,..,..,..,..,..,..,..,..,..,..,..,..,..,12.85289001,13.11646461,14.08594513,11.72021103,13.46292782,12.70534706,12.87221336,12.42313194,14.63377476,15.34639168,..,..
Somalia,SOM,Individuals using the Internet (% of population),IT.NET.USER.ZS,0,..,..,..,..,0,0.00151,0.00295,0.00716,0.0139,0.02,0.079,0.116,0.376,1.05,1.08,1.1,1.12,1.14,1.16,..,1.25,1.38,1.5,1.63,1.76,1.88,2,..,..,15,..,27.6,..,..
Somalia,SOM,"GNI, PPP (constant 2021 international $)",NY.GNP.MKTP.PP.KD,..,..,..,..,..,..,..,..,..,..,..,..,..,..,..,..,..,..,..,..,..,..,..,15313790747.0331,16703145832.7166,18462634035.8154,19763878417.6834,22682414667.5951,23147351220.0072,23805882079.5539,23144273772.5088,23943312606.9417,24599500573.972,25644413314.0181,..
South Africa,ZAF,GDP per capita (constant 2015 US$),NY.GDP.PCAP.KD,4544.23023212165,4396.36069450543,4225.814328485,4193.59826135345,4258.26184733408,4337.29729686998,4465.50649854807,4527.04992403877,4494.85711232358,4552.85007973031,4700.87555500704,4786.482450463,4916.81498068625,5011.62223150169,5187.35683424034,5406.07581377638,5650.9883176549,5891.42069421698,6009.71963138635,5847.05811084505,5953.94506512821,6067.12482726885,6121.55783860713,6170.87670863373,6155.00589462516,6112.27382485974,6095.295060428,6125.6920507497,6117.2701406047,6032.82972598668,5569.58483319272,5756.19549409213,5783.86090401536,5747.41965032482,..
South Africa,ZAF,Gini index,SI.POV.GINI,..,..,..,59.3,..,..,..,..,..,..,57.8,..,..,..,..,64.8,..,..,63,..,63.4,..,..,..,63,..,..,..,..,..,..,..,..,..,..
South Africa,ZAF,"Unemployment, total (% of total labor force) (modeled ILO estimate)",SL.UEM.TOTL.ZS,..,23.002,23.262,23.179,22.942,22.647,22.48,22.518,22.673,22.791,22.714,22.605,22.547,22.629,22.538,22.461,22.324,22.287,22.407,23.523,24.683,24.639,24.727,24.561,24.89,25.149,26.536,27.035,26.906,28.468,29.217,34.007,33.268,32.098,33.168
South Africa,ZAF,Carbon dioxide (CO2) emissions excluding LULUCF per capita (t CO2e/capita),EN.GHG.CO2.PC.CE.AR5,7.71186946495321,7.34338056574596,7.05986161511764,6.97037930158738,7.01235854199988,7.30103175115983,7.45447035479763,7.69103829785631,7.72899202749748,7.29232093029078,7.36427840038657,7.51370914167024,7.7215913604945,8.11521599803779,8.6905256330491,8.81549624345573,8.81237967460359,9.10303957854825,9.54538839285426,8.83334638867274,8.87081322765791,8.390151524086,8.56950729034559,8.64586417062513,8.70671122380103,8.11041631624629,8.04226005893759,8.15147357441279,8.08182130104548,8.0316393172874,6.91474134743811,6.96772460183515,6.56328688082944,6.28631566877781,..
South Africa,ZAF,Renewable energy consumption (% of total final energy consumption),EG.FEC.RNEW.ZS,16.6,17.5,18.4,18.6,18.6,18.1,17.4,17.1,17.3,17.7,16.2,15,13.3,11.8,11,9.7,9.3,8.7,9.7,9.2,9.4,9,8.3,7.8,7.6,7.6,7.8,7.9,8,8.7,9.8,9.7,..,..,..
South Africa,ZAF,"Government expenditure on education, total (% of GDP)",SE.XPD.TOTL.GD.ZS,4.69767999649048,5.25961017608643,..,5.38889980316162,5.29777002334595,..,5.04734992980957,..,..,5.29117012023926,4.90881013870239,4.63617992401123,4.54569005966187,4.35209989547729,4.50897979736328,4.52449989318848,4.52651977539062,4.4466700553894,4.37424993515015,4.76118993759155,5.13497018814087,5.28898000717163,5.52323007583618,5.35071992874146,5.48977994918823,5.48285007476807,5.4442400932312,5.59867000579834,5.64401006698608,5.91158008575439,6.17067003250122,6.54902982711792,6.16726016998291,6.14838981628418,..
South Africa,ZAF,Current health expenditure per capita (current US$),SH.XPD.CHEX.PC.CD,..,..,..,..,..,..,..,..,..,..,236.08114624,202.81065369,179.5135498,286.01998901,362.28662109,400.5355835,417.91174316,455.17498779,442.10626221,487.62774658,621.41906738,686.87243652,646.49920654,593.80157471,539.30780029,491.90652466,456.56936646,527.52020264,558.8013916,538.80426025,503.46759033,592.53417969,569.84075928,..,..
South Africa,ZAF,Individuals using the Internet (% of population),IT.NET.USER.ZS,0,0.0133,0.0389,0.114,0.247,0.677,0.842,1.63,2.91,4.12,5.35,6.35,6.71,7.01,8.43,7.49,7.61,8.07,8.43,10,24,34,41,46.5,49,51.9,54,56.2,62.4,69.7,72.1,75,75.5,75.7,..
South Africa,ZAF,"GNI, PPP (constant 2021 international $)",NY.GNP.MKTP.PP.KD,384840510076.205,381793370591.297,373262548469.565,378717905384.94,391578668101.714,399860046838.933,420796472740.9,430571679213.05,431010373823.996,436876099628.868,452487112862.609,463901847499.396,486633770069.73,502253812127.183,531231556277.087,561113067976.981,599267460697.659,627916095371.474,653557600641.927,659548844799.971,689901094583.201,721719023415.672,728593321939.897,743828842328.676,749969150595.847,764708085680.468,771152895453.218,786995294424.048,795394047869.522,808239408475.258,778970617537.464,827206842664.981,829837239973.066,829835646651.234,..
South Sudan,SSD,GDP per capita (constant 2015 US$),NY.GDP.PCAP.KD,..,..,..,..,..,..,..,..,..,..,..,..,..,..,..,..,..,..,2289.18415375563,2293.80166888543,2295.07026096006,2073.23981819145,1069.19619080938,1165.16202707495,1197.09491969479,1080.14718624765,..,..,..,..,..,..,..,..,..
South Sudan,SSD,Gini index,SI.POV.GINI,..,..,..,..,..,..,..,..,..,..,..,..,..,..,..,..,..,..,..,46.3,..,..,..,..,..,..,44.1,..,..,..,..,..,..,..,..
South Sudan,SSD,"Unemployment, total (% of total labor force) (modeled ILO estimate)",SL.UEM.TOTL.ZS,..,12.37,12.414,12.242,12.352,12.361,12.336,12.042,12.072,12.121,12.325,12.286,12.234,12.232,12.256,12.266,12.267,12.262,12.298,12.463,12.503,12.635,12.896,12.727,12.602,12.485,12.955,13.111,12.952,12.709,14.319,14.029,12.545,12.477,..
South Sudan,SSD,Carbon dioxide (CO2) emissions excluding LULUCF per capita (t CO2e/capita),EN.GHG.CO2.PC.CE.AR5,..,..,..,..,..,..,..,..,..,..,..,..,..,..,..,..,..,..,..,..,..,..,..,..,..,..,..,..,..,..,..,..,..,..,..
South Sudan,SSD,Renewable energy consumption (% of total final energy consumption),EG.FEC.RNEW.ZS,..,..,..,..,..,..,..,..,..,..,..,..,..,..,..,..,..,..,..,..,..,..,30.6,30.1,29.4,27.5,28.7,35.1,31.5,31.4,32.8,32.4,..,..,..
South Sudan,SSD,"Government expenditure on education, total (% of GDP)",SE.XPD.TOTL.GD.ZS,..,..,..,..,..,..,..,..,..,..,..,..,..,..,..,..,..,..,..,..,1.04533004760742,0.962890028953552,1.57674932479858,1.02450001239777,1.23246002197266,1.46555995941162,1.56539225578308,..,..,..,..,..,..,..,..
South Sudan,SSD,Current health expenditure per capita (current US$),SH.XPD.CHEX.PC.CD,..,..,..,..,..,..,..,..,..,..,..,..,..,..,..,..,..,..,..,..,..,..,..,..,..,..,..,28.05690956,31.05302238,35.07043839,47.23431778,34.53858948,49.41268158,..,..
South Sudan,SSD,Individuals using the Internet (% of population),IT.NET.USER.ZS,..,..,..,..,..,..,..,..,..,..,..,..,..,..,..,..,..,..,..,..,..,..,..,2.2,2.6,3,3.5,4.1,4.8,6.7,9.27,..,..,..,..
South Sudan,SSD,"GNI, PPP (constant 2021 international $)",NY.GNP.MKTP.PP.KD,..,..,..,..,..,..,..,..,..,..,..,..,..,..,..,..,..,..,..,..,..,..,..,..,..,..,..,..,..,..,..,..,..,..,..
Spain,ESP,GDP per capita (constant 2015 US$),NY.GDP.PCAP.KD,19174.7708317507,19612.9766061335,19698.5117502208,19394.4931363836,19762.3886330259,20217.9031882287,20658.8402740028,21310.4311931636,22135.4044960606,23017.8387781684,24106.8818441389,24878.3784411461,25205.3154727214,25481.1653817075,25825.3106522135,26294.4473727979,26899.0921510778,27338.7954165547,27112.5262998815,25860.8142643369,25766.2515889226,25510.5579601069,24763.5682703688,24490.2279309777,24937.0366118341,25969.8383138327,26704.3435828513,27413.3287630157,27947.3177652619,28291.6306843873,25073.7209751005,26721.1481805453,28168.3670415397,28569.8436482338,..
Spain,ESP,Gini index,SI.POV.GINI,32,..,..,35.7,35.1,35.7,36.5,35.3,34.6,33.8,34.1,..,..,31.8,33.3,32.4,33.5,34.1,34.2,34.9,35.2,35.7,35.4,36.2,36.1,36.2,35.8,34.7,34.7,34.3,34.9,33.9,..,..,..
Spain,ESP,"Unemployment, total (% of total labor force) (modeled ILO estimate)",SL.UEM.TOTL.ZS,..,15.929,17.697,22.156,24.209,22.675,22.142,20.698,18.673,15.475,13.785,10.348,11.146,11.283,11.09,9.146,8.452,8.232,11.254,17.857,19.86,21.39,24.789,26.094,24.441,22.057,19.635,17.224,15.255,14.104,15.532,14.781,12.917,12.179,11.394
Spain,ESP,Carbon dioxide (CO2) emissions excluding LULUCF per capita (t CO2e/capita),EN.GHG.CO2.PC.CE.AR5,5.96435483772203,6.14685594575179,6.3270262274187,5.92219578732003,6.1687333125187,6.45569623439705,6.20342487106746,6.66809811293492,6.8397588087106,7.35639982048623,7.72138015449864,7.68451245975194,7.99691385006569,8.05286713681221,8.28114415731179,8.48570509966576,8.14286781595979,8.28462051584765,7.46599444236822,6.55212462124387,6.25295197316386,6.2718203872575,6.14450135874169,5.58982300424635,5.55100266815075,5.92269555415767,5.73381689405715,6.04584322067692,5.87913043861037,5.46784324299244,4.61820278849728,5.01071225338966,4.93039162964599,4.49371441288775,..
Spain,ESP,Renewable energy consumption (% of total final energy consumption),EG.FEC.RNEW.ZS,10.6,9.9,8.2,9.1,9.2,8.3,10.1,9.2,8.9,7.7,7.9,8.9,7.4,8.9,8,7.3,8.5,9,9.7,12.2,14.4,14.7,15.8,16.9,17.3,16.3,16.7,15.2,16.9,16.7,19.3,19,..,..,..
Spain,ESP,"Government expenditure on education, total (% of GDP)",SE.XPD.TOTL.GD.ZS,3.63358998298645,3.74235010147095,3.83716011047363,4.2448902130127,4.48468017578125,4.43462991714478,4.45745992660522,..,4.28785991668701,4.2604398727417,4.16604995727539,4.1112699508667,4.13457012176514,4.1734299659729,4.15785980224609,4.14432001113892,4.1848201751709,4.25404977798462,4.52805995941162,4.91200017929077,4.85608005523682,4.7408299446106,4.48113012313843,4.34961986541748,4.30150985717773,4.28457021713257,4.22544002532959,4.20552015304565,4.1794900894165,4.23021984100342,4.89540004730225,4.86506986618042,4.31587886810303,..,..
Spain,ESP,Current health expenditure per capita (current US$),SH.XPD.CHEX.PC.CD,..,..,..,..,..,..,..,..,..,..,1005.28399658,1045.05065918,1174.5793457,1640.91772461,1922.27380371,2062.40625,2242.15869141,2606.27783203,2995.18603516,2937.71777344,2789.63720703,2908.91967773,2590.73803711,2630.01904297,2680.02954102,2349.54663086,2377.04956055,2525.13964844,2741.90600586,2713.62255859,2898.00537109,3144.11181641,2910.83764648,..,..
Spain,ESP,Individuals using the Internet (% of population),IT.NET.USER.ZS,0.0129,0.0257,0.0768,0.128,0.28,0.381,1.33,2.8,4.36,7.09,13.6,18.1,20.4,39.9,44,47.9,50.4,55.1,59.6,62.4,65.8,67.1,69.8,71.6,76.2,78.7,80.6,84.6,86.1,90.7,93.2,93.9,94.5,95.4,..
Spain,ESP,"GNI, PPP (constant 2021 international $)",NY.GNP.MKTP.PP.KD,1179445239783.98,1218154824097.19,1233473851391.33,1222448220873.36,1231921217071.53,1286283043596.12,1318210794632.19,1370641219223.8,1440951242522.93,1510794635806.95,1575201383627.24,1635586204016.63,1699650179020.79,1764099089389.27,1816765578999.76,1879196326877.34,1949480564451.57,2013534661488.62,2014857420614.36,1978725840395.02,1976201462441.7,1934614264439.71,1890700486957.75,1873884406843.59,1899901679026.66,1982684585625.95,2049913398745.76,2104116173444.85,2150196041953.28,2191857611666.2,1960659645601.41,2093202712117.86,2153729171886.48,..,..
Sri Lanka,LKA,GDP per capita (constant 2015 US$),NY.GDP.PCAP.KD,1389.41614689913,1442.48817179149,1482.2129390932,1557.81148949391,1621.25577136014,1682.35144165772,1713.0273181187,1788.4742268416,1837.4826670222,1881.22600963848,1958.09806795553,1897.61149519367,1952.38679401121,2053.25202647413,2150.38565090357,2270.03856484018,2427.79314044729,2575.07565490193,2710.19836602213,2788.93277634451,2994.79585926731,3234.29773884142,3486.86498954517,3731.15570563116,3932.2601057325,4060.13139670248,4217.25021944232,4440.51155042957,4495.71046284418,4458.43442725849,4229.74962899734,4360.56656284016,4035.65116324423,3968.6762893616,..
Sri Lanka,LKA,Gini index,SI.POV.GINI,32.4,..,..,..,..,35.4,..,..,..,..,..,..,40.2,..,..,..,39.7,..,..,36.1,..,..,38.7,..,..,..,39.3,..,..,37.7,..,..,..,..,..
Sri Lanka,LKA,"Unemployment, total (% of total labor force) (modeled ILO estimate)",SL.UEM.TOTL.ZS,..,14.661,14.22,13.82,13.03,12.27,11.35,10.6,9.17,8.88,7.74,7.9,8.76,8.22,8.38,7.67,6.5,5.97,5.22,5.85,4.784,4.118,3.88,4.186,4.157,4.519,4.242,4.046,4.318,4.67,5.364,4.981,4.528,5.997,4.996
Sri Lanka,LKA,Carbon dioxide (CO2) emissions excluding LULUCF per capita (t CO2e/capita),EN.GHG.CO2.PC.CE.AR5,0.259123123875322,0.268510163726983,0.329171785364296,0.316828731349464,0.360111237858937,0.355356173752003,0.491973814268157,0.481472145197883,0.487900545079499,0.529228944976838,0.594244954686801,0.580208671656166,0.600679035060118,0.644427058969589,0.660944896118776,0.713678573032634,0.648203301318945,0.689148175592636,0.644866752647608,0.615515140244459,0.647384567401384,0.757126167734968,0.845222395396236,0.720699538498907,0.860482240831649,0.939833094897473,1.10726106841435,1.09158272710315,1.01430087678819,1.09945420354997,1.01096765363383,1.02559577541072,0.900779946801316,0.931070472387349,..
Sri Lanka,LKA,Renewable energy consumption (% of total final energy consumption),EG.FEC.RNEW.ZS,78.1,78,75.3,74.2,70.6,69.9,64.4,65.9,64.2,63.2,64.2,62.9,62.1,61.3,61.6,60.1,62.2,60.2,61.6,63.5,61.9,56.4,52.9,56.9,54.2,51.3,45.1,45.8,47.9,46.1,49.3,48.8,..,..,..
Sri Lanka,LKA,"Government expenditure on education, total (% of GDP)",SE.XPD.TOTL.GD.ZS,2.41092991828918,2.91558003425598,..,..,3.10853004455566,2.95760011672974,3.34360003471375,..,3.05141997337341,..,..,..,..,..,..,..,..,..,..,2.05590009689331,1.66177999973297,1.74292004108429,1.45342004299164,1.5645899772644,1.85859000682831,2.10998010635376,3.22929000854492,2.59316992759705,1.98781001567841,..,1.55792391300201,1.50650584697723,1.20397222042084,1.82774567604065,..
Sri Lanka,LKA,Current health expenditure per capita (current US$),SH.XPD.CHEX.PC.CD,..,..,..,..,..,..,..,..,..,..,42.54893112,39.87185287,41.24043274,40.82443619,49.14835358,55.40001297,63.2890892,71.38779449,90.00082397,97.26274872,105.07371521,115.51642609,110.03600311,133.15968323,132.82194519,144.29077148,145.32496643,142.32518005,154.64622498,154.87071228,152.001297,157.13322449,145.55810547,..,..
Sri Lanka,LKA,Individuals using the Internet (% of population),IT.NET.USER.ZS,0,..,..,..,0.00277,0.00548,0.0545,0.162,0.296,0.348,0.647,0.794,1.05,1.46,1.45,1.79,2.54,3.88,..,..,..,..,..,..,10.5,15.3,22.2,25.1,28.3,32,36.2,44.5,48.3,51.2,..
Sri Lanka,LKA,"GNI, PPP (constant 2021 international $)",NY.GNP.MKTP.PP.KD,74071283576.8332,77400585099.4215,81263721994.4344,87063080938.6017,91406075304.9744,95854164795.8814,99383344074.6754,105999855837.75,110485425902.755,114981708204.047,121786629917.558,119995196564.487,125078753763.394,133246884747.996,140425926336.627,148890494100.304,160097957093.007,171458789412.763,179579103986.109,187915431981.839,..,..,..,..,..,272810705515.66,286189047692.143,304813284141.684,311623417118.813,310195129717.913,296005394658.843,310064862520.08,286367849327.607,278010338673.981,..
St. Kitts and Nevis,KNA,GDP per capita (constant 2015 US$),NY.GDP.PCAP.KD,10136.986550185,9966.20374372867,10300.5415354294,10860.6034990877,11290.2168438156,11743.3784162332,12269.7967435843,12940.7852855874,12710.9629751883,12942.857504219,14039.0281125333,14610.9099610508,14727.3908829316,14100.3067967234,14619.795111247,16000.5658929826,16457.8622372067,16508.1437081315,18325.7612670282,17671.2547069735,17688.0690103409,17958.6813977053,17770.4963640576,18773.8926898397,20187.8061975481,20328.8003530109,21133.6575914414,21191.6047083703,21635.4972146482,22274.591411543,18887.4362551531,19021.4594824501,21047.3636286568,21505.7244171915,..
St. Kitts and Nevis,KNA,Gini index,SI.POV.GINI,..,..,..,..,..,..,..,..,..,..,..,..,..,..,..,..,..,..,..,..,..,..,..,..,..,..,..,..,..,..,..,..,..,..,..
St. Kitts and Nevis,KNA,"Unemployment, total (% of total labor force) (modeled ILO estimate)",SL.UEM.TOTL.ZS,..,..,..,..,..,..,..,..,..,..,..,..,..,..,..,..,..,..,..,..,..,..,..,..,..,..,..,..,..,..,..,..,..,..,..
St. Kitts and Nevis,KNA,Carbon dioxide (CO2) emissions excluding LULUCF per capita (t CO2e/capita),EN.GHG.CO2.PC.CE.AR5,0.511970716264345,0.686357103919917,0.682795038683532,0.81470345764027,0.955093833780161,0.793838302698105,0.907246309210066,0.918762088974855,0.929587708532206,0.928230308737472,1.09397100424328,1.10355979982955,1.24945675793133,1.29721067221067,1.40775126848753,1.30714731787152,1.4838197083897,1.63576414165204,1.71452973203801,1.92684798363032,2.10476881697477,1.65721110779337,1.69455488699424,1.93120737640485,2.06417634691754,2.16195552912694,2.36643653744025,2.20828905419766,2.31237236215112,2.66016357130687,2.16343076594837,2.39933280585078,2.41281123552206,2.54074169126139,..
St. Kitts and Nevis,KNA,Renewable energy consumption (% of total final energy consumption),EG.FEC.RNEW.ZS,39.9,33.9,33.6,38.6,41.1,36.5,30.4,33.9,32,27.2,26.4,26,24.3,26.3,22,25.3,0,0,0,0,1,0.9,1.3,1.4,1.6,1.6,1.7,1.3,1.3,1.3,1.6,1.6,1.5,..,..
St. Kitts and Nevis,KNA,"Government expenditure on education, total (% of GDP)",SE.XPD.TOTL.GD.ZS,..,1.99845004081726,2.30386996269226,..,..,2.57641005516052,..,..,4.02056980133057,3.32266998291016,4.74038982391357,4.42154979705811,3.92051005363464,3.79099011421204,3.9713499546051,3.83144998550415,4.05925989151001,4.1938099861145,..,..,2.94405817985535,2.75111293792725,3.18290591239929,2.8204824924469,2.83455610275269,2.54938006401062,3.12435936927795,3.15901589393616,3.03419542312622,2.98651361465454,3.10357975959778,2.78379011154175,3.63147068023682,..,..
St. Kitts and Nevis,KNA,Current health expenditure per capita (current US$),SH.XPD.CHEX.PC.CD,..,..,..,..,..,..,..,..,..,..,446.66659546,440.21563721,465.07720947,482.87136841,491.62530518,556.97229004,689.44549561,707.96960449,881.09844971,872.67474365,866.84997559,920.49584961,880.17578125,938.31616211,961.73028564,1041.82250977,1161.87097168,1185.9017334,1120.83300781,1223.83544922,1067.96020508,1134.47509766,1160.26428223,..,..
St. Kitts and Nevis,KNA,Individuals using the Internet (% of population),IT.NET.USER.ZS,0,..,..,..,..,..,1.95,2.26,3.34,4.4,5.86,7.71,21.2,23,24.7,34,38.5,43.5,49.2,55.7,63,63.2,64,64.6,65.4,66.2,67,67.8,68.6,69.4,70.3,74.4,75.6,76.4,..
St. Kitts and Nevis,KNA,"GNI, PPP (constant 2021 international $)",NY.GNP.MKTP.PP.KD,..,..,..,..,..,..,..,..,..,..,..,..,..,..,..,..,..,..,..,..,..,..,..,..,..,..,..,..,..,..,..,1212062713.3914,..,..,..
St. Lucia,LCA,GDP per capita (constant 2015 US$),NY.GDP.PCAP.KD,8418.44604587137,8349.35218508229,8879.91639652586,8800.64241746154,8808.69845751702,8822.51623633759,8945.87928585249,8759.58298004024,9183.36781077142,9306.77671554942,9198.95514428292,8795.56131122949,8755.47481325578,9054.08372936543,9637.39498682298,9527.60147386254,10045.6680952106,10147.461117218,10583.4496563264,10219.8203998162,10191.3326312581,10576.9166019205,10517.2962861137,10259.9336790247,10369.9770417343,10334.9225558425,10644.1189999038,10960.6049819498,11233.9485189504,11114.7780538251,8379.30975677286,9337.0177901296,11224.2497461512,11440.0632358822,..
St. Lucia,LCA,Gini index,SI.POV.GINI,..,..,..,..,..,..,..,..,..,..,..,..,..,..,..,..,..,..,..,..,..,..,..,..,..,43.7,..,..,..,..,..,..,..,..,..
St. Lucia,LCA,"Unemployment, total (% of total labor force) (modeled ILO estimate)",SL.UEM.TOTL.ZS,..,16.498,16.529,16.8,17,15.83,16.33,20.47,21.6,18.09,16.49,18.546,20.39,22.18,20.97,18.7,16,14,12.72,15.37,17.12,18.86,19.06,22.21,21.597,20.858,19.933,19.136,19.329,15.613,25.224,20.514,15.934,11.092,10.928
St. Lucia,LCA,Carbon dioxide (CO2) emissions excluding LULUCF per capita (t CO2e/capita),EN.GHG.CO2.PC.CE.AR5,0.513575661736437,0.509604357798165,0.505589018267581,0.485646299208216,0.577147165672767,0.558674295584584,0.545747028636763,0.552536884950416,0.557936861976894,0.558384704726168,0.608387552327634,0.64529415802842,0.601332582698696,0.69458079717259,0.667320185826752,0.695678452704745,0.766927309933449,0.823805720144494,0.885029145538126,0.947789178720073,1.06491287608393,0.820134923545265,0.843632486803757,0.960379306565765,1.01930652700732,1.04113661702067,1.11645013265318,1.11147656258861,1.05696063089986,1.75615357337851,1.42047685834502,1.56843414257066,1.5728740749856,1.65434922051482,..
St. Lucia,LCA,Renewable energy consumption (% of total final energy consumption),EG.FEC.RNEW.ZS,43.1,41.2,36.7,33.8,30.8,29.7,27.4,27.7,25.1,24,24,22.2,21.7,20,18.4,18.4,16.9,16.3,15.5,15.1,13.2,12.9,12.4,12.1,11.7,11.5,11.2,10.2,10.2,10,10,9.7,9.7,..,..
St. Lucia,LCA,"Government expenditure on education, total (% of GDP)",SE.XPD.TOTL.GD.ZS,..,..,..,..,6.53238010406494,..,..,..,5.52894020080566,5.44994020462036,..,5.70733022689819,..,3.53449010848999,3.43646001815796,4.23895978927612,4.69669008255005,..,4.48353004455566,3.0676600933075,3.4828999042511,3.59881997108459,3.29098010063171,3.87661004066467,3.89142990112305,3.88088011741638,5.20954990386963,3.63334321975708,3.33277988433838,3.27267003059387,3.62086009979248,..,3.69847011566162,..,..
St. Lucia,LCA,Current health expenditure per capita (current US$),SH.XPD.CHEX.PC.CD,..,..,..,..,..,..,..,..,..,..,285.84280396,285.04898071,299.7996521,317.27593994,309.42208862,333.37374878,389.94595337,439.59280396,430.23074341,432.087677,438.23928833,463.79498291,455.97622681,483.6133728,464.51150513,466.48291016,472.43051147,495.12600708,486.53726196,493.95703125,577.55700684,588.36962891,644.80279541,..,..
St. Lucia,LCA,Individuals using the Internet (% of population),IT.NET.USER.ZS,0,..,..,..,..,0.306,0.67,0.992,1.3,1.93,5.09,8.18,14.6,21,21.4,21.6,24.5,27.9,30,31,32.5,34,45.9,49.4,53.2,57.3,58.2,59.2,60.1,61.1,62.1,63.1,65.4,70.1,..
St. Lucia,LCA,"GNI, PPP (constant 2021 international $)",NY.GNP.MKTP.PP.KD,..,..,..,..,..,..,..,..,..,..,..,..,..,..,..,..,..,..,..,..,..,..,..,..,..,..,..,..,..,..,..,3272825597.54104,..,..,..
St. Martin (French part),MAF,GDP per capita (constant 2015 US$),NY.GDP.PCAP.KD,..,..,..,..,..,..,..,..,..,..,..,..,..,..,..,..,..,..,..,..,..,..,..,..,..,..,..,..,..,..,..,..,..,..,..
St. Martin (French part),MAF,Gini index,SI.POV.GINI,..,..,..,..,..,..,..,..,..,..,..,..,..,..,..,..,..,..,..,..,..,..,..,..,..,..,..,..,..,..,..,..,..,..,..
St. Martin (French part),MAF,"Unemployment, total (% of total labor force) (modeled ILO estimate)",SL.UEM.TOTL.ZS,..,..,..,..,..,..,..,..,..,..,..,..,..,..,..,..,..,..,..,..,..,..,..,..,..,..,..,..,..,..,..,..,..,..,..
St. Martin (French part),MAF,Carbon dioxide (CO2) emissions excluding LULUCF per capita (t CO2e/capita),EN.GHG.CO2.PC.CE.AR5,..,..,..,..,..,..,..,..,..,..,..,..,..,..,..,..,..,..,..,..,..,..,..,..,..,..,..,..,..,..,..,..,..,..,..
St. Martin (French part),MAF,Renewable energy consumption (% of total final energy consumption),EG.FEC.RNEW.ZS,..,..,..,..,..,..,..,..,..,..,..,..,..,..,..,..,..,..,..,..,..,..,..,..,..,..,..,..,..,..,..,..,..,..,..
St. Martin (French part),MAF,"Government expenditure on education, total (% of GDP)",SE.XPD.TOTL.GD.ZS,..,..,..,..,..,..,..,..,..,..,..,..,..,..,..,..,..,..,..,..,..,..,..,..,..,..,..,..,..,..,..,..,..,..,..
St. Martin (French part),MAF,Current health expenditure per capita (current US$),SH.XPD.CHEX.PC.CD,..,..,..,..,..,..,..,..,..,..,..,..,..,..,..,..,..,..,..,..,..,..,..,..,..,..,..,..,..,..,..,..,..,..,..
St. Martin (French part),MAF,Individuals using the Internet (% of population),IT.NET.USER.ZS,..,..,..,..,..,..,..,..,..,..,..,..,..,..,..,..,..,..,..,..,..,..,..,..,..,..,..,..,..,..,..,..,..,..,..
St. Martin (French part),MAF,"GNI, PPP (constant 2021 international $)",NY.GNP.MKTP.PP.KD,..,..,..,..,..,..,..,..,..,..,..,..,..,..,..,..,..,..,..,..,..,..,..,..,..,..,..,..,..,..,..,..,..,..,..
St. Vincent and the Grenadines,VCT,GDP per capita (constant 2015 US$),NY.GDP.PCAP.KD,3780.96337902128,3809.92855111594,4042.58490087582,4205.9756394851,4146.76955393898,4463.73517266995,4518.34640430572,4675.81188533373,4865.3845953016,4989.05262665376,5062.8308005303,5153.33775703972,5436.01127697085,5810.31291683019,6065.79528129188,6238.03062132233,6700.48065597991,6953.11709388397,7012.88002960716,6948.77356913743,6671.2735357515,6667.81702530981,6783.80062180219,6989.48254510922,7116.35480304653,7353.73556054184,7702.61696422722,7864.94736898375,8171.70522599219,8285.71577107771,8025.28499765773,8139.63685875735,8790.37418570094,9385.71082837004,..
St. Vincent and the Grenadines,VCT,Gini index,SI.POV.GINI,..,..,..,..,..,..,..,..,..,..,..,..,..,..,..,..,..,..,..,..,..,..,..,..,..,..,..,..,..,..,..,..,..,..,..
St. Vincent and the Grenadines,VCT,"Unemployment, total (% of total labor force) (modeled ILO estimate)",SL.UEM.TOTL.ZS,..,19.77,19.545,19.667,19.967,19.994,20.339,20.116,20.514,20.531,20.794,21.1,20.617,19.967,19.523,19.449,19.15,18.927,18.79,19.386,19.966,20.049,19.867,19.367,19.249,19.141,19.028,19.006,18.984,19.235,20.636,20.341,19.417,18.574,18.056
St. Vincent and the Grenadines,VCT,Carbon dioxide (CO2) emissions excluding LULUCF per capita (t CO2e/capita),EN.GHG.CO2.PC.CE.AR5,0.261152649089543,0.248614353691789,0.300420410811579,0.243047855590544,0.447227191413238,0.488292480118889,0.434940195723088,0.525008617565692,0.585792542852094,0.592770319143306,0.366374565150381,0.425546911480956,0.488764590152364,0.528544029131791,0.568086143483848,0.58603823921743,0.649918760154981,0.698460517703598,0.732247721295529,1.12118579650342,0.88032812230013,0.626434626745558,0.801942319011183,0.759236140010173,0.855535407076766,0.887247569184742,0.949703335245277,1.03158153752969,0.969254522234718,0.973436885001968,0.794003438749686,0.884861096255384,0.894694549516885,0.950425865795525,..
St. Vincent and the Grenadines,VCT,Renewable energy consumption (% of total final energy consumption),EG.FEC.RNEW.ZS,15.4,11.6,13.2,12.3,10.5,9.1,9,8.8,7.2,6.5,8.5,6.2,6.1,5.6,5.9,5.8,5.3,4.7,5.3,4.1,5.1,6.1,5,5.4,3.3,4.3,4.1,5.3,4.9,5.4,5.2,5,5.1,..,..
St. Vincent and the Grenadines,VCT,"Government expenditure on education, total (% of GDP)",SE.XPD.TOTL.GD.ZS,..,4.87377023696899,..,..,..,..,..,..,4.03337001800537,5.75268983840942,7.32787990570068,..,7.38802003860474,8.17488956451416,..,6.03082990646362,..,5.43937015533447,..,5.3761100769043,4.80839014053345,..,..,..,..,4.95615243911743,5.43737411499023,5.37974977493286,6.16111660003662,..,5.46375846862793,..,7.20952939987183,..,..
St. Vincent and the Grenadines,VCT,Current health expenditure per capita (current US$),SH.XPD.CHEX.PC.CD,..,..,..,..,..,..,..,..,..,..,149.9225769,162.93431091,175.48046875,178.1368866,188.43644714,197.63206482,209.83639526,244.32910156,256.13983154,264.6159668,281.91867065,276.15722656,298.78082275,300.01953125,299.33129883,302.58422852,313.66229248,337.89614868,358.53372192,372.05615234,406.3571167,454.80987549,434.86938477,..,..
St. Vincent and the Grenadines,VCT,Individuals using the Internet (% of population),IT.NET.USER.ZS,0,..,..,..,..,0.129,0.483,0.926,1.85,2.78,3.25,5.09,5.55,6.46,7.37,9.2,12,16,21,31,33.7,36.7,40,43.5,47.4,49.4,51.5,53.7,56,59.6,63.4,67.4,71.7,76,..
St. Vincent and the Grenadines,VCT,"GNI, PPP (constant 2021 international $)",NY.GNP.MKTP.PP.KD,..,..,..,..,..,..,..,..,..,..,..,..,..,..,..,..,..,..,..,..,..,..,..,..,..,..,..,..,..,..,..,1603601651.26015,..,..,..
Sudan,SDN,GDP per capita (constant 2015 US$),NY.GDP.PCAP.KD,764.450439453125,805.367309570313,842.008605957031,862.978149414063,850.299438476563,877.693298339844,908.66015625,1050.31994628906,1069.27197265625,1074.88098144531,1111.11865234375,1150.17626953125,1185.21533203125,1226.42077636719,1255.67114257813,1290.24438476563,1336.1240234375,1372.10961914063,1381.62561035156,1301.34729003906,1311.22314453125,1388.21813964844,1288.25854492188,1283.45922851563,1307.3896484375,1292.37963867188,1297.15454101563,1261.87353515625,1185.94445800781,1126.55297851563,1056.86474609375,1009.54888916016,973.225280761719,767.248779296875,..
Sudan,SDN,Gini index,SI.POV.GINI,..,..,..,..,..,..,..,..,..,..,..,..,..,..,..,..,..,..,..,35.4,..,..,..,..,34.2,..,..,..,..,..,..,..,..,..,..
Sudan,SDN,"Unemployment, total (% of total labor force) (modeled ILO estimate)",SL.UEM.TOTL.ZS,..,15.652,15.702,15.52,15.64,15.65,15.624,15.305,15.336,15.387,15.608,15.568,15.514,15.515,15.539,15.546,15.542,15.531,15.566,13,15.161,17.44,17.002,16.3,15.411,14.347,13.606,12.953,12.303,11.658,11.958,11.044,7.53,..,..
Sudan,SDN,Carbon dioxide (CO2) emissions excluding LULUCF per capita (t CO2e/capita),EN.GHG.CO2.PC.CE.AR5,0.251790513090378,0.219917727441756,0.204109894054504,0.142611028972951,0.204371594881173,0.186303232759311,0.179549173557781,0.212338682504813,0.185997210249715,0.200618393694238,0.215686630481029,0.229612259733483,0.273621222025851,0.274722049261717,0.300105014828693,0.34760558067693,0.415066874403277,0.439486652096874,0.457268889643641,0.460682922353258,0.477483748912413,0.449245653237507,0.474552867578192,0.466412703866995,0.476932445598802,0.538705971860037,0.580280239221179,0.554132847201123,0.539979158318373,0.515394963684055,0.456248148211711,0.47880950318352,0.433405221266295,0.425102189044572,..
Sudan,SDN,Renewable energy consumption (% of total final energy consumption),EG.FEC.RNEW.ZS,73.3,76.2,77.4,85.6,79.5,81.5,83.6,80.5,81.9,80.8,80.4,79.4,76.8,77,75.4,72.3,69.2,65.6,63.5,63.1,61.3,63.7,63.7,64.3,63.7,61.9,58.9,59.4,59.8,59.4,62.6,61,..,..,..
Sudan,SDN,"Government expenditure on education, total (% of GDP)",SE.XPD.TOTL.GD.ZS,..,..,..,..,..,..,..,..,..,..,1.01217997074127,..,1.16425001621246,..,1.31254994869232,1.17842996120453,1.55353999137878,..,1.85150003433228,2.02213001251221,..,..,..,..,..,..,..,..,..,..,..,..,..,..,..
Sudan,SDN,Current health expenditure per capita (current US$),SH.XPD.CHEX.PC.CD,..,..,..,..,..,..,..,..,..,..,13.99440765,15.18379402,16.70688248,22.58514786,29.30379486,37.07450485,55.32654953,81.79000854,82.84203339,80.0038147,73.60456848,80.3718338,75.40813446,97.4927597,88.78570557,93.69758606,89.39611053,67.75525665,33.73799133,33.70681,22.17246819,20.4981575,31.57727051,..,..
Sudan,SDN,Individuals using the Internet (% of population),IT.NET.USER.ZS,0,..,..,..,0,0,0,0.00123,0.00481,0.00879,0.0258,0.14,0.439,0.538,0.792,1.29,..,8.66,..,..,..,..,..,..,..,..,14.1,18.6,24.6,25.9,26.4,..,..,..,..
Sudan,SDN,"GNI, PPP (constant 2021 international $)",NY.GNP.MKTP.PP.KD,..,..,..,..,..,..,..,..,..,..,..,..,..,..,..,..,..,..,..,..,..,..,..,..,..,..,..,..,159879949658.56,157463516005.557,150324181518.721,150034487461.543,151603066144.774,122706518939.649,..
Suriname,SUR,GDP per capita (constant 2015 US$),NY.GDP.PCAP.KD,6474.95571162121,6609.4013410012,6594.9041494915,6127.17764098658,6290.15749631679,6184.2834422862,6114.83571706509,6330.13718248353,6343.51344766536,6127.31035739875,6128.31602380553,6255.55274185687,6301.31731043167,6567.84309876847,7021.98919924338,7261.8171350196,7599.35696921481,7897.25648915828,8129.11464659446,8276.69079768793,8603.90786745855,9003.28597674886,9140.92898611536,9303.46008775809,9224.24378410547,8813.61705392067,8293.31553031406,8338.69235401862,8666.64870697797,8677.30522021731,7213.10766669943,6973.89941868115,7081.33357325783,7195.10209033209,..
Suriname,SUR,Gini index,SI.POV.GINI,..,..,..,..,..,..,..,..,..,..,..,..,..,..,..,..,..,..,..,..,..,..,..,..,..,..,..,..,..,..,..,..,39.2,..,..
Suriname,SUR,"Unemployment, total (% of total labor force) (modeled ILO estimate)",SL.UEM.TOTL.ZS,..,17.085,17.28,15.64,12.7,8.39,10.88,10.56,10.63,13.6,12.983,12.148,11.243,10.359,9.49,9.263,9.096,9.004,8.831,8.72,7.15,7.54,8.1,6.6,6.94,7.22,7.917,7.888,7.693,7.556,8.76,8.491,8.16,7.631,7.325
Suriname,SUR,Carbon dioxide (CO2) emissions excluding LULUCF per capita (t CO2e/capita),EN.GHG.CO2.PC.CE.AR5,2.66040878269449,3.01605009963543,2.9325485106169,2.93333524103855,2.92844036697248,2.93548041694017,2.83708953353235,2.86028651964996,2.84736098783138,2.73132640560615,3.10504927167713,3.12458895100296,2.25112828289541,2.43733388097485,2.71149569098873,3.25121843666536,2.91620714023128,2.66338490742275,2.71682379547506,2.66995113766815,3.18080894961658,3.51538554188711,4.34421727840351,4.02042107483041,4.554610661258,4.68513325550568,5.03626498706098,4.12606764547854,3.58674457434618,4.39227559065517,4.25253585969359,4.22028949855639,4.07468980878228,4.17977185054207,..
Suriname,SUR,Renewable energy consumption (% of total final energy consumption),EG.FEC.RNEW.ZS,..,..,..,..,..,..,..,..,..,..,23.6,24.1,27.8,24.6,22.6,18.9,22.1,24.6,26.2,26.5,22.1,21.2,15.8,17.6,12.8,11.6,11.1,15.5,18.3,14.9,14.6,14.5,..,..,..
Suriname,SUR,"Government expenditure on education, total (% of GDP)",SE.XPD.TOTL.GD.ZS,..,..,..,..,..,..,..,..,..,..,..,..,..,..,..,..,..,..,..,..,..,..,..,..,..,5.53479623794556,5.64051914215088,5.45861291885376,4.92259359359741,6.77857303619385,4.58425712585449,4.13154983520508,3.43460845947266,2.86623334884644,..
Suriname,SUR,Current health expenditure per capita (current US$),SH.XPD.CHEX.PC.CD,..,..,..,..,..,..,..,..,..,..,166.90083313,91.73781586,158.21212769,166.88664246,212.50817871,241.68415833,313.68301392,309.17565918,334.24771118,380.04019165,399.59710693,375.34957886,406.05526733,434.50332642,440.95263672,511.91244507,338.24822998,322.00415039,445.90789795,599.07025146,453.44619751,294.25476074,343.85302734,..,..
Suriname,SUR,Individuals using the Internet (% of population),IT.NET.USER.ZS,0,..,..,..,..,0.115,0.226,1,1.67,1.89,2.51,3.06,4.16,4.72,6.08,6.4,9.5,14.1,21.1,31.4,31.6,32,34.7,37.4,40.1,42.8,45.4,48.9,55.1,62,69.8,76.6,77.6,78.4,..
Suriname,SUR,"GNI, PPP (constant 2021 international $)",NY.GNP.MKTP.PP.KD,..,..,..,..,..,..,..,..,..,..,..,..,..,..,..,..,..,..,..,..,..,..,..,..,..,..,..,..,..,..,..,9962327869.0196,..,..,..
Sweden,SWE,GDP per capita (constant 2015 US$),NY.GDP.PCAP.KD,34902.9205848639,34268.5547150561,33673.4365945351,32786.8795033975,33861.971357929,35063.9008956006,35604.9683604031,36675.2077147134,38211.1186220399,39785.3801572029,41561.0967168749,42013.7004264801,42831.0188619575,43474.579217835,45113.8308513761,46188.8411079246,48077.4408695625,49261.2399453051,48427.7563778,45973.5537675417,48204.6580784176,49355.6899419737,48788.8671231037,48927.5973053354,49556.7005007699,51197.9529341175,51746.6969632478,51985.932464245,52363.3829181296,53156.8613091273,51715.78104096,54458.3535600817,54878.2919511876,54449.7982042953,..
Sweden,SWE,Gini index,SI.POV.GINI,..,..,24.9,..,..,25.2,..,..,..,..,27,26.5,26.2,25.3,26.1,26.8,26.4,27.1,28.1,27.3,27.7,27.6,27.6,28.8,28.4,29.2,29.6,28.8,30,29.3,28.9,29.8,..,..,..
Sweden,SWE,"Unemployment, total (% of total labor force) (modeled ILO estimate)",SL.UEM.TOTL.ZS,..,3.243,5.722,9.33,9.58,8.897,9.547,10.359,8.941,7.607,5.466,4.73,4.965,5.555,6.693,7.81,7.066,6.161,6.235,8.351,8.61,7.804,7.976,8.052,7.954,7.432,6.99,6.718,6.365,6.833,8.291,8.722,7.392,7.611,8.528
Sweden,SWE,Carbon dioxide (CO2) emissions excluding LULUCF per capita (t CO2e/capita),EN.GHG.CO2.PC.CE.AR5,6.67613057150886,6.68816199828834,6.9434627120441,6.9122071864841,7.16807059082117,7.09657107633801,7.66359182526678,6.98554904996144,7.11817705034497,6.96369128754823,6.53533449600315,6.52615344493455,6.65395848361415,6.65932965098347,6.4561961258598,6.03917882265073,6.06751496750456,5.7761662213279,5.60866984242438,5.04581645563835,5.63879180126179,5.1284800120391,4.80354065298832,4.57963169995685,4.41171768884635,4.37774117156262,4.29603293733753,4.16393492825098,3.87493570159802,3.80778580404668,3.65038023103814,3.82887131880561,3.45273230773397,3.35896707790497,..
Sweden,SWE,Renewable energy consumption (% of total final energy consumption),EG.FEC.RNEW.ZS,34.1,32.5,33.2,34.4,31.4,33.9,31.4,35.5,35.5,34.6,39.8,37.4,35.9,34.6,35.5,39.3,40.1,41.8,43.2,45.7,44.7,45.4,48.3,47.3,48.6,51.9,50.9,51.8,51.6,52.9,57.8,57.9,..,..,..
Sweden,SWE,"Government expenditure on education, total (% of GDP)",SE.XPD.TOTL.GD.ZS,5.2121901512146,5.4438099861145,5.25850009918213,5.50703001022339,..,6.14813995361328,6.83862018585205,..,7.06125020980835,6.84873008728027,6.740149974823,6.61764001846313,6.92434978485107,6.79142999649048,6.66310977935791,6.5064001083374,6.36429023742676,6.17158985137939,6.34455013275146,6.74971008300781,6.52268981933594,6.36691999435425,7.5369701385498,7.61120986938477,7.57372999191284,7.4439001083374,7.61861991882324,7.56883001327515,7.64084005355835,7.63851022720337,7.92561006546021,7.57219982147217,..,..,..
Sweden,SWE,Current health expenditure per capita (current US$),SH.XPD.CHEX.PC.CD,..,..,..,..,..,..,..,..,..,..,2173.1940918,2155.85424805,2459.09863281,3110.19970703,3488.17285156,3547.63330078,3765.39697266,4310.32666016,4627.56396484,4136.17333984,4416.14550781,6351.21679688,6254.44287109,6696.87255859,6605.91162109,5598.68164063,5680.72607422,5837.77099609,6005.06591797,5652.98974609,6003.09375,6842.46044922,5943.36132813,6152.33300781,..
Sweden,SWE,Individuals using the Internet (% of population),IT.NET.USER.ZS,0.584,1.16,1.5,1.72,3.41,5.1,9.04,23.7,33.5,41.4,45.7,51.8,70.6,79.1,83.9,84.8,87.8,82,90,91,90,92.8,93.2,94.8,92.5,90.6,89.7,93,89.2,94.5,94.5,94.7,95,95.7,..
Sweden,SWE,"GNI, PPP (constant 2021 international $)",NY.GNP.MKTP.PP.KD,353476386440.237,347858151176.964,338984994575.827,325786202846.328,345280348495.107,364624042565.726,368285257084.442,378699247124.084,395973040540.433,416377703182.534,433872382441.433,437721510680.726,444315258229.113,457221408018.754,468769883211.189,482802765870.866,512082594048.547,534774068253.878,532134845395.935,506195887914.743,537322234366.907,548267897001.899,545338814794.346,550858887247.22,563439726120.12,582758901263.446,594721188783.552,611004480572.861,622401570959.693,646025804147.415,636988128641.229,680130391536.89,683375681010.395,675850261945.968,..
Switzerland,CHE,GDP per capita (constant 2015 US$),NY.GDP.PCAP.KD,70063.8516904882,68559.9381759437,67778.5474864057,67079.4643889041,67391.8443342897,67264.9112941914,67284.1091295952,68640.0744509045,70510.0254673626,71341.3428528522,73749.9388039148,74439.463600957,73824.3848823894,73254.952914928,74718.6836114474,76282.9839647849,78893.8077357762,81254.1700504637,82481.068036134,79585.5215942023,81315.4228645667,81874.3361860796,81964.8864216996,82479.9215356402,83394.3711423724,83806.4476003837,84611.0998479606,84967.5885484699,86756.6021294513,87123.6604363226,84637.0132313179,88520.3220012179,90043.4100399046,89555.5599814123,..
Switzerland,CHE,Gini index,SI.POV.GINI,..,..,33.9,..,..,..,..,..,..,..,33.4,..,31.7,..,31.6,..,33.9,34.3,33.8,32.9,32.6,31.7,31.6,32.5,32.5,32.3,33,32.7,33.1,34,33.7,..,..,..,..
Switzerland,CHE,"Unemployment, total (% of total labor force) (modeled ILO estimate)",SL.UEM.TOTL.ZS,..,1.818,2.344,3.551,3.58,3.094,3.684,4.127,3.568,3.053,2.658,2.49,2.924,4.117,4.316,4.437,3.995,3.641,3.35,4.109,4.808,4.409,4.491,4.747,4.826,4.801,4.918,4.797,4.713,4.394,4.817,5.013,4.122,4.043,4.11
Switzerland,CHE,Carbon dioxide (CO2) emissions excluding LULUCF per capita (t CO2e/capita),EN.GHG.CO2.PC.CE.AR5,6.6725297032143,6.93011065624036,6.8480883339413,6.45256414968295,6.26794179697861,6.33784742880915,6.38766376549276,6.19064493167211,6.37735493989382,6.38398060691846,6.23584925357553,6.39342094598314,6.12208814766952,6.25258124368698,6.28305225231321,6.32796454001316,6.23051993777604,5.91271463546387,6.01724053388775,5.76638358972452,5.92147461395398,5.34586354225356,5.45326472474637,5.51550150036851,4.9959034756527,4.85765230254627,4.87137865448642,4.70985016280479,4.52194177603426,4.47556231400024,4.1544461921146,4.31719241876601,3.92081063787899,3.85028599498228,..
Switzerland,CHE,Renewable energy consumption (% of total final energy consumption),EG.FEC.RNEW.ZS,16.8,17.1,17,18,18.3,17.6,16.7,17.4,17.1,18.4,18.2,18.7,18.2,18,18.1,18.7,18.1,19.3,19.6,20,20.6,20.6,21.9,21.8,22.2,23.9,24.1,25,24.2,24.8,26.4,27.7,..,..,..
Switzerland,CHE,"Government expenditure on education, total (% of GDP)",SE.XPD.TOTL.GD.ZS,4.39194011688232,4.5450701713562,..,4.94459009170532,4.90888977050781,4.9128999710083,4.92260980606079,..,4.75152015686035,4.75953006744385,4.65878009796143,4.82218980789185,5.17881011962891,5.38400983810425,5.31429004669189,5.08472013473511,4.84120988845825,4.58395004272461,4.75725984573364,4.92561006546021,4.80210018157959,4.85663986206055,4.89862012863159,4.91392993927002,4.93057012557983,4.99559020996094,4.98163986206055,5.01765012741089,4.93008995056152,5.01438999176025,5.27676010131836,5.03708982467651,4.88824462890625,..,..
Switzerland,CHE,Current health expenditure per capita (current US$),SH.XPD.CHEX.PC.CD,..,..,..,..,..,..,..,..,..,..,3559.81982422,3763.38452148,4211.72949219,5018.52734375,5608.703125,5673.93994141,5671.98144531,6154.703125,7120.65283203,7297.37988281,7695.68798828,9204.87792969,8929.32519531,9324.97265625,9550.45507813,9272.515625,9276.50292969,9423.64941406,9577.30273438,9646.91308594,10348.34667969,11262.23046875,10963.43066406,..,..
Switzerland,CHE,Individuals using the Internet (% of population),IT.NET.USER.ZS,0.596,1.18,1.75,2.17,2.72,3.55,4.55,15.1,24.8,34,47.1,55.1,61.4,65.1,67.8,70.1,75.7,77.2,79.2,81.3,83.9,85.2,85.2,86.3,83.6,87.5,89.1,89.7,91.8,93.1,94.3,95.6,96.5,97.3,..
Switzerland,CHE,"GNI, PPP (constant 2021 international $)",NY.GNP.MKTP.PP.KD,..,..,..,..,..,460289984290.411,462412250641.08,476599527012.797,494834924404.602,507659498224.945,528639351445.436,524145671933.46,522625597824.493,545673983825.195,556089426143.7,579343081438.287,596064673637.679,578837274523.462,551718619551.785,589612305540.419,634652626947.327,618992783252.997,634294507985.485,639039860295.418,640972640363.743,661144351070.684,655217483378.997,652800061582.854,655901079432.399,664382485547.689,637466168235.273,692269580547.961,716115138948.157,..,..
Syrian Arab Republic,SYR,GDP per capita (constant 2015 US$),NY.GDP.PCAP.KD,931.885068358616,972.285831689207,1065.204692606,1097.11040673676,1142.06397841767,1188.17539496366,1270.05124654802,1299.29856564941,1352.12789604368,1271.32227335953,1248.38488334216,1230.87200021533,1249.00621359351,1307.4814585452,1363.61946683869,1411.63184941498,1420.72293121298,1411.6899137524,1423.59559425951,1484.40523742854,1526.36894402751,1542.71957174916,1142.29080150598,884.329813332104,847.659877206276,847.731631942565,802.969498335502,795.883216970859,792.413811698757,771.518695271305,740.811397013438,734.334236323426,712.272278200037,..,..
Syrian Arab Republic,SYR,Gini index,SI.POV.GINI,..,..,..,..,..,..,35.2,..,..,..,..,..,..,37.5,..,..,40.1,..,..,40.4,..,..,..,..,..,..,..,..,..,..,..,..,26.6,..,..
Syrian Arab Republic,SYR,"Unemployment, total (% of total labor force) (modeled ILO estimate)",SL.UEM.TOTL.ZS,..,6.75,6.949,7.4,7.5,7.2,7.222,7.31,7.376,7.6,9.587,11.63,10.94,10.28,9.513,8.809,8.17,8.42,10.94,8.14,8.61,8.627,13.8,14.5,14.783,14.243,13.795,13.597,13.497,13.36,15.191,14.877,13.268,13.187,12.962
Syrian Arab Republic,SYR,Carbon dioxide (CO2) emissions excluding LULUCF per capita (t CO2e/capita),EN.GHG.CO2.PC.CE.AR5,2.62364689414469,2.7819118682863,2.68041609879773,2.67256735185188,2.73652904022871,2.77156403784932,2.89828196688477,2.81064906455257,2.90847021503168,2.7856932507217,2.75879366419584,2.69844513081613,2.62341018020496,2.57026883562103,2.61931763182113,3.12574229602695,3.13525645589234,3.1134366414681,3.08173238597404,2.8396773003593,2.78840076876062,2.56415546432225,2.02669069972302,1.43963721280697,1.3310522782296,1.31841460151237,1.28454273388006,1.39461446096234,1.46327136617947,1.32999998919107,1.21457451411152,1.17284612456545,1.126021957003,1.08477681546342,..
Syrian Arab Republic,SYR,Renewable energy consumption (% of total final energy consumption),EG.FEC.RNEW.ZS,2.4,2.1,2.2,2.2,2,1.8,1.6,1.7,1.6,1.8,2,2.1,1.6,1.9,2.6,2.1,1.8,1.5,1.2,0.9,1.4,1.6,2,3.1,2.7,0.6,1.3,1.1,0.9,1,1.1,1.1,..,..,..
Syrian Arab Republic,SYR,"Government expenditure on education, total (% of GDP)",SE.XPD.TOTL.GD.ZS,..,..,..,..,..,..,3.699049949646,..,..,..,..,4.54640007019043,5.26984977722168,6.48084020614624,5.37147998809814,..,5.27965021133423,4.86470985412598,4.59525012969971,5.13013982772827,..,..,..,..,..,..,..,..,..,..,..,..,..,..,..
Syrian Arab Republic,SYR,Current health expenditure per capita (current US$),SH.XPD.CHEX.PC.CD,..,..,..,..,..,..,..,..,..,..,53.47885895,57.49734879,62.5323143,59.66984177,59.96079254,62.02973557,63.69380569,71.78123474,82.53261566,87.32125854,88.11807251,74.3771286,62.70924759,44.37207794,46.44654465,36.14657974,25.93214798,33.63182449,43.59334946,50.25953293,30.63546944,25.79880524,34.36484528,..,..
Syrian Arab Republic,SYR,Individuals using the Internet (% of population),IT.NET.USER.ZS,0,0,0,0,0,0,0,0.0326,0.0637,0.124,0.182,0.354,2.09,3.4,4.32,5.65,7.83,11.5,14,17.3,20.7,22.5,24.3,26.2,28.1,30,31.9,32.7,33.8,34.7,..,..,..,..,..
Syrian Arab Republic,SYR,"GNI, PPP (constant 2021 international $)",NY.GNP.MKTP.PP.KD,..,..,..,..,..,..,..,..,..,..,..,..,..,..,..,..,..,..,..,..,..,..,..,..,..,..,..,..,..,..,..,95729079619.2505,..,..,..
Tajikistan,TJK,GDP per capita (constant 2015 US$),NY.GDP.PCAP.KD,1312.94701318034,1188.37461269952,827.586884623268,682.727259317268,528.04821736829,452.904385394465,369.934883507426,371.661243144454,389.089746664022,401.406381787908,429.537300984643,461.681195760256,501.80856647117,546.391479808684,590.957111385699,618.333702588577,649.163328755334,686.48090192413,726.185491338269,739.212878526331,770.604105393791,809.368229154093,849.519080831738,889.882383099979,925.970961482804,956.916310930656,997.352614556708,1042.26391757642,1094.8002018221,1148.34676712493,1171.90127480359,1254.06999592306,1325.75545290849,1407.1075436221,..
Tajikistan,TJK,Gini index,SI.POV.GINI,..,..,..,..,..,..,..,..,..,29.5,..,..,..,32.7,33.6,..,..,32.2,..,30.8,..,..,..,..,..,34,..,..,..,..,..,..,..,..,..
Tajikistan,TJK,"Unemployment, total (% of total labor force) (modeled ILO estimate)",SL.UEM.TOTL.ZS,..,1.845,1.85,2.65,3.15,3.45,4.05,4.15,4.65,4.45,4.15,3.75,3.95,3.85,3.616,3.375,3.13,2.874,7.134,11.5,11.542,11.557,11.444,11.417,11.439,11.485,11.5,11.487,11.437,11.419,12.321,12.333,11.634,11.546,11.635
Tajikistan,TJK,Carbon dioxide (CO2) emissions excluding LULUCF per capita (t CO2e/capita),EN.GHG.CO2.PC.CE.AR5,2.28244666190509,2.09905607173891,1.51460332070662,1.01285713362444,0.616029751253483,0.511987390612623,0.445147904326745,0.484785488325489,0.520562392605268,0.482526009242361,0.443057662733592,0.427897406380177,0.421837052673673,0.422943347488014,0.493612664782381,0.460798414953962,0.4944339167356,0.562959614715566,0.516542904498431,0.407183758042143,0.401312521554425,0.393902196673774,0.436980695485598,0.437376258469921,0.565909509549048,0.589043758329631,0.644658005730218,0.763123619708944,0.881455514700076,0.948586805031623,0.962765570076241,0.940953804329286,0.901944585376355,0.895897986091935,..
Tajikistan,TJK,Renewable energy consumption (% of total final energy consumption),EG.FEC.RNEW.ZS,29.6,31,37.4,44,57.2,60.6,62.7,56.8,55.8,59.7,62.4,64.1,64.2,64.6,61.4,63.7,61.6,53.8,54.6,60.6,61.8,60,55.8,55.1,45.9,48.1,43.7,44.2,41.6,40.1,38.8,34.9,..,..,..
Tajikistan,TJK,"Government expenditure on education, total (% of GDP)",SE.XPD.TOTL.GD.ZS,..,..,..,8.18558979034424,..,2.06590008735657,2.04345011711121,..,2.52849006652832,2.07651996612549,2.32871007919312,2.37659001350403,2.77578997612,2.42078995704651,2.77203011512756,3.51213002204895,3.40350008010864,3.41326999664307,3.45983004570007,4.0983099937439,4.00675010681152,3.93511009216309,4.01803016662598,5.29397630691528,5.59398889541626,4.96774005889893,5.73094129562378,5.54471778869629,5.38508749008179,5.48427629470825,5.73725271224976,5.70163345336914,5.71509790420532,5.81054592132568,..
Tajikistan,TJK,Current health expenditure per capita (current US$),SH.XPD.CHEX.PC.CD,..,..,..,..,..,..,..,..,..,..,5.90626955,7.56599855,8.21969986,10.97546482,14.6509676,17.38472557,20.04485893,28.58950996,41.35135651,38.9187851,42.28567886,48.8431282,56.97117615,67.62356567,73.06859589,62.75804901,54.9213562,56.85092545,58.51539993,60.51568222,74.17329407,75.10315704,78.61326599,..,..
Tajikistan,TJK,Individuals using the Internet (% of population),IT.NET.USER.ZS,0,..,..,..,..,..,..,..,..,0.0328,0.0486,0.0513,0.0555,0.0646,0.0775,0.299,3.77,7.2,8.78,10.1,11.6,13,14.5,16,17.5,19,20.5,22,..,..,27.5,49.8,53.1,56.8,..
Tajikistan,TJK,"GNI, PPP (constant 2021 international $)",NY.GNP.MKTP.PP.KD,..,..,..,13868316615.9859,8782987035.1896,9167341714.51773,7410555490.79465,7858831200.10956,8318797572.26107,8625222554.39953,9172878930.78922,10078084740.7885,11295590456.6833,12423784228.5226,13932778874.089,16712650348.383,18643351272.0615,19991119078.0066,21619019571.6067,21640638453.862,23350586097.4358,25288005491.2722,27159827211.6186,29417917182.0992,30608819532.3181,31643704567.1023,33421694372.8434,35737248952.4499,38547782816.7364,41430303765.8143,43323204473.6931,47821764056.2135,53912567185.3991,..,..
Tanzania,TZA,GDP per capita (constant 2015 US$),NY.GDP.PCAP.KD,541.544799804688,538.966979980469,528.781555175781,518.66259765625,506.972503662109,508.840423583984,522.333251953125,529.954223632813,535.363159179688,546.605529785156,555.348083496094,573.400146484375,598.421569824219,621.720703125,650.516540527344,680.051208496094,704.502746582031,731.52001953125,752.540466308594,772.929565429688,801.29931640625,838.999267578125,851.910705566406,882.8115234375,913.811218261719,939.127319335938,970.156127929688,1001.88745117188,1024.01525878906,1051.7666015625,1041.25964355469,1054.31726074219,1070.58532714844,1092.86413574219,..
Tanzania,TZA,Gini index,SI.POV.GINI,..,35.3,..,..,..,..,..,..,..,..,37.3,..,..,..,..,..,..,40.3,..,..,..,37.8,..,..,..,..,..,..,40.5,..,..,..,..,..,..
Tanzania,TZA,"Unemployment, total (% of total labor force) (modeled ILO estimate)",SL.UEM.TOTL.ZS,..,3.6,3.679,3.878,3.847,3.663,3.469,3.338,3.28,3.215,3.127,2.994,3.024,3.055,3.108,3.194,3.299,3.023,2.774,2.5,3.029,3.47,3.222,2.93,2.125,2.159,2.23,2.303,2.393,2.496,2.781,2.821,2.588,2.582,2.576
Tanzania,TZA,Carbon dioxide (CO2) emissions excluding LULUCF per capita (t CO2e/capita),EN.GHG.CO2.PC.CE.AR5,0.0798040398530735,0.0825042579590564,0.0745404148390602,0.0758311282245965,0.0722938069222449,0.0967630552862299,0.113366088707074,0.103783987688425,0.087932132235763,0.0800232310010141,0.090834424226942,0.093385194551589,0.103523394393514,0.106641883408954,0.142837770195217,0.157543974954262,0.163876810024256,0.150653381572792,0.147505111963319,0.139276768276615,0.163841548892358,0.193059357083924,0.223794524706032,0.23745636583617,0.223568261465515,0.253809224058563,0.262646711236488,0.255109842453824,0.260129572944477,0.287343157083297,0.275490063618206,0.307110830341205,0.293323533578201,0.290816514781393,..
Tanzania,TZA,Renewable energy consumption (% of total final energy consumption),EG.FEC.RNEW.ZS,93.3,93.6,93.7,94.1,95.2,93.3,92.1,92.7,93.1,94.2,93.6,93.1,92.4,92.4,91.3,90.3,89.9,90.6,90.3,91,89.4,87.6,85.2,84.5,84.7,82.8,81.7,82,81.3,80.4,80.8,78.3,..,..,..
Tanzania,TZA,"Government expenditure on education, total (% of GDP)",SE.XPD.TOTL.GD.ZS,1.4723299741745,..,..,..,..,..,1.74417996406555,1.69306004047394,1.49838995933533,..,..,..,..,..,3.56244993209839,3.54747009277344,3.00991988182068,4.03342008590698,4.18591022491455,3.96076011657715,4.54169988632202,4.57789897918701,4.22964286804199,4.63769435882568,4.34605741500854,4.19486570358276,4.10196733474731,4.40038347244263,3.96343588829041,3.59683632850647,3.23097252845764,3.11515331268311,3.23824501037598,3.26015281677246,..
Tanzania,TZA,Current health expenditure per capita (current US$),SH.XPD.CHEX.PC.CD,..,..,..,..,..,..,..,..,..,..,12.33031845,15.1739912,17.0355854,20.39437675,23.4493866,27.71374512,35.59762955,36.23610306,36.26182556,33.9993782,37.18493271,37.75179672,41.99654007,43.46931839,39.85456848,33.27184296,36.65267563,39.03560638,41.28152084,39.98176956,31.72098923,37.56311798,35.64775848,..,..
Tanzania,TZA,Individuals using the Internet (% of population),IT.NET.USER.ZS,0,..,..,..,..,..,0.00162,0.0079,0.00924,0.0751,0.117,0.171,0.222,0.677,0.878,1.1,1.3,1.6,1.9,2.4,2.9,3.2,3.95,4.4,7,10,13.5,14.5,15.5,16.6,17.8,19,22.1,29.1,..
Tanzania,TZA,"GNI, PPP (constant 2021 international $)",NY.GNP.MKTP.PP.KD,43964641632.5899,45066862079.3764,45252946632.0617,45921820900.849,46800444427.6975,48794716010.5045,51591906330.4146,53157173630.4575,55437402068.2199,57892322818.1589,60755860737.9963,63517314468.8817,69197983788.2773,73422034961.7746,78902041406.0091,84310789098.8074,91394103777.5806,96434288730.3867,102088209687.998,107600412415.615,113399714566.778,122048406068.754,128124091833.814,136644377783.434,146494199923.192,154719277141.706,164623504646.275,176103481601.01,187002479642.005,196877635788.976,200061806740.606,209201578563.966,218412369192.82,229331430201.585,..
Thailand,THA,GDP per capita (constant 2015 US$),NY.GDP.PCAP.KD,2631.51971095863,2810.56702001316,2989.85385369019,3186.99707103229,3391.48986604062,3614.93244016732,3766.86364433088,3614.60848543994,3295.36018381294,3403.08737356896,3514.71662970608,3599.02524877358,3783.75422073266,4018.15538187068,4232.77157261934,4372.25730206261,4551.5250018314,4760.66708464831,4805.76393990836,4737.45679763314,5059.35747831657,5070.23740191942,5403.87846036273,5516.61164164135,5541.46599361845,5688.85335397884,5857.78052935926,6076.74307700082,6314.19948412043,6434.53770518034,6035.18627737077,6122.49238460162,6272.57590996341,6393.88744975198,..
Thailand,THA,Gini index,SI.POV.GINI,45.3,..,47.9,..,43.5,..,42.9,..,41.5,43.1,42.8,..,41.9,..,42.5,..,41.8,39.8,40.3,39.6,39.4,37.5,39.3,37.8,37,36,36.9,36.4,36.4,34.9,35,34.9,..,..,..
Thailand,THA,"Unemployment, total (% of total labor force) (modeled ILO estimate)",SL.UEM.TOTL.ZS,..,2.63,1.35,1.49,1.347,1.1,1.071,0.873,3.404,2.968,2.389,2.6,1.82,1.54,1.51,1.35,1.22,1.18,1.18,1.49,0.622,0.66,0.58,0.249,0.576,0.597,0.688,0.83,0.765,0.716,1.099,1.215,0.94,0.733,0.693
Thailand,THA,Carbon dioxide (CO2) emissions excluding LULUCF per capita (t CO2e/capita),EN.GHG.CO2.PC.CE.AR5,1.74219238588741,1.86897008945452,2.01674777158857,2.25442714645041,2.47837424422237,2.76694402634583,3.06853143548044,3.08587046063584,2.71456860670618,2.80137850592665,2.77458280373633,2.8827731462033,3.0346555543448,3.12748475114897,3.37760100917852,3.47145647315512,3.49724934862165,3.54368131783793,3.53294884059898,3.40486234217073,3.59121735116937,3.57426864741434,3.81252846322096,3.95086476628845,3.87839205637056,3.96561450717985,3.89512446125867,3.8917772939523,3.84702835805817,3.97693747727893,3.8307274595261,3.72927854057084,3.84564905250522,3.82358004996623,..
Thailand,THA,Renewable energy consumption (% of total final energy consumption),EG.FEC.RNEW.ZS,33.5,33,31.7,26.4,23.8,22.6,21,21.1,21.5,21.1,21.8,19.9,19.9,20.2,19.9,20.1,20.5,21.6,22.6,22.8,22.8,23,23.6,23.2,24.4,22.6,22.4,22.2,23.7,23.9,20.9,19,..,..,..
Thailand,THA,"Government expenditure on education, total (% of GDP)",SE.XPD.TOTL.GD.ZS,..,3.08859992027283,3.04540991783142,..,3.4052300453186,3.14497995376587,3.49960994720459,4.57718992233276,4.62569999694824,4.83267021179199,5.25345993041992,4.81787014007568,3.86491990089417,3.72561001777649,4.03088998794556,3.93859004974365,4.05038022994995,3.60314989089966,3.50850009918213,3.86193990707397,3.5084400177002,4.80555009841919,3.59691834449768,3.82439851760864,3.91917753219604,3.86397624015808,3.76761746406555,3.46532154083252,3.19769406318665,3.02221417427063,3.15314173698425,2.98212432861328,2.61187028884888,2.52122211456299,..
Thailand,THA,Current health expenditure per capita (current US$),SH.XPD.CHEX.PC.CD,..,..,..,..,..,..,..,..,..,..,62.21043015,57.19389343,69.68746185,76.13368225,82.91682434,90.61147308,103.26116943,125.10979462,149.06762695,149.67800903,168.61891174,191.74464417,201.70690918,207.81243896,213.74395752,219.15092468,229.7849884,247.08152771,274.71221924,288.31097412,304.3817749,363.72845459,369.97647095,..,..
Thailand,THA,Individuals using the Internet (% of population),IT.NET.USER.ZS,0,5.22E-05,0.000344,0.0136,0.0386,0.0748,0.115,0.361,1.09,2.43,3.69,5.56,7.53,9.3,10.7,15,17.2,20,18.2,20.1,22.4,23.7,26.5,28.9,34.9,39.3,47.5,52.9,56.8,66.7,77.8,85.3,88,89.5,..
Thailand,THA,"GNI, PPP (constant 2021 international $)",NY.GNP.MKTP.PP.KD,..,..,..,..,..,..,..,..,..,..,..,..,..,..,..,..,..,..,..,..,..,..,..,..,..,..,..,..,..,..,..,1401698798450.15,..,..,..
Timor-Leste,TLS,GDP per capita (constant 2015 US$),NY.GDP.PCAP.KD,633.182490483019,684.870530173927,736.5916481012,789.90069743491,823.062424783438,854.130472722832,897.360531368488,907.916565963385,865.831377976116,631.072912537913,1117.56429796112,1192.78575791112,1028.1319342253,964.322564618129,955.470548287377,964.026614173558,897.573763670928,961.848462090268,1042.86835443002,1120.09698448398,1195.38086241831,1237.48383284275,1269.41629276068,1281.92864092574,1312.96494079465,1319.59297370991,1333.6585468432,1267.08660142883,1237.20064730412,1507.24748294374,1947.83997138866,2015.69270191369,1578.38322939547,1278.41861343542,..
Timor-Leste,TLS,Gini index,SI.POV.GINI,..,..,..,..,..,..,..,..,..,..,..,35.9,..,..,..,..,..,27.8,..,..,..,..,..,..,28.7,..,..,..,..,..,..,..,..,..,..
Timor-Leste,TLS,"Unemployment, total (% of total labor force) (modeled ILO estimate)",SL.UEM.TOTL.ZS,..,3.51,3.537,3.556,3.567,3.52,3.479,3.433,3.445,3.463,3.477,3.363,3.453,3.503,3.656,3.563,3.581,3.489,3.413,3.291,3.301,3.384,3.468,3.564,3.618,3.678,4.657,4.248,3.778,3.097,2.782,2.344,1.537,1.521,1.603
Timor-Leste,TLS,Carbon dioxide (CO2) emissions excluding LULUCF per capita (t CO2e/capita),EN.GHG.CO2.PC.CE.AR5,0.00223582715740881,0.00231279825460825,0.0023770264150188,0.00231301974466697,0.00236828487625119,0.00230375996664156,0.00224144384846943,0.00218058753750611,0.0685389324477736,0.195879462846997,0.306406760006872,0.153155005423214,0.120456026725541,0.287824552448635,0.555176444502806,0.368655430549683,0.349069268080897,0.311775728463542,0.301037650046638,0.31847915812698,0.308293974530714,0.333991769102519,0.554064949312045,0.654615753067028,0.629493283289746,0.57686674726648,0.537974065221214,0.549890828734932,0.533167601780308,0.503172693695736,0.490101074391446,0.49313441060513,0.520048638167816,0.507770793029764,..
Timor-Leste,TLS,Renewable energy consumption (% of total final energy consumption),EG.FEC.RNEW.ZS,..,..,..,..,..,..,..,..,..,..,..,..,48.2,47.9,44,43.6,41.9,41.9,39.7,36.9,34.8,32.8,25.6,22.6,18.1,18,12.7,13.2,12.7,11.7,11.4,12.1,11.4,..,..
Timor-Leste,TLS,"Government expenditure on education, total (% of GDP)",SE.XPD.TOTL.GD.ZS,..,..,..,..,..,..,..,..,..,..,..,..,..,..,..,..,..,..,8.67014980316162,12.9024801254272,11.1065797805786,10.1935195922852,7.16572332382202,5.68055725097656,7.65890455245972,6.29249811172485,6.0120096206665,5.20052242279053,4.87440967559814,4.17968893051147,3.65287351608276,2.9738941192627,..,..,..
Timor-Leste,TLS,Current health expenditure per capita (current US$),SH.XPD.CHEX.PC.CD,..,..,..,..,..,..,..,..,..,..,..,..,..,15.18759537,20.22569466,25.72540092,27.90169907,30.51906586,43.71953964,50.18856049,52.6151619,64.43626404,71.46888733,102.79840851,93.10574341,101.4779892,92.69400787,86.16269684,78.07413483,78.01346588,118.49451447,132.07870483,174.91215515,..,..
Timor-Leste,TLS,Individuals using the Internet (% of population),IT.NET.USER.ZS,0,..,..,..,..,..,..,..,..,..,..,..,0,..,..,0.099,0.5,1,1.5,2,3,4,7,11,17.5,18.6,21.2,24.2,27.6,28,32,35,34.5,34,..
Timor-Leste,TLS,"GNI, PPP (constant 2021 international $)",NY.GNP.MKTP.PP.KD,..,..,..,..,..,..,..,..,..,..,3788477494.9683,4260804026.55164,4758551571.1926,4011929132.17205,4460204247.89333,5406289756.36584,7668534873.53319,10388485246.6242,15373862206.1834,12191049863.0433,14762581277.8024,18069834082.5822,15941741741.6042,14230677768.9517,11666856614.3381,9554943468.50896,7632011826.52467,7749778783.12546,7727535209.86068,9477912670.03545,9536900798.20381,8804448416.9156,6944965585.28041,7111960720.04377,..
Togo,TGO,GDP per capita (constant 2015 US$),NY.GDP.PCAP.KD,703.623896219833,678.869787556389,633.668979961274,541.357021911529,620.182575480635,640.349863205312,671.504221462105,744.126581926862,706.68952385752,704.043789285316,679.533367700848,667.298281784325,675.440744386282,702.799200216835,678.287546160331,630.248628319525,629.079855938738,603.837896358253,610.405655722251,625.711836727455,644.563730311597,663.963778088896,687.495795744285,709.092304171157,730.291525419946,751.052405084336,763.276549113054,774.276909071917,791.59353236921,810.514132815471,806.956490395231,835.199051274184,862.763712696128,896.874686928368,..
Togo,TGO,Gini index,SI.POV.GINI,..,..,..,..,..,..,..,..,..,..,..,..,..,..,..,..,42.2,..,..,..,..,46,..,..,..,43,..,..,42.5,..,..,37.9,..,..,..
Togo,TGO,"Unemployment, total (% of total labor force) (modeled ILO estimate)",SL.UEM.TOTL.ZS,..,4.085,4.222,4.491,4.214,4.02,3.666,3.677,3.826,3.925,4.174,4.124,4.104,3.984,4.015,4.157,4.229,3.817,3.283,2.849,2.383,1.982,2.03,2.085,2.142,2.204,2.968,3.744,2.898,2.036,2.225,2.333,1.965,1.948,1.94
Togo,TGO,Carbon dioxide (CO2) emissions excluding LULUCF per capita (t CO2e/capita),EN.GHG.CO2.PC.CE.AR5,0.188733460189294,0.169697440931489,0.125873455251148,0.0976362659309563,0.17698570190436,0.167111329563221,0.246709161049049,0.179723726621842,0.215227057139266,0.270745433895656,0.243344551799919,0.213363368427755,0.221418683037289,0.258817863367582,0.241797255441404,0.224308429394431,0.20320536752321,0.19675699993407,0.249465677429323,0.413714263038082,0.375011696835839,0.334982825063754,0.311559252449324,0.260972498305525,0.231998875870698,0.201586935997322,0.266521121837082,0.225936250332004,0.241391644139121,0.233697755943826,0.255533050663689,0.277077606171127,0.278346856642073,0.267896573393677,..
Togo,TGO,Renewable energy consumption (% of total final energy consumption),EG.FEC.RNEW.ZS,78.7,82.1,85.8,91.5,81.6,81.5,73.1,79.6,77.8,73.1,77.1,82,78.7,74.8,76.1,77.2,79.7,79.9,76.5,63.4,65.8,69.1,72.7,76.2,81.4,81,80.7,78.4,76.7,78.6,76.2,75.1,..,..,..
Togo,TGO,"Government expenditure on education, total (% of GDP)",SE.XPD.TOTL.GD.ZS,..,..,4.01865005493164,..,..,..,3.12451004981995,..,2.82130002975464,2.96396994590759,2.77644991874695,2.66750001907349,2.4695200920105,2.35524988174438,2.20198011398315,2.23748993873596,2.43237996101379,2.48604011535645,2.38472008705139,2.76807999610901,2.95977997779846,3.07750010490417,3.37651991844177,3.17475008964539,3.4237699508667,3.71097993850708,3.6624801158905,3.76526999473572,4.09162998199463,4.20166826248169,4.09133672714233,4.23118162155151,3.79811930656433,..,..
Togo,TGO,Current health expenditure per capita (current US$),SH.XPD.CHEX.PC.CD,..,..,..,..,..,..,..,..,..,..,10.63639355,10.63499069,12.01032352,14.70664024,16.09196472,16.95772171,17.75014305,22.34309769,26.89384079,28.3035717,30.54597664,34.41139603,35.40290833,39.56414795,41.96416092,46.69767761,50.64896011,51.5464592,52.43610382,48.85387421,52.75213242,52.72237015,54.01099014,..,..
Togo,TGO,Individuals using the Internet (% of population),IT.NET.USER.ZS,0,0,0,0,0,0,0.0109,0.211,0.306,0.59,0.8,0.9,1,1.2,1.5,1.8,2,2.2,2.4,2.6,3,3.5,4,4.5,5.7,7.12,11.3,12.4,15.5,20.7,29,30.3,35.5,37,..
Togo,TGO,"GNI, PPP (constant 2021 international $)",NY.GNP.MKTP.PP.KD,8568810914.43023,8523769450.63554,8189835027.27348,7058991208.76447,7871655767.76075,8591394235.50974,9376998112.74018,10726087721.2464,10498639675.5795,10691832816.235,10644015882.8683,10730675650.7137,11192501181.0745,11956594951.7137,11808687242.6972,11260457943.69,11551952735.9195,11447305889.6989,11959915867.2227,12599457217.6863,13325801439.3769,14773637395.3726,15080282864.9621,16007424777.0198,16960047629.617,18168198901.9857,18641564741.1904,19265538379.0178,20229116027.572,21233827973.8737,21711586270.333,22932514788.177,24313627537.9555,25857322450.746,..
Tonga,TON,GDP per capita (constant 2015 US$),NY.GDP.PCAP.KD,2987.63681443977,3173.08601429871,3177.04233405346,3293.1350833286,3454.05448516602,3667.01863231075,3668.59579249623,3632.11238584383,3689.21665431157,3749.82343836492,3866.68567418646,3901.18054484807,4050.98965519019,4030.19685240474,3928.06022630974,3880.07034269632,3775.24818175295,3665.89520378024,3833.60160897114,3630.76061461146,3653.97780899136,3892.76783333257,3932.59369314639,3962.1694894595,4058.815614369,4123.90323993332,4419.81472868939,4568.62468668733,4590.84205874676,4576.85081914532,4656.93166185355,4683.2992269484,4594.63428376463,..,..
Tonga,TON,Gini index,SI.POV.GINI,..,..,..,..,..,..,..,..,..,..,37.7,..,..,..,..,..,..,..,..,37.5,..,..,..,..,..,33.5,..,..,..,..,..,27.1,..,..,..
Tonga,TON,"Unemployment, total (% of total labor force) (modeled ILO estimate)",SL.UEM.TOTL.ZS,..,1.349,1.35,1.3,1.705,2.003,2.408,2.857,3.356,3.712,4.12,4.48,4.838,5.18,3.942,2.571,1.09,1.181,1.252,1.407,1.513,1.602,1.643,1.754,1.92,2.024,2.046,2.131,2.248,2.157,2.699,2.111,2.302,2.262,2.192
Tonga,TON,Carbon dioxide (CO2) emissions excluding LULUCF per capita (t CO2e/capita),EN.GHG.CO2.PC.CE.AR5,0.899699097291876,0.951999599579559,0.999780048389354,1.01295665464571,1.409659964459,1.16238463457221,1.32336075791573,1.42241293680593,1.47749240541287,1.46698547713776,0.984641156247261,0.929440012392533,1.01950439956101,1.20137080716802,1.06404240941839,1.1469561185188,1.25267051283258,1.07002979592602,1.15585871799664,1.22011510871897,1.17504655493482,1.11555266338198,1.09901358645077,1.11507499206186,1.23629337110375,1.26961685282059,1.35703726166559,1.67811989824974,1.4900489736376,1.78860403713483,1.8182850223265,1.91013366195848,2.02490432398469,2.10331080241307,..
Tonga,TON,Renewable energy consumption (% of total final energy consumption),EG.FEC.RNEW.ZS,1.4,1.3,1.6,1.4,1.2,1.2,1.5,1.3,1.2,1,2.5,2.7,2.5,2,2.1,2.1,1.9,2.2,2,1.8,1,1.1,1.1,1.6,1.7,1.9,2,2,1.8,1.8,1.9,1.8,2.3,..,..
Tonga,TON,"Government expenditure on education, total (% of GDP)",SE.XPD.TOTL.GD.ZS,..,..,..,..,..,..,..,..,5.51712989807129,5.38055992126465,4.87807989120483,4.47756004333496,3.79500007629395,4.15951013565063,3.91376996040344,..,..,..,..,..,..,..,..,..,..,..,..,5.05922508239746,4.96945524215698,5.27322959899902,4.86051654815674,4.92703914642334,5.64619207382202,5.14565324783325,..
Tonga,TON,Current health expenditure per capita (current US$),SH.XPD.CHEX.PC.CD,..,..,..,..,..,..,..,..,..,..,53.3949585,55.2772522,62.6541748,68.05188751,102.70134735,108.29302216,149.22753906,134.56217957,190.86582947,118.79367065,166.58139038,193.43716431,316.68118286,168.82937622,207.05262756,177.37759399,202.96311951,240.52340698,272.08758545,260.73986816,256.30737305,341.50390625,378.30541992,..,..
Tonga,TON,Individuals using the Internet (% of population),IT.NET.USER.ZS,0,..,..,..,..,0.123,0.164,0.511,0.765,1.02,2.43,2.83,2.91,2.99,3.95,4.91,5.85,7.18,8.11,10,16,25,30,32.8,36,38.7,40,46.2,..,..,..,57.5,57.7,58.5,..
Tonga,TON,"GNI, PPP (constant 2021 international $)",NY.GNP.MKTP.PP.KD,..,..,..,..,540169191.803563,558934391.691016,562481699.800792,559562892.544524,583223427.269747,591987898.207764,601256811.179283,603599609.480755,640093865.127999,632454175.459925,623275817.565947,612057225.335864,610137514.804208,593962057.785725,623011576.27391,599177961.59476,605172203.151998,642815095.882195,649407740.717592,649655529.026096,651712860.132719,661047841.905506,708701723.588664,749005958.140788,758835192.455152,771472238.390074,792314609.184096,784628780.953542,758634817.109477,..,..
Trinidad and Tobago,TTO,GDP per capita (constant 2015 US$),NY.GDP.PCAP.KD,6060.68867588952,6199.99274007375,6774.74903683363,6683.21232126499,6879.30612193249,7103.75296238966,7576.87784770112,8116.255226338,8746.26879621874,9415.92386592851,10027.1128846253,10399.4482776793,11170.5188749668,12719.6915336038,13662.8295086723,15081.5729909563,17028.1736253313,17765.9500776632,18292.7390900279,17469.0934975054,17945.4187450448,17753.7548307468,18973.3363141699,19564.8491613038,20246.5238461771,20024.754663902,18459.6367502723,17537.9540218964,17399.4608022944,17400.9710162015,15789.6138011089,15616.2902959174,15868.1008675736,16061.9004827224,..
Trinidad and Tobago,TTO,Gini index,SI.POV.GINI,..,..,40.2,..,..,..,..,..,..,..,..,..,..,..,..,..,..,..,..,..,..,..,..,..,..,..,..,..,..,..,..,..,..,..,..
Trinidad and Tobago,TTO,"Unemployment, total (% of total labor force) (modeled ILO estimate)",SL.UEM.TOTL.ZS,..,18.52,19.66,19.81,18.44,17.22,16.25,15.01,14.21,13.12,12.1,10.88,10.39,10.48,8.33,7.95,6.27,5.54,4.63,5.28,4.033,3.425,3.718,2.683,2.477,2.428,3.207,3.394,3.498,3.523,4.206,4.446,4.383,4.21,4.546
Trinidad and Tobago,TTO,Carbon dioxide (CO2) emissions excluding LULUCF per capita (t CO2e/capita),EN.GHG.CO2.PC.CE.AR5,10.1169294558093,10.2459175499992,10.4423775275739,10.1128026827733,11.1110334919094,10.6680286510872,11.4318394253948,11.3717189601144,13.7024556850923,14.0346753803886,14.4974063741216,16.3934376761039,17.6397191915082,20.2750560427994,21.4153622025004,27.0528098237613,29.7039779836418,30.251276101376,29.4432850089448,28.5735658030724,31.1315657267055,31.0658205944343,28.5018506673937,27.8202269653584,27.6060454471462,27.1947821203304,24.8753411453621,23.9644030478398,23.9760652092823,24.3301795840863,21.7835336296621,20.9561130131227,20.4446461976636,19.9020116854721,..
Trinidad and Tobago,TTO,Renewable energy consumption (% of total final energy consumption),EG.FEC.RNEW.ZS,1.2,1.3,1.3,1.3,1.3,1.2,1,0.9,0.9,0.9,0.8,0.7,0.7,0.6,0.6,0.5,0.6,0.4,0.5,0.5,0.4,0.4,0.4,0.4,0.3,0.4,0.4,0.4,0.5,0.4,0.5,0.5,..,..,..
Trinidad and Tobago,TTO,"Government expenditure on education, total (% of GDP)",SE.XPD.TOTL.GD.ZS,3.65412998199463,..,..,..,3.43180990219116,3.55854988098145,3.24876999855042,3.3252100944519,2.43892002105713,2.75611996650696,2.75565004348755,3.06528997421265,3.54300999641418,3.13660001754761,..,..,..,..,..,..,4.21155452728271,3.85078835487366,3.6819269657135,3.77278661727905,3.61554169654846,4.45339345932007,4.17230987548828,3.52995157241821,3.64017295837402,3.54284954071045,4.2576699256897,3.00432991981506,2.87970423698425,..,..
Trinidad and Tobago,TTO,Current health expenditure per capita (current US$),SH.XPD.CHEX.PC.CD,..,..,..,..,..,..,..,..,..,..,266.16275024,272.72851563,324.36880493,358.59500122,431.37268066,530.35229492,568.72583008,667.35321045,751.54608154,776.62243652,825.16088867,872.96398926,895.08026123,970.90222168,1010.82769775,1061.58666992,1064.41772461,1083.37609863,1080.45397949,1097.20556641,1051.83642578,1173.39306641,1292.01806641,..,..
Trinidad and Tobago,TTO,Individuals using the Internet (% of population),IT.NET.USER.ZS,0,..,..,..,..,0.158,0.393,1.17,2.72,5.81,7.72,15.4,22,26,27,29,30,32.3,34.8,44.3,48.5,55.2,57.5,59.9,62.4,65.1,67.8,70.6,72.8,75,77.3,84.4,84.5,84.7,..
Trinidad and Tobago,TTO,"GNI, PPP (constant 2021 international $)",NY.GNP.MKTP.PP.KD,..,..,..,..,..,..,..,..,..,..,..,..,..,..,..,..,..,..,..,..,..,..,..,..,..,..,..,..,..,..,..,41482542496.0017,..,..,..
Tunisia,TUN,GDP per capita (constant 2015 US$),NY.GDP.PCAP.KD,2114.47309080904,2151.21130992292,2270.86744293948,2274.64477979221,2305.16426828743,2322.59508752734,2452.91248308547,2551.55386456589,2639.87840884849,2766.57366349293,2864.55075602101,2941.74275551058,2950.20794016332,3058.23292911168,3218.72738670507,3301.94245942789,3444.55582504699,3642.12450341045,3760.12316696001,3835.25509911786,3906.91133143991,3784.74620448381,3900.05126518371,3947.59276091668,4021.60476871861,4014.94773686432,4015.29664102169,4062.22677519573,4128.10393763368,4154.95861594283,3749.26722435797,3902.54258302726,3983.49130488497,3958.56222854122,..
Tunisia,TUN,Gini index,SI.POV.GINI,40.1,..,..,..,..,41.7,..,..,..,..,40.8,..,..,..,..,37.7,..,..,..,..,35.8,..,..,..,..,32.8,..,..,..,..,..,33.7,..,..,..
Tunisia,TUN,"Unemployment, total (% of total labor force) (modeled ILO estimate)",SL.UEM.TOTL.ZS,..,15.946,15.616,15.954,16.009,16.339,16.059,15.94,15.476,15.21,14.94,14.4,14.55,14.51,14.23,12.872,12.51,12.365,12.444,13.29,13.049,18.334,17.63,15.934,14.259,15.159,15.557,15.33,15.459,17.153,17.656,16.611,15.3,15.106,16.203
Tunisia,TUN,Carbon dioxide (CO2) emissions excluding LULUCF per capita (t CO2e/capita),EN.GHG.CO2.PC.CE.AR5,1.77457913734011,1.79352038097223,1.86697121754626,1.89798722271958,1.87636497987237,1.88677144558095,1.91829904183494,1.9500661800373,2.010078532399,2.08815008922466,2.16380344569626,2.23014390440538,2.18382061301618,2.1410432787854,2.24409150236918,2.28616488836399,2.34251300692704,2.39244521630669,2.411702577202,2.38140640959954,2.57557602744943,2.41241186529347,2.56498687015124,2.53280546245652,2.67880330890962,2.69402637932256,2.58992491244006,2.60017211281441,2.56551477479012,2.54660999786023,2.39808445875947,2.57407859587594,2.5131661525295,2.58167109014427,..
Tunisia,TUN,Renewable energy consumption (% of total final energy consumption),EG.FEC.RNEW.ZS,14.5,14.8,14.2,13.9,14.2,14.4,14.4,14.4,14.5,14.5,14.2,14.2,14.6,14.1,13.9,14.2,14.3,14.3,14.6,16.1,12.6,13.2,13,13.2,12.9,12.5,12.4,11.8,11.9,12.2,12.9,11.6,..,..,..
Tunisia,TUN,"Government expenditure on education, total (% of GDP)",SE.XPD.TOTL.GD.ZS,5.79086017608643,6.02747011184692,5.75488996505737,5.98376989364624,6.17646980285645,6.42975997924805,6.2878098487854,6.67902994155884,..,6.27098989486694,6.20196008682251,6.20184993743896,5.79006004333496,6.81675004959106,6.72078990936279,6.4515700340271,6.43879985809326,6.46451997756958,6.27157020568848,6.528480052948,5.96306991577148,..,5.95086002349854,..,..,6.22044992446899,..,..,..,6.1737322807312,7.26507568359375,6.67984676361084,6.8049898147583,6.73398876190186,..
Tunisia,TUN,Current health expenditure per capita (current US$),SH.XPD.CHEX.PC.CD,..,..,..,..,..,..,..,..,..,..,111.01378632,114.00454712,124.64620972,148.93447876,167.27586365,169.84550476,178.82592773,202.32022095,230.50152588,231.3591156,240.75447083,270.67507935,270.29055786,284.64538574,287.60955811,249.46418762,240.40258789,223.85903931,215.418396,212.60031128,250.46203613,270.34024048,265.85464478,..,..
Tunisia,TUN,Individuals using the Internet (% of population),IT.NET.USER.ZS,0,..,..,..,0.00738,0.0112,0.0276,0.0437,0.108,1.6,2.75,4.3,5.25,6.49,8.53,9.66,13,17.1,27.5,34.1,36.8,39.1,41.4,43.8,46.2,46.5,49.6,55.5,64.2,66.7,68.6,68.3,70.6,72.4,..
Tunisia,TUN,"GNI, PPP (constant 2021 international $)",NY.GNP.MKTP.PP.KD,54421022832.7858,56152493333.0862,60335734954.4605,60914059344.9082,63162881651.8039,65101380315.9609,69433302058.431,73789109731.0484,77573410886.1644,82312310180.9311,85868412760.6522,89051988341.0747,90222959819.7207,94743440759.0137,100533613379.79,103069353642.791,108998638280.369,115787702638.94,120398580883.528,124663222072.206,127299016036.956,124843466909.073,130751215031.259,133535269582.034,138901785718.288,141383257728.423,143566550716.199,146541518569.184,150320682401.044,152442641383.439,137624291163.502,145187702613.036,149939357443.133,149084455477.511,..
Turkiye,TUR,GDP per capita (constant 2015 US$),NY.GDP.PCAP.KD,5154.62432505626,5101.20725011469,5267.51548598504,5573.56502081975,5221.80789335628,5541.74699484825,5861.70189076597,6215.40337957423,6276.80835064274,5991.37218649156,6325.0960882995,5887.68576603671,6192.18555011794,6473.46273839035,7028.75556387992,7579.37203227654,8023.15099265417,8414.25350387565,8376.14924620652,7862.87076474477,8396.92342026278,9201.33726059829,9519.81508910914,10195.8475785153,10556.1170411504,11049.9951100942,11264.6145749335,11953.6664174026,12148.2931275476,12073.8690708145,12179.6626536773,13449.9291299333,14055.1031460453,14713.5670729157,..
Turkiye,TUR,Gini index,SI.POV.GINI,..,..,..,..,..,..,..,..,..,..,..,..,..,..,..,..,..,..,..,..,..,..,..,..,..,..,..,43.5,42.4,43.8,43,44.4,..,..,..
Turkiye,TUR,"Unemployment, total (% of total labor force) (modeled ILO estimate)",SL.UEM.TOTL.ZS,..,8.21,8.509,8.962,8.577,7.644,6.629,6.841,6.888,7.687,6.495,8.381,10.358,10.542,10.838,10.636,10.227,10.285,10.965,14.026,11.879,9.789,9.21,9.713,9.901,10.304,10.899,10.919,10.956,13.73,13.148,11.969,10.465,9.388,8.449
Turkiye,TUR,Carbon dioxide (CO2) emissions excluding LULUCF per capita (t CO2e/capita),EN.GHG.CO2.PC.CE.AR5,2.76989842905983,2.67528683226473,2.74122394439687,2.78856987930016,2.72537473700664,2.92290786866384,3.13987311354139,3.25267386745122,3.23208275194254,3.16700588090557,3.47027993979332,3.12055250312144,3.24191657732253,3.38605251554103,3.43865725373913,3.54930581771927,3.91145170823547,4.28042732962939,4.21561190996784,4.18330263107009,4.26765961897483,4.48281099270961,4.57761375874189,4.38412234635187,4.60410113855215,4.70226607193423,4.93489476936857,5.39364397893842,5.26873027109493,5.00896106827559,5.0704098162876,5.47439194675224,5.10409677637585,5.13695450148147,..
Turkiye,TUR,Renewable energy consumption (% of total final energy consumption),EG.FEC.RNEW.ZS,24.4,24,24,23.6,24,21.9,21,20.7,21.5,20.5,17.3,18.1,17.5,16.3,16.8,15.3,14.2,12.5,12.5,13.1,14.2,12.7,13,13.8,11.5,13.3,13.2,11.4,11.8,14.1,13.7,12,..,..,..
Turkiye,TUR,"Government expenditure on education, total (% of GDP)",SE.XPD.TOTL.GD.ZS,..,..,..,3.36546993255615,3.42482995986938,2.2511100769043,..,..,0,..,..,..,..,..,..,..,..,..,3.3205578327179,3.76504969596863,3.7870135307312,4.221519947052,4.38721990585327,4.34481000900269,4.41258001327515,4.30550003051758,4.62773990631104,4.32368993759155,4.29729986190796,4.44776010513306,4.03382015228271,3.53787994384766,2.61430358886719,..,..
Turkiye,TUR,Current health expenditure per capita (current US$),SH.XPD.CHEX.PC.CD,..,..,..,..,..,..,..,..,..,..,192.8344574,148.86210632,181.39144897,232.5562439,292.65307617,357.40197754,409.25881958,504.37646484,561.73529053,492.30032349,531.82861328,525.89105225,520.44274902,547.95465088,520.40753174,444.70803833,456.3659668,432.13754272,380.27835083,388.67486572,386.2593689,431.33978271,385.87997437,..,..
Turkiye,TUR,Individuals using the Internet (% of population),IT.NET.USER.ZS,0,..,..,0.00846,0.0499,0.0817,0.193,0.474,0.699,2.29,3.76,5.19,11.4,12.3,14.6,15.5,18.2,28.6,34.4,36.4,39.8,43.1,45.1,46.3,51,53.7,58.3,64.7,71,74,77.7,81.4,83.4,86,87.3
Turkiye,TUR,"GNI, PPP (constant 2021 international $)",NY.GNP.MKTP.PP.KD,..,..,..,..,..,..,..,..,..,..,..,..,..,..,..,..,..,..,..,..,..,..,..,..,..,..,..,..,..,..,..,2602673279394.45,..,..,..
Turkmenistan,TKM,GDP per capita (constant 2015 US$),NY.GDP.PCAP.KD,3495.74838854006,3252.31233981197,2703.31865628693,2684.18035580245,2174.38821394629,1981.94402262254,2078.71862628194,1810.78048140778,1906.90538588317,2181.15938103368,2255.01496788934,2306.30057631688,2266.6336625636,2295.29620574541,2364.26725156856,2622.61796328876,2856.77457038028,3114.06330033038,3504.34843278483,3645.43522420841,3900.14237925855,4379.74943394339,4761.0792759807,5131.16736462999,5533.03528846527,5759.497903834,5977.83828113854,6222.55590558882,6460.94356849428,6718.16608056274,6965.11226889286,7248.70763225719,7551.03650143157,7880.44528570939,..
Turkmenistan,TKM,Gini index,SI.POV.GINI,..,..,..,..,..,..,..,..,40.8,..,..,..,..,..,..,..,..,..,..,..,..,..,..,..,..,..,..,..,..,..,..,..,..,..,..
Turkmenistan,TKM,"Unemployment, total (% of total labor force) (modeled ILO estimate)",SL.UEM.TOTL.ZS,..,1.4,1.5,1.5,4.7,8.3,10.3,11,12.2,12.7,11.666,10.851,10.153,9.311,8.44,7.485,6.58,5.694,4.835,4,4,4.002,3.986,3.983,4,4.016,4.031,4.044,4.044,4.043,4.501,4.459,4.109,4.099,4.304
Turkmenistan,TKM,Carbon dioxide (CO2) emissions excluding LULUCF per capita (t CO2e/capita),EN.GHG.CO2.PC.CE.AR5,12.1507902276309,10.0449597421506,7.16996954639517,6.65726450727816,8.24998506071181,8.20902733654275,7.33802255677363,7.26436739202118,7.39307295057008,8.58393604872478,8.58434927881673,8.61680764185551,9.0616872122974,9.89986358585199,10.3513790483559,10.4700730782302,10.6774779220552,11.5915077785359,11.5878510668511,10.0207609080063,11.0798805827665,11.6369958424659,11.7577789691258,10.9898556085599,10.4001081101901,10.5431346397952,10.313864328862,10.0807261527132,9.73066883989901,9.62363887768624,9.59744526261628,9.20604965311124,9.21404172751682,8.96031713485809,..
Turkmenistan,TKM,Renewable energy consumption (% of total final energy consumption),EG.FEC.RNEW.ZS,0,0,0,0,0,0,0,0,0.1,0.1,0.1,0.1,0.1,0.1,0.1,0.1,0.1,0.1,0.1,0.1,0.1,0.1,0,0.1,0.1,0.1,0.1,0.1,0.1,0.1,0.1,0.1,..,..,..
Turkmenistan,TKM,"Government expenditure on education, total (% of GDP)",SE.XPD.TOTL.GD.ZS,..,..,..,..,..,..,..,..,..,..,..,..,..,..,..,..,..,..,..,..,..,..,3.04924988746643,..,..,..,..,..,..,3.12054991722107,3.76267004013062,3.8489100933075,3.73386001586914,2.74651002883911,..
Turkmenistan,TKM,Current health expenditure per capita (current US$),SH.XPD.CHEX.PC.CD,..,..,..,..,..,..,..,..,..,..,75.52490234,120.8463974,128.08802795,199.93019104,302.85839844,324.81155396,349.6842041,261.83258057,235.91514587,178.44587708,202.7792511,251.85777283,289.13015747,339.92349243,393.86843872,362.72949219,376.65567017,410.81082153,411.32562256,432.78118896,420.0083313,471.86325073,579.15454102,..,..
Turkmenistan,TKM,Individuals using the Internet (% of population),IT.NET.USER.ZS,0,..,..,..,..,..,..,..,..,0.045,0.133,0.175,0.302,0.425,0.754,0.997,1.32,1.41,1.75,1.95,3,5,7.2,9.6,12.2,15,18,21.3,..,..,..,..,..,..,..
Turkmenistan,TKM,"GNI, PPP (constant 2021 international $)",NY.GNP.MKTP.PP.KD,..,..,..,..,..,..,..,..,..,..,..,..,..,..,..,..,..,..,..,..,..,..,..,..,..,..,..,..,..,..,..,115831344939.412,..,..,..
Turks and Caicos Islands,TCA,GDP per capita (constant 2015 US$),NY.GDP.PCAP.KD,..,..,..,..,..,..,..,..,..,..,..,..,..,..,..,..,..,..,..,..,..,25215.8650392422,23975.034869719,23132.9846383537,24145.8283072302,25736.101625461,26370.3822681677,24681.724417852,25034.1163096131,25382.1833321986,18073.2852240745,19331.2436023591,20259.3160723391,20346.6552687741,..
Turks and Caicos Islands,TCA,Gini index,SI.POV.GINI,..,..,..,..,..,..,..,..,..,..,..,..,..,..,..,..,..,..,..,..,..,..,..,..,..,..,..,..,..,..,..,..,..,..,..
Turks and Caicos Islands,TCA,"Unemployment, total (% of total labor force) (modeled ILO estimate)",SL.UEM.TOTL.ZS,..,..,..,..,..,..,..,..,..,..,..,..,..,..,..,..,..,..,..,..,..,..,..,..,..,..,..,..,..,..,..,..,..,..,..
Turks and Caicos Islands,TCA,Carbon dioxide (CO2) emissions excluding LULUCF per capita (t CO2e/capita),EN.GHG.CO2.PC.CE.AR5,0.427789185489391,0.41446566436408,0.393215111796453,0.366354044548652,0.355549358616843,0.33218176986447,0.31081509673327,0.309428467419003,0.331164303973972,0.322957848432541,0.945008008542445,0.939926440539436,1.25746467932223,1.27491140056151,1.22506125306265,1.40070035017509,1.69565736576046,1.99467072706509,2.14022678382616,2.28417517839653,2.4614143044487,1.80898657848668,1.802222429732,1.99090719995246,2.16547788873039,2.1827619177708,2.29675061986167,2.20980632876506,2.20168916480185,2.51123569475976,1.98260712837381,2.15281922065292,2.13318210569939,2.23169834191956,..
Turks and Caicos Islands,TCA,Renewable energy consumption (% of total final energy consumption),EG.FEC.RNEW.ZS,0.8,0.5,0.3,0.5,0.5,0.5,0.6,0.5,0.5,0.5,0.4,0.4,0.4,0.4,0.4,0.4,0.3,0.3,0.3,0.3,0.3,0.4,0.4,0.4,0.4,0.4,0.4,0.3,0.4,0.5,0.5,0.8,0.8,..,..
Turks and Caicos Islands,TCA,"Government expenditure on education, total (% of GDP)",SE.XPD.TOTL.GD.ZS,..,..,..,..,..,..,..,..,..,..,4.71883010864258,4.84300994873047,5.06913995742798,4.72877979278564,..,2.54099988937378,..,..,..,..,..,3.36029505729675,2.69146537780762,2.9092276096344,2.74654626846313,2.98526191711426,2.90744566917419,2.47278213500977,2.86723041534424,3.02971601486206,2.42074680328369,4.10662603378296,4.10991382598877,3.13524532318115,..
Turks and Caicos Islands,TCA,Current health expenditure per capita (current US$),SH.XPD.CHEX.PC.CD,..,..,..,..,..,..,..,..,..,..,..,..,..,..,..,..,..,..,..,..,..,..,..,..,..,..,..,..,..,..,..,..,..,..,..
Turks and Caicos Islands,TCA,Individuals using the Internet (% of population),IT.NET.USER.ZS,0,..,..,..,..,..,..,..,..,..,..,..,..,..,..,..,..,..,..,..,..,..,..,..,..,..,..,..,..,..,..,..,..,..,..
Turks and Caicos Islands,TCA,"GNI, PPP (constant 2021 international $)",NY.GNP.MKTP.PP.KD,..,..,..,..,..,..,..,..,..,..,..,..,..,..,..,..,..,..,..,..,..,..,..,..,..,..,..,..,..,..,..,963579029.216529,..,..,..
Tuvalu,TUV,GDP per capita (constant 2015 US$),NY.GDP.PCAP.KD,2450.79726036268,2502.27716517093,2540.7562718213,2619.69518382039,2863.67111176146,2698.96068050891,2521.22126914168,2756.31403388992,3166.39547155271,3102.1067626385,3056.55101983122,3043.15907920605,3320.16858154912,3152.22822039796,3042.6128529965,2864.90524160208,2900.92710155819,3069.67368184077,3230.22109521715,2987.80397939993,2879.29645720352,3028.2511217061,2922.07629963849,3030.55285189857,3035.24325598472,3357.83417700071,3558.61212970652,3666.20189700038,3757.85997284742,4345.99606453315,4233.0183205634,4396.04894488478,4515.29701517492,4773.34085526672,..
Tuvalu,TUV,Gini index,SI.POV.GINI,..,..,..,..,..,..,..,..,..,..,..,..,..,..,..,..,..,..,..,..,39.1,..,..,..,..,..,..,..,..,..,..,..,..,..,..
Tuvalu,TUV,"Unemployment, total (% of total labor force) (modeled ILO estimate)",SL.UEM.TOTL.ZS,..,..,..,..,..,..,..,..,..,..,..,..,..,..,..,..,..,..,..,..,..,..,..,..,..,..,..,..,..,..,..,..,..,..,..
Tuvalu,TUV,Carbon dioxide (CO2) emissions excluding LULUCF per capita (t CO2e/capita),EN.GHG.CO2.PC.CE.AR5,0,0,0,0,0,0,0,0,0,0,0,0,0,0,0,0,0,0,0,0,0,0,0,0,0,0,0,0,0,0,0,0,0,0,..
Tuvalu,TUV,Renewable energy consumption (% of total final energy consumption),EG.FEC.RNEW.ZS,0,0,0,0,0,0,0,0,0,0,0,0,0,0,0,0,0,0,0.2,0.2,0.4,0.2,0.3,0.7,0.7,3,7.3,7,6.4,6.3,5,5,5.2,..,..
Tuvalu,TUV,"Government expenditure on education, total (% of GDP)",SE.XPD.TOTL.GD.ZS,6.98569011688232,..,..,..,..,..,..,3.45019006729126,..,..,..,..,..,..,..,..,..,..,..,..,..,..,..,..,..,..,..,..,..,..,..,..,..,12.8456897735596,..
Tuvalu,TUV,Current health expenditure per capita (current US$),SH.XPD.CHEX.PC.CD,..,..,..,..,..,..,..,..,..,..,351.92758179,261.71032715,207.1824646,274.99337769,216.72221375,231.17539978,285.24816895,281.69580078,297.58547974,330.37155151,465.0112915,501.53479004,473.34634399,503.47753906,527.12036133,449.56771851,697.90136719,1001.7612915,816.8225708,1128.93554688,923.06542969,1152.32275391,1084.66955566,..,..
Tuvalu,TUV,Individuals using the Internet (% of population),IT.NET.USER.ZS,0,..,..,..,..,..,..,..,..,..,5.24,5.7,6.3,6.9,7.6,8.3,9.1,10,11.2,12.8,14.6,16.5,18.7,21.2,24.1,27.3,31,35.2,42.3,50.8,61,73.3,73.6,74.3,..
Tuvalu,TUV,"GNI, PPP (constant 2021 international $)",NY.GNP.MKTP.PP.KD,..,..,..,..,..,..,..,..,..,..,..,..,..,..,..,..,..,..,..,..,..,..,..,..,..,..,..,..,..,..,..,73586105.3767515,..,..,..
Uganda,UGA,GDP per capita (constant 2015 US$),NY.GDP.PCAP.KD,369.839286985576,377.780503685951,377.609612721367,395.163949168597,406.592301920177,441.226201168263,468.427898950193,478.250663988847,487.008977266219,509.455395054388,509.19755319016,519.456547890884,547.405338919875,564.720539196569,585.339489080616,604.404813057618,650.270540867444,684.542241787248,722.565167003452,749.342865535423,768.624091660131,816.516366587228,823.580468285493,828.988669729986,845.978664791099,862.934610355811,874.648370639216,871.093880017151,895.07512785438,920.939101515671,917.0350317644,919.401675217265,933.094056370423,955.745797275462,..
Uganda,UGA,Gini index,SI.POV.GINI,..,..,41.4,..,..,..,39,..,..,43,..,..,45.2,..,..,42.9,..,..,..,44.2,..,..,41,..,..,..,42.8,..,..,42.7,..,..,..,..,..
Uganda,UGA,"Unemployment, total (% of total labor force) (modeled ILO estimate)",SL.UEM.TOTL.ZS,..,3.464,3.556,3.497,3.471,3.235,3.213,3.247,3.437,3.468,3.529,3.52,3.5,3.6,2.705,1.9,2.272,2.677,3.052,3.6,3.619,3.528,3.551,1.91,2.348,2.679,3.008,3.428,3.25,3.06,3.831,3.422,2.886,2.787,2.941
Uganda,UGA,Carbon dioxide (CO2) emissions excluding LULUCF per capita (t CO2e/capita),EN.GHG.CO2.PC.CE.AR5,0.0472512730154309,0.0465027871654511,0.0457491900998625,0.0445355016602845,0.0388436883929579,0.0489555938359018,0.0520263475817828,0.0531065866168108,0.0602332423720474,0.0600113143062596,0.0588371322679233,0.0580384225510752,0.0641095184364312,0.0656303833421549,0.0666739950980528,0.0793826505887773,0.089476965047201,0.104777086495559,0.109903376778305,0.117782652851083,0.112859199966707,0.122678940616875,0.12097874046398,0.119195036188937,0.127326043996766,0.143205247141291,0.14873263209464,0.149352665733273,0.158849224017679,0.157915286587187,0.152805559834332,0.165023884290734,0.152622807410413,0.148333419344274,..
Uganda,UGA,Renewable energy consumption (% of total final energy consumption),EG.FEC.RNEW.ZS,96.6,96.6,96.7,96.8,97.3,96.5,96.3,95.9,95.4,95.5,95.3,95.5,95.6,95.6,95.3,94.5,94.2,94.1,94.1,94.3,93.6,93.3,93.4,93.1,92.4,91.7,91.4,91.3,90.5,90.5,91.6,91,90.9,..,..
Uganda,UGA,"Government expenditure on education, total (% of GDP)",SE.XPD.TOTL.GD.ZS,..,..,..,..,..,..,..,..,..,..,2.461669921875,..,..,..,4.95237016677856,..,..,..,..,..,1.72739994525909,2.29890990257263,1.79746997356415,1.87114000320435,1.91472005844116,2.32152009010315,2.13789010047913,2.25363993644714,2.13052010536194,2.30828070640564,2.57222175598145,2.63593602180481,2.56105017662048,2.55159378051758,..
Uganda,UGA,Current health expenditure per capita (current US$),SH.XPD.CHEX.PC.CD,..,..,..,..,..,..,..,..,..,..,16.42591858,15.99569035,15.74429226,14.23364067,18.60707474,25.86819267,31.60310555,36.10126495,40.04308701,44.3670578,51.88574982,55.2076683,55.03918457,52.906353,50.957798,40.09843445,39.08125305,31.43818092,32.9515686,33.36559677,44.73381805,51.03484726,44.14502716,..,..
Uganda,UGA,Individuals using the Internet (% of population),IT.NET.USER.ZS,0,..,..,..,..,0.00286,0.00463,0.0103,0.0653,0.106,0.164,0.238,0.384,0.465,0.72,1.74,2.53,3.67,3.88,4.1,4.3,4.6,4.8,5.1,5.4,5.8,5.9,..,..,..,7.4,10,11.1,15.3,..
Uganda,UGA,"GNI, PPP (constant 2021 international $)",NY.GNP.MKTP.PP.KD,18644397654.7847,19700202375.3574,20121428915.2223,22111140345.1161,23517777631.6564,26353934494.7911,28833464927.602,30462085303.2375,32004806728.2763,34545817249.7058,35105566683.3565,36446704716.8127,40014626584.0402,42645668031.3634,45263264610.2212,48019313299.4674,53434273390.8171,58242617688.618,63393605749.6047,67820190996.3036,71599251566.5108,78419747868.271,80960148830.584,83789374633.4656,87916784960.7609,92859973103.3415,97428389276.188,99879186174.2592,105627275681.055,112661554500.812,116651234817.871,120570399029.427,126136434333.129,133076481862.032,..
Ukraine,UKR,GDP per capita (constant 2015 US$),NY.GDP.PCAP.KD,3102.310546875,2826.06469726563,2538.85278320313,2177.23486328125,1687.48449707031,1493.38208007813,1355.57336425781,1326.27795410156,1311.59362792969,1319.533203125,1409.22265625,1547.2783203125,1644.28125,1814.25854492188,2042.44494628906,2122.6015625,2298.13232421875,2498.35205078125,2567.69409179688,2188.17016601563,2285.93383789063,2418.12084960938,2426.92944335938,2432.41625976563,2308.6435546875,2094.47387695313,2156.0830078125,2217.7529296875,2308.6669921875,2398.07836914063,2324.107421875,2426.6123046875,1874.66296386719,2159.94653320313,..
Ukraine,UKR,Gini index,SI.POV.GINI,..,..,29.7,28.9,..,39.2,35.2,..,..,..,..,..,29,28.7,28.9,29,29.8,27,26.6,25.3,24.8,24.6,24.7,24.6,24,25.5,25,26,26.1,26.6,25.6,..,..,..,..
Ukraine,UKR,"Unemployment, total (% of total labor force) (modeled ILO estimate)",SL.UEM.TOTL.ZS,..,1.9,1.9,2,2,5.62,7.65,8.93,11.32,11.864,11.707,11.061,10.136,9.057,8.59,7.18,6.81,6.351,6.363,8.84,8.1,7.851,7.529,7.17,9.27,9.14,9.35,9.5,8.799,8.194,9.475,9.834,..,..,..
Ukraine,UKR,Carbon dioxide (CO2) emissions excluding LULUCF per capita (t CO2e/capita),EN.GHG.CO2.PC.CE.AR5,15.0909307956039,14.2044805346791,12.3916152595639,10.8118116086292,8.99531680602645,8.95444640575607,7.73506728765989,7.50186982328213,7.21593372541033,7.26927040790375,7.26485804329832,7.31188140637392,7.38839336568532,8.11381344347246,7.66588326970513,7.48273908998773,7.51519701453682,7.78351937341252,7.4890896731948,6.23415787981447,6.76621490660744,7.19580974743096,7.02924488990015,6.83302125858802,5.85682533730035,4.9369163140613,4.98038969475127,4.52370399084727,4.82984027904059,4.62310613736213,4.44622734451247,4.38060626691926,3.370030660605,3.60953255673653,..
Ukraine,UKR,Renewable energy consumption (% of total final energy consumption),EG.FEC.RNEW.ZS,0.7,0.7,0.6,0.9,1.1,1,0.9,1,1.6,1.4,1.2,1.2,1,1,1.2,1.3,1.8,2.4,2.7,3,2.9,2.7,2.9,3.5,3.5,4.2,5.5,6.5,6.9,7.4,8.7,8.9,..,..,..
Ukraine,UKR,"Government expenditure on education, total (% of GDP)",SE.XPD.TOTL.GD.ZS,..,..,..,..,..,..,..,5.45600986480713,4.44884014129639,3.61807990074158,4.02293014526367,4.52568006515503,5.24006986618042,5.4001898765564,5.12376022338867,5.84819984436035,5.97945976257324,5.90244007110596,6.15242004394531,7.05074977874756,7.39708471298218,5.93770980834961,6.44269990921021,6.41989994049072,5.87493991851807,5.7425684928894,5.00977993011475,5.41707992553711,5.3199200630188,5.44129991531372,5.38231992721558,5.14011001586914,5.93389987945557,..,..
Ukraine,UKR,Current health expenditure per capita (current US$),SH.XPD.CHEX.PC.CD,..,..,..,..,..,..,..,..,..,..,34.62232971,44.14328766,52.11910248,67.87039948,83.23918915,114.63265228,146.27377319,183.18217468,212.75292969,165.98542786,199.49559021,240.17747498,270.76205444,275.94143677,208.94400024,154.75454712,154.5546875,183.69506836,217.73760986,242.81388855,265.07846069,369.90487671,..,..,..
Ukraine,UKR,Individuals using the Internet (% of population),IT.NET.USER.ZS,0,..,..,0.000777,0.0136,0.0431,0.0986,0.199,0.301,0.405,0.716,1.24,1.87,3.15,3.49,3.75,4.51,6.55,11,17.9,23.3,28.7,35.3,41,46.2,48.9,53,58.9,62.6,70.1,75,79.2,82.7,82.4,..
Ukraine,UKR,"GNI, PPP (constant 2021 international $)",NY.GNP.MKTP.PP.KD,..,1112440584304.68,982334669633.509,827303751739.226,645706350761.554,565917668758.528,508984957294.638,493590342248.429,480941972298.81,476791328645.067,489814891611.544,539467203019.645,568545208748.363,623313591299.116,698098713399.507,717450408007.781,766206757735.499,833080671718.406,844583758406.257,717047082736.243,758994303817.563,789915805106.9,821176569714.031,818374952609.945,738169431545.25,701484228906.357,697340699036.703,717126172987.842,738562646678.456,764329168831.641,743667143889.36,724798384656.186,568614314477.267,582705657174.667,..
United Arab Emirates,ARE,GDP per capita (constant 2015 US$),NY.GDP.PCAP.KD,66979.1559111514,63905.6264663297,62667.1354440337,60391.4655804681,61614.341587467,62860.2773213642,62334.4066549265,62177.4283781097,57785.0311374876,55354.9439576767,57365.398325282,54574.8141644088,52607.6615070877,54020.4735636716,56027.6100352432,55777.9018280487,57053.7895562267,52428.0680658389,48281.3477929691,42991.5535126927,42645.6359569427,43800.1592968488,42868.0975031847,43269.8404646118,43023.1904165525,43534.9972681733,43745.2881662331,42690.2147775401,42679.751908331,42700.1297920702,40776.6308681689,41778.5838745072,42687.7207175669,42507.787339453,..
United Arab Emirates,ARE,Gini index,SI.POV.GINI,..,..,..,..,..,..,..,..,..,..,..,..,..,..,..,..,..,..,..,..,..,..,..,32.5,..,..,..,..,26.4,..,..,..,..,..,..
United Arab Emirates,ARE,"Unemployment, total (% of total labor force) (modeled ILO estimate)",SL.UEM.TOTL.ZS,..,1.625,1.713,1.905,1.836,1.8,1.834,1.904,2.068,2.197,2.25,2.444,2.661,2.908,2.965,3.12,2.963,2.936,2.821,2.944,2.811,2.596,2.327,2.126,2.002,1.793,1.64,2.462,2.236,2.331,4.294,3.105,2.872,2.151,2.133
United Arab Emirates,ARE,Carbon dioxide (CO2) emissions excluding LULUCF per capita (t CO2e/capita),EN.GHG.CO2.PC.CE.AR5,29.9689182497287,32.254241697257,29.565192719638,29.6630699075151,31.1695189563729,31.7918873338476,31.1410228968372,29.9216656432681,28.4428044668814,27.2970466401042,25.3198800655489,27.1939982651151,26.1619793238318,25.956044391153,25.9698706267172,26.252392926584,25.3933041863808,24.382755503246,26.0607102012736,24.6511808903397,25.0302408877764,24.9508835057255,25.0317529122846,25.3376205035441,24.5554653921364,24.2932089958222,23.7512527846654,22.1460497819364,20.0129970991904,20.9238618071447,20.7946079996698,21.0257863269429,20.5359774022313,19.648625763813,..
United Arab Emirates,ARE,Renewable energy consumption (% of total final energy consumption),EG.FEC.RNEW.ZS,0,0,0.2,0.1,0.1,0.1,0.1,0.1,0.1,0.1,0.1,0.1,0.1,0.1,0.1,0.1,0.1,0.1,0.1,0.1,0.1,0.1,0.1,0.1,0.1,0.1,0.1,0.2,0.3,0.7,0.9,1,..,..,..
United Arab Emirates,ARE,"Government expenditure on education, total (% of GDP)",SE.XPD.TOTL.GD.ZS,..,..,..,..,..,..,..,..,..,..,..,..,..,..,..,..,..,..,..,..,..,..,..,..,..,..,..,..,..,3.86020994186401,3.98417997360229,3.89403009414673,..,..,..
United Arab Emirates,ARE,Current health expenditure per capita (current US$),SH.XPD.CHEX.PC.CD,..,..,..,..,..,..,..,..,..,..,706.03112793,689.29278564,754.26220703,784.89343262,821.74920654,898.36480713,1031.14904785,1176.49328613,1465.82446289,1531.02209473,1619.98864746,1787.59997559,1711.38525391,1789.68579102,1776.7310791,1479.49743652,1592.91906738,1695.203125,1872.58422852,1962.46728516,2154.41113281,2249.96313477,2314.74511719,..,..
United Arab Emirates,ARE,Individuals using the Internet (% of population),IT.NET.USER.ZS,0,..,..,..,..,0.103,0.375,3.3,6.91,14.9,23.6,26.3,28.3,29.5,30.1,40,52,61,63,64,68,78,85,88,90.4,90.5,90.6,94.8,98.5,99.2,100,100,100,100,..
United Arab Emirates,ARE,"GNI, PPP (constant 2021 international $)",NY.GNP.MKTP.PP.KD,..,..,..,..,..,..,..,..,..,..,..,343490247442.597,338550737436.336,365180656486.274,402137872254.035,426583021520.162,471657760196.133,492657520424.083,497825080688.626,470035505174.353,472459821117.31,502176772083.17,511573280080.5,537660726186.555,560320526087.556,599946973587.263,633783442025.204,639461677114.844,645612190049.788,653762685344.385,615506669379.804,644233156727.809,693846879376.575,724785383062.284,..
United Kingdom,GBR,GDP per capita (constant 2015 US$),NY.GDP.PCAP.KD,30876.3706304517,30441.4813488187,30481.0348859844,31165.1544568281,32281.4801527014,33011.2945610583,33777.5280893285,35349.7906529645,36446.26168577,37435.8844440997,38921.8965742615,39769.8719588505,40312.982402183,41390.6062114686,42167.3557140489,43023.2276941486,43724.8957170161,44524.5707052861,44065.6156615172,41712.8319038271,42311.4329860219,42459.9629998419,42802.0207834042,43281.5764200721,44336.537861323,44964.3911437292,45482.4668618551,46374.5811167058,46742.1481190493,47234.2466070513,42215.8837450989,45873.869597011,47551.2296562184,47322.6682239254,..
United Kingdom,GBR,Gini index,SI.POV.GINI,35.7,35,35,35.1,36,35.5,35.3,35.7,36.6,36.8,38.8,37.1,35.1,34.9,34.8,35.5,35.9,34.4,35.4,35.1,33.7,33.2,33.1,32.7,33.1,33.3,33.1,32.6,33.7,32.8,32.6,32.4,..,..,..
United Kingdom,GBR,"Unemployment, total (% of total labor force) (modeled ILO estimate)",SL.UEM.TOTL.ZS,..,8.55,9.772,10.346,9.648,8.694,8.189,7.072,6.198,6.042,5.558,4.696,5.037,4.807,4.594,4.835,5.411,5.342,5.705,7.627,7.924,8.169,8.25,7.704,6.363,5.517,4.867,4.452,4.12,3.613,4.472,4.826,3.73,3.984,4.111
United Kingdom,GBR,Carbon dioxide (CO2) emissions excluding LULUCF per capita (t CO2e/capita),EN.GHG.CO2.PC.CE.AR5,10.1724638659873,10.3000846479533,10.0413053733109,9.73917530313531,9.58467742876204,9.4465953670718,9.7540648082803,9.37106557382952,9.35426301654923,9.26543543688161,9.36756919563665,9.52150902458476,9.21174814843586,9.39563731147034,9.35084997550756,9.26021742016211,9.19944214011513,8.97271037531549,8.63571995370427,7.76156632373776,7.97606329440935,7.25618139196738,7.55397764356054,7.33173962130557,6.66379081437629,6.38636589142253,5.99503657836809,5.77190411357241,5.6156871532293,5.34638296326487,4.75564745872147,5.06510639138444,4.83044504432742,4.41994586686174,..
United Kingdom,GBR,Renewable energy consumption (% of total final energy consumption),EG.FEC.RNEW.ZS,0.7,0.6,0.8,0.8,1,1.1,0.9,1,1,0.9,1,0.8,1,0.9,1.1,1.4,1.6,1.8,2.4,3,3.2,4,4.2,5.2,6.6,7.7,7.7,8.8,10.2,11.4,13.6,12.2,..,..,..
United Kingdom,GBR,"Government expenditure on education, total (% of GDP)",SE.XPD.TOTL.GD.ZS,4.05552005767822,4.1224799156189,4.3344898223877,..,4.850830078125,4.83926010131836,4.37826013565063,..,4.20707988739014,3.988450050354,4.01821994781494,4.10014009475708,4.61192989349365,4.8012900352478,4.73554992675781,4.92976999282837,4.97649002075195,4.9244499206543,4.90973997116089,5.06263017654419,5.69867992401123,5.57218980789185,5.57887411117554,5.52530002593994,5.60134983062744,5.55452013015747,5.42795991897583,5.45256996154785,5.20437002182007,5.26115989685059,5.43935012817383,5.90458011627197,4.95917558670044,..,..
United Kingdom,GBR,Current health expenditure per capita (current US$),SH.XPD.CHEX.PC.CD,..,..,..,..,..,..,..,..,..,..,2027.64416504,2083.99023438,2374.82177734,2789.35131836,3377.11694336,3547.28979492,3817.99072266,4431.63769531,4301.41552734,3829.68286133,3892.38012695,4140.36230469,4217.24755859,4348.28662109,4716.30224609,4440.73828125,4016.63916016,3907.82226563,4219.48632813,4258.63476563,4816.15283203,5612.04931641,5035.6171875,5366.77685547,..
United Kingdom,GBR,Individuals using the Internet (% of population),IT.NET.USER.ZS,0.0874,0.174,0.261,0.52,1.04,1.9,4.12,7.39,13.7,21.3,26.8,33.5,56.5,64.8,65.6,70,68.8,75.1,78.4,83.6,85,85.4,87.5,89.8,91.6,92,94.8,90.4,90.7,92.5,94.8,96.2,96.3,96.3,..
United Kingdom,GBR,"GNI, PPP (constant 2021 international $)",NY.GNP.MKTP.PP.KD,..,..,..,..,..,..,..,..,..,..,..,..,..,..,..,..,..,..,..,..,..,..,..,..,..,..,..,..,..,..,..,3433241545503.73,..,..,..
United States,USA,GDP per capita (constant 2015 US$),NY.GDP.PCAP.KD,39200.0658112434,38637.8398140572,39447.9472855283,40002.4762252856,41106.9881843679,41710.8207249566,42783.8165697825,44151.6860414367,45596.4306843475,47234.2455275229,48616.25462578,48597.4246142005,48967.3661201159,49905.5233074236,51348.3473376223,52649.5713054684,53596.3152372,54152.8292651299,53703.9628961266,51863.6183411923,52821.4047643404,53259.2552138539,54080.2286497215,54844.2425797154,55817.5632471958,57040.2082136605,57658.6708825722,58703.1440780161,60127.2102762459,61400.5481543687,59493.1459820135,62996.2893837444,64342.1179383761,65875.177881434,..
United States,USA,Gini index,SI.POV.GINI,38.3,38,38.4,40.4,40,39.9,40.3,40.5,40,40,40.1,40.6,40.4,40.8,40.3,41,41.4,40.8,40.8,40.6,40,40.9,40.9,40.6,41.5,41.2,41.1,41.2,41.4,41.5,39.7,39.7,41.3,..,..
United States,USA,"Unemployment, total (% of total labor force) (modeled ILO estimate)",SL.UEM.TOTL.ZS,..,6.8,7.5,6.9,6.119,5.65,5.451,5,4.511,4.219,3.992,4.731,5.783,5.989,5.529,5.084,4.623,4.622,5.784,9.254,9.633,8.949,8.069,7.375,6.168,5.28,4.869,4.355,3.896,3.669,8.055,5.349,3.65,3.638,4.106
United States,USA,Carbon dioxide (CO2) emissions excluding LULUCF per capita (t CO2e/capita),EN.GHG.CO2.PC.CE.AR5,19.9653497474191,19.5240247291299,19.5591909213532,19.7590514737284,19.8310752263174,19.7976006279152,20.1441075153864,20.9044719189311,20.8267036185808,20.6497236955275,21.0126181548683,20.6263138382916,19.9111727323552,19.9687524573828,20.0821970782783,19.9254743047446,19.4054745883831,19.4964902822967,18.709751708786,17.1897216706835,17.8509029193083,17.0352891718287,16.2101854193116,16.5317321906657,16.4707816333408,16.0043536832943,15.5668331327819,15.2550825454735,15.6594755926923,15.1279252916654,13.471131167494,14.3207301614424,14.362559889663,13.9797885071669,..
United States,USA,Renewable energy consumption (% of total final energy consumption),EG.FEC.RNEW.ZS,4.2,4.5,4.8,4.3,4.1,4.7,4.8,4.5,4.5,5.7,5.4,4.7,4.8,5.3,5.5,5.8,6.4,6.3,6.8,7.3,7.4,8.4,8.5,8.9,9,8.9,9.3,9.7,9.9,10.2,11,10.9,..,..,..
United States,USA,"Government expenditure on education, total (% of GDP)",SE.XPD.TOTL.GD.ZS,..,..,..,..,..,..,..,..,..,..,6.08564949035645,6.29892301559448,6.35995531082153,6.3286075592041,6.2537636756897,6.17098331451416,6.16402912139893,6.24331855773926,6.43608617782593,6.73869848251343,6.6945538520813,6.49768352508545,6.25388622283936,6.22925806045532,6.12920570373535,4.93063020706177,4.78327989578247,5.09296989440918,4.89502000808716,4.95746994018555,5.39998006820679,5.42829990386963,..,..,..
United States,USA,Current health expenditure per capita (current US$),SH.XPD.CHEX.PC.CD,..,..,..,..,..,..,..,..,..,..,4548.5546875,4901.67529297,5327.93701172,5732.24365234,6071.84423828,6428.60205078,6802.47509766,7153.73144531,7364.93847656,7614.82421875,7836.08837891,8015.78076172,8262.29101563,8411.42871094,8796.18261719,9200.85839844,9536.20605469,9822.37890625,10182.25585938,10546.01367188,11672.77050781,11999.09082031,12434.43359375,..,..
United States,USA,Individuals using the Internet (% of population),IT.NET.USER.ZS,0.785,1.16,1.72,2.27,4.86,9.24,16.4,21.6,30.1,35.8,43.1,49.1,58.8,61.7,64.8,68,68.9,75,74,71,71.7,69.7,74.7,71.4,73,74.6,85.5,87.3,88.5,89.4,90.3,91.3,92.2,93.1,..
United States,USA,"GNI, PPP (constant 2021 international $)",NY.GNP.MKTP.PP.KD,10838281571953.6,10852132166930.4,11195634984107.6,11456558829041.1,11948710126856.7,12356460362352.6,12901639092472.8,13575050810006.5,14339845697842,14981018875592.2,15650553265892.2,15896366268199.9,16121566594685.2,16472605101230.1,17097152259121.4,17657148578471,18281059848810.1,18410890250630.6,18097675438897.2,17827612579427.4,18476407481717.2,18846254382072.1,19432631329302,19738315283426.9,20390659881904.4,21046357873913.2,21329958004840.2,21839465663475.1,22490908096714.2,23060297645547.1,22437238486330.2,23832230000000,24485993209843.5,24847255997203.5,..
Uruguay,URY,GDP per capita (constant 2015 US$),NY.GDP.PCAP.KD,8320.3559048693,8565.26927800028,9193.55122074713,9388.10939080161,10019.3479243955,9822.89680356996,10316.2027570949,11138.8676127212,11584.9491858277,11357.0866859804,11096.3309569487,10643.5574019273,9806.7713064359,9878.75684344081,10366.9067382871,11131.3984890038,11574.470540231,12310.482735502,13165.83628166,13691.71420689,14722.3780081191,15443.9961926395,15949.3176985435,16639.4054750651,17122.0364563225,17125.9016800298,17357.2349882717,17611.6036681064,17608.9441264801,17758.4384253485,16439.3140406635,17365.2637779599,18213.6956137768,18295.9066764742,..
Uruguay,URY,Gini index,SI.POV.GINI,..,..,41.5,..,..,40.9,40.8,41.5,42.5,..,42.9,45,45.5,45,45.9,44.7,45.9,46.4,45.1,45.5,44.5,42.2,39.9,40.5,40.1,40.1,39.7,39.5,39.7,39.7,40.2,40.8,40.6,..,..
Uruguay,URY,"Unemployment, total (% of total labor force) (modeled ILO estimate)",SL.UEM.TOTL.ZS,..,8.95,8.96,8.35,9.04,10.02,11.93,11.44,9.362,10.466,12.627,15.052,16.648,16.661,12.98,12.009,10.844,9.403,8.025,7.74,7.158,6.307,6.451,6.444,6.547,7.488,7.841,7.89,8.336,8.836,10.413,9.328,7.877,8.355,8.401
Uruguay,URY,Carbon dioxide (CO2) emissions excluding LULUCF per capita (t CO2e/capita),EN.GHG.CO2.PC.CE.AR5,1.26861750874484,1.42792905609037,1.5605302668852,1.46767859660462,1.3715813685809,1.49377320156517,1.74180775242926,1.75835971638158,1.82129979501618,2.11535595256936,1.70430156579224,1.53091500926471,1.40377758536714,1.39797012421728,1.7498754244402,1.69144471723684,1.96944465217574,1.85184117399101,2.39290625547934,2.36183839054576,1.94104104767702,2.33498906615166,2.65503308297863,2.28317804753303,1.9986389912327,2.04265596046576,2.01658162397171,1.88609028702901,2.01880434840246,2.10113840609018,2.0287628480174,2.51247168203209,2.56874770895036,2.60244663572093,..
Uruguay,URY,Renewable energy consumption (% of total final energy consumption),EG.FEC.RNEW.ZS,44.8,43.7,43.3,42.7,42.2,41,37.5,37.7,36.9,33.3,38.7,41.6,43.2,43.8,39.3,41.3,37.6,43.2,44.1,44.6,53.3,49.7,47.9,51.9,56.7,59.4,60.3,60.8,60.8,59.3,61.2,57.8,..,..,..
Uruguay,URY,"Government expenditure on education, total (% of GDP)",SE.XPD.TOTL.GD.ZS,..,2.47907996177673,2.41153001785278,..,2.27171993255615,2.521399974823,2.86986994743347,..,2.24337005615234,..,2.42254996299744,2.80096006393433,2.32220005989075,2.0682098865509,2.49954009056091,2.71475005149841,2.85664010047913,..,..,..,..,4.14937019348145,4.09353351593018,4.23892021179199,4.26735019683838,4.20636987686157,4.36420011520386,4.41787004470825,4.60362005233765,4.62833976745605,4.54292011260986,4.46065998077393,4.5073299407959,..,..
Uruguay,URY,Current health expenditure per capita (current US$),SH.XPD.CHEX.PC.CD,..,..,..,..,..,..,..,..,..,..,699.20495605,679.4229126,436.44049072,383.55554199,375.93881226,445.28201294,500.65515137,578.34454346,811.7020874,826.05682373,1043.26000977,1244.93884277,1347.02868652,1516.80664063,1495.59777832,1424.8939209,1469.38964844,1672.3314209,1713.26611328,1692.50195313,1432.00463867,1594.98059082,1850.80737305,..,..
Uruguay,URY,Individuals using the Internet (% of population),IT.NET.USER.ZS,0,..,..,..,0.0625,0.31,1.85,3.36,6.99,9.97,10.5,11.1,11.4,15.9,17.1,20.1,29.4,34,39.3,41.8,46.4,51.4,54.5,57.7,61.5,64.6,66.4,70.3,80.7,83.4,85.5,87.6,89.9,89.9,..
Uruguay,URY,"GNI, PPP (constant 2021 international $)",NY.GNP.MKTP.PP.KD,42508596060.2764,44532650567.1704,48299693381.7904,49653794433.241,53141671651.0719,52508122921.7853,55539652358.6869,60666415521.1151,63386598298.1458,62807684236.4791,61538210295.036,59151871473.4148,55039046890.6773,53078280771.5996,55608345087.2847,60632507455.2176,63520583513.3594,67688585779.6838,72031497239.0096,74877414362.342,80347934703.664,84764234213.8866,84384859545.663,90178807332.3051,92070037242.6133,94189955005.3033,95240598111.2745,96018586403.1193,96033891710.1806,97657223050.9093,90002039792.8954,89965128500.3463,94484696680.9753,97932711037.0435,..
Uzbekistan,UZB,GDP per capita (constant 2015 US$),NY.GDP.PCAP.KD,1569.0107998014,1524.20427668934,1320.59769274598,1260.71649658634,1169.86899033163,1136.35843596834,1134.17871135087,1172.71784381554,1204.09081234601,1238.36591553092,1269.72137546203,1306.60633175098,1341.95995981655,1381.82572808803,1466.61348891112,1549.04577531624,1643.1464561958,1773.75803693225,1904.45855506688,2025.04298646073,2144.64000565433,2271.00936222974,2395.84036755713,2530.68447898548,2659.99075095143,2803.19018021751,2918.67725852871,2995.76761437609,3108.16187861097,3259.36964632427,3249.05191093933,3442.72484450189,3576.71552716,3725.67414578523,..
Uzbekistan,UZB,Gini index,SI.POV.GINI,..,..,..,..,..,..,..,..,44.3,..,36,..,33,35.3,..,..,..,..,..,..,..,..,..,..,..,..,..,..,..,..,..,..,31.2,..,..
Uzbekistan,UZB,"Unemployment, total (% of total labor force) (modeled ILO estimate)",SL.UEM.TOTL.ZS,..,1.9,2.9,4.9,7.3,7.8,10.7,10.9,13.3,13.3,12.317,11.3,10.283,9.248,8.162,7.092,6.03,4.99,4.89,5.04,5.36,4.96,4.87,4.86,5.09,5.15,5.16,5.83,5.389,4.932,5.293,5.364,4.49,4.46,4.488
Uzbekistan,UZB,Carbon dioxide (CO2) emissions excluding LULUCF per capita (t CO2e/capita),EN.GHG.CO2.PC.CE.AR5,6.24743097419804,6.11175166043264,5.46421262373116,5.34014190951364,4.98669139797904,4.51449757651208,4.57709348084858,4.50251610339846,5.07982020581043,5.04252163996678,5.27157039315765,5.25850186703753,5.35900421968836,4.98411610259925,5.04400225130478,4.72864583283932,4.99075566116733,4.78163546118024,4.92555421623033,4.39437913467353,4.77627561051756,4.79911388036219,4.19024012211373,4.06261391232996,3.73200285848583,3.48800914334893,3.6351213160431,3.70887959456401,3.76344348415942,3.79819310358677,3.66331320334331,3.90418721156735,3.9758315610756,3.86791519550193,..
Uzbekistan,UZB,Renewable energy consumption (% of total final energy consumption),EG.FEC.RNEW.ZS,1.3,1.2,1.4,1.6,1.6,1.5,1.7,1.4,1.2,1.5,0.7,0.8,1,1.4,1,1.6,0.8,0.9,0.8,1.2,1.3,0.9,1.3,1.2,1.4,1.7,1.6,1.7,1.5,1.6,1,1,..,..,..
Uzbekistan,UZB,"Government expenditure on education, total (% of GDP)",SE.XPD.TOTL.GD.ZS,..,..,..,..,..,..,..,..,..,..,..,..,..,..,..,..,..,..,..,..,..,5.81876087188721,6.02691507339478,5.74190998077393,5.71323013305664,5.49453353881836,5.41523742675781,5.0333194732666,4.83589315414429,6.29534673690796,4.94803667068481,5.36828899383545,5.23477172851562,5.47287607192993,..
Uzbekistan,UZB,Current health expenditure per capita (current US$),SH.XPD.CHEX.PC.CD,..,..,..,..,..,..,..,..,..,..,35.72119904,30.46290398,24.50708961,25.61911011,28.02430153,32.51261139,37.97257233,46.89629364,61.29156876,71.95819092,92.87456512,109.86156464,127.94210052,140.71011353,118.44307709,132.60565186,129.82177734,93.4151535,82.53038788,98.6240387,120.29019165,156.44789124,169.43212891,..,..
Uzbekistan,UZB,Individuals using the Internet (% of population),IT.NET.USER.ZS,0,..,..,..,..,0.00153,0.00429,0.0105,0.0208,0.0307,0.484,0.598,1.08,1.91,2.59,3.34,6.39,7.49,9.08,11.9,15.9,18.6,23.6,26.8,35.5,42.8,46.8,48.7,55.2,70.4,71.1,76.6,83.9,89,..
Uzbekistan,UZB,"GNI, PPP (constant 2021 international $)",NY.GNP.MKTP.PP.KD,..,..,..,..,..,..,..,..,..,..,..,..,..,..,..,..,..,..,..,..,..,..,..,..,..,..,..,..,..,..,..,318136740469.502,..,..,..
Vanuatu,VUT,GDP per capita (constant 2015 US$),NY.GDP.PCAP.KD,2613.88857994846,2629.91166309721,2631.76192140948,2587.0267039921,2755.42371758639,2719.42786074845,2721.27101129192,2794.06558923154,2768.49452460382,2720.84088285459,2816.55467270142,2653.20552077911,2453.23063016525,2496.20135524205,2533.08456900312,2603.5705693897,2756.32885029318,2767.00051145415,2849.60529447634,2862.54154137255,2831.4561125716,2857.67479579179,2823.80523018966,2774.47446807163,2798.19313971776,2746.59171880997,2812.11360434484,2920.84492140374,2934.41548444085,2959.73897696398,2747.30576044379,2642.67305152596,2631.5518630347,2627.97526807247,..
Vanuatu,VUT,Gini index,SI.POV.GINI,..,..,..,..,..,..,..,..,..,..,..,..,..,..,..,..,..,..,..,..,37.4,..,..,..,..,..,..,..,..,32.3,..,..,..,..,..
Vanuatu,VUT,"Unemployment, total (% of total labor force) (modeled ILO estimate)",SL.UEM.TOTL.ZS,..,7.997,7.964,8.288,8.103,8.153,8.108,8.24,8.24,8.308,8.283,8.434,8.621,8.682,8.447,8.126,8.006,6.854,5.661,4.565,4.685,4.821,4.951,5.058,5.15,5.254,5.261,5.287,5.326,5.444,4.046,4.766,5.143,5.082,5.064
Vanuatu,VUT,Carbon dioxide (CO2) emissions excluding LULUCF per capita (t CO2e/capita),EN.GHG.CO2.PC.CE.AR5,0.692272883839987,0.6291462715672,0.343812657446918,0.340517863077955,0.341673095999118,0.302745651770703,0.299571121811937,0.301787820828514,0.304520702360456,0.298272982949552,0.45629989102485,0.517717019750721,0.496775807579788,0.558417104201329,0.42438177832007,0.422755741127349,0.371891831810414,0.591568900377809,0.566779493688738,0.619599451727531,0.649743124811121,0.737655766118764,0.593451541487366,0.59336220243475,0.673608976329542,0.598269078282306,0.609731446191843,0.681850007360677,0.870437041425511,0.845933866465743,0.839529140929806,0.860174977441249,0.887409518089993,0.8966664481959,..
Vanuatu,VUT,Renewable energy consumption (% of total final energy consumption),EG.FEC.RNEW.ZS,27.6,31.9,37.3,40.3,43.5,45.4,44.3,46.7,49.3,50.5,49.5,51.3,53.3,52.7,55.4,54.9,55.3,51.6,52.1,38.7,38.1,35.8,39,40.9,31.5,35.6,33.1,35.7,29.7,31.6,26,24.6,25,..,..
Vanuatu,VUT,"Government expenditure on education, total (% of GDP)",SE.XPD.TOTL.GD.ZS,..,..,..,..,4.11687994003296,..,..,..,7.64104986190796,6.1626501083374,7.0036301612854,8.95114994049072,8.13197994232178,8.44151020050049,..,..,..,..,5.95150995254517,5.16051006317139,..,..,..,..,5.18195009231567,5.60338020324707,7.67742586135864,4.5334300994873,8.60634708404541,1.77407002449036,2.17358994483948,10.1102409362793,10.7033452987671,10.6434001922607,..
Vanuatu,VUT,Current health expenditure per capita (current US$),SH.XPD.CHEX.PC.CD,..,..,..,..,..,..,..,..,..,..,48.28763199,45.73453903,52.34658813,54.93638229,62.80937958,61.94078064,67.59348297,72.52819061,81.70391083,82.80802155,99.27953339,113.81780243,118.25688171,130.88293457,108.22322083,118.69898987,88.35998535,91.04128265,110.32492065,112.13746643,125.41011047,141.28567505,135.42979431,..,..
Vanuatu,VUT,Individuals using the Internet (% of population),IT.NET.USER.ZS,0,..,..,..,..,..,0.0568,0.14,0.274,0.538,2.11,2.83,3.51,3.9,4.75,5.08,5.85,6.8,7.27,7.5,8,9.2,10.6,11.3,18.8,22.4,24,30.8,34,37.5,41.4,45.7,45.7,45.7,..
Vanuatu,VUT,"GNI, PPP (constant 2021 international $)",NY.GNP.MKTP.PP.KD,..,..,..,..,..,..,..,..,..,..,..,..,537884463.356181,559808336.390245,578713089.575126,600214947.278401,664929180.825572,682284751.830521,754090908.946328,751193908.712221,765012105.369818,794668728.789687,775921601.228167,826326860.037272,866151971.793784,871654332.169898,917374644.538632,955159783.922168,1013614130.72745,1179558265.95682,1081676288.43893,1097415263.82541,1129399414.82047,..,..
"Venezuela, RB",VEN,GDP per capita (constant 2015 US$),NY.GDP.PCAP.KD,..,..,..,..,..,..,..,..,..,..,..,..,..,..,..,..,..,..,..,..,..,..,..,..,..,..,..,..,..,..,..,..,..,..,..
"Venezuela, RB",VEN,Gini index,SI.POV.GINI,..,..,42.1,..,..,47.2,..,..,48,47.7,..,47.2,48.9,47.9,47.3,49.3,44.7,..,..,..,..,..,..,..,..,..,..,..,..,..,..,..,..,..,..
"Venezuela, RB",VEN,"Unemployment, total (% of total labor force) (modeled ILO estimate)",SL.UEM.TOTL.ZS,..,9.45,7.69,6.6,8.56,10.24,11.77,11.16,11.15,14.53,13.99,13.04,16.17,16.78,15.07,10.663,8.606,7.279,6.245,6.097,7.112,6.902,6.601,7.54,6.821,6.137,5.319,5.045,5.46,5.876,7.53,7.037,5.707,5.485,5.475
"Venezuela, RB",VEN,Carbon dioxide (CO2) emissions excluding LULUCF per capita (t CO2e/capita),EN.GHG.CO2.PC.CE.AR5,5.17368478656136,5.19007829441727,5.11146555970401,5.18445017812682,5.64109272610207,5.40337330827351,5.88861682933096,5.78552319037718,5.74397967369391,5.48203478572975,5.61615117691294,5.73578652487386,5.82230757741756,5.52277218797898,5.68322465670986,5.82156130165068,5.83954577106968,5.64087498145979,5.84946454114281,5.81061848356748,6.13577136317261,5.9261930322795,6.55718146273176,6.45098364219172,6.34354131223099,5.75422781181326,5.29594301709825,4.97159149929481,4.72244453694884,4.12946282786104,2.54285628603804,2.52064376343986,2.75925825302554,2.98914301314017,..
"Venezuela, RB",VEN,Renewable energy consumption (% of total final energy consumption),EG.FEC.RNEW.ZS,12,13.2,14.2,13.2,13.8,13.2,12.9,13.9,13.7,15,15.3,14,12.8,13.4,14.6,14.2,15.6,16.6,16.4,16.2,13.8,14.8,13.8,15.4,12.1,15.4,14.6,14.3,14.6,15.8,31.2,33.7,..,..,..
"Venezuela, RB",VEN,"Government expenditure on education, total (% of GDP)",SE.XPD.TOTL.GD.ZS,2.44671010971069,..,4.31067991256714,3.81783008575439,5.00603008270264,..,..,..,..,..,..,..,..,..,..,..,3.66905999183655,3.62732005119324,..,6.87468004226685,..,..,..,..,..,..,..,..,..,..,..,..,..,..,..
"Venezuela, RB",VEN,Current health expenditure per capita (current US$),SH.XPD.CHEX.PC.CD,..,..,..,..,..,..,..,..,..,..,..,..,..,..,..,..,..,..,..,..,..,..,..,..,..,..,..,..,164.68154907,112.7611084,153.24269104,162.50117493,208.56968689,..,..
"Venezuela, RB",VEN,Individuals using the Internet (% of population),IT.NET.USER.ZS,0,..,0.0121,0.0416,0.0555,0.122,0.248,0.391,1.38,2.84,3.36,4.64,4.91,7.5,8.4,12.6,15.2,20.8,25.9,32.7,37.4,40.2,49.1,54.9,57,58,60,61.6,..,..,..,..,..,..,..
"Venezuela, RB",VEN,"GNI, PPP (constant 2021 international $)",NY.GNP.MKTP.PP.KD,..,..,..,..,..,..,..,..,..,..,..,..,..,..,..,..,..,..,..,..,..,..,..,..,..,..,..,..,..,..,..,..,..,..,..
Viet Nam,VNM,GDP per capita (constant 2015 US$),NY.GDP.PCAP.KD,687.860316254161,713.747210806804,759.910853953724,805.606443630458,861.122422555836,927.625512005765,998.924907248853,1064.77802859908,1110.1126773248,1148.04465210832,1212.19657794381,1273.8052690094,1340.51670460271,1418.74337471509,1510.94449049599,1609.96268313651,1699.67620343393,1788.9485028957,1856.00519883979,1927.13427057454,2027.58184375924,2132.90453762087,2224.11404253256,2320.08431444934,2439.28655744423,2577.56885340113,2715.57887431272,2868.13680013379,3048.28327602145,3241.07648966529,3303.16949807493,3358.21734764714,3603.86454848348,3760.39771392507,..
Viet Nam,VNM,Gini index,SI.POV.GINI,..,..,35.7,..,..,..,..,35.4,..,..,..,..,37,..,36.8,..,35.8,..,35.6,..,39.3,..,35.6,..,34.8,..,35.3,..,35.7,..,36.8,..,36.1,..,..
Viet Nam,VNM,"Unemployment, total (% of total labor force) (modeled ILO estimate)",SL.UEM.TOTL.ZS,..,2.142,2.11,2.038,1.972,1.955,1.93,2.87,2.29,2.33,2.26,2.76,2.12,2.25,2.14,2.078,2.046,2.026,1.889,1.737,1.114,0.999,1.027,1.316,1.256,1.848,1.848,1.874,1.161,1.681,2.103,2.385,1.523,1.645,1.431
Viet Nam,VNM,Carbon dioxide (CO2) emissions excluding LULUCF per capita (t CO2e/capita),EN.GHG.CO2.PC.CE.AR5,0.314077409460033,0.309698763412991,0.317802415771841,0.365025433711285,0.42146011811745,0.47672628179843,0.52869708120188,0.600995146112078,0.662279218790629,0.669643547670199,0.732528345156287,0.796089633208614,0.927432238043704,0.975515528881943,1.14380230237203,1.2395029108572,1.25492319707294,1.36623566847565,1.47618358400159,1.62807275843963,1.79201678135555,1.77115729819379,1.74437692997221,1.80040313071306,1.9505990745289,2.16223081341234,2.38781404921017,2.42079237292859,2.94958653201883,3.48803981847942,3.58958813190048,3.44776633263152,3.25941578132688,3.71639615007114,..
Viet Nam,VNM,Renewable energy consumption (% of total final energy consumption),EG.FEC.RNEW.ZS,75.9,75.5,74.5,70.6,67.8,64.9,62.6,60.5,59.2,59.3,57.7,56.1,52.2,50.8,45.8,44.1,44.2,41.9,39.3,37,34.6,36.3,37.9,37.4,36.7,27.8,26.8,28.3,24.3,20.4,18.9,24.2,..,..,..
Viet Nam,VNM,"Government expenditure on education, total (% of GDP)",SE.XPD.TOTL.GD.ZS,..,..,..,..,..,..,..,..,..,..,..,..,..,..,..,..,..,..,4.88674020767212,4.81650018692017,4.04593992233276,3.7802300453186,4.40817022323608,4.52833986282349,3.54012322425842,3.41660451889038,3.469074010849,3.41865682601929,3.14502310752869,3.08499836921692,3.21652889251709,2.94517493247986,2.88738679885864,..,..
Viet Nam,VNM,Current health expenditure per capita (current US$),SH.XPD.CHEX.PC.CD,..,..,..,..,..,..,..,..,..,..,21.0719223,25.55491257,21.87733841,24.88381386,31.97719193,38.96974945,46.86905289,54.40701294,64.433815,69.82720184,85.36088562,97.05238342,109.29483795,104.10972595,119.44549561,121.43981171,133.1960144,147.51425171,161.97871399,171.15296936,153.10160828,168.08033752,188.89749146,..,..
Viet Nam,VNM,Individuals using the Internet (% of population),IT.NET.USER.ZS,0,..,..,..,..,..,0.000135,0.00398,0.0131,0.129,0.254,1.27,1.86,3.78,7.64,12.7,17.3,20.8,23.9,26.6,30.7,35.1,36.8,38.5,41,45,53,58.1,69.8,68.7,70.3,74.2,78.6,78.1,..
Viet Nam,VNM,"GNI, PPP (constant 2021 international $)",NY.GNP.MKTP.PP.KD,..,..,..,..,..,240243427055.808,260927182996.759,280393483854.568,294763868685.376,310015872518.775,332239179455.413,353102518641.175,374450780477.501,400480072432.164,429476049088.118,461817872336.224,492485926559.181,524384603619.629,552925043443.872,575487987049.868,618121981007.792,659325965191.734,692508463423.908,729351700448.287,773031970344.63,816794191499.067,866571148086.864,920371003757.777,998687292767.054,1073014825364.38,1112972874881.13,1131072479989.59,1226366488170.68,1283165770136.33,..
Virgin Islands (U.S.),VIR,GDP per capita (constant 2015 US$),NY.GDP.PCAP.KD,..,..,..,..,..,..,..,..,..,..,..,..,43205.7246740388,43036.1815136022,44466.2872190216,46021.5905731819,47671.567182812,49598.1259079427,50174.7528938473,46862.8076001874,47162.7375570431,43320.176769501,36938.1682086351,34663.6460602129,34098.7109972738,34007.3529411765,34614.7482633247,34435.4944455756,35174.1019944986,36309.7438446842,35850.7433148653,37313.0484931531,36983.431060272,..,..
Virgin Islands (U.S.),VIR,Gini index,SI.POV.GINI,..,..,..,..,..,..,..,..,..,..,..,..,..,..,..,..,..,..,..,..,..,..,..,..,..,..,..,..,..,..,..,..,..,..,..
Virgin Islands (U.S.),VIR,"Unemployment, total (% of total labor force) (modeled ILO estimate)",SL.UEM.TOTL.ZS,..,11.718,11.891,11.989,11.751,11.384,11.408,11.297,11.187,10.902,10.546,10.678,10.933,11.254,10.927,10.878,10.36,10.137,10.22,11.527,11.742,12.041,12.109,12.55,12.64,12.422,12.515,12.217,12.407,12.551,15.191,14.273,13.007,12.32,12.014
Virgin Islands (U.S.),VIR,Carbon dioxide (CO2) emissions excluding LULUCF per capita (t CO2e/capita),EN.GHG.CO2.PC.CE.AR5,0.00192376133816839,0.00190826948581679,0.001891932798547,0.0018765598904089,0.00186362026873404,0.0018549778330149,0.00185022433970119,0.00184575062063365,0.00184268958972516,0.00184163758413982,0.00184090867252076,0.00184248588195193,0.00184316508308067,0.00184323303073591,0.00184389578301034,0.00184411680635851,0.00184554623554707,0.00184609136306156,0.0018450695129939,0.00184495037083502,0.00184575062063365,0.00184689260319512,0.00184863385957777,0.00185114910080432,0.00185387738454979,0.00185680332739156,0.00186018825105101,0.00186426301022548,0.00186914140989337,0.0018749589852722,0.00188164455734312,0.00188910928497214,0.00189729919459649,0.00190626876483315,..
Virgin Islands (U.S.),VIR,Renewable energy consumption (% of total final energy consumption),EG.FEC.RNEW.ZS,0.5,0.5,0.5,0.5,0.5,0.5,0.5,0.5,0.5,0.5,0.5,0.6,0.6,0.6,0.6,0.7,0.7,0.7,0.7,0.8,0.7,1.2,2,2.9,4.2,5.6,5.7,5.3,5.8,6.2,5.9,5.9,5.9,..,..
Virgin Islands (U.S.),VIR,"Government expenditure on education, total (% of GDP)",SE.XPD.TOTL.GD.ZS,..,..,..,..,..,..,..,..,..,..,..,..,..,..,..,..,..,..,..,..,..,..,..,..,..,..,..,..,..,..,..,..,..,..,..
Virgin Islands (U.S.),VIR,Current health expenditure per capita (current US$),SH.XPD.CHEX.PC.CD,..,..,..,..,..,..,..,..,..,..,..,..,..,..,..,..,..,..,..,..,..,..,..,..,..,..,..,..,..,..,..,..,..,..,..
Virgin Islands (U.S.),VIR,Individuals using the Internet (% of population),IT.NET.USER.ZS,0,..,..,..,0.941,2.8,4.65,6.95,9.25,11.1,13.8,18.4,27.5,27.4,27.4,27.3,27.3,27.3,27.4,27.4,31.2,35.6,40.5,45.3,50.1,54.8,59.6,64.4,..,..,..,..,..,..,..
Virgin Islands (U.S.),VIR,"GNI, PPP (constant 2021 international $)",NY.GNP.MKTP.PP.KD,..,..,..,..,..,..,..,..,..,..,..,..,..,..,..,..,..,..,..,..,..,..,..,..,..,..,..,..,..,..,..,..,..,..,..
West Bank and Gaza,PSE,GDP per capita (constant 2015 US$),NY.GDP.PCAP.KD,..,..,..,..,2137.38928909208,2189.26513719427,2118.82007591199,2323.20642242172,2589.20364997364,2732.87293952355,2436.01207739636,2153.45735383203,1836.98042481351,2041.60484619659,2426.41565630382,2632.24627423958,2540.26763083127,2569.98434108953,2685.98601828464,2840.01594969395,2927.08101953403,3128.10811061384,3237.91619995789,3309.63120243098,3227.84934482645,3272.15432360708,3483.09903532972,3462.97986107136,3417.79440837962,3378.4346209191,2922.46801084844,3051.48607007995,3099.9609010368,2862.88117465434,..
West Bank and Gaza,PSE,Gini index,SI.POV.GINI,..,..,..,..,..,..,..,..,..,..,..,..,..,..,34,34.7,34,35.6,..,34.5,35.3,34.4,..,..,..,..,33.7,..,..,..,..,..,..,..,..
West Bank and Gaza,PSE,"Unemployment, total (% of total labor force) (modeled ILO estimate)",SL.UEM.TOTL.ZS,..,10.653,10.672,10.685,10.761,10.705,10.731,10.507,10.422,10.339,10.625,21.493,27.465,23.004,23.215,20.016,19.014,18.282,22.913,20.452,21.416,17.597,19.202,19.894,20.526,23.005,23.939,25.677,26.256,25.34,25.895,26.39,24.42,..,..
West Bank and Gaza,PSE,Carbon dioxide (CO2) emissions excluding LULUCF per capita (t CO2e/capita),EN.GHG.CO2.PC.CE.AR5,..,..,..,..,..,..,..,..,..,..,..,..,..,..,..,..,..,..,..,..,..,..,..,..,..,..,..,..,..,..,..,..,..,..,..
West Bank and Gaza,PSE,Renewable energy consumption (% of total final energy consumption),EG.FEC.RNEW.ZS,22.1,22,21.5,21.3,21,21,20.2,17.2,16.4,15.9,17.5,17.1,21.8,21.7,23.1,22.8,18.1,20.5,20.1,16.5,14.1,15.4,12.2,11.7,10.8,11,12.3,10.5,12.7,13.9,15,15.4,15.4,..,..
West Bank and Gaza,PSE,"Government expenditure on education, total (% of GDP)",SE.XPD.TOTL.GD.ZS,..,..,..,..,..,..,..,..,..,..,..,..,..,..,..,..,..,..,..,..,6.19167995452881,5.33527994155884,4.74210977554321,4.89467000961304,..,4.66321992874146,4.98296022415161,4.72153997421265,..,..,..,5.43442010879517,..,..,..
West Bank and Gaza,PSE,Current health expenditure per capita (current US$),SH.XPD.CHEX.PC.CD,..,..,..,..,..,..,..,..,..,..,129.54533386,127.37930298,118.22906494,111.62216187,150.72610474,158.43028259,154.09745789,149.22294617,200.96418762,221.97026062,219.44699097,308.36453247,298.34082031,327.25717163,314.27474976,286.91394043,299.4125061,310.2114563,324.02166748,317.45007324,314.82254028,364.4173584,350.63812256,..,..
West Bank and Gaza,PSE,Individuals using the Internet (% of population),IT.NET.USER.ZS,0,..,..,..,..,..,..,..,..,..,1.11,1.84,3.1,4.13,4.4,16,18.4,21.2,24.4,32.2,37.4,41.1,43.4,46.6,53.7,56.7,59.9,63.3,64.4,70.6,76,82.2,88.6,86.6,..
West Bank and Gaza,PSE,"GNI, PPP (constant 2021 international $)",NY.GNP.MKTP.PP.KD,..,..,..,..,11185861736.493,12095797713.1981,12124091103.2184,13997973262.2785,16411210707.6509,17742837210.3849,15395229208.4708,13579680701.1712,11689920655.0989,13191229288.2763,15804966877.63,17802147349.6463,17866566432.2189,18738207625.738,20397046230.049,21723210334.6228,22418218559.7976,24660607152.5742,26268439445.1708,27874571527.3769,28178720275.0071,29630511036.2108,31935051764.3727,32740951489.4599,34233736212.3007,34789327185.4563,30287736808.2639,33462218519.5544,35630742416.4779,32285484017.0771,..
"Yemen, Rep.",YEM,GDP per capita (constant 2015 US$),NY.GDP.PCAP.KD,1722.20804603751,1761.79473713817,1835.26369433182,1838.26523617821,1890.73714903489,1927.40468487887,1949.97903724732,1987.60771112175,2041.65169736742,2053.77836722442,2114.6525823037,2129.7524709271,2148.86820679085,2164.84028042254,2185.7692431503,2237.61638583134,2234.72145551311,2235.72953632143,2244.02361513149,2257.44759202018,2356.19957378133,1994.83660778618,1981.45797496849,2014.72887966873,1950.16251980681,1362.17379435676,1197.95864387491,1103.4563343966,1079.3293698114,1069.78648981973,951.130341070454,916.12989253681,903.53363397836,859.209303110809,..
"Yemen, Rep.",YEM,Gini index,SI.POV.GINI,..,..,..,..,..,..,..,..,35,..,..,..,..,..,..,34.7,..,..,..,..,..,..,..,..,36.7,..,..,..,..,..,..,..,..,..,..
"Yemen, Rep.",YEM,"Unemployment, total (% of total labor force) (modeled ILO estimate)",SL.UEM.TOTL.ZS,..,8.409,8.342,8.344,8.34,8.988,9.585,10.223,10.829,11.46,11.557,11.724,11.84,12.015,12.132,12.215,12.35,12.488,12.657,12.763,12.779,13.311,13.473,13.673,13.467,17.9,18.416,18.603,17.584,17.202,17.953,18.287,17.363,17.091,17.086
"Yemen, Rep.",YEM,Carbon dioxide (CO2) emissions excluding LULUCF per capita (t CO2e/capita),EN.GHG.CO2.PC.CE.AR5,0.511763437741533,0.616914483727566,0.640108331875646,0.557591104654009,0.620794398614366,0.66640748795494,0.659798025515479,0.687470291937937,0.709264381414022,0.774563806989388,0.802287345978609,0.829100075263964,0.807080901897885,0.910447191485572,0.925071080023971,0.966288629463207,0.974579242659086,1.00019401201131,1.00533845631447,1.06581665247594,0.984657207806705,0.833853673890745,0.773794511833111,0.982040293997002,0.938063592216966,0.457351861858351,0.331022351670139,0.314049886976552,0.356586037885906,0.355001428595515,0.318360138794493,0.310937762097865,0.292772317813029,0.276683902756073,..
"Yemen, Rep.",YEM,Renewable energy consumption (% of total final energy consumption),EG.FEC.RNEW.ZS,1.8,1.4,1.3,1.5,1.4,1.2,1.2,1.1,1.1,1,0.9,0.9,0.9,0.8,0.8,0.7,0.8,0.8,0.7,0.7,0.8,0.9,1.1,0.8,0.8,2,2.6,3,2.9,3,3.5,3.7,..,..,..
"Yemen, Rep.",YEM,"Government expenditure on education, total (% of GDP)",SE.XPD.TOTL.GD.ZS,..,..,..,..,..,..,..,..,..,..,9.66162967681885,9.24470996856689,6.32079648971558,5.94827938079834,5.5541467666626,5.15025568008423,5.14441585540771,5.82878255844116,5.15143013000488,5.91624307632446,4.3922233581543,5.04202699661255,5.46478986740112,..,..,..,..,..,..,..,..,..,..,..,..
"Yemen, Rep.",YEM,Current health expenditure per capita (current US$),SH.XPD.CHEX.PC.CD,..,..,..,..,..,..,..,..,..,..,22.91244888,24.09247589,24.80142403,31.60428619,34.62483978,38.27000809,44.81512451,51.83703613,61.74676514,58.02085114,59.60072327,56.58930588,64.67756653,68.39746857,69.24575806,57.9312973,47.25681305,51.94430542,83.34048462,43.06481552,32.30203629,32.01807785,38.11569214,..,..
"Yemen, Rep.",YEM,Individuals using the Internet (% of population),IT.NET.USER.ZS,0,..,..,..,..,..,0.000621,0.015,0.0233,0.0566,0.0825,0.0908,0.519,0.605,0.881,1.05,1.25,5.01,6.89,9.96,12.4,14.9,17.4,20,22.6,24.1,24.6,26.7,..,..,13.8,..,..,..,..
"Yemen, Rep.",YEM,"GNI, PPP (constant 2021 international $)",NY.GNP.MKTP.PP.KD,..,..,..,..,..,..,..,..,..,..,..,..,..,..,..,..,..,..,..,..,..,..,..,..,..,..,..,..,..,..,..,..,..,..,..
Zambia,ZMB,GDP per capita (constant 2015 US$),NY.GDP.PCAP.KD,878.589205998477,856.761723583768,821.850104215064,857.039669609389,764.639411345433,768.035201563368,796.018059633101,805.53240180321,781.663383813883,796.377985981253,804.48463418783,822.020935308251,833.021177549004,863.650190656785,895.475258534826,929.079255855905,968.563565019492,1013.08567432637,1053.58612301068,1110.71918102486,1183.41712409199,1208.46424569634,1258.78938578996,1280.77012176778,1299.01241762504,1295.87788680068,1303.57513869133,1308.76829240086,1321.25045711573,1301.18132976178,1228.73500113195,1269.10821808895,1298.8480495593,1330.85998216751,..
Zambia,ZMB,Gini index,SI.POV.GINI,..,59.4,..,52.6,..,..,48.3,..,49.1,..,..,..,42.1,..,54.3,..,54.6,..,..,..,52,..,..,..,..,55.8,..,..,..,..,..,..,51.5,..,..
Zambia,ZMB,"Unemployment, total (% of total labor force) (modeled ILO estimate)",SL.UEM.TOTL.ZS,..,18.9,19.544,19.7,18.648,16.828,15.3,13.305,12,12.495,12.93,13.415,14.131,14.705,15.33,15.9,13.229,10.561,7.93,10.582,13.19,10.545,7.85,7.264,6.571,5.942,5.239,4.529,5.033,5.542,6.033,5.199,5.995,5.905,5.961
Zambia,ZMB,Carbon dioxide (CO2) emissions excluding LULUCF per capita (t CO2e/capita),EN.GHG.CO2.PC.CE.AR5,0.388894718313974,0.392826044740123,0.383652044595117,0.339697496549108,0.278256197421046,0.268218025002496,0.220200836223421,0.270486408937559,0.247015315097178,0.197843840942587,0.194666782994902,0.190340415208057,0.194018585175417,0.20374021438336,0.202889383304119,0.210806225439611,0.198333772068929,0.17577278625652,0.181325647069376,0.19637684280268,0.209178356466614,0.227687106813256,0.291699625892531,0.297292089867931,0.315174628499026,0.324408264385906,0.343079985643022,0.405772040189619,0.448224835034155,0.379537706901308,0.392310458962627,0.396080170348242,0.387387685110727,0.38887346123196,..
Zambia,ZMB,Renewable energy consumption (% of total final energy consumption),EG.FEC.RNEW.ZS,83,82.3,82.7,85.2,86.9,87.1,89.6,87,87.8,89.8,90,89.8,89.6,89.3,89.4,88.9,89.7,90.7,89.8,89.2,89.2,87.9,85.4,85.3,84.6,84,84,83.5,83.8,86.1,85.4,83,..,..,..
Zambia,ZMB,"Government expenditure on education, total (% of GDP)",SE.XPD.TOTL.GD.ZS,..,2.74057006835938,2.09159994125366,1.94208002090454,1.79351997375488,1.83852994441986,..,..,2.11823010444641,1.77495002746582,1.78819000720978,..,..,..,2.46342992782593,1.73553001880646,..,1.24075996875763,1.0997200012207,..,3.41600441932678,3.35772275924683,3.69500231742859,3.71820712089539,..,4.62433004379272,3.74792003631592,3.72964000701904,4.73974990844727,4.41824007034302,3.94964814186096,3.10643219947815,3.58259510993958,..,..
Zambia,ZMB,Current health expenditure per capita (current US$),SH.XPD.CHEX.PC.CD,..,..,..,..,..,..,..,..,..,..,15.00134468,19.15345192,23.19246864,26.75762367,30.09499931,44.99598694,58.68175507,51.24428177,61.45419693,58.61063385,57.67263412,64.3181076,69.17604828,83.29361725,65.39261627,57.38765335,55.39532089,70.93283844,69.82767487,85.02349854,60.01779938,74.83802795,76.05962372,..,..
Zambia,ZMB,Individuals using the Internet (% of population),IT.NET.USER.ZS,0,..,..,..,0.00678,0.00878,0.00907,0.00933,0.0302,0.147,0.191,0.233,0.478,0.98,1.1,1.3,1.6,1.9,2.2,2.5,3,3.5,4.1,4.8,6.5,8.8,10.3,12.2,14.3,18.7,24.5,32.5,32,33,..
Zambia,ZMB,"GNI, PPP (constant 2021 international $)",NY.GNP.MKTP.PP.KD,..,..,..,..,..,..,..,..,..,..,..,..,..,..,..,..,..,..,..,..,..,..,..,..,..,..,..,..,..,..,..,62699332997.8127,..,..,..
Zimbabwe,ZWE,GDP per capita (constant 2015 US$),NY.GDP.PCAP.KD,1644.76971212984,1691.12400308824,1495.83463360423,1489.62921450639,1625.27489638828,1612.79519721935,1750.57993742626,1764.07413462982,1779.83287281089,1736.9388610477,1668.42629652647,1681.15753890747,1516.96797300533,1244.26624252479,1159.34533235308,1082.84189897767,1032.70126370387,981.948498265975,798.773288408642,882.279747653547,1054.39791499785,1187.31840676659,1352.13513611008,1375.85134222253,1377.25456014874,1386.42284717709,1379.62834257428,1415.35133209501,1464.31529361767,1350.30985088104,1224.27231433409,1305.22011277711,1361.91453034818,1410.7373112787,..
Zimbabwe,ZWE,Gini index,SI.POV.GINI,..,..,..,..,..,..,..,..,..,..,..,..,..,..,..,..,..,..,..,..,..,43.2,..,..,..,..,..,44.3,..,50.3,..,..,..,..,..
Zimbabwe,ZWE,"Unemployment, total (% of total labor force) (modeled ILO estimate)",SL.UEM.TOTL.ZS,..,4.813,4.938,4.99,4.96,5.571,6.163,6.93,6.39,6,5.684,5.318,5.007,4.735,4.39,4.622,4.759,4.991,5.357,5.453,5.447,5.368,5.061,4.943,4.774,5.377,5.886,6.344,6.793,7.373,8.621,9.54,10.087,8.759,8.554
Zimbabwe,ZWE,Carbon dioxide (CO2) emissions excluding LULUCF per capita (t CO2e/capita),EN.GHG.CO2.PC.CE.AR5,1.71729480518494,1.84058997295099,1.79406131163164,1.62723124837942,1.52196033752139,1.48214982615766,1.40856720880129,1.29786495432164,1.29112614589742,1.43009802385683,1.22732362068625,1.21318243443543,1.09665623260363,0.887558315783519,0.832297150162026,0.916126270403844,0.842096016719892,0.81874043369688,0.634570989190725,0.604163956054993,0.753562971510303,1.16551716224518,0.921993355424024,0.907383631915037,0.886702447654064,0.881275681881807,0.771648844879425,0.714627028745081,0.816125522899006,0.731381759643275,0.584283212450557,0.67247950745733,0.682242939473234,0.718697015364343,..
Zimbabwe,ZWE,Renewable energy consumption (% of total final energy consumption),EG.FEC.RNEW.ZS,64,63.7,64.4,64.4,68.5,67.1,66.7,67.4,67.8,64.4,69.5,72.3,74.7,78,81.8,80.3,78.7,78,81.6,82.6,81.2,77.2,77,79.3,80.8,80.8,81.7,82,79.7,81,84.1,82.4,..,..,..
Zimbabwe,ZWE,"Government expenditure on education, total (% of GDP)",SE.XPD.TOTL.GD.ZS,12.4542598724365,..,22.3222103118896,..,44.3339805603027,..,..,..,..,..,..,..,..,..,..,..,..,..,..,..,1.54405999183655,..,6.07020998001099,5.99597978591919,6.13835000991821,..,..,5.81877994537354,2.05048990249634,..,..,..,..,..,..
Zimbabwe,ZWE,Current health expenditure per capita (current US$),SH.XPD.CHEX.PC.CD,..,..,..,..,..,..,..,..,..,..,..,..,..,..,..,..,..,..,..,..,94.44809723,83.82868195,85.69155121,96.86148834,111.61201477,103.31652832,105.11625671,91.87199402,114.76815033,55.10725403,51.14250565,63.51144791,70.66313934,..,..
Zimbabwe,ZWE,Individuals using the Internet (% of population),IT.NET.USER.ZS,0,..,..,..,0.00174,0.00768,0.0168,0.0331,0.0816,0.162,0.401,0.8,1.1,1.8,2.1,2.4,2.4,3,3.5,4,6.4,8.4,12,15.5,16.4,22.7,23.1,24.4,25,26.6,29.3,37.1,37.9,38.4,..
Zimbabwe,ZWE,"GNI, PPP (constant 2021 international $)",NY.GNP.MKTP.PP.KD,..,..,..,..,..,..,..,..,..,..,..,..,..,..,..,..,..,..,..,25917821409.1711,31863822507.5859,35563955514.5095,41242424974.2873,43074435454.9592,43017539596.8268,43186833454.7729,43351102949.9681,45614661949.787,52595686847.5704,49419055766.2786,45456815163.5546,49167986503.5887,52151267655.1414,55552842648.2082,..
Africa Eastern and Southern,AFE,GDP per capita (constant 2015 US$),NY.GDP.PCAP.KD,1281.46122178296,1245.4743995977,1184.31455410794,1145.06360643273,1136.52231618488,1154.82952952235,1185.99995587343,1200.39810573878,1190.19357571923,1190.10462296124,1196.89512926095,1207.19700449299,1221.23962370701,1224.83925722882,1259.18113849332,1301.71923382969,1350.79588075011,1402.32817312956,1424.25967703716,1397.87315417454,1431.32479234312,1450.05166056896,1436.17300830714,1457.90149624789,1475.66554498481,1479.56412348117,1472.63060373892,1472.73478268631,1471.2250330059,1463.13954875332,1383.37781834824,1408.86083752216,1421.58972754715,1418.3637366532,..
Africa Eastern and Southern,AFE,Gini index,SI.POV.GINI,..,..,..,..,..,..,..,..,..,..,..,..,..,..,..,..,..,..,..,..,..,..,..,..,..,..,..,..,..,..,..,..,..,..,..
Africa Eastern and Southern,AFE,"Unemployment, total (% of total labor force) (modeled ILO estimate)",SL.UEM.TOTL.ZS,..,8.17962867204006,8.27072384795289,8.26632715332635,8.13829095077232,7.90844555546911,7.8239078932856,7.78365441542562,7.81273363600731,7.84987781203905,7.78831690275508,7.67695520899306,7.63233006754872,7.58688283691332,7.39564818381754,7.21879262795258,7.15895834527989,7.10223115357479,7.07670978821918,7.15588066169117,7.40306130661224,7.42793993618157,7.18160807948002,6.98673270309414,6.94701073401333,7.03635682492424,7.19466599460041,7.34633063442169,7.3605131044333,7.58441879909928,8.19139491127414,8.57738499231761,7.98520225155097,7.80636542181197,7.77265552201601
Africa Eastern and Southern,AFE,Carbon dioxide (CO2) emissions excluding LULUCF per capita (t CO2e/capita),EN.GHG.CO2.PC.CE.AR5,1.23286898782874,1.17457800681814,1.12398795460293,1.0932785990257,1.08883581936973,1.11724840987468,1.12870972668426,1.14502167209129,1.13612071340755,1.07366312681643,1.06224040916636,1.06400525328806,1.06914985608402,1.09613904669279,1.15029873347481,1.15243439029391,1.14241721233419,1.16052182044321,1.19212343708742,1.10809144303788,1.10758741380866,1.06705872289157,1.07362868730556,1.08644916165911,1.09641627194981,1.04337266896328,1.02611620352542,1.01287268706958,0.997156908690821,0.98349171676113,0.845417186255912,0.863532873647527,0.816361436828426,0.784640732307806,..
Africa Eastern and Southern,AFE,Renewable energy consumption (% of total final energy consumption),EG.FEC.RNEW.ZS,60.9100030584341,62.1839240619363,63.9830201533289,64.7124603508772,65.2078420555387,64.8033520709095,64.030989814655,63.2954279666217,64.014146462445,65.0979934122674,65.4495238865207,65.8786989918387,65.1521153198181,64.7295972927242,63.7751947542527,63.2439096118089,62.9042205481805,61.6429091855007,62.0293694728243,61.4204207108602,63.0998368387508,63.1246524339127,61.7183967592541,61.0826852828279,61.499576835816,62.1283378931582,62.4576883595774,61.8911318801459,62.2426314030968,63.3870896989865,66.1234486957514,..,..,..,..
Africa Eastern and Southern,AFE,"Government expenditure on education, total (% of GDP)",SE.XPD.TOTL.GD.ZS,..,..,..,..,..,..,..,..,..,3.88741993904114,3.60612988471985,4.34167003631592,..,..,3.74496006965637,3.85834002494812,3.7359299659729,..,4.28008008003235,..,4.02403008937836,4.63901448249817,4.93121004104614,4.78330707550048,4.79265069961548,4.75847005844116,4.66556310653687,4.87887001037598,4.97993087768555,4.94431734085083,4.35243988037109,4.77132606506347,4.62862396240234,..,..
Africa Eastern and Southern,AFE,Current health expenditure per capita (current US$),SH.XPD.CHEX.PC.CD,..,..,..,..,..,..,..,..,..,..,42.6864155481713,37.7867723772784,34.9671084093502,50.2183209113464,61.7805221691528,68.6159741148415,75.0646905405438,84.0911878928683,86.4788770271068,90.1430694546991,104.119647011763,112.278381664917,109.068556220884,104.77671727692,98.4993287451866,90.8005708722338,85.8992173772415,90.0131504862594,90.0756532490733,87.2982461391314,81.5518950187536,92.3865748809452,92.5815209732848,..,..
Africa Eastern and Southern,AFE,Individuals using the Internet (% of population),IT.NET.USER.ZS,..,..,..,..,..,..,..,..,..,..,..,..,..,..,..,..,..,..,..,..,..,..,..,..,..,..,..,..,..,..,..,..,..,..,..
Africa Eastern and Southern,AFE,"GNI, PPP (constant 2021 international $)",NY.GNP.MKTP.PP.KD,..,955581377606.09,944591103207.685,956816618168.332,979246391082.542,1012151051326.1,1068409290788.72,1092398971837.61,1109799787752.79,1129131101199.64,1162813590530.04,1194434850560,1242974340699.4,1295604862680.5,1375909318661.75,1465877275151.57,1573881433609.73,1681962747174.37,1754706900060.47,1784312415826.05,1877867599217.14,1981005543332.8,2065619181937.32,2153200173826.84,2247750040340.92,2340670450177.99,2427156552052.09,2504866145260.53,2582834639383.92,2651154370371.14,2615459606990.45,2743071647616.9,2827139845798.05,2887305685348.98,..
Africa Western and Central,AFW,GDP per capita (constant 2015 US$),NY.GDP.PCAP.KD,1247.04787549047,1226.86276969981,1221.82126001405,1173.7255055422,1139.20170312189,1129.4175308288,1150.09173760555,1168.59229429733,1177.72201270595,1163.56122007983,1175.77484413942,1202.42388981194,1285.71218344687,1319.36053885277,1385.00978963336,1424.63880748968,1459.32809971552,1497.18807427243,1546.8522365207,1598.60092536965,1663.01583407265,1695.18785144481,1733.89775284292,1791.11398738858,1846.05094373233,1845.76780421108,1799.97494491163,1793.46529188134,1798.33978321279,1811.72758256053,1751.19501048234,1779.34015871995,1804.19814239875,1820.75474142308,..
Africa Western and Central,AFW,Gini index,SI.POV.GINI,..,..,..,..,..,..,..,..,..,..,..,..,..,..,..,..,..,..,..,..,..,..,..,..,..,..,..,..,..,..,..,..,..,..,..
Africa Western and Central,AFW,"Unemployment, total (% of total labor force) (modeled ILO estimate)",SL.UEM.TOTL.ZS,..,4.15868027881975,4.2511017314273,4.36980488975891,4.39378131016295,4.39974946558807,4.34069121352357,4.31373545449228,4.32404850194229,4.51215767270693,4.55111905984559,4.47997712328447,4.2858537189934,4.18011071095659,4.09473808884134,4.10069950284306,3.97409484853549,3.95064260570811,3.96854217730079,4.000386882162,3.9915945374515,3.96902733010755,3.98216256621059,3.70385320108226,3.88139571396106,4.16446707837468,4.15757437388452,4.27419620395302,4.32363095413829,4.39527121076194,4.85239270055131,4.73673176237333,3.65857318082157,3.27724546605141,3.21831342109344
Africa Western and Central,AFW,Carbon dioxide (CO2) emissions excluding LULUCF per capita (t CO2e/capita),EN.GHG.CO2.PC.CE.AR5,0.49040247367189,0.501841936415744,0.528290038433913,0.506310368897728,0.477636485797932,0.507183273692084,0.571195524813002,0.553488160923332,0.518728096677132,0.511601786661486,0.533661233260197,0.551083898694549,0.502950753690679,0.528566210567396,0.510387030502224,0.500513164604261,0.464381052277335,0.437051092228309,0.451267465340572,0.417316125294391,0.456851164651759,0.473954567156266,0.47034807932458,0.50440016056654,0.513469247225856,0.499586914619379,0.506323433479928,0.495060473040885,0.509712919454392,0.518890458701009,0.497159160200381,0.512748783317137,0.505462163299022,0.48221727602783,..
Africa Western and Central,AFW,Renewable energy consumption (% of total final energy consumption),EG.FEC.RNEW.ZS,85.9285141294439,85.3189802570062,83.8747986481954,85.1721749136939,86.6081074006303,86.1995439699717,85.1596962501469,83.9104514887354,84.6352283140743,84.0308933785641,83.2733048064906,82.1203722327835,81.8649253938099,80.8145905716618,80.8757704707822,81.0568164946989,81.9801467880255,82.4864593391866,81.6105898353143,82.818630343753,80.9395137178094,79.5769126675124,78.8868764432574,77.1379412154111,76.1358024948566,76.6891600561783,76.2833830991289,76.4130814959741,75.9600298068077,75.3289283798123,76.1028186880091,..,..,..,..
Africa Western and Central,AFW,"Government expenditure on education, total (% of GDP)",SE.XPD.TOTL.GD.ZS,..,..,..,..,..,..,..,..,..,2.34582495689392,2.46335005760193,2.42614006996155,2.43543004989624,2.36501002311707,2.42751502990722,2.65659999847412,2.55852007865906,..,2.49827003479004,2.90790009498596,2.78499007225036,2.6782546043396,2.8104145526886,2.85070991516113,2.66667008399963,2.98419797420501,2.66773080825806,3.36085367202759,3.0234580039978,3.04739952087402,3.39874076843262,3.20348429679871,2.90529441833496,..,..
Africa Western and Central,AFW,Current health expenditure per capita (current US$),SH.XPD.CHEX.PC.CD,..,..,..,..,..,..,..,..,..,..,18.1998505848676,18.7691806226679,19.7668741995603,31.3683767437068,35.8720825613623,41.5461069005633,48.372210711743,52.6252913194652,60.3655519585296,55.5655613542595,59.6319871828387,65.3671500691137,67.9295612950029,75.4226655904252,78.7248305848844,70.6699139211465,61.4480888061839,58.2215149144805,56.1242645554959,59.0695277145137,64.4074227528619,72.2410946748859,74.4213512159563,..,..
Africa Western and Central,AFW,Individuals using the Internet (% of population),IT.NET.USER.ZS,..,..,..,..,..,..,..,..,..,..,..,..,..,..,..,..,..,..,..,..,..,..,..,..,..,..,..,..,..,..,..,..,..,..,..
Africa Western and Central,AFW,"GNI, PPP (constant 2021 international $)",NY.GNP.MKTP.PP.KD,..,..,..,..,..,..,..,..,..,..,..,..,..,..,..,..,..,..,..,..,..,..,..,..,..,..,..,..,..,..,..,..,..,..,..
Arab World,ARB,GDP per capita (constant 2015 US$),NY.GDP.PCAP.KD,4273.58669094962,4145.1242428537,4305.91245163586,4324.92148985912,4349.73515231456,4360.67537473271,4460.92073264618,4592.78996559558,4696.85369986502,4713.78582913325,4893.6631943178,4876.89837403506,4820.09715958828,4910.13320510263,5232.64310888032,5394.48128910204,5597.07531963926,5709.61638522281,5875.93648183759,5769.66769645566,5929.23053919259,6000.79531315401,6152.57616897,6149.32508537486,6158.30581587356,6203.70263640435,6280.66200783002,6250.57330764312,6301.93583430925,6282.38539738825,5861.7972778436,6006.44027367001,6205.86983685352,6134.9537454339,..
Arab World,ARB,Gini index,SI.POV.GINI,..,..,..,..,..,..,..,..,..,..,..,..,..,..,..,..,..,..,..,..,..,..,..,..,..,..,..,..,..,..,..,..,..,..,..
Arab World,ARB,"Unemployment, total (% of total labor force) (modeled ILO estimate)",SL.UEM.TOTL.ZS,..,11.9145083824283,12.1603853600891,12.9182743533617,13.0251716620291,13.516862533383,12.4771777786255,12.011082437016,11.9646898565116,12.1448058645914,12.6274870577085,12.5058820000806,12.512529502018,12.4563510932562,11.4330020298883,11.2407250571004,10.5232380711626,10.1508222413371,9.88041977711216,9.46639460138819,9.57747395203384,10.6932959358852,11.074941957709,11.0437281019773,11.0374017204054,11.1489135724281,10.8562902038262,11.1131075474704,10.6597396349929,10.2160980238311,11.3256125416623,10.8896587837575,9.9535706462442,9.59035028813167,9.49775858560165
Arab World,ARB,Carbon dioxide (CO2) emissions excluding LULUCF per capita (t CO2e/capita),EN.GHG.CO2.PC.CE.AR5,3.05416380888613,3.0724797217465,3.1922366793225,3.32192272242819,3.43350957498953,3.44809860646507,3.45332059644329,3.53172635054452,3.49107195305363,3.46453345433163,3.5066693458292,3.6282264627197,3.66257090307765,3.68357775564047,3.79973743556739,3.97372625003149,4.07420334366862,4.13314001094876,4.32741395266453,4.37136973332286,4.54220501792065,4.55986749973683,4.77097399813196,4.74915587831192,4.80031301506869,4.79605263282692,4.74301501300353,4.71887556951708,4.60094783666743,4.57247190340165,4.27290948985851,4.40069810346158,4.4035884024526,4.3849604720456,..
Arab World,ARB,Renewable energy consumption (% of total final energy consumption),EG.FEC.RNEW.ZS,7.43882276752897,7.34962257694742,6.98156458024041,6.83182616992136,6.96771410940186,6.90481920262246,6.92848614716831,6.95525427376293,6.8243472763399,6.81629239839438,6.67258176424439,6.51633516432792,6.36058400508412,6.46301679352422,6.77138769851273,6.41614597017232,6.20432379909676,5.61033367526005,5.14676484189377,5.05183992823682,4.82576885189732,4.67272069134643,4.44968668236096,4.48401776900296,4.35892992996109,4.22349500938588,4.28791485864165,4.37567300633967,4.52639402004232,4.73230713602678,5.13858498417462,..,..,..,..
Arab World,ARB,"Government expenditure on education, total (% of GDP)",SE.XPD.TOTL.GD.ZS,..,..,..,..,..,..,..,..,..,..,..,..,5.03286671638489,..,5.02110004425048,..,3.93055999279022,..,4.22755002975464,..,..,..,4.12477493286132,..,..,..,..,..,..,3.86020994186401,..,..,..,..,..
Arab World,ARB,Current health expenditure per capita (current US$),SH.XPD.CHEX.PC.CD,..,..,..,..,..,..,..,..,..,..,111.845472245485,114.527455341598,113.321486891081,109.507391139902,120.193699560534,133.703594813421,153.236358503384,179.218205872263,210.928964665812,227.032309515657,234.421137079307,266.617777001431,294.860262829968,303.439577352375,325.296969488424,310.197661494352,309.739806626305,304.305536993425,320.738335147228,323.326647510009,325.636172435532,334.396705984831,329.953683266806,..,..
Arab World,ARB,Individuals using the Internet (% of population),IT.NET.USER.ZS,..,..,..,..,..,..,..,..,..,..,..,..,..,..,..,..,..,..,..,..,..,..,..,..,..,..,..,..,..,..,..,..,..,..,..
Arab World,ARB,"GNI, PPP (constant 2021 international $)",NY.GNP.MKTP.PP.KD,..,..,..,..,..,..,..,..,..,..,..,..,..,..,..,..,..,..,..,..,..,..,..,..,..,..,..,..,..,..,..,..,..,..,..
Caribbean small states,CSS,GDP per capita (constant 2015 US$),NY.GDP.PCAP.KD,9136.84388542464,8991.57831822207,8860.61180863723,8868.51242493215,9082.54885828767,9244.20051616178,9514.36312355285,9733.9304239813,9975.03986828869,10251.817071619,10524.3609769422,10551.7876015849,10674.5806291347,10770.6824533431,10978.668723598,11259.0236968162,11679.9739908487,11973.3380626765,11949.3279819609,11548.8334982319,11577.2755763534,11699.49239901,11880.9112198939,11794.8710757717,11903.6840510341,11835.2872155303,11790.7849939585,11922.3918257902,12097.1168703739,12102.9313198827,10893.2646542794,11957.2574201257,14622.0152730325,16349.1360724457,..
Caribbean small states,CSS,Gini index,SI.POV.GINI,..,..,..,..,..,..,..,..,..,..,..,..,..,..,..,..,..,..,..,..,..,..,..,..,..,..,..,..,..,..,..,..,..,..,..
Caribbean small states,CSS,"Unemployment, total (% of total labor force) (modeled ILO estimate)",SL.UEM.TOTL.ZS,..,14.9935017228523,15.4916749294238,15.0962160887464,14.722150252809,13.0743254536417,12.9131064031735,12.7315368187016,12.297994654612,12.1057154508989,11.5264333346702,11.3887613460206,11.9097445045595,12.2347921320203,11.5974801433479,11.2916798090981,10.2458355465973,9.8796533888049,9.90197999344869,11.5758072938001,11.6580226907063,11.9829945219977,12.0989503654206,12.4791807191086,12.1676370027736,11.5050757703248,11.4492534254819,10.8687666228548,11.0509700263011,10.630708311815,12.9309999858592,12.1918110382587,10.4686964684357,9.68042872002248,8.88909855015244
Caribbean small states,CSS,Carbon dioxide (CO2) emissions excluding LULUCF per capita (t CO2e/capita),EN.GHG.CO2.PC.CE.AR5,1.85413242625818,1.85196684542187,1.7320170573206,1.72702051990272,1.91055013906478,2.02147517462775,2.05327308626975,2.19262809013251,2.27586535256868,2.20925248255042,2.0108061772342,1.99607742943882,1.87912318998357,1.83347521882873,1.9161015929795,1.95050842585084,1.96181240619319,2.09170119331093,2.16380678878801,2.12553400970744,2.34554935686493,2.13084319032344,2.40466520187844,2.42451043407465,2.55551894921908,2.61259480442729,2.88672099638553,2.70506099504005,2.67593690595103,3.0663017606488,2.96345086961456,3.04315227266665,3.02809671388039,3.09244339381435,..
Caribbean small states,CSS,Renewable energy consumption (% of total final energy consumption),EG.FEC.RNEW.ZS,28.0547843665768,20.2899711399711,21.3502496099844,21.5580188679245,18.9577716643741,18.3660236220472,18.2324010217114,18.1383663366337,16.4561384976526,16.0739841089671,18.5507535460993,18.6899731423456,19.9455959031657,19.0237888784166,19.1736021998167,17.823784295175,19.1972084130019,18.6187926267281,18.4057142857143,17.3008787346221,16.4555855096883,18.5978595041322,16.7119075144509,14.9156804214223,12.9272812234494,12.5615447822514,12.1720060790274,13.4630392156863,12.6224453125,10.2083831026948,10.7807413376309,..,..,..,..
Caribbean small states,CSS,"Government expenditure on education, total (% of GDP)",SE.XPD.TOTL.GD.ZS,..,..,..,..,..,..,..,..,..,..,..,..,..,..,..,..,..,..,..,..,..,..,..,..,..,..,..,..,..,..,..,..,..,..,..
Caribbean small states,CSS,Current health expenditure per capita (current US$),SH.XPD.CHEX.PC.CD,..,..,..,..,..,..,..,..,..,..,302.787951840886,300.284453684328,325.608669545295,348.016545611309,374.310086360529,400.99518930332,446.908937918843,479.81034359968,515.553238308052,525.218715880647,536.730388268637,548.055715660345,581.99449514122,593.751363758718,601.672350591303,612.056639952847,605.479218889271,661.578384999263,670.649733249007,706.773413313046,690.285027388947,726.236117676879,792.946869962025,..,..
Caribbean small states,CSS,Individuals using the Internet (% of population),IT.NET.USER.ZS,..,..,..,..,..,..,..,..,..,..,..,..,..,..,..,..,..,..,..,..,..,..,..,..,..,..,..,..,..,..,..,..,..,..,..
Caribbean small states,CSS,"GNI, PPP (constant 2021 international $)",NY.GNP.MKTP.PP.KD,..,..,..,..,..,..,..,..,..,..,..,..,..,..,..,..,..,..,..,..,..,..,..,..,..,..,..,..,..,..,..,..,..,..,..
Central Europe and the Baltics,CEB,GDP per capita (constant 2015 US$),NY.GDP.PCAP.KD,6748.56602338588,6029.79198764708,5750.78031714943,5766.45223210585,5980.2635123296,6330.90188623068,6629.25961772769,6791.22013741326,6982.16872289153,7126.32261033627,7449.96847311714,7730.11591515756,8056.44726855823,8406.09518715575,8924.75713634986,9388.47820166777,10037.6006956507,10713.0904952096,11177.6483552975,10795.078549108,11001.0350997337,11423.6901954319,11547.5465361241,11648.6935337775,12054.5625901477,12568.2965059245,12953.2602117792,13652.4379376331,14371.0831381743,14969.6879211911,14504.8075525764,15667.0787666085,16362.5281845399,16485.8850768453,..
Central Europe and the Baltics,CEB,Gini index,SI.POV.GINI,..,..,..,..,..,..,..,..,..,..,..,..,..,..,..,..,..,..,..,..,..,..,..,..,..,..,..,..,..,..,..,..,..,..,..
Central Europe and the Baltics,CEB,"Unemployment, total (% of total labor force) (modeled ILO estimate)",SL.UEM.TOTL.ZS,..,9.57714826844741,10.2193743198593,11.7123255728987,11.5636400442004,11.0184370000245,10.3650466333203,9.46153105263524,9.19134382326191,10.6194719048087,12.1661215560372,13.5050590063258,13.9571015257378,13.2635590108026,12.8766296492385,12.0310571699923,10.1172085305052,7.80513723734556,6.60004823198757,8.51651568379027,9.92654756624789,9.80886284662704,10.0088523487766,10.0781639999223,8.87945281908902,7.81595111887481,6.48162116354963,5.2841808780617,4.30568206567801,3.77105548227303,4.35897846633943,4.46317615361708,3.98425299925656,4.01405105340076,3.8680960778316
Central Europe and the Baltics,CEB,Carbon dioxide (CO2) emissions excluding LULUCF per capita (t CO2e/capita),EN.GHG.CO2.PC.CE.AR5,9.67932294634119,8.87557283135982,8.23683701424922,8.04884781912755,7.84653147272162,7.90784565162355,8.17712325213078,7.92532577517103,7.44027509022931,7.04073358025275,7.0333988444065,7.19877210524191,7.0911730151653,7.42283970199739,7.4220404756752,7.43445674041087,7.6739629469408,7.75254608263139,7.58281734814222,6.95135876053997,7.25910070945483,7.29250986699776,7.04669769477614,6.82474038319596,6.66334117499323,6.78099870679039,6.90117663820022,7.18196645499534,7.16357789855099,6.80663569667723,6.38640856902211,6.97094770036823,6.8691177046715,6.26206160108894,..
Central Europe and the Baltics,CEB,Renewable energy consumption (% of total final energy consumption),EG.FEC.RNEW.ZS,4.13418535380991,4.78619335534206,5.37744056820556,7.20659297514846,7.52961005962435,7.84895965667676,8.35013158072127,8.99646334068357,9.46685823141914,9.73253598271612,9.94111363707141,9.88386573477463,10.1547672804381,10.2732489084258,10.7903896387224,11.2914130930657,11.0846985286912,11.3773131737879,12.1836583630886,13.7651579899879,14.5611703409059,14.7632639324625,15.6972877331338,16.6678855360829,17.0800618869512,17.1450343733474,16.872230338825,16.4670211158335,18.1372029233605,18.8782681268682,19.6856532373123,..,..,..,..
Central Europe and the Baltics,CEB,"Government expenditure on education, total (% of GDP)",SE.XPD.TOTL.GD.ZS,..,..,4.99253487586975,4.70004510879517,4.70306015014648,4.64233493804932,4.33475017547607,..,4.94200992584229,4.57943487167358,4.9839301109314,5.22845983505249,5.17923021316528,5.05714988708496,4.83406019210815,4.87839984893799,4.82572984695435,4.59521007537842,4.83990001678467,4.94636011123657,4.72375011444092,4.5631799697876,4.71772003173828,4.52116012573242,4.48657989501953,4.81700992584229,4.65749979019165,4.07755994796753,4.24356985092163,4.27311992645264,4.72159004211426,4.68406009674072,..,..,..
Central Europe and the Baltics,CEB,Current health expenditure per capita (current US$),SH.XPD.CHEX.PC.CD,..,..,..,..,..,..,..,..,..,..,221.145618423313,252.175939049331,298.232476945865,373.197389054378,446.985906031151,522.822377838485,580.363220914984,729.721673757065,927.70934430448,842.588807418098,869.153568201303,920.610840001348,863.589433948051,910.362491489398,931.156533316779,815.133472644492,851.824454182442,937.861671967606,1053.41163121893,1090.30302305385,1180.70377292216,1405.06668895672,1360.47320653773,..,..
Central Europe and the Baltics,CEB,Individuals using the Internet (% of population),IT.NET.USER.ZS,..,..,..,..,..,..,..,..,..,..,..,..,..,..,..,..,..,..,..,..,..,..,..,..,..,..,..,..,..,..,..,..,..,..,..
Central Europe and the Baltics,CEB,"GNI, PPP (constant 2021 international $)",NY.GNP.MKTP.PP.KD,..,..,..,..,..,1757946530803.47,1850345544575.47,1876419913169.4,1926456397170.4,1951452768056.55,2023710579765.5,2093279793120.62,2174306140321.26,2246637943240.64,2360366406338.63,2484134958689.09,2619482194863.11,2768880142098.84,2912187155976.96,2827297248627.17,2838905635889.09,2923392017095.54,2951546223391.71,2984025883735.41,3087948121336.81,3200734246339.15,3295098092826.09,3459238590559.67,3626196050104.77,3778929685739.65,3677702599095.17,3868619391874.77,3978292600403.28,4027974196596.36,..
Early-demographic dividend,EAR,GDP per capita (constant 2015 US$),NY.GDP.PCAP.KD,1845.33442673616,1880.12065536321,1914.29640704476,1941.53234018198,1968.80435278286,1977.80696966481,2049.17069121101,2107.06035298564,2116.74135214968,2125.3102791303,2176.92529213475,2161.2997782856,2164.314192978,2237.36597840272,2335.1945218692,2431.51080574443,2536.7237358559,2638.12459616053,2686.01301736261,2663.09655076973,2792.9477859537,2885.35705411764,2961.44825901423,3036.95652123499,3118.79372704984,3211.78012733143,3309.40901271005,3419.61419943167,3507.95715373008,3547.02225116368,3357.8244560177,3568.79569401371,3723.91624709512,3839.80039722526,..
Early-demographic dividend,EAR,Gini index,SI.POV.GINI,..,..,..,..,..,..,..,..,..,..,..,..,..,..,..,..,..,..,..,..,..,..,..,..,..,..,..,..,..,..,..,..,..,..,..
Early-demographic dividend,EAR,"Unemployment, total (% of total labor force) (modeled ILO estimate)",SL.UEM.TOTL.ZS,..,6.33439986099767,6.40385203316569,6.58222654047382,6.8054630258792,7.07631493241979,6.92154862166954,6.80671756099829,6.91695464537819,7.10847435045313,7.11472249654015,7.20100761030258,7.44663197295669,7.33857822367171,7.22075925807152,7.13189877369064,6.90690971756036,6.84170820607528,6.79874005728352,6.92207663381963,6.72549254045243,6.64163269370553,6.73913255945519,6.71768093948525,6.64658238879271,6.8212583318297,6.75915198816922,6.74512514660323,6.79972998966452,6.33471130423578,7.41080978209993,6.78633395860379,5.71415089065227,5.2602661302477,5.29942912098638
Early-demographic dividend,EAR,Carbon dioxide (CO2) emissions excluding LULUCF per capita (t CO2e/capita),EN.GHG.CO2.PC.CE.AR5,1.38338960116189,1.40286225719316,1.41080404601763,1.42677288813669,1.47835540487418,1.51076991848577,1.55345820010142,1.5885730185063,1.60818388975022,1.62482369433182,1.65239082572299,1.65109711068216,1.67300043333451,1.7136771440152,1.77864729731647,1.82489066860657,1.89136885136398,1.96897702163134,2.00692607454905,2.0273941558375,2.09453651231462,2.13736333982496,2.21618072843656,2.20320635919252,2.27113950423154,2.26229306924747,2.27218667734432,2.3350539601054,2.35376403110086,2.33494234831358,2.16045469902446,2.28574805484061,2.33747513954449,2.39296733826192,..
Early-demographic dividend,EAR,Renewable energy consumption (% of total final energy consumption),EG.FEC.RNEW.ZS,34.7867054797112,34.3906552458163,34.2230965927234,33.9879946069269,33.178172684238,32.76563404204,32.0883084627716,31.6322153797901,31.4856676005658,31.0201141931511,30.4134618326183,30.3000368306223,29.5887941883654,29.0577598656013,28.3927990012727,27.8828809731867,27.1669158641438,26.2262030974842,25.9558496427718,25.4221953186103,24.8677344772296,24.1114815363071,23.7733426106844,24.0310143347149,23.4797969089408,23.2586860898365,23.2950714112546,22.9318932699064,22.9799993263271,23.3613434124336,25.039700621241,..,..,..,..
Early-demographic dividend,EAR,"Government expenditure on education, total (% of GDP)",SE.XPD.TOTL.GD.ZS,..,..,..,..,..,..,..,..,..,4.11037015914917,3.8178950548172,4.07168006896973,4.01734018325806,4.16870021820068,3.5786600112915,..,4.20910000801087,3.6185849905014,4.01259005069732,4.51763010025024,3.89688181877136,3.91682505607605,4.40412497520446,4.50858020782471,4.08329010009766,3.92036402225494,3.83786773681641,3.93130993843079,3.68916285037994,3.48775553703308,4.09056520462036,3.87249755859375,3.61778378486633,..,..
Early-demographic dividend,EAR,Current health expenditure per capita (current US$),SH.XPD.CHEX.PC.CD,..,..,..,..,..,..,..,..,..,..,63.3816691495132,64.03235177879,58.7851948317807,65.8089929111183,74.3714415739538,84.8992532245501,93.694564334441,108.192739057052,119.463470339655,119.945793020863,137.290448522307,153.205010520949,160.373161461081,165.969320655342,164.888235767209,163.683643698932,160.689211582871,165.943173026042,160.314529579211,159.607867252258,162.009466846697,185.036170737778,187.714153624307,..,..
Early-demographic dividend,EAR,Individuals using the Internet (% of population),IT.NET.USER.ZS,..,..,..,..,..,..,..,..,..,..,..,..,..,..,..,..,..,..,..,..,..,..,..,..,..,..,..,..,..,..,..,..,..,..,..
Early-demographic dividend,EAR,"GNI, PPP (constant 2021 international $)",NY.GNP.MKTP.PP.KD,10411727463213,10796950616815.2,11278544518437,11922219564663.8,12423829175696.3,12635465902894.7,13414064761637.2,14022238312643.5,14564789735569,15313320150210.4,15892016754092.3,16309495055614.6,16740250316981.6,17631417974955.8,18643182155005.3,19815172332293.8,21236807300594.2,22700608985531.7,23407512485825.1,23844498310985.9,25416580563316.8,26501707964878.7,27301891851125.1,28356081010520.2,29625864752277.1,30975082866815.5,33131876225151.7,34789345964968.6,36262999940379.6,37288321013768.2,35602214046498.1,38281517702100.8,40450159960092,42656176937170.5,..
East Asia & Pacific,EAS,GDP per capita (constant 2015 US$),NY.GDP.PCAP.KD,3697.62632459102,3821.6825268643,3930.37398150825,4043.00204365423,4200.78921049674,4384.35259614522,4574.87110487284,4705.1450404312,4673.40778810922,4799.32637612505,5010.90730127877,5129.77329587585,5309.50339902636,5528.28823842964,5808.46385960041,6105.54727573643,6450.91112362896,6879.99735312265,7127.60368414857,7258.26205886473,7755.92445252617,8120.13266214691,8471.73941570275,8845.39821407039,9196.15950589997,9562.10616350756,9937.55260241174,10366.2990978854,10794.5048848929,11164.1803071798,11103.7258582781,11766.0886533711,12080.7216328,12551.1343109467,..
East Asia & Pacific,EAS,Gini index,SI.POV.GINI,..,..,..,..,..,..,..,..,..,..,..,..,..,..,..,..,..,..,..,..,..,..,..,..,..,..,..,..,..,..,..,..,..,..,..
East Asia & Pacific,EAS,"Unemployment, total (% of total labor force) (modeled ILO estimate)",SL.UEM.TOTL.ZS,..,2.45348182930803,2.44648499638451,2.70120675237843,2.96925133669627,3.04438839579311,3.15883854903829,3.24782198209408,3.53889313054046,3.65027107077567,3.55420828634153,3.95674303523231,4.25600174706397,4.46994570713792,4.42042962261375,4.46538303958669,4.34189971837131,4.2946239136738,4.37313894233402,4.46622743993614,4.21713753627349,4.12281542064571,4.05312532673053,4.03852869929477,4.01783996091461,4.08251292816983,3.99580515839642,3.86565024174878,3.74497476910225,3.81472100039499,4.28970049892231,4.05434245252657,4.08953119146495,3.85771244035512,3.7829268239278
East Asia & Pacific,EAS,Carbon dioxide (CO2) emissions excluding LULUCF per capita (t CO2e/capita),EN.GHG.CO2.PC.CE.AR5,2.65429270252853,2.73184758129307,2.78536235586561,2.90080848089021,3.00918167335232,3.1972727569945,3.19298106442568,3.23952790459291,3.18742918953736,3.18124319704184,3.31030569315781,3.39007206387434,3.55051558278995,3.86448667908202,4.22230383221709,4.56847727106486,4.86697240070339,5.16055693651313,5.21148828304572,5.41312744716546,5.82401545642879,6.22525241080319,6.34886605722771,6.52504408924785,6.53596189497415,6.43867284797118,6.42993425732309,6.52618302588045,6.75630608554915,6.86923370404473,6.83306059558734,7.08672521505706,7.00012640729947,7.30471261326517,..
East Asia & Pacific,EAS,Renewable energy consumption (% of total final energy consumption),EG.FEC.RNEW.ZS,26.4329897547097,25.9692281834831,25.5424764076859,24.7972004060002,24.0479520466945,23.0905472296925,23.2753953408742,23.002214299819,23.1480094348702,22.9875258340472,22.4892703779861,21.7668293056633,21.1682646992535,19.8144796859051,17.947588197859,16.4521500875488,15.9701688544014,15.0643380789745,14.7634090238318,14.2950537387367,13.4161693347713,12.7647566920643,12.8225859693401,12.8049975797319,13.1914590207076,12.9503215901268,13.3225867072793,13.6095555971822,13.829096339611,14.2598277749117,14.7357084471391,..,..,..,..
East Asia & Pacific,EAS,"Government expenditure on education, total (% of GDP)",SE.XPD.TOTL.GD.ZS,..,..,..,..,..,..,..,..,..,..,..,3.54249000549316,3.86491990089417,..,3.65276002883911,..,..,3.17887997627258,3.39046001434326,3.88776075839996,3.55966520309448,3.7802300453186,3.59691834449768,3.82439851760864,3.55633664131165,3.50010228157044,3.3851774930954,3.44198918342591,3.26196706295014,3.2814131975174,3.65287351608276,3.33563995361328,3.36847960948944,..,..
East Asia & Pacific,EAS,Current health expenditure per capita (current US$),SH.XPD.CHEX.PC.CD,..,..,..,..,..,..,..,..,..,..,239.832698847011,222.890526954309,224.542602727972,253.031798403404,279.727457467479,293.882202801765,299.890232707894,323.507883625578,375.822589185019,421.357701343156,479.630422183346,588.874783411469,627.195588189346,603.489925331607,617.542712754513,604.418249291077,636.821085275246,668.759478170624,723.444630761637,755.048841346782,793.628342680854,879.237648700468,837.623016428234,..,..
East Asia & Pacific,EAS,Individuals using the Internet (% of population),IT.NET.USER.ZS,..,..,..,..,..,..,..,..,..,..,..,..,..,..,..,..,..,..,..,..,..,..,..,..,..,..,..,..,..,..,..,..,..,..,..
East Asia & Pacific,EAS,"GNI, PPP (constant 2021 international $)",NY.GNP.MKTP.PP.KD,..,..,..,..,..,13279659693936.4,14072318847468,14721750455679.8,14995309499714.5,15601752390058.3,16466006813300.2,17080129219387.8,17940581816872.2,18921158816210.2,20106086897920.2,21298089174692,22836810783811.3,24800691888135.9,25900521361989.7,26894296396578.7,28960881735209,30577645182259.2,32401703053947.2,34178927493776.4,36178530933160.1,38133542506629.7,40098700359113.1,42366689341878,44384273874204.7,46385171976040.8,46467039446800.8,49439157904455.2,50753446695816.4,53282281039008.4,..
East Asia & Pacific (excluding high income),EAP,GDP per capita (constant 2015 US$),NY.GDP.PCAP.KD,1063.51199065748,1131.35983467134,1239.99653215466,1360.87466771984,1489.1066210566,1614.82861385808,1738.83922768631,1843.29156424743,1874.25077132538,1972.38529079573,2102.12652359733,2227.69176676223,2385.91139596672,2577.48366786052,2789.75917538623,3043.60425164802,3354.03370328699,3743.1233753019,4034.02942772194,4323.61203004406,4717.3060971248,5085.05890241592,5422.94568719239,5769.10927846524,6122.12164602174,6482.99315626888,6857.22703692813,7262.1106493867,7686.60682651319,8086.60225123857,8150.22320292296,8742.27639111824,9017.09870504457,9460.05148667577,..
East Asia & Pacific (excluding high income),EAP,Gini index,SI.POV.GINI,..,..,..,..,..,..,..,..,..,..,..,..,..,..,..,..,..,..,..,..,..,..,..,..,..,..,..,..,..,..,..,..,..,..,..
East Asia & Pacific (excluding high income),EAP,"Unemployment, total (% of total labor force) (modeled ILO estimate)",SL.UEM.TOTL.ZS,..,2.40711360910144,2.37611306626529,2.62714147268805,2.92467103828283,3.00766968604447,3.11193345175662,3.20347877632994,3.37390522425585,3.4686448621588,3.42330379281354,3.84548126641516,4.15890418582549,4.40610012542102,4.40081751899497,4.47985327360327,4.37346271691852,4.35381700814466,4.43458690180373,4.41621948931768,4.15545539099385,4.10579979256748,4.04454083172618,4.04644374340581,4.04186575779653,4.11636992397966,4.03404292652506,3.91171481452964,3.8023437834359,3.89330553057754,4.36073968094378,4.12248591657027,4.22329838547477,3.97239658895814,3.88533986264755
East Asia & Pacific (excluding high income),EAP,Carbon dioxide (CO2) emissions excluding LULUCF per capita (t CO2e/capita),EN.GHG.CO2.PC.CE.AR5,1.84471271135688,1.91828611802719,1.97016763669238,2.09423513292203,2.17951381097765,2.37210222306731,2.35174451313299,2.40537821247721,2.40861159413917,2.36327442201727,2.47580039085481,2.57246368932871,2.73374478318436,3.08408379977432,3.4759823321491,3.86088870943536,4.20452595067235,4.50817611357017,4.60270951182899,4.85887802420269,5.26408172780653,5.67217574678604,5.79484796534005,5.99331356229783,6.04196302012474,5.94980208116405,5.93583532255736,6.04782590343549,6.32626474561795,6.48286400382153,6.50586652845903,6.77370808260879,6.73944156729028,7.11382725746821,..
East Asia & Pacific (excluding high income),EAP,Renewable energy consumption (% of total final energy consumption),EG.FEC.RNEW.ZS,36.7865285863341,36.0970169273155,35.7367032898908,34.3564051085074,33.7250342979101,31.9977319807716,32.6740942528333,32.0470707686753,31.9182616220479,32.249200665887,31.6792835634503,30.4509089692039,29.2813504786747,26.6123181377304,23.2431185399422,20.7712206609005,19.7699543690339,18.4269273124366,17.8186195632414,17.0068390325042,15.7124472488783,14.7534030380126,14.7499203492228,14.5938204412081,14.8609234597099,14.5014500109842,14.9357827247603,15.194633216799,15.3248280132722,15.7245460349995,16.1032550340587,..,..,..,..
East Asia & Pacific (excluding high income),EAP,"Government expenditure on education, total (% of GDP)",SE.XPD.TOTL.GD.ZS,..,..,..,..,..,2.25295501947403,2.68665993213653,3.51327002048493,..,..,4.20893001556396,2.92463994026184,2.89222002029419,..,2.74847006797791,..,..,3.06133496761322,3.57014417648316,3.80673098564148,3.55966520309448,3.79472351074218,3.94740355014801,3.97710132598877,3.54012322425842,3.50010228157044,3.3851774930954,3.44198918342591,3.17135858535767,3.05360627174377,3.21652889251709,2.98212432861328,2.88738679885864,2.95115232467651,..
East Asia & Pacific (excluding high income),EAP,Current health expenditure per capita (current US$),SH.XPD.CHEX.PC.CD,..,..,..,..,..,..,..,..,..,..,38.3870667965661,39.5186477360248,44.0812359616665,50.335614885103,56.6397055870388,65.0217974072707,74.621806259886,89.2545375295361,116.597180955517,138.521330576786,160.376238979613,200.301094312263,233.498736130215,263.862001159709,287.399946858888,307.281247548244,312.578671837952,342.751972720443,388.609815983208,414.609309647715,446.479702327493,514.728346249158,510.485887004471,..,..
East Asia & Pacific (excluding high income),EAP,Individuals using the Internet (% of population),IT.NET.USER.ZS,..,..,..,..,..,..,..,..,..,..,..,..,..,..,..,..,..,..,..,..,..,..,..,..,..,..,..,..,..,..,..,..,..,..,..
East Asia & Pacific (excluding high income),EAP,"GNI, PPP (constant 2021 international $)",NY.GNP.MKTP.PP.KD,..,..,..,..,..,4749652356060.53,5219790105641.72,5691794479694.31,6078142144990.64,6527458037347.31,7078576978361.42,7618059764939.81,8298239516448.65,9118113698641.85,10033941415969.9,11076819971828,12457465803578,14182879919683.2,15547453846658.3,16798835783045.7,18487515376256.9,20027927579706.3,21654740929900.8,23143075994732,24952232835531.8,26491903855181,28224589986321.6,30196347391390.6,32097610827599.9,34020495188464.7,34267616774385.5,36804533233944.9,38115949724294.7,40167270648465.7,..
East Asia & Pacific (IDA & IBRD countries),TEA,GDP per capita (constant 2015 US$),NY.GDP.PCAP.KD,1076.61802644978,1145.25689946194,1255.18735557792,1377.51270514456,1507.31788863151,1634.54756505936,1759.99566358446,1865.6249872838,1896.86988571047,1996.09083004515,2127.29238446054,2254.26246671033,2414.24867985638,2607.99601085438,2822.7248294232,3079.46938892851,3393.4214731323,3786.91196733058,4081.04535831456,4373.81355926669,4771.87740170415,5143.65847236272,5485.14226091111,5834.97166627815,6191.75300927299,6556.49872551756,6934.73128744704,7343.90148194083,7772.96857324201,8177.30877474709,8241.55852879593,8840.27899192248,9118.32683314072,9566.43000302322,..
East Asia & Pacific (IDA & IBRD countries),TEA,Gini index,SI.POV.GINI,..,..,..,..,..,..,..,..,..,..,..,..,..,..,..,..,..,..,..,..,..,..,..,..,..,..,..,..,..,..,..,..,..,..,..
East Asia & Pacific (IDA & IBRD countries),TEA,"Unemployment, total (% of total labor force) (modeled ILO estimate)",SL.UEM.TOTL.ZS,..,2.40874403795317,2.3767716688128,2.6301198290109,2.93060396440088,3.01458475185669,3.1198949743781,3.21148767006564,3.38157315635187,3.47487110267778,3.42896287038122,3.85717166136865,4.17566545663043,4.42626048911676,4.42148007967952,4.50231259783126,4.39475180578743,4.37489660023347,4.45784019112314,4.43930711068683,4.17562491797747,4.12394805623432,4.06150735915239,4.06337163020856,4.05946116233141,4.13498800489396,4.05094529389803,3.9281651171289,3.8185338900756,3.91055814607334,4.38272643965065,4.13976979107785,4.24554875686717,3.99023937769226,3.90141243499666
East Asia & Pacific (IDA & IBRD countries),TEA,Carbon dioxide (CO2) emissions excluding LULUCF per capita (t CO2e/capita),EN.GHG.CO2.PC.CE.AR5,1.78716289938197,1.86609577123184,1.92869211761904,2.0603872956736,2.15352807458605,2.35259634031047,2.33830040664649,2.39465455804079,2.40604629236957,2.35726363007133,2.46846772440446,2.56522436344224,2.73012308228795,3.08459405987998,3.48093169377133,3.86946406596828,4.21693053853145,4.53147590932853,4.62395957059321,4.88538286410236,5.2971685228554,5.719864122517,5.84553473461047,6.05109535695157,6.09813693543954,6.00912397982793,5.99322854017814,6.08836174076812,6.37381903614124,6.52911716842005,6.55455697279589,6.83152253633847,6.79599620744296,7.17298444569797,..
East Asia & Pacific (IDA & IBRD countries),TEA,Renewable energy consumption (% of total final energy consumption),EG.FEC.RNEW.ZS,37.8188395963066,36.997613522758,36.5170936412903,35.0113313613545,34.2669462105969,32.4317851577059,33.0631982798107,32.4062270408543,32.2527206745466,32.6224048380827,32.0740005836652,30.8278405422776,29.6045978159098,26.8734001842069,23.4303841177137,20.9168359804373,19.8997397792151,18.4989301712702,17.8967893794338,17.0417177123353,15.7261133262709,14.7362101871014,14.7348010536402,14.5604398933454,14.8367730293056,14.4745004715235,14.9072794927063,15.2141833608499,15.3363753505913,15.7506367453546,16.1221610096023,..,..,..,..
East Asia & Pacific (IDA & IBRD countries),TEA,"Government expenditure on education, total (% of GDP)",SE.XPD.TOTL.GD.ZS,..,..,..,..,..,2.25295501947403,2.68665993213653,3.51327002048493,..,..,4.20893001556396,2.92463994026184,2.89222002029419,..,2.74847006797791,..,..,3.06133496761322,3.57014417648316,3.80673098564148,3.55966520309448,3.79472351074218,3.94740355014801,3.97710132598877,3.54012322425842,3.50010228157044,3.3851774930954,3.44198918342591,3.17135858535767,3.05360627174377,3.21652889251709,2.98212432861328,2.88738679885864,2.95115232467651,..
East Asia & Pacific (IDA & IBRD countries),TEA,Current health expenditure per capita (current US$),SH.XPD.CHEX.PC.CD,..,..,..,..,..,..,..,..,..,..,38.3962858442282,39.5267988323696,44.0886694759408,50.3430997602121,56.6481200802848,65.0310899593706,74.6314011203398,89.2653449606564,116.608362782087,138.531414457046,160.387447080418,200.311549695904,233.511078276087,263.875016443977,287.41296352947,307.295794077259,312.594429342351,342.768661584332,388.626495910689,414.626630826232,446.49690890404,514.747413642451,510.508082812985,..,..
East Asia & Pacific (IDA & IBRD countries),TEA,Individuals using the Internet (% of population),IT.NET.USER.ZS,..,..,..,..,..,..,..,..,..,..,..,..,..,..,..,..,..,..,..,..,..,..,..,..,..,..,..,..,..,..,..,..,..,..,..
East Asia & Pacific (IDA & IBRD countries),TEA,"GNI, PPP (constant 2021 international $)",NY.GNP.MKTP.PP.KD,..,..,..,..,..,4743942024845.55,5213514545213,5684951445878.34,6070834619677.69,6519610316168.82,7070066667280.31,7608896728526.7,8288239478114.93,9107088783174.86,10021791314060.2,11063381817204.7,12442306991373.5,14165575319253.8,15528427973616.3,16778235774673.9,18464797533213.7,20003296519690.3,21628084884960.9,23114570899942.7,24921486868558.9,26459282629190.9,28189817754974,30159110075540.9,32058000507422.7,33978499559053,34225297393250.8,36759010769486.8,38068781496488,40117563925006.8,..
Euro area,EMU,GDP per capita (constant 2015 US$),NY.GDP.PCAP.KD,25543.783135669,26038.5655260757,26220.4705116046,25934.862768379,26506.8515321168,27095.3256247578,27502.6451066509,28198.3838324081,28984.4994857538,29782.9745607301,30849.349326206,31420.4451006433,31565.3593580873,31633.5052321499,32189.7597103466,32592.9203476248,33520.5049285655,34353.5965308189,34330.7161496185,32687.1962150456,33303.729690688,33969.8622346996,33586.1200998378,33418.4268167225,33791.0809167911,34415.6153549122,34945.5340431007,35782.8827662692,36334.4085942724,36888.9661245938,34610.8850208902,36794.2715502445,37931.5270838514,37970.126091685,..
Euro area,EMU,Gini index,SI.POV.GINI,..,..,..,..,..,..,..,..,..,..,..,..,..,..,..,..,..,..,..,..,..,..,..,..,..,..,..,..,..,..,..,..,..,..,..
Euro area,EMU,"Unemployment, total (% of total labor force) (modeled ILO estimate)",SL.UEM.TOTL.ZS,..,8.31721718313706,8.9295607186825,10.6900899017753,11.7369455914828,11.4184706063119,11.6237217720969,11.6419654851093,11.2045752544234,10.4531698266666,9.47224221882325,8.4187233272483,8.67984727101411,9.02087575338458,9.29041121484406,9.150301070873,8.430195160078,7.53799190995893,7.54469445681293,9.63497145563048,10.1759838228201,10.2620513591197,11.416171061834,11.9989116590454,11.6282144784814,10.8852194826771,10.0364611752646,9.07353382127944,8.16092484825284,7.52006174791197,7.83001752658849,7.72209813329502,6.74901273938354,6.5646094180748,6.41045223631567
Euro area,EMU,Carbon dioxide (CO2) emissions excluding LULUCF per capita (t CO2e/capita),EN.GHG.CO2.PC.CE.AR5,8.93107795474807,8.9230091965887,8.56358047460391,8.34505388567055,8.32058270428982,8.44758967208991,8.60747068320084,8.50625215981348,8.63493255270189,8.54865577182274,8.59977339180571,8.70536002336474,8.67842706347712,8.83022359161033,8.83285921045163,8.74911493254518,8.665945877839,8.53327672132927,8.2961771106268,7.64025433533125,7.86233360764978,7.60873569474388,7.48472769374607,7.29176182930716,6.90378853538399,7.03386817768504,7.00944416837977,7.00903625726849,6.81119511537625,6.48550046117375,5.82298807451348,6.2375907745355,6.02988197374357,5.48542282921295,..
Euro area,EMU,Renewable energy consumption (% of total final energy consumption),EG.FEC.RNEW.ZS,6.65620288834096,6.92975112600187,6.97049893603961,7.0856729546418,7.31207977983219,7.16319053246446,7.29350066015999,7.41974161301254,7.47699109518641,7.51049898030718,7.6981162218269,7.89788230168057,7.72734306573852,8.30318090731812,8.55905298040751,8.8587576659465,9.66634878407099,10.7909772565313,11.498088623449,12.5697793978771,13.3823231084588,13.4572131501354,14.8947324128696,15.7192598303534,16.331468684164,16.3267602137596,16.373865431701,16.5895000626086,17.5597413951391,18.1340819773096,19.8558785087338,..,..,..,..
Euro area,EMU,"Government expenditure on education, total (% of GDP)",SE.XPD.TOTL.GD.ZS,4.51393985748291,4.42924499511719,4.87051010131835,4.90074992179871,4.70306015014648,4.69021487236023,4.79957008361816,..,4.54056978225708,4.51084995269775,5.27427005767822,5.33713006973267,5.25871992111206,5.05714988708496,4.9615650177002,5.0916748046875,4.95732069015503,4.67435002326966,5.06928491592407,5.55905985832215,5.45078992843628,5.11838006973267,5.31591701507569,5.30837988853455,5.15007567405701,4.93930768966675,4.8159499168396,4.82618498802186,4.80485987663269,4.76077508926392,5.13956999778748,5.05046486854553,..,..,..
Euro area,EMU,Current health expenditure per capita (current US$),SH.XPD.CHEX.PC.CD,..,..,..,..,..,..,..,..,..,..,1731.81464765349,1773.77006355423,1975.22554192208,2475.44586708803,2831.05786772133,2948.72176709218,3116.62568558188,3536.504225857,3995.23323210538,3929.20719502897,3814.78565337249,4075.59586135605,3801.73212349614,3979.28286477306,4066.58442182247,3496.23134933022,3563.27607351689,3753.47183417588,4042.88482547669,3990.1082478853,4261.55143857216,4786.01248319798,4413.93753666579,..,..
Euro area,EMU,Individuals using the Internet (% of population),IT.NET.USER.ZS,..,..,..,..,..,..,..,..,..,..,..,..,..,..,..,..,..,..,..,..,..,..,..,..,..,..,..,..,..,..,..,..,..,..,..
Euro area,EMU,"GNI, PPP (constant 2021 international $)",NY.GNP.MKTP.PP.KD,..,..,..,..,..,12899976944011.8,13140839745966.9,13497543611017,13939434390809.7,14367978624514.2,14768154527333.5,15090439277231.2,15254054423090.8,15406707283771.5,15808084245939.7,16049583065565.6,16548391416888.3,17038830518440.7,16945607860866.4,16442993037499.3,16689871452337.9,16837496481640.1,16679266216466.5,16706475347769.1,16975641200812.7,17404830471137.5,17849273481807.8,18261626961837,18590010036715.7,18904440845420.9,17723295546657.5,18779125389896.1,18911990684429.1,..,..
Europe & Central Asia,ECS,GDP per capita (constant 2015 US$),NY.GDP.PCAP.KD,15980.1510136049,15936.0407231715,15759.9272484545,15588.1058079743,15744.7088487793,16055.2144221769,16315.8687409227,16797.3334227724,17216.3319082678,17697.4076402163,18449.6326422695,18838.2402310926,19099.3460698796,19395.9528468597,19958.8281128108,20442.710318987,21180.31934093,21891.4148856238,22022.4882533582,20964.6334932409,21438.7345972047,21902.0587814585,21883.823284506,21972.5373070957,22293.104502514,22657.3094941092,22979.1273427992,23545.2414612385,23953.2323151611,24316.5259106798,22944.3040398438,24492.0574952624,25278.4718555626,25546.8073430255,..
Europe & Central Asia,ECS,Gini index,SI.POV.GINI,..,..,..,..,..,..,..,..,..,..,..,..,..,..,..,..,..,..,..,..,..,..,..,..,..,..,..,..,..,..,..,..,..,..,..
Europe & Central Asia,ECS,"Unemployment, total (% of total labor force) (modeled ILO estimate)",SL.UEM.TOTL.ZS,..,6.88775531511316,7.49470977836801,8.65485924634432,9.64971931139526,9.93006411860132,10.2662712000885,10.5231039852197,10.6914741670305,10.5848696688065,9.68992008060942,9.0597384927959,9.0771120750963,9.11004508916415,9.04901402128379,8.71935150265075,8.15320793295983,7.23133641607482,7.16237379951304,9.05903268839953,9.11902260665955,8.85652838623603,9.07606735428657,9.27240168813787,8.95704294806211,8.57212387627213,8.0933160962511,7.49984064761938,6.89825188854958,6.64330196939745,7.10924397392522,6.90965916550803,5.85828628199525,5.58873341804014,5.36822095780443
Europe & Central Asia,ECS,Carbon dioxide (CO2) emissions excluding LULUCF per capita (t CO2e/capita),EN.GHG.CO2.PC.CE.AR5,10.3055275380359,10.0688060634693,9.42233178353862,8.87905996789409,8.41096908068625,8.35064499954527,8.33866634832156,8.05072572519915,8.05032132349216,8.00441206287415,8.07854821835708,8.11881941961401,8.09937083670867,8.36170663394782,8.35623829224261,8.31744792236952,8.43193457046354,8.41326542305779,8.29173554764965,7.63564969504741,7.93903716007851,7.93901868217468,7.83628229238709,7.62657960631751,7.26879804023003,7.22258234782473,7.19700483789834,7.25619717283921,7.24935005952663,7.08920902705448,6.64469678851173,7.09653153152971,6.9766822830162,6.73434474441377,..
Europe & Central Asia,ECS,Renewable energy consumption (% of total final energy consumption),EG.FEC.RNEW.ZS,5.69927744299961,5.86487279035287,6.22263216071103,6.63956704630882,6.87685870897137,6.96165782380635,7.06972080377409,7.36744518761315,7.49194038543657,7.55272002936935,7.61337254150596,7.62294061200408,7.56767456873364,7.69277740506278,7.96452959988101,8.29421598308961,8.56695069696663,9.13858807779309,9.49520592739064,10.4358732450885,10.8853454528135,10.7488701184553,11.6012722289391,12.288853120323,12.4375558577975,12.8793455872569,12.8936464767637,12.9052522337975,13.4812435923024,14.0196776583139,15.1438025767545,..,..,..,..
Europe & Central Asia,ECS,"Government expenditure on education, total (% of GDP)",SE.XPD.TOTL.GD.ZS,..,..,..,4.95048999786377,4.79561996459961,4.59609484672547,4.49445009231567,..,4.45031023025513,4.50699996948242,4.38873505592347,4.65009021759033,4.52869486808777,4.9208550453186,4.83406019210815,4.92976999282837,4.90767002105713,4.63328981399536,4.83990001678467,4.96806502342224,5.09588003158569,4.92263507843017,4.89862012863159,5.0094199180603,4.92579507827759,4.8975350856781,4.79266977310181,4.68990993499756,4.67515993118286,4.58624505996704,4.86263990402222,4.7901701927185,4.54389047622681,..,..
Europe & Central Asia,ECS,Current health expenditure per capita (current US$),SH.XPD.CHEX.PC.CD,..,..,..,..,..,..,..,..,..,..,935.374603657511,965.188076844167,1089.56255281372,1350.65817029271,1567.16833125204,1659.79605289164,1778.16363451851,2049.77401918102,2294.22872045825,2196.28489621424,2184.84177959936,2367.49533646258,2273.37363714662,2379.36738113292,2425.20542449904,2098.13520459274,2090.08764162467,2186.19463280953,2338.47503840285,2327.01659424926,2519.356392986,2851.82227097085,2792.5885919608,..,..
Europe & Central Asia,ECS,Individuals using the Internet (% of population),IT.NET.USER.ZS,..,..,..,..,..,..,..,..,..,..,..,..,..,..,..,..,..,..,..,..,..,..,..,..,..,..,..,..,..,..,..,..,..,..,..
Europe & Central Asia,ECS,"GNI, PPP (constant 2021 international $)",NY.GNP.MKTP.PP.KD,..,..,..,..,..,25024163014633,25456391468124.4,26074971859086.2,26850263503871.4,27616000118575.3,28498773341366.8,29224368523962.5,29675624290383.1,30200306229773.3,31214660933768.4,31944791884791.2,33129585956878,34225911599537.9,34345590513309,33295748449196.6,33954233416347.5,34413841342159.1,34358723882321,34632469267825.7,35099843788447,35658653204303.2,36116279123210.5,37022585968055.6,37918792519066.3,38679932012825.5,36908310916856.5,39024509232018.1,39246945461792.6,..,..
Europe & Central Asia (excluding high income),ECA,GDP per capita (constant 2015 US$),NY.GDP.PCAP.KD,3541.5911574758,3344.19897855521,3158.27175793277,3073.72161171804,2754.02225158131,2769.50218974358,2867.04561659439,3018.43146439384,3083.19152586944,3037.61575256051,3229.90864167174,3212.38372924632,3403.08924301268,3611.29988872633,3937.71941651781,4252.95800256801,4578.87259277601,4892.02633318363,5007.78531404947,4797.71172634825,5095.95644460807,5484.50206431837,5659.57454381673,5974.70688386413,6119.99715372863,6282.67304098967,6399.07639200426,6713.04343455883,6888.14657312452,6984.66870171291,6954.84321243087,7537.93287171536,7813.70550385486,8263.31747330373,..
Europe & Central Asia (excluding high income),ECA,Gini index,SI.POV.GINI,..,..,..,..,..,..,..,..,..,..,..,..,..,..,..,..,..,..,..,..,..,..,..,..,..,..,..,..,..,..,..,..,..,..,..
Europe & Central Asia (excluding high income),ECA,"Unemployment, total (% of total labor force) (modeled ILO estimate)",SL.UEM.TOTL.ZS,..,4.44287892433259,5.21097173523188,5.89729410212216,7.13209552910351,8.54698807779296,9.93804963169598,10.1064956610518,11.0080274252343,11.3896842510603,10.7484483274832,10.6399597923014,10.6903128740959,10.2782186342322,10.1062399665294,9.57056994537054,9.0830267439186,8.55021046052096,8.55147985690813,10.1898182867484,9.55793535586369,8.91532060706308,8.64242027667242,8.60521697776517,9.00771634449388,9.01450551916038,9.09229787087035,8.99139932461298,8.66101950653445,9.16433393973069,9.31621048521721,9.01039307351182,7.81560463809743,7.33376867158914,6.91057128596901
Europe & Central Asia (excluding high income),ECA,Carbon dioxide (CO2) emissions excluding LULUCF per capita (t CO2e/capita),EN.GHG.CO2.PC.CE.AR5,8.54682929886579,8.10085772170856,7.22234751130571,6.3997301254139,5.57134990146565,5.37235308471179,4.97129772397525,4.83757252227361,4.85496293821901,4.77800500945197,4.91052171461337,4.77032290105444,4.9124170490963,5.19369690997369,5.19537473404135,5.2262151978373,5.50786138960109,5.72153052018146,5.86363594443941,5.28250762437941,5.58543663662188,5.86345867468171,5.78451551326576,5.70325448826901,5.2687577841025,4.93790384761534,5.07782133901809,5.20428123134731,5.2417015079369,5.05382942494801,5.01426876955593,5.2665395683312,4.95758732453653,5.00041303269173,..
Europe & Central Asia (excluding high income),ECA,Renewable energy consumption (% of total final energy consumption),EG.FEC.RNEW.ZS,4.61297264778511,4.67323369825719,5.19770087644897,6.14899099314523,6.80734423861163,6.90256432366276,7.38269514967791,7.44847406872738,7.78889036486008,7.90271715888001,7.63644426761339,7.46913156445193,7.53726912835971,7.30535105466443,7.39044474886702,7.28621929679307,7.08157075044002,6.62983563522055,6.46881117382885,7.42939450852489,7.81138348689355,7.07550299115202,7.51228880189759,8.03083316618193,7.76451321901454,8.9044561039704,9.05560595696783,8.68153690303907,9.11860923575479,10.0360486681089,10.0828079236402,..,..,..,..
Europe & Central Asia (excluding high income),ECA,"Government expenditure on education, total (% of GDP)",SE.XPD.TOTL.GD.ZS,..,..,..,..,..,..,..,..,..,3.75532495975494,3.46928000450134,3.45869994163513,3.13612997531891,3.25831604003907,3.33761000633239,3.39683997631073,3.29747998714447,3.41326999664307,3.48452806472778,4.0983099937439,3.84397292137146,4.221519947052,3.95983362197876,4.6771149635315,4.41258001327515,4.30550003051758,4.44612503051758,4.01692497730255,4.095134973526,4.04449987411499,4.38912677764892,4.13622999191284,4.10659122467041,4.9514799118042,..
Europe & Central Asia (excluding high income),ECA,Current health expenditure per capita (current US$),SH.XPD.CHEX.PC.CD,..,..,..,..,..,..,..,..,..,..,87.4583496299326,79.9049262257898,95.8974587503832,123.735909721197,156.938955100586,193.191161319766,226.209177830607,276.62123532482,322.581042016962,284.384244898929,310.317058305949,330.37956300119,346.008883809489,367.358488697093,345.50341815975,293.383058530407,288.227744886181,287.479699721248,281.578270065011,296.171958260151,313.043363151502,373.149795862128,367.777921804364,..,..
Europe & Central Asia (excluding high income),ECA,Individuals using the Internet (% of population),IT.NET.USER.ZS,..,..,..,..,..,..,..,..,..,..,..,..,..,..,..,..,..,..,..,..,..,..,..,..,..,..,..,..,..,..,..,..,..,..,..
Europe & Central Asia (excluding high income),ECA,"GNI, PPP (constant 2021 international $)",NY.GNP.MKTP.PP.KD,..,..,..,..,..,..,..,..,..,..,..,..,..,..,..,..,..,..,..,..,..,..,..,..,..,..,..,..,..,..,..,..,..,..,..
Europe & Central Asia (IDA & IBRD countries),TEC,GDP per capita (constant 2015 US$),NY.GDP.PCAP.KD,5333.63737262908,4994.2118271273,4499.62847655471,4277.40609481551,3908.54276652662,3900.74533805405,3935.97961290303,4049.52977401798,4024.28651752456,4123.30692663006,4429.40015831104,4547.57239077933,4777.84263456134,5072.04198299699,5467.24323919498,5826.10439437709,6277.47602262934,6755.4719610591,7040.76132216452,6686.53674406756,6972.8894318794,7354.41063374526,7571.75330129263,7784.03505174802,7924.09383545402,8001.11229243002,8108.17857341044,8416.39670864547,8692.46319101588,8887.2907005873,8731.99724313867,9379.93552489632,9590.85509732982,9993.20076360895,..
Europe & Central Asia (IDA & IBRD countries),TEC,Gini index,SI.POV.GINI,..,..,..,..,..,..,..,..,..,..,..,..,..,..,..,..,..,..,..,..,..,..,..,..,..,..,..,..,..,..,..,..,..,..,..
Europe & Central Asia (IDA & IBRD countries),TEC,"Unemployment, total (% of total labor force) (modeled ILO estimate)",SL.UEM.TOTL.ZS,..,5.88516272026417,6.35082862580249,7.02964263363322,8.39768970039692,9.38716990370413,9.97942478649557,10.6483147591901,11.4911681190221,11.9103803884924,11.0252036761132,10.7472838740452,10.5333866655627,10.2946380818145,9.94923356233411,9.29208362545358,8.66814807340215,7.56763449504919,7.37099265588776,9.10456034631184,8.68768383545242,8.12134787323803,7.65779182338939,7.71586670293672,7.65935564813882,7.64210348176057,7.47526827082234,7.12553159533485,6.68602119949787,6.74057982241333,7.23741604434341,6.8319668511332,5.68431126209161,5.16074258293559,4.7345394195908
Europe & Central Asia (IDA & IBRD countries),TEC,Carbon dioxide (CO2) emissions excluding LULUCF per capita (t CO2e/capita),EN.GHG.CO2.PC.CE.AR5,11.3921303261684,10.918526007195,9.97484229256699,9.11089122198544,8.21630266203297,8.03162541634299,7.79167431001925,7.39631367271323,7.31486449149837,7.32682499869457,7.42889765713201,7.40076051627274,7.44156691638486,7.79197617009727,7.7998326404738,7.82314609219773,8.10649409162492,8.23046075132982,8.24041839881566,7.60386158398604,7.98884528309162,8.33690557117736,8.21573548313978,7.98875549745443,7.69189050713899,7.53721138379804,7.55972726946429,7.7197704158522,7.89513420084786,7.89022933064634,7.62927531246448,8.15125902726262,8.14472278410631,8.18897638775088,..
Europe & Central Asia (IDA & IBRD countries),TEC,Renewable energy consumption (% of total final energy consumption),EG.FEC.RNEW.ZS,4.04588404808782,4.17192682694012,4.46778427332049,5.08044137417744,5.24991526703319,5.37627999268471,5.66512663791886,5.87647845146333,5.96863076400679,6.07857057906058,5.78122035941118,5.71777156327375,5.74985784024828,5.63636860981498,5.90786082633953,6.00418221003651,5.80596892249769,5.73937107663892,5.65568190327709,6.31016030362143,6.47053937004181,6.07092779006697,6.31102741897139,6.84289164403339,6.5278379664623,6.91537820498688,7.02388910258759,6.78336326599948,7.24893746815336,7.60488014385583,8.04684136612882,..,..,..,..
Europe & Central Asia (IDA & IBRD countries),TEC,"Government expenditure on education, total (% of GDP)",SE.XPD.TOTL.GD.ZS,..,..,..,..,..,..,3.51256990432739,..,..,3.89257001876831,3.50838994979858,3.42146992683411,3.38608002662659,3.67853999137878,3.54786992073059,3.77192997932434,3.90346002578735,3.96751999855042,4.10174989700317,4.32161498069764,3.85746002197266,4.02476501464844,3.90163707733154,4.34481000900269,4.24131655693055,4.10879218578338,4.26451015472412,4.07755994796753,4.04709005355835,3.98228991031647,4.38901996612549,4.09644508361816,4.05402755737305,..,..
Europe & Central Asia (IDA & IBRD countries),TEC,Current health expenditure per capita (current US$),SH.XPD.CHEX.PC.CD,..,..,..,..,..,..,..,..,..,..,105.408518116713,114.164795603981,133.794421229204,161.902238209458,202.029760214378,251.976699807754,303.274092244658,385.742013998617,485.876988511871,419.8488614922,454.084035226407,505.463833452682,530.545593512147,565.160788828785,535.031445322873,416.135247745098,405.613291095096,453.476821705945,472.091174820304,498.214382242414,564.736740909194,640.286887368907,728.68650759212,..,..
Europe & Central Asia (IDA & IBRD countries),TEC,Individuals using the Internet (% of population),IT.NET.USER.ZS,..,..,..,..,..,..,..,..,..,..,..,..,..,..,..,..,..,..,..,..,..,..,..,..,..,..,..,..,..,..,..,..,..,..,..
Europe & Central Asia (IDA & IBRD countries),TEC,"GNI, PPP (constant 2021 international $)",NY.GNP.MKTP.PP.KD,..,..,..,..,..,..,..,..,..,..,..,..,..,..,..,..,..,..,..,..,..,..,12291356060802.9,12512967676307,12602269165433.1,12554175606493.8,12418998912600.4,12790495152721.1,13254298009622.2,13603813753596.3,13346522755635.4,13977118824020.1,13842123161778.5,14353860409981,..
European Union,EUU,GDP per capita (constant 2015 US$),NY.GDP.PCAP.KD,21727.7943975322,21981.5101691009,22115.353857473,21912.2709065984,22448.2046088489,23016.3191877512,23419.1748207732,24012.0932224016,24695.10226666,25395.0609047824,26362.6871460319,26896.962643115,27130.0081018974,27287.4431997425,27892.3626751667,28345.0217100505,29260.4241471509,30078.4922937212,30169.1008017773,28800.3146895465,29388.2998380513,30017.5373368992,29745.218194805,29662.1224995424,30070.2395706918,30716.6295698647,31247.8952714101,32071.6987359019,32672.3258994377,33259.1764284619,31379.7615578403,33456.2332585338,34527.2297119608,34601.0255998745,..
European Union,EUU,Gini index,SI.POV.GINI,..,..,..,..,..,..,..,..,..,..,..,..,..,..,..,..,..,..,..,..,..,..,..,..,..,..,..,..,..,..,..,..,..,..,..
European Union,EUU,"Unemployment, total (% of total labor force) (modeled ILO estimate)",SL.UEM.TOTL.ZS,..,8.58763776597261,9.23724014256356,10.8578041270804,11.5487582472721,11.1089008967871,11.1430361327697,10.9626535174364,10.5276504397723,10.2135806790215,9.70649119804801,9.21023056618187,9.56476274801543,9.70369491292603,9.85633754377984,9.63224855265433,8.68751413375083,7.50271309325279,7.24179998656737,9.21231120124255,9.87432248381671,9.9295874563508,10.8755028252317,11.3506370910569,10.8289812637527,10.0201862137305,9.10968305462766,8.1361540581006,7.25621058383303,6.68649109760781,7.04821860006322,7.01183843029148,6.14302856971608,6.02944529696582,5.91623201139336
European Union,EUU,Carbon dioxide (CO2) emissions excluding LULUCF per capita (t CO2e/capita),EN.GHG.CO2.PC.CE.AR5,9.05939154204448,8.90992087765201,8.54421575573239,8.36130657953902,8.31532254752297,8.42044832119749,8.64336806031478,8.46419151534527,8.43421614128587,8.26841521197217,8.29939664343967,8.41119830109262,8.36602110506268,8.56780579590862,8.55092550128672,8.46912362871286,8.48033278554692,8.36666799200852,8.13800919073471,7.49676403305349,7.73143483564759,7.52741735113801,7.36579769209267,7.16031150638743,6.82139019069591,6.94232897063412,6.94694887184529,6.98983125135694,6.82287533620523,6.50153352460865,5.90007110722056,6.34568373194735,6.15590803488743,5.5972490550787,..
European Union,EUU,Renewable energy consumption (% of total final energy consumption),EG.FEC.RNEW.ZS,6.90816268383563,7.19562063474546,7.47610833148526,7.90689034905156,8.01517186621774,8.03380062038721,8.09429277380687,8.48838506069868,8.61304801433633,8.62394585933765,8.98176846645812,8.96648107340237,8.86457575550822,9.27716550106276,9.57806942522037,10.0275617190692,10.685367700046,11.7592819867719,12.489770926183,13.6527413216292,14.4819868668562,14.6476287872772,16.0638884841707,16.8108248593668,17.4502355668158,17.6013864447651,17.5430290745386,17.6948545926672,18.7304117385027,19.3462835156226,21.121106310957,..,..,..,..
European Union,EUU,"Government expenditure on education, total (% of GDP)",SE.XPD.TOTL.GD.ZS,4.55725002288819,4.84130001068115,5.0056300163269,4.95551991462708,4.70306015014648,4.69021487236023,4.75392007827759,..,4.54056978225708,4.57943487167358,5.07388997077942,5.27374482154846,5.21897506713867,5.08566498756409,5.04638004302979,5.10939979553223,5.00697135925293,4.71541023254395,5.02904987335205,5.52265977859497,5.29786014556885,5.07161998748779,4.94940996170044,5.021240234375,4.9665699005127,4.90953016281128,4.79266977310181,4.64757013320923,4.62343978881836,4.63002014160156,4.87656021118164,4.80319976806641,..,..,..
European Union,EUU,Current health expenditure per capita (current US$),SH.XPD.CHEX.PC.CD,..,..,..,..,..,..,..,..,..,..,1432.37901922712,1474.86144796481,1651.15511975626,2071.40211163513,2374.11505488902,2486.47453356607,2636.19962720898,3008.32646712184,3418.06865914331,3341.94021576223,3270.343633501,3525.67437611876,3300.48292760707,3462.30651270679,3537.28351170175,3044.355739988,3107.98444950464,3281.40803012398,3537.38343817001,3494.19998407395,3737.37964981659,4222.57923851093,3896.0775599449,..,..
European Union,EUU,Individuals using the Internet (% of population),IT.NET.USER.ZS,..,..,..,..,..,..,..,..,..,..,..,..,..,..,..,..,..,..,..,..,..,..,..,..,..,..,..,..,..,..,..,..,..,..,..
European Union,EUU,"GNI, PPP (constant 2021 international $)",NY.GNP.MKTP.PP.KD,..,..,..,..,..,14947103320307.6,15270860251462.7,15653071766969.2,16155671880098.1,16640367962918.2,17126657969479.4,17510790463173.2,17743879783906.2,17967601770367.5,18478707224667.5,18839965078856.5,19484780270650.4,20102355275826.5,20138910270091.4,19550639549645.5,19853637726373,20092131752544.1,19956134164270.7,20020193942004.5,20399877961824.9,20952211034803.4,21494909998751.1,22072430544629.4,22564496411448.3,23042209981880,21767737890104.8,23062752435896.9,23314001293321.5,..,..
Fragile and conflict affected situations,FCS,GDP per capita (constant 2015 US$),NY.GDP.PCAP.KD,1584.11621880069,1455.45058699976,1422.01303784373,1357.78004779164,1274.88967843629,1237.56051801465,1250.98337230263,1279.52373217026,1312.51381819477,1322.31903553732,1363.12616802996,1387.04238564675,1418.42227989345,1398.44077323145,1518.87927067736,1569.02933736111,1620.7801726113,1677.90019211294,1720.58220276564,1729.83116777241,1806.06470648761,1763.14968554429,1816.40117470759,1835.84732998932,1836.06261653982,1810.68930176888,1809.47297640021,1815.2891773715,1824.2352781677,1825.54150830309,1695.13452408245,1699.60293179616,1686.06013500643,1683.16888033162,..
Fragile and conflict affected situations,FCS,Gini index,SI.POV.GINI,..,..,..,..,..,..,..,..,..,..,..,..,..,..,..,..,..,..,..,..,..,..,..,..,..,..,..,..,..,..,..,..,..,..,..
Fragile and conflict affected situations,FCS,"Unemployment, total (% of total labor force) (modeled ILO estimate)",SL.UEM.TOTL.ZS,..,4.50950159143069,4.46040064545176,4.48511360325192,4.58179010647638,5.06432164614079,5.32945828196112,5.42842092170189,5.67145415997568,5.90502218899798,5.88813224341885,5.80264993621776,5.77082847201375,5.64180971833322,5.48617912534708,5.17532128815233,5.04106352666451,4.96680136077522,5.00330426897512,5.05816095420724,5.13393632566262,5.17980481339294,5.24340820566146,5.23081343093215,5.37407223056533,5.47064138133532,5.61701548557091,5.83065194153996,5.82973963441827,5.87910736649221,6.65180755643263,6.77761944075494,5.60917621194441,5.20087833966654,5.02124845086415
Fragile and conflict affected situations,FCS,Carbon dioxide (CO2) emissions excluding LULUCF per capita (t CO2e/capita),EN.GHG.CO2.PC.CE.AR5,2.42102466865796,2.27599106995488,2.09578706090191,1.93966252594179,1.75729163237095,1.73178889964058,1.62375536865412,1.59255717901267,1.47549309834163,1.40771264475085,1.42502542351262,1.43399202050089,1.38526655266847,1.40588387094396,1.35751555215845,1.342314815109,1.30386949343159,1.27146301182975,1.26902469498246,1.16571807202573,1.22979440660838,1.21904676855165,1.23610818064905,1.22198408613792,1.14619429938728,1.03269766787483,1.01829144007563,0.99368003087647,1.00375962563838,0.97230347323356,0.834387419863461,0.83200143219014,0.785642823416706,0.780926259114328,..
Fragile and conflict affected situations,FCS,Renewable energy consumption (% of total final energy consumption),EG.FEC.RNEW.ZS,36.2519392513214,36.6404929316007,38.5910564378278,41.4289910676634,44.4417061717174,44.5520900713599,45.1594008435553,46.2901745816512,48.2224646073144,49.0717619676232,49.5954093674805,49.0583358477946,49.1916123104526,50.0617112406138,50.1772536834165,50.1654574487316,51.0871054064825,50.957398413001,51.2186417388837,53.5439402404876,51.8410966665012,52.3280293306684,52.059126237069,52.6530661299464,53.9001464852927,57.9569141971482,58.2962779162406,58.4149495065343,57.6850587921215,58.5399752247847,61.3326504303219,..,..,..,..
Fragile and conflict affected situations,FCS,"Government expenditure on education, total (% of GDP)",SE.XPD.TOTL.GD.ZS,..,..,..,..,..,..,..,..,..,..,..,..,..,..,..,..,..,..,..,..,3.34388995170593,3.26981496810913,3.1868200302124,3.36955499649048,3.64819002151489,3.19731497764587,2.56234002113342,3.78976988792419,2.90131509304046,3.52622723579407,3.65287351608276,3.67454195022583,..,..,..
Fragile and conflict affected situations,FCS,Current health expenditure per capita (current US$),SH.XPD.CHEX.PC.CD,..,..,..,..,..,..,..,..,..,..,23.3370522908888,23.4819123978182,23.2851471621134,30.0751329678825,35.1654901523371,40.8970219513514,48.436165233227,57.151382804534,66.3491096671965,61.2976792372047,66.6545591503021,72.4236082321261,79.342182575114,82.8822675810005,81.2300327222424,73.0712906749764,70.7440803744286,69.7724312206444,75.6606661976252,73.9534928574941,74.501655286409,80.7243483362665,71.8773072908195,..,..
Fragile and conflict affected situations,FCS,Individuals using the Internet (% of population),IT.NET.USER.ZS,..,..,..,..,..,..,..,..,..,..,..,..,..,..,..,..,..,..,..,..,..,..,..,..,..,..,..,..,..,..,..,..,..,..,..
Fragile and conflict affected situations,FCS,"GNI, PPP (constant 2021 international $)",NY.GNP.MKTP.PP.KD,..,..,..,..,..,..,..,..,..,..,..,..,..,..,..,..,..,..,..,..,..,..,..,..,..,..,..,..,..,..,..,..,..,..,..
Heavily indebted poor countries (HIPC),HPC,GDP per capita (constant 2015 US$),NY.GDP.PCAP.KD,704.512660256587,689.100296041186,661.030168649623,643.398713226166,623.345462993697,635.606653643954,649.215892949356,666.375702591427,670.438183553579,671.931770997837,672.852500760049,678.408871665052,684.629568009042,690.8728264025,709.63288135936,728.11372583652,749.037950210569,768.498973957838,789.550368300415,796.150917040847,821.637572821341,834.795702172345,844.362942975084,868.913585377196,893.819574248203,909.494352340789,923.052271836223,941.614618868818,953.307604822055,968.169693938922,943.987903544912,958.055031630353,978.337244597905,991.339665847093,..
Heavily indebted poor countries (HIPC),HPC,Gini index,SI.POV.GINI,..,..,..,..,..,..,..,..,..,..,..,..,..,..,..,..,..,..,..,..,..,..,..,..,..,..,..,..,..,..,..,..,..,..,..
Heavily indebted poor countries (HIPC),HPC,"Unemployment, total (% of total labor force) (modeled ILO estimate)",SL.UEM.TOTL.ZS,..,5.11956826825244,5.22404122059886,5.21990582085918,5.16247929005649,4.9902125673928,4.96491454854859,4.90294026855075,4.9664348658401,5.11058947519444,5.15456136215711,5.08284361969071,5.04907920082407,4.99978241919788,4.85956399044133,4.69477294260221,4.60600204258665,4.5512927797348,4.53294980065855,4.57426523463948,4.78976425103905,4.74938707940846,4.55787405742502,4.28006264560717,4.2863349936028,4.42867097391046,4.37144771498706,4.38423696813415,4.3509884503825,4.35891138556294,5.08466986799381,4.99025451599025,4.44664203690213,4.22661765181006,4.21260389549363
Heavily indebted poor countries (HIPC),HPC,Carbon dioxide (CO2) emissions excluding LULUCF per capita (t CO2e/capita),EN.GHG.CO2.PC.CE.AR5,0.165742802431569,0.157649875321088,0.153612627274818,0.152016393667277,0.158997348077467,0.162053061611379,0.16862280686246,0.178260798215909,0.18134564559315,0.180587450853553,0.176678359086975,0.181082754178713,0.184324092572119,0.185978921245576,0.19058601844822,0.194873431124756,0.206351304309237,0.216019585328139,0.220549836631057,0.226918164896728,0.23826104918018,0.253000116898492,0.26260044645083,0.266520569561269,0.272008551076262,0.284170031850263,0.295077374896507,0.294585651092628,0.299291910771866,0.303005865453895,0.286052626675527,0.300745512467318,0.295871728138878,0.289207423647247,..
Heavily indebted poor countries (HIPC),HPC,Renewable energy consumption (% of total final energy consumption),EG.FEC.RNEW.ZS,85.8256336224601,86.733088095011,87.0816593917042,87.613401481888,87.2861910372213,86.9915561133773,86.6770419470934,86.0746875498485,85.8993379251635,85.4347028856165,85.4056783307174,85.0104392202041,84.5079270773564,84.3221331046543,84.007880113156,83.9905772132797,83.2441701070977,81.7541792308739,81.2082030849459,80.4267265861454,79.5373309082953,78.9038085542356,77.8930030617233,77.6224813488142,77.3299184627801,76.6911172607444,76.3528913633281,75.8548278612256,75.4868903270492,74.9448755678555,75.9082587937648,..,..,..,..
Heavily indebted poor countries (HIPC),HPC,"Government expenditure on education, total (% of GDP)",SE.XPD.TOTL.GD.ZS,..,..,..,..,..,..,..,..,..,2.56853008270264,2.46335005760193,2.65844988822937,2.4695200920105,..,2.81261992454529,2.8372700214386,2.8199999332428,..,2.75020003318786,3.13160502910614,3.24651002883911,3.08540308475494,3.28166997432708,3.39098501205445,3.4237699508667,3.49412989616394,3.1694552898407,3.72964000701904,3.32295989990234,3.52622723579407,3.59794998168945,3.37334215641022,3.44491457939148,..,..
Heavily indebted poor countries (HIPC),HPC,Current health expenditure per capita (current US$),SH.XPD.CHEX.PC.CD,..,..,..,..,..,..,..,..,..,..,15.9171457706241,15.1625554880095,16.0554938516769,18.6405558351897,21.5102796762359,24.7699875462296,28.9948761483282,33.7666667949508,38.009897387419,38.871561239775,40.5644466917274,43.8535813048548,44.5701096280169,47.8020644512147,48.5297666415473,46.1269289772158,45.4112495926008,44.1804403887853,43.4207146556528,44.8331888954429,47.7029776782202,51.2303480133665,51.3241280772343,..,..
Heavily indebted poor countries (HIPC),HPC,Individuals using the Internet (% of population),IT.NET.USER.ZS,..,..,..,..,..,..,..,..,..,..,..,..,..,..,..,..,..,..,..,..,..,..,..,..,..,..,..,..,..,..,..,..,..,..,..
Heavily indebted poor countries (HIPC),HPC,"GNI, PPP (constant 2021 international $)",NY.GNP.MKTP.PP.KD,..,..,..,..,..,..,..,..,..,..,..,..,..,..,..,1174088527609,1252198652432.42,1313869546356.31,1388677268207.49,1448188307123.41,1516079277355.51,1593129946891.9,1684226446023.68,1785035338198.95,1935436587859.89,2042856291520.51,2146560533274.27,2257593209605.15,2373351196717.44,2477122479470.38,2499943471183.85,2569939782374.07,2668927444016.04,2764191265921.05,..
High income,HIC,GDP per capita (constant 2015 US$),NY.GDP.PCAP.KD,24827.5821668667,24861.5359728868,25056.8020768906,25161.9752774714,25734.0732614094,26281.5705098372,26890.1444081501,27677.8242448318,28276.7048775566,29137.7623621406,30227.7396295462,30555.2102418971,30899.1348068323,31445.0152204834,32378.0546064549,33169.9395398545,34044.1248005209,34786.347201686,34779.4822398795,33409.0487305645,34274.1828391662,34826.2859921415,35130.8015824535,35478.37119258,36034.5293859658,36650.4490056998,37099.8521867273,37850.4095135213,38622.6942530783,39238.8060369159,37554.0889748247,39793.3650873257,40772.6790481026,41278.2912920734,..
High income,HIC,Gini index,SI.POV.GINI,..,..,..,..,..,..,..,..,..,..,..,..,..,..,..,..,..,..,..,..,..,..,..,..,..,..,..,..,..,..,..,..,..,..,..
High income,HIC,"Unemployment, total (% of total labor force) (modeled ILO estimate)",SL.UEM.TOTL.ZS,..,6.5822673402274,7.08080825702171,7.66145670598335,7.92447080539037,7.72792060137391,7.74015904579409,7.74956476697107,7.8209416782006,7.70541173683111,7.03270805906465,6.8751686150917,7.19643630375719,7.32052930567125,7.09622097021872,6.78019114019388,6.3014196138006,5.69697316554567,5.93326031978623,8.03879776936146,8.17861292247106,7.80110961842353,7.71230864998509,7.61613526856807,7.03240462712514,6.54313754898565,6.1023115944233,5.57255492117066,5.07062826095132,4.74230573414226,6.42528049057761,5.52627993407203,4.47915987611736,4.32742379174678,4.3864512792173
High income,HIC,Carbon dioxide (CO2) emissions excluding LULUCF per capita (t CO2e/capita),EN.GHG.CO2.PC.CE.AR5,12.5825033152486,12.4367317042766,12.1678418380112,12.0057616747043,11.9388651408673,11.9787107583281,12.184664561832,12.2181363826836,12.1534132154921,12.1899725724576,12.3876964574485,12.3611817571574,12.2252837248752,12.4191119129601,12.4708059546033,12.4571399627024,12.3718244866979,12.4223502763204,12.1015629791549,11.3303086178607,11.7997724376235,11.6627534406958,11.4607176273659,11.4145100583297,11.2048403266381,11.1147833194115,10.9660512281259,10.8983501019492,10.9388124795951,10.7019128346299,9.83418154056213,10.3724096290285,10.269322820411,9.94030678200187,..
High income,HIC,Renewable energy consumption (% of total final energy consumption),EG.FEC.RNEW.ZS,5.93958968257494,6.13770773617125,6.30504787344344,6.28269752590441,6.17208986600281,6.47413571807966,6.47622655210137,6.52566243276012,6.57662355701202,6.99534199677913,6.92274797935991,6.59965578037109,6.69345103194717,6.93881288424735,7.14114435230566,7.36161367030682,7.7279414514499,7.97696503820909,8.38557622798246,8.94543598105188,9.11805332894837,9.48384203705067,9.95677795843462,10.4197971507971,10.5598904734595,10.60312740544,10.7935160008668,11.133700549377,11.5041810226345,11.8466742265098,12.8227256482974,..,..,..,..
High income,HIC,"Government expenditure on education, total (% of GDP)",SE.XPD.TOTL.GD.ZS,..,4.78484010696411,4.87051010131835,4.95551991462708,4.74934005737305,4.61330986022949,4.49470996856689,..,4.46187019348145,4.56723022460938,4.75951480865479,4.9310097694397,4.89949011802674,5.0404200553894,4.87674999237061,4.92976999282837,4.87443995475769,4.71541023254395,4.83990001678467,4.98976993560791,5.10146999359131,4.98425006866455,4.89862012863159,4.87890505790711,4.89306998252868,4.88554000854492,4.78797483444214,4.7352249622345,4.67515993118286,4.67881011962891,4.87656021118164,4.80319976806641,..,..,..
High income,HIC,Current health expenditure per capita (current US$),SH.XPD.CHEX.PC.CD,..,..,..,..,..,..,..,..,..,..,2114.85664857072,2196.22840510371,2382.10689610055,2708.69082280209,2985.18025683377,3156.36912674428,3337.72310990898,3635.75425264653,3908.46594133737,3953.38947631719,4090.20648712915,4403.62519608844,4421.2680002659,4448.06854990202,4567.6261505938,4382.28597730034,4512.27246674652,4676.33478103211,4910.7293117247,5012.58048655397,5464.28537185467,5852.23797400232,5767.16618068217,..,..
High income,HIC,Individuals using the Internet (% of population),IT.NET.USER.ZS,..,..,..,..,..,..,..,..,..,..,..,..,..,..,..,53,55.8,61.4,64.1,66.5,69.1,70.5,73.8,75.2,77,78.3,82.5,84.2,86.4,87.5,88.5,90,91.1,92.3,93.4
High income,HIC,"GNI, PPP (constant 2021 international $)",NY.GNP.MKTP.PP.KD,..,..,..,41985560600500.8,43587816443631.6,45059614859715.1,46574579196313.6,48205905631916.4,49725659817679.9,51410548208062.5,53402873895002.5,54312935855272.3,55121394519845.7,56170719192217.6,58090457083939.9,59644291248007.1,61623048730836,63015451469510.2,62597763889116.6,61236129124940.6,63092388756026.9,64120505802517.8,65085590740013.2,66070016831881.6,67572879842138.3,69301068249760.6,70391919420907.8,72127627579029.6,73799833431519.6,75196268333146.2,72507856441532.2,76720939289993.1,78046730148629,79484502005461.4,..
IBRD only,IBD,GDP per capita (constant 2015 US$),NY.GDP.PCAP.KD,2194.8007401155,2183.29314070812,2182.89721312807,2230.03891464426,2277.36167667773,2335.3228154706,2428.85132261826,2524.36419440064,2557.26995166057,2619.00235775679,2739.45666742088,2805.05619099428,2900.04810099201,3038.50870779101,3234.46937965401,3429.38281948065,3674.90583723127,3963.47954193394,4155.01327066187,4226.65186034712,4510.67213097232,4748.83879036163,4953.29523978093,5154.61263284869,5345.52517843562,5525.00490743408,5721.93630321402,5965.97090074166,6207.03315947399,6402.50874761321,6274.00736433143,6710.62682633871,6917.48287612115,7198.59762998782,..
IBRD only,IBD,Gini index,SI.POV.GINI,..,..,..,..,..,..,..,..,..,..,..,..,..,..,..,..,..,..,..,..,..,..,..,..,..,..,..,..,..,..,..,..,..,..,..
IBRD only,IBD,"Unemployment, total (% of total labor force) (modeled ILO estimate)",SL.UEM.TOTL.ZS,..,4.97525000634258,5.03662437383886,5.26619682672302,5.63926109940513,5.95783676916459,6.04951039496404,6.16295846231937,6.39420630137524,6.64170162846139,6.55733674014356,6.70906109810062,6.9284161843995,6.9971889965357,6.83290388467106,6.75346798322029,6.52808507480571,6.34227162110407,6.31796376394052,6.63425354680695,6.39002749580693,6.27930521286769,6.19573171071027,6.20442864988135,6.18130419096825,6.31504463155657,6.42563161685031,6.40287394664439,6.29423565288986,6.08061330115891,6.97165272530513,6.33890972820408,5.60153415826182,5.16481549355938,5.10889443876907
IBRD only,IBD,Carbon dioxide (CO2) emissions excluding LULUCF per capita (t CO2e/capita),EN.GHG.CO2.PC.CE.AR5,2.84437991460395,2.82276138313388,2.74437967470349,2.70568938480962,2.66623098181948,2.74419811830416,2.72176916422688,2.7216384205477,2.70705315896933,2.67912853021003,2.7448601576067,2.78053967675054,2.854936901302,3.05601654286345,3.26823834230394,3.46227891590756,3.66357102453509,3.84626310953448,3.91323426903933,3.97083829139671,4.2212654815239,4.45258605358459,4.55336077183143,4.62929684585346,4.64589220255797,4.56687045501362,4.54596391597273,4.61855191220855,4.75864549683256,4.80732046308324,4.667517822703,4.90855269971778,4.91673508435446,5.11165639863176,..
IBRD only,IBD,Renewable energy consumption (% of total final energy consumption),EG.FEC.RNEW.ZS,21.9451636083628,22.0955097118241,22.6918551262264,22.9960284950414,23.5674045540574,23.1655564416797,23.6141476497819,23.557685305945,23.7363988158255,23.874475246412,23.45908993314,22.9120579197555,22.538600180143,21.555951743121,20.2990969332166,19.330980443884,18.7619771757821,18.0131034659241,17.6459798426458,17.4921772207877,16.7272460910101,15.9736658791588,15.887836659539,16.0065412982122,16.0045069649585,16.0016686563943,16.2907775762078,16.4245356938965,16.6398993293642,17.0691737335591,17.9072627124639,..,..,..,..
IBRD only,IBD,"Government expenditure on education, total (% of GDP)",SE.XPD.TOTL.GD.ZS,..,..,..,..,..,..,3.50608992576599,..,..,4.22040987014771,3.90146005153656,3.83357000350952,3.82300996780396,3.86901998519897,3.86734998226166,3.86000990867615,3.90346002578735,3.68460988998413,4.10174989700317,4.4244258403778,3.85746002197266,3.85078835487366,4.08916592597962,4.12616515159607,4.10536003112793,4.22419118881225,4.20638513565063,4.07755994796753,3.99742722511292,3.91815996170044,4.33204984664917,3.99156606197357,3.74442005157471,..,..
IBRD only,IBD,Current health expenditure per capita (current US$),SH.XPD.CHEX.PC.CD,..,..,..,..,..,..,..,..,..,..,76.0160949748457,76.7336745061017,75.9430987215836,84.6170473538979,98.3856948512348,116.121721325165,133.979621540771,161.842101731212,195.318614853495,199.381100662679,230.024925039917,267.342253289713,284.759087590694,304.781277305136,311.420667499192,296.770435742484,295.039904288847,323.330091021911,337.337872003809,348.123096148673,357.051517624436,409.15201250996,420.557214641415,..,..
IBRD only,IBD,Individuals using the Internet (% of population),IT.NET.USER.ZS,..,..,..,..,..,..,..,..,..,..,..,..,..,..,..,..,..,..,..,..,..,..,..,..,..,..,..,..,..,..,..,..,..,..,..
IBRD only,IBD,"GNI, PPP (constant 2021 international $)",NY.GNP.MKTP.PP.KD,..,..,..,..,..,21217063168430.4,22438674692534.1,23570396633425.9,24476683630711.9,25516244271342.8,26790703682841.3,27907712519941.4,29223821226274.3,31022347443836.5,33261754175728.4,35613096082535.4,38667995083719.4,42266906586053.6,44729582348732.2,46237537184295.2,49698900221007.8,52623265777543.8,55265430809036.7,57801590098863.8,60566050288474.9,62852765489330.4,65534121455404.7,68882166205810.7,72031377608897.8,74817466242741.4,73272625286173.5,78493579900280.2,81276046791552.2,85294148433511.9,..
IDA & IBRD total,IBT,GDP per capita (constant 2015 US$),NY.GDP.PCAP.KD,1928.75628025879,1916.31748767036,1912.64189033048,1944.26660040894,1975.95948278069,2020.34135014302,2094.6993013395,2168.63223879998,2192.71030757092,2238.32504556602,2331.37680672446,2381.41452227892,2456.66459588038,2564.21542705971,2719.59153389004,2872.66281709973,3063.45041693876,3285.57014298437,3430.87743259209,3485.20071867656,3702.85966798352,3879.73762617111,4029.0961147455,4182.85171265219,4328.67419612881,4458.11083061724,4598.74856082386,4775.35215903746,4949.11504948695,5086.08737566945,4965.67182896473,5276.4177680915,5417.47910597358,5606.75776105051,..
IDA & IBRD total,IBT,Gini index,SI.POV.GINI,..,..,..,..,..,..,..,..,..,..,..,..,..,..,..,..,..,..,..,..,..,..,..,..,..,..,..,..,..,..,..,..,..,..,..
IDA & IBRD total,IBT,"Unemployment, total (% of total labor force) (modeled ILO estimate)",SL.UEM.TOTL.ZS,..,4.82485809355167,4.88353235871948,5.08729851309731,5.39726837516553,5.64787695367997,5.7262491402393,5.81225728681078,6.01309191553187,6.22831729539042,6.15636406177533,6.27401236486395,6.44386319273026,6.48936010288448,6.33249459281328,6.24361042096154,6.02685240430217,5.86969397610107,5.86055207241041,6.12041508143813,5.90445607325617,5.81915449435049,5.81556936889157,5.78066573046412,5.73847230310674,5.90593917178313,5.9656762543311,5.98894655735445,5.92439685213894,5.78291780985394,6.64349161891375,6.17168860176086,5.42390521920667,5.03559497830807,4.97628769236817
IDA & IBRD total,IBT,Carbon dioxide (CO2) emissions excluding LULUCF per capita (t CO2e/capita),EN.GHG.CO2.PC.CE.AR5,2.37734467872492,2.35633043509758,2.28636164525503,2.24829604750627,2.20911748347365,2.26717581416809,2.24963546207433,2.24379504924075,2.22890942302652,2.20342078864209,2.25248559388328,2.27657332053404,2.32611335040917,2.47655660952801,2.63627127719426,2.77988895798968,2.92861019934285,3.06149120340977,3.10437194289509,3.13537495908558,3.32090944938537,3.48944183128071,3.55272462485912,3.6025698985378,3.60900764440507,3.54128350994831,3.52401578953555,3.57321183373518,3.66650155998806,3.69081550434151,3.57244992604137,3.74253692778936,3.73022231831818,3.85170545648802,..
IDA & IBRD total,IBT,Renewable energy consumption (% of total final energy consumption),EG.FEC.RNEW.ZS,26.7733477614135,26.987171882302,27.7643467454081,28.1373505162794,28.935147476931,28.6405771171951,29.16010543024,29.1145563313128,29.3461300653051,29.5878586164086,29.2201293447597,28.768739137131,28.4585422536844,27.5005338228407,26.127597080377,25.1086085216095,24.456341477588,23.5805920951732,23.2238417923038,23.1982560728632,22.2906265971934,21.5517160046757,21.4339037224209,21.5875277098192,21.5577206112403,21.6294500257339,21.8679040434864,21.8896755439064,22.0047012464396,22.468599154823,23.4476328333485,..,..,..,..
IDA & IBRD total,IBT,"Government expenditure on education, total (% of GDP)",SE.XPD.TOTL.GD.ZS,..,..,..,..,..,..,..,..,..,3.51713502407074,3.34339499473572,3.45869994163513,3.34311497211456,3.45890498161316,3.40012001991272,3.50626003742218,3.65872502326966,3.60649991035462,3.8051700592041,4.05915498733521,3.55966520309448,3.75423002243042,3.6819269657135,3.81294429302215,3.82416009902954,3.81777501106263,3.76402878761292,3.78976988792419,3.71392011642456,3.69561433792114,4.09056520462036,3.83533418178559,3.59078752994538,..,..
IDA & IBRD total,IBT,Current health expenditure per capita (current US$),SH.XPD.CHEX.PC.CD,..,..,..,..,..,..,..,..,..,..,63.1356443970113,63.4525345140019,62.7034166721593,70.2138168772993,81.3239814611758,95.6914555702888,110.321819757059,132.363905061865,158.729527918153,161.376821828602,184.751341637748,213.304001210231,226.542983716941,241.729700084359,246.785770274721,234.887782587659,232.546480022866,252.298860443457,262.310720775733,269.580063950871,275.743927425266,314.418794744038,321.202202794027,..,..
IDA & IBRD total,IBT,Individuals using the Internet (% of population),IT.NET.USER.ZS,..,..,..,..,..,..,..,..,..,..,..,..,..,..,..,..,..,..,..,..,..,..,..,..,..,..,..,..,..,..,..,..,..,..,..
IDA & IBRD total,IBT,"GNI, PPP (constant 2021 international $)",NY.GNP.MKTP.PP.KD,..,..,..,..,..,23510812469617.5,24853524839962.7,26066410555686.8,27061504909473.5,28204526073651.1,29595252134478,30812583058864.2,32235462056854.3,34210532621698.7,36665289259225.8,39245740280969.4,42567653778651.6,46422471824248.1,49080820873365.8,50714924028961.6,54425156583057,57592660097643.1,60476553675731.2,63264250835363.8,66338556182194.3,68879812906591.7,72398687173588,76104139783997.2,79659263388801.1,82774045448778.2,81216986026084.5,86892823121414.2,90009658827554.3,94336699882155,..
IDA blend,IDB,GDP per capita (constant 2015 US$),NY.GDP.PCAP.KD,1326.74857349663,1314.41561028114,1317.8779401942,1280.33432112655,1258.53458448768,1250.39764210211,1273.38935944072,1265.52911535167,1266.37448404682,1260.37816891582,1274.50549100953,1295.45587076922,1351.1650957417,1384.48694828414,1452.47339416574,1504.59961011045,1553.45054387159,1598.2886079132,1621.28446739744,1673.84884772875,1728.13675098703,1763.81961033652,1799.34816073442,1858.25072155241,1921.9582853593,1953.90145153229,1956.34395068744,1967.76430140994,2003.11970420862,2020.17505380443,1950.44151018836,2010.83475762807,2056.12993063896,2069.10600928821,..
IDA blend,IDB,Gini index,SI.POV.GINI,..,..,..,..,..,..,..,..,..,..,..,..,..,..,..,..,..,..,..,..,..,..,..,..,..,..,..,..,..,..,..,..,..,..,..
IDA blend,IDB,"Unemployment, total (% of total labor force) (modeled ILO estimate)",SL.UEM.TOTL.ZS,..,3.11460149423059,3.17946837976673,3.44354733002546,3.61891403883492,3.70381346165043,3.83273190534569,3.81396599790602,3.94275332929299,3.94855850906893,3.83122287611329,3.71181064698121,3.4992945044798,3.35655484412998,3.19278033434148,3.12690084888815,3.02523956314352,2.87935413442798,2.90348604228769,2.94866087236844,2.99311166965188,3.01891543013698,3.94029188984292,3.68009388175071,3.38837773144256,4.0689432554606,3.81818090299001,4.40074784684901,4.84749926503425,5.20102075138375,6.00035968627457,5.98291664974636,4.93203945664766,4.51808369615567,4.47542622339935
IDA blend,IDB,Carbon dioxide (CO2) emissions excluding LULUCF per capita (t CO2e/capita),EN.GHG.CO2.PC.CE.AR5,1.05952915883972,1.06378054336316,1.04751200610361,1.03503026216645,0.98019099639221,0.973706522098663,1.01617641847504,0.988234274319569,0.989704674731779,0.993988359683071,1.02132488557603,1.01977530361247,0.970229922736885,0.960273201108773,0.971870159718228,0.943403191471643,0.944796892378441,0.931247869154318,0.91993189758203,0.86016097163625,0.891061965739276,0.904235724803462,0.845628902147002,0.864962564769551,0.868144495850045,0.852426333782171,0.8896289495041,0.906029867327723,0.890300287348169,0.883104697379322,0.883132964347513,0.926420476374381,0.889836820626928,0.841116497661629,..
IDA blend,IDB,Renewable energy consumption (% of total final energy consumption),EG.FEC.RNEW.ZS,58.9370141729288,59.0331785752975,59.671836150013,59.7617999255121,60.9832504548211,61.3548909756949,61.2639888764348,60.8632318291423,59.6725538205673,59.1933504648464,58.9463102894891,59.0192111844981,59.143855992644,59.3144484838754,59.182858931226,59.9046514027308,59.6672201540436,59.6391873523077,59.9610335166865,61.7351363294568,60.7194266961421,60.2378919914661,62.4246639753473,62.246393373411,61.8385923740395,62.3735090978928,61.1429771294734,60.3514227034789,60.6786683586862,61.3471359722926,61.8135119432936,..,..,..,..
IDA blend,IDB,"Government expenditure on education, total (% of GDP)",SE.XPD.TOTL.GD.ZS,..,..,4.41345000267028,..,6.1485698223114,..,..,..,..,..,..,..,..,..,2.79530000686646,2.65651988983154,..,..,..,4.01999998092651,3.83175992965698,3.67674994468689,4.93121004104614,4.96091032028198,4.7172999382019,3.13882994651794,3.61395156383514,4.22055625915527,2.90131509304046,3.55946898460388,3.65287351608276,2.9738941192627,2.95159220695496,..,..
IDA blend,IDB,Current health expenditure per capita (current US$),SH.XPD.CHEX.PC.CD,..,..,..,..,..,..,..,..,..,..,19.5095932685001,18.5046257668326,18.8508198148216,26.5830379193007,29.6401444186266,35.5266711571607,43.0768281560437,46.7746075710798,51.5232959711687,47.4432708349459,53.1892959977304,57.4766506951799,62.4959756505738,68.384315402537,72.2046003797769,68.736459494127,63.6861918711279,61.0969904421616,59.0697593528267,59.4345342239319,61.4539421453164,72.3133613174453,74.5731318838019,..,..
IDA blend,IDB,Individuals using the Internet (% of population),IT.NET.USER.ZS,..,..,..,..,..,..,..,..,..,..,..,..,..,..,..,..,..,..,..,..,..,..,..,..,..,..,..,..,..,..,..,..,..,..,..
IDA blend,IDB,"GNI, PPP (constant 2021 international $)",NY.GNP.MKTP.PP.KD,..,..,..,..,..,..,..,..,..,..,..,..,..,..,..,..,..,..,..,..,..,..,..,..,..,..,..,..,..,..,..,..,..,..,..
IDA only,IDX,GDP per capita (constant 2015 US$),NY.GDP.PCAP.KD,657.522614167977,653.143775700879,643.409415991681,639.673197322966,628.92112149765,644.301458072405,659.659465048868,678.499026465586,689.372972951275,697.661509919039,709.310189418583,718.717467672996,730.320760092057,747.550723813963,773.050455170841,802.11023311741,832.907124161439,864.611222820803,895.107218533839,913.007810103634,950.162581743355,964.521128381712,967.273576597433,996.154763664708,1028.00745879721,1036.87089667356,1058.67800837567,1089.99269221314,1116.71117541596,1145.84268579509,1116.41697745071,1133.3205862878,1156.96961117473,1173.82062956165,..
IDA only,IDX,Gini index,SI.POV.GINI,..,..,..,..,..,..,..,..,..,..,..,..,..,..,..,..,..,..,..,..,..,..,..,..,..,..,..,..,..,..,..,..,..,..,..
IDA only,IDX,"Unemployment, total (% of total labor force) (modeled ILO estimate)",SL.UEM.TOTL.ZS,..,4.59523480581872,4.6448147279463,4.65439797228262,4.61562341403004,4.50405967434236,4.50073193167269,4.48420864306311,4.54788926748006,4.6795262898559,4.7402535311592,4.78876299370423,4.86716569453116,4.89308714574213,4.8143441464966,4.68190923164703,4.49790083630651,4.54817783656527,4.6569544736643,4.74483432644538,4.61400162021072,4.65509327393164,4.65932891930957,4.52928575972183,4.52934874353525,4.64401561911986,4.62072484912705,4.63129659471406,4.56356857145765,4.56547551945593,5.35492848170194,5.44549655001937,4.82557394978687,4.68393546436256,4.60522000844804
IDA only,IDX,Carbon dioxide (CO2) emissions excluding LULUCF per capita (t CO2e/capita),EN.GHG.CO2.PC.CE.AR5,0.25742610154127,0.251721913277207,0.233702218958983,0.219196524329284,0.221100588126854,0.230574810350893,0.24269064244791,0.247403522616614,0.253638739710463,0.256958387102517,0.258379479185361,0.26562033337775,0.269930010550843,0.277459592127456,0.283390447870991,0.302411055235139,0.311254698604747,0.32567150433506,0.330853403004467,0.331935754222778,0.342799574700079,0.351956698492277,0.356183276619974,0.347204037306387,0.358207969804957,0.366281394903405,0.391898496811084,0.413672256765183,0.423468428599652,0.427002025913638,0.408135176716288,0.427748784102075,0.424029077674055,0.419339020080831,..
IDA only,IDX,Renewable energy consumption (% of total final energy consumption),EG.FEC.RNEW.ZS,75.393617777193,76.022667003636,77.6749526008553,79.0832376008852,79.7614939606852,79.3351316104689,78.3400095759036,77.733140644978,77.1070804553506,77.1697943892896,77.1257636428299,76.4067945366954,76.0353801278702,75.5324036697248,75.068487149465,73.961437486145,73.4830984432579,71.9749108119478,71.6689395509145,71.6933930850155,70.6595690531759,70.2619145520891,69.4657461111473,70.1464611269744,69.6562399839569,69.1093366553274,68.4210424630041,67.0471204885368,65.978725121955,66.0828976952488,67.3068700263257,..,..,..,..
IDA only,IDX,"Government expenditure on education, total (% of GDP)",SE.XPD.TOTL.GD.ZS,..,..,..,..,..,..,..,..,..,2.60503005981445,2.51418507099152,2.66750001907349,2.68510496616364,..,2.91176009178162,3.3371399641037,3.00991988182068,3.07841992378235,3.2510449886322,3.1739399433136,3.10314500331878,3.08540308475494,3.28166997432708,3.25923001766205,3.4237699508667,3.44449663162231,3.22929000854492,3.55532240867615,3.38626492023468,3.44937539100647,3.40915989875793,3.32718992233276,3.51197004318237,..,..
IDA only,IDX,Current health expenditure per capita (current US$),SH.XPD.CHEX.PC.CD,..,..,..,..,..,..,..,..,..,..,14.8160329826446,14.5280160969788,15.668937083863,17.5709662853547,20.0671670003037,22.8017844344971,26.2799462425713,30.5663593522124,35.266057510975,36.8435815801049,38.9730394849102,41.8433858472297,42.9215089335603,45.9125508899791,47.4908996118206,46.6790972253739,46.3532243582402,46.1220665491905,47.348472189163,47.8989715811219,49.7405887749603,53.6049471773865,53.8951846899425,..,..
IDA only,IDX,Individuals using the Internet (% of population),IT.NET.USER.ZS,..,..,..,..,..,..,..,..,..,..,..,..,..,..,..,..,..,..,..,..,..,..,..,..,..,..,..,..,..,..,..,..,..,..,..
IDA only,IDX,"GNI, PPP (constant 2021 international $)",NY.GNP.MKTP.PP.KD,..,..,..,..,..,..,..,..,..,..,..,..,..,..,..,..,..,..,..,..,..,..,..,..,..,..,..,..,..,..,..,..,..,..,..
IDA total,IDA,GDP per capita (constant 2015 US$),NY.GDP.PCAP.KD,878.693919823029,872.485978408285,867.542098744963,852.281706738542,837.839125370535,845.223459704046,863.187456336944,872.995624683102,880.555521734994,884.095095475373,896.824030463964,910.503413298197,937.126522782574,959.83440787819,999.94139630421,1036.99202862369,1074.02292495603,1110.55647257664,1139.00172724194,1169.17281679072,1212.68776113399,1234.63606512314,1248.62016417175,1287.81801279907,1330.35812460173,1346.69693190726,1361.33964634057,1385.3169668523,1414.31962392947,1438.67501370204,1395.10937298767,1426.0223838926,1456.36449637398,1471.15312062426,..
IDA total,IDA,Gini index,SI.POV.GINI,..,..,..,..,..,..,..,..,..,..,..,..,..,..,..,..,..,..,..,..,..,..,..,..,..,..,..,..,..,..,..,..,..,..,..
IDA total,IDA,"Unemployment, total (% of total labor force) (modeled ILO estimate)",SL.UEM.TOTL.ZS,..,4.10807039624798,4.16210123816829,4.25632659767863,4.2879312080958,4.24155724593795,4.28056714936036,4.26209826074355,4.3474823825126,4.43682112888097,4.43736752604206,4.42897478791304,4.41008767057407,4.37881771014038,4.2705304437059,4.16028760037332,4.00351816054756,3.98627700895223,4.0650109547676,4.13694636655913,4.06419605108702,4.10062761471477,4.41473029452787,4.23966362366824,4.13935624675978,4.44600881534174,4.34425658266458,4.55218158153548,4.66056541533335,4.78267538138002,5.57685316149891,5.63088102209667,4.86219567527372,4.6258035699256,4.55947956895238
IDA total,IDA,Carbon dioxide (CO2) emissions excluding LULUCF per capita (t CO2e/capita),EN.GHG.CO2.PC.CE.AR5,0.523588567884922,0.522125072789881,0.504950750808621,0.49096452508269,0.473930096235309,0.478161017314847,0.500527244226686,0.494511254056545,0.499296510003358,0.503065880684896,0.513537925651329,0.518381048336487,0.504815568115645,0.506610417250026,0.514783800754904,0.518129771885289,0.524697878118194,0.530122502125769,0.530262397921814,0.511199235522569,0.529316192630256,0.540146148444158,0.523070687791126,0.523862404036767,0.532122350055258,0.531860377680478,0.561017078633334,0.580525781342234,0.581305087052605,0.580834456176578,0.567973765790763,0.595244291689911,0.580199912968699,0.560417751666645,..
IDA total,IDA,Renewable energy consumption (% of total final energy consumption),EG.FEC.RNEW.ZS,67.0138023007064,67.3062937879125,68.3815093612335,68.9965879095667,70.06591214565,70.2121288538132,69.7065771426932,69.16927094044,68.2174478409519,67.9901069974928,67.7764335069289,67.47909015535,67.3629126090193,67.2422610372785,66.9807635095147,66.8986249779405,66.5603110008094,65.7890032403863,65.8162778624231,66.776109997762,65.7143853561922,65.2675994605529,65.9581495375944,66.2272364460917,65.8203219173824,65.8156959470969,64.842847006727,63.756726238097,63.4026954501762,63.7978174415488,64.6604716333897,..,..,..,..
IDA total,IDA,"Government expenditure on education, total (% of GDP)",SE.XPD.TOTL.GD.ZS,..,..,..,..,..,..,..,..,..,2.64153003692627,2.51418507099152,2.68735003471375,2.81048011779785,..,2.86219000816345,3.3096399307251,3.00991988182068,..,3.2510449886322,3.25490999221802,3.10314500331878,3.08540308475494,3.37651991844177,3.30608010292053,3.45488202571869,3.36937510967255,3.22929000854492,3.65234744548798,3.26730489730835,3.48568081855774,3.53101670742035,3.26533710956573,3.44491457939148,..,..
IDA total,IDA,Current health expenditure per capita (current US$),SH.XPD.CHEX.PC.CD,..,..,..,..,..,..,..,..,..,..,16.3912729770489,15.8657537012174,16.7212980018191,20.5589794572267,23.2471733854458,27.036197139678,31.8772652145608,35.9807229354657,40.7131342378825,40.4050337767236,43.8512274229119,47.2158258035659,49.6519868159992,53.5798803607054,55.9195328499317,54.191744823082,52.2426106087509,51.1657413655444,51.2879893830268,51.7664298544754,53.6585716296305,59.8513918711876,60.7868829178417,..,..
IDA total,IDA,Individuals using the Internet (% of population),IT.NET.USER.ZS,..,..,..,..,..,..,..,..,..,..,..,..,..,..,..,..,..,..,..,..,..,..,..,..,..,..,..,..,..,..,..,..,..,..,..
IDA total,IDA,"GNI, PPP (constant 2021 international $)",NY.GNP.MKTP.PP.KD,..,..,..,..,..,..,..,..,..,..,..,..,..,..,..,..,..,..,..,..,..,..,..,..,..,..,..,..,..,..,..,..,..,..,..
Late-demographic dividend,LTE,GDP per capita (constant 2015 US$),NY.GDP.PCAP.KD,2562.4392135657,2541.90259691867,2530.67721209572,2610.0327112036,2696.19654127035,2818.87394492916,2932.36976673755,3067.02055089493,3124.12486239747,3240.14639019778,3439.32553679405,3591.04762108148,3780.14009325572,4011.73378547981,4312.30495779685,4616.72923352631,5013.04026550178,5488.64311016902,5830.41940457377,6007.68096231807,6453.53889639912,6874.49735694415,7220.62359366518,7572.05948017612,7911.07613838917,8228.52190325449,8540.00060585723,8934.99162597092,9368.07913290218,9759.68977594716,9747.60290129074,10460.5569090609,10772.0168363139,11206.5239533808,..
Late-demographic dividend,LTE,Gini index,SI.POV.GINI,..,..,..,..,..,..,..,..,..,..,..,..,..,..,..,..,..,..,..,..,..,..,..,..,..,..,..,..,..,..,..,..,..,..,..
Late-demographic dividend,LTE,"Unemployment, total (% of total labor force) (modeled ILO estimate)",SL.UEM.TOTL.ZS,..,3.64713180152608,3.66273118059671,3.87786965365609,4.28799095699891,4.46357297742002,4.66259073242738,4.93607277284308,5.20334469526185,5.45734690890435,5.28526433408884,5.46861267600564,5.65373560300308,5.8902181874939,5.69586904377881,5.62015574834697,5.36881866209801,5.1047663227494,5.13665502190526,5.56632674579842,5.23949761950138,5.10679542501226,5.01831819353454,4.99905943583804,4.92770079242532,5.10020518821698,5.26933984483668,5.26018396626271,5.03962485623598,5.185075164245,5.9184077587943,5.49510544394083,5.1827288093095,4.80560627805011,4.65080025903247
Late-demographic dividend,LTE,Carbon dioxide (CO2) emissions excluding LULUCF per capita (t CO2e/capita),EN.GHG.CO2.PC.CE.AR5,3.74094830704153,3.73750517957139,3.61407777502395,3.57133155233428,3.50978418454263,3.63105517220366,3.58960866158818,3.55226987382932,3.54191670231797,3.50085627505845,3.60977150518842,3.69763136823538,3.83579298813802,4.19024262217923,4.56423037902798,4.93026004626725,5.28095595009057,5.56864142693677,5.69076868851235,5.81654061662805,6.26569061696664,6.69048100620981,6.81356601078704,7.00478356650768,7.00520226246647,6.8999792517806,6.86844673927468,6.96787867491014,7.21457376971579,7.35893382771847,7.33502724818795,7.69767787398795,7.66344377404197,8.01082512792568,..
Late-demographic dividend,LTE,Renewable energy consumption (% of total final energy consumption),EG.FEC.RNEW.ZS,19.5142340287194,19.6836665651903,20.3969841796928,20.5631041535088,21.2897873540676,20.9483096077238,21.6704040220244,21.7012789905661,21.6906003393957,22.0510093210959,21.6396740579505,20.855511280119,20.652796503062,19.4851359525076,18.0304755099958,16.8416458898126,16.2528658854835,15.5657045111247,15.1033008021706,15.0753928441819,14.2153188758712,13.5308228801371,13.582850422228,13.6438163401403,13.8134442754648,13.767259438093,14.1073917695408,14.4100287679332,14.7553404842946,15.2296231693135,15.7680400930135,..,..,..,..
Late-demographic dividend,LTE,"Government expenditure on education, total (% of GDP)",SE.XPD.TOTL.GD.ZS,..,..,..,..,..,3.81464004516602,3.78422498703003,..,4.13832998275757,4.13379001617432,3.85399007797241,3.89494001865387,4.04881000518799,4.20493984222412,4.06623005867005,3.85526001453399,3.86626005172729,4.29118990898133,4.22755002975464,4.48398017883301,4.18953990936279,4.0617299079895,4.19571113586426,4.29638004302979,4.39433002471924,4.51591181755066,4.27618479728699,4.25155448913574,4.13194847106934,4.05939483642578,4.51888704299927,4.38569402694702,4.05402755737305,..,..
Late-demographic dividend,LTE,Current health expenditure per capita (current US$),SH.XPD.CHEX.PC.CD,..,..,..,..,..,..,..,..,..,..,88.5032782044721,89.2919088068763,94.897775064977,105.897289830742,124.397789431236,149.18008562562,176.565871828603,217.710587689697,275.213454961925,286.764428000592,327.029793583584,387.482138187023,415.505604556122,454.915102436185,477.242955301195,449.361629544712,453.194224420214,508.002007480835,551.949307724744,578.049132467029,600.209894741484,684.61277480402,704.886160528119,..,..
Late-demographic dividend,LTE,Individuals using the Internet (% of population),IT.NET.USER.ZS,..,..,..,..,..,..,..,..,..,..,..,..,..,..,..,..,..,..,..,..,..,..,..,..,..,..,..,..,..,..,..,..,..,..,..
Late-demographic dividend,LTE,"GNI, PPP (constant 2021 international $)",NY.GNP.MKTP.PP.KD,..,..,..,..,..,11183226171850.2,11883542983584.9,12600999391001.2,13121132769377.1,13620042753348.8,14487993058213.2,15237724721790.8,16154880335253.4,17211682217370.7,18625031608016.6,20073176019161.2,21994221431732.3,24344641924316.6,26174245846555.5,27439058361730.3,29570087080279.6,31676764007913.9,33714986529618,35488339566045.3,37378882806542,38781973626245.4,40195412794652.8,42316029488078.9,44415703734290.4,46451611619672.5,46396901415288.9,49669277022732.4,51047502411548.7,53342974424457.2,..
Latin America & Caribbean,LCN,GDP per capita (constant 2015 US$),NY.GDP.PCAP.KD,5908.00950092757,5971.47347872288,6016.21244868941,6171.53904838566,6384.21127747551,6330.40431467519,6471.34798147995,6712.71217941669,6805.49265457153,6748.22606135712,6891.11464707654,6826.67706991555,6767.16200958334,6844.66684281926,7127.31663127544,7319.10807077915,7604.33341538347,7906.24856070091,8100.80096412841,7828.23546720269,8238.24531410929,8509.36893280399,8635.96596535157,8782.54714421537,8810.2901744253,8759.80639725635,8648.36599981157,8732.80197489431,8795.626991254,8784.28523074286,8145.99967744682,8670.01524851671,8960.23778188341,9084.67548578986,..
Latin America & Caribbean,LCN,Gini index,SI.POV.GINI,..,..,..,..,..,..,..,..,..,..,..,..,..,..,..,..,..,..,..,..,..,..,..,..,..,..,..,..,..,..,..,..,..,..,..
Latin America & Caribbean,LCN,"Unemployment, total (% of total labor force) (modeled ILO estimate)",SL.UEM.TOTL.ZS,..,6.32863899672939,6.31959532715042,6.08657875513374,6.69412257969285,7.92150168506335,8.30631791461415,8.15437920278586,8.50074834125122,9.44382542816057,9.461823301645,9.06712263436888,9.40654864245774,9.26710791882219,8.75123322039467,8.23794709018145,7.61474207480055,7.22595307624675,6.83866675691087,7.81388307206222,7.21085524188726,6.70840465304812,6.4145010088502,6.36948843131824,6.17509633664962,6.66835528355285,7.72950812252869,8.02872636932909,7.93233089575174,8.00039639339805,10.2142816414883,9.15752048997139,6.91530046339274,6.20743027327999,6.23851055377876
Latin America & Caribbean,LCN,Carbon dioxide (CO2) emissions excluding LULUCF per capita (t CO2e/capita),EN.GHG.CO2.PC.CE.AR5,2.19034975049566,2.2153970896078,2.21168666623534,2.24657705844609,2.34237630759327,2.33986220408386,2.45699259186789,2.54839427309809,2.61275011255076,2.55682533492906,2.59576933928782,2.56294068068196,2.531209636212,2.55769704506259,2.64101396625459,2.69258182956422,2.72532141462607,2.78854586848274,2.82454837902796,2.70997086722983,2.87236462999115,2.93707300765363,3.04469035784119,3.06968827379296,3.05061635099081,3.00452295170056,2.9194449345011,2.87180586633861,2.7726681313447,2.74226652994647,2.42911990140832,2.62610621194594,2.62023745892925,2.66172848579041,..
Latin America & Caribbean,LCN,Renewable energy consumption (% of total final energy consumption),EG.FEC.RNEW.ZS,32.5752536330403,31.9812778355107,31.6818212080773,31.0813907184984,30.720429624725,30.2827525482833,29.3828576080918,28.6451891036733,28.6285005429537,29.0817172809468,28.4784888026594,27.9492592614542,28.5147058720981,29.047688354504,28.874016798419,28.9596314431633,28.9322045883253,29.0378723153464,29.1493251123858,30.0002545401217,29.0249859430889,28.4728630716316,27.8903446023191,27.7567487218568,27.7129528789215,28.2239453077283,28.9082234379621,29.4019983736021,30.2527972063643,30.6590142545584,33.9329422959945,..,..,..,..
Latin America & Caribbean,LCN,"Government expenditure on education, total (% of GDP)",SE.XPD.TOTL.GD.ZS,..,..,..,..,..,2.98508501052856,..,..,3.27817988395691,3.75450503826141,3.75707006454468,3.84468007087708,3.88385510444642,3.53504991531372,3.74560499191284,..,3.89863502979278,4.04496014118194,4.72525000572204,5.49730014801025,4.5422649383545,4.10555005073548,4.88348007202148,4.73905992507935,4.75167989730835,4.67864680290223,4.36347413063049,4.39752006530762,4.13945007324219,4.59991979598999,4.51769828796387,4.16809344291687,3.79476308822632,..,..
Latin America & Caribbean,LCN,Current health expenditure per capita (current US$),SH.XPD.CHEX.PC.CD,..,..,..,..,..,..,..,..,..,..,282.099963615626,274.330129049917,236.348819616842,247.270427505796,280.799425936295,339.218606039524,395.200428185911,471.509697724717,541.534647808184,536.994567671906,637.689185643779,725.620278727936,725.000506117608,757.947449200775,763.09537379101,681.597120952927,653.625632502314,739.0802553909,678.430550420513,661.493379189663,589.402562006271,664.397846304484,721.890892765768,..,..
Latin America & Caribbean,LCN,Individuals using the Internet (% of population),IT.NET.USER.ZS,..,..,..,..,..,..,..,..,..,..,..,..,..,..,..,..,..,..,..,..,..,..,..,..,..,..,..,..,..,..,..,..,..,..,..
Latin America & Caribbean,LCN,"GNI, PPP (constant 2021 international $)",NY.GNP.MKTP.PP.KD,5285638865556.49,5495724393692.82,5670138252311.32,5944020946896.41,6228470855334.31,6312305501664.31,6566293901901.63,6928009693460.44,7119581235715.28,7127367623485.68,7379462692831.22,7397914907793.9,7418998258839.13,7594458799766.74,7934454868506.01,8237491921276.51,8736992792743.59,9221446088022.38,9577759311520.41,9365090346943.5,9938009105592.02,10392362791725.3,10683106032374.3,11033390299583.6,11195914786547.6,11290281974777.1,11248357881180.1,11460134776072.9,11590494502280.2,11683266514158.6,10956350860274.3,11696063317256.9,12192361017398.8,12445227076259.4,..
Latin America & Caribbean (excluding high income),LAC,GDP per capita (constant 2015 US$),NY.GDP.PCAP.KD,5736.004226544,5789.20490132387,5807.6964268728,5955.15351357727,6162.64834603779,6085.44728642746,6218.56861660357,6443.35745511494,6519.32104175295,6453.71782429486,6589.9401443163,6509.77616856587,6446.5297580418,6516.93359393835,6775.40642379217,6960.33376224895,7239.30314970264,7536.73380030113,7728.81449684895,7458.14410065767,7869.15845611304,8129.13906232384,8233.38362187076,8373.05442324551,8395.365296428,8337.14599402852,8216.79823575992,8300.3064347766,8344.87531835759,8315.3142885428,7713.1035785803,8188.8438964048,8449.54418250572,8562.81505295761,..
Latin America & Caribbean (excluding high income),LAC,Gini index,SI.POV.GINI,..,..,..,..,..,..,..,..,..,..,..,..,..,..,..,..,..,..,..,..,..,..,..,..,..,..,..,..,..,..,..,..,..,..,..
Latin America & Caribbean (excluding high income),LAC,"Unemployment, total (% of total labor force) (modeled ILO estimate)",SL.UEM.TOTL.ZS,..,6.03987152412194,6.13974037591218,5.93756123616235,6.48600751918805,7.80953139522423,8.06156649957761,7.9437457462625,8.35055346729529,9.11068755267572,9.17880511924025,8.76934570875188,8.98057245087423,8.81214150247622,8.35649867640254,8.04270891726132,7.48657485875276,7.15778822183309,6.76370914253841,7.7626716910905,7.13926726786173,6.6481507111989,6.37017560986546,6.29065163047293,6.09746940587174,6.69224523331841,7.89208553630397,8.21313906908208,8.07033178581621,8.11517433962502,10.2741273901423,9.23355868723715,6.90218174932878,6.11953093081959,6.15485627682284
Latin America & Caribbean (excluding high income),LAC,Carbon dioxide (CO2) emissions excluding LULUCF per capita (t CO2e/capita),EN.GHG.CO2.PC.CE.AR5,1.99191321736028,2.02054721961734,2.01489967584042,2.04717275274676,2.11910553262463,2.11972151268847,2.20817846263073,2.30005403663919,2.36380353374347,2.30634273790903,2.3548363418547,2.3128484722299,2.28179078900538,2.30511322829765,2.37601305873782,2.41090167472207,2.45422004353008,2.51865076951024,2.545810645271,2.43089994807224,2.5834690310775,2.65677793607562,2.74285215505897,2.77535087012485,2.77403334798064,2.74649815232579,2.67750170637374,2.64848035200486,2.55311263351358,2.54019396254783,2.30166362465597,2.51532982557581,2.49799761934454,2.53673800200307,..
Latin America & Caribbean (excluding high income),LAC,Renewable energy consumption (% of total final energy consumption),EG.FEC.RNEW.ZS,34.7143229143872,33.8994048411786,33.3568959672656,32.9365690985752,32.4742641826089,32.1410046537309,31.2220890289867,30.2879780550587,30.3058290472518,30.6958378385969,29.833580123176,29.3679881376699,30.14204472734,30.7048573507909,30.4198073915863,30.6269300011771,30.3608842125355,30.3764486850362,30.4802834044016,31.5255046097041,30.8121929294819,29.9603748780363,29.3632801948691,28.9652953001049,29.2113277535272,29.4162794524791,30.1348141405752,30.656656872441,31.492321617093,31.7800559277684,34.9291087228736,..,..,..,..
Latin America & Caribbean (excluding high income),LAC,"Government expenditure on education, total (% of GDP)",SE.XPD.TOTL.GD.ZS,..,..,..,..,..,..,..,..,3.60230994224549,3.80062007904053,3.80870008468628,3.93801009654999,3.88385510444642,3.53504991531372,3.97447991371155,..,4.4931697845459,4.47091007232666,4.86568999290466,5.49730014801025,4.76862001419068,4.8241548538208,5.34582996368408,5.18329501152039,5.1391499042511,5.07828998565674,4.56035399436951,4.39752006530762,4.13945007324219,4.59991979598999,4.51769828796387,4.16809344291687,3.8139615058899,..,..
Latin America & Caribbean (excluding high income),LAC,Current health expenditure per capita (current US$),SH.XPD.CHEX.PC.CD,..,..,..,..,..,..,..,..,..,..,276.397065128917,269.332809259056,230.924654580942,241.745896479914,273.996937567437,332.421238755891,388.084574150391,464.248589232899,533.319858395315,527.729842516409,627.414265387578,714.028161021744,709.365074906937,738.927923380436,744.648878780821,659.434864852512,627.586594714305,709.176930338212,668.625841639234,653.376790203235,575.420863954946,644.723652845693,704.173692064535,..,..
Latin America & Caribbean (excluding high income),LAC,Individuals using the Internet (% of population),IT.NET.USER.ZS,..,..,..,..,..,..,..,..,..,..,..,..,..,..,..,..,..,..,..,..,..,..,..,..,..,..,..,..,..,..,..,..,..,..,..
Latin America & Caribbean (excluding high income),LAC,"GNI, PPP (constant 2021 international $)",NY.GNP.MKTP.PP.KD,4693177241840.88,4875075944935.74,5014579048376.26,5254533046292.35,5507998430251.57,5560787761619.34,5780715888903.15,6095042131550.61,6256649964563.76,6258507171623.96,6479655239142.29,6489765390532.56,6504104052624.65,6662243332993.28,6953850793613.09,7217486288468.23,7675286345248.76,8099265130158.97,8404351862825.58,8204039297706.41,8717124616596.46,9117184811960.46,9340183077017.15,9638579916609.17,9780489098272.91,9838913964083.33,9787987494262.07,9982546590179.76,10084394252365.7,10159867311894.3,9549020091042.96,10179174418327.6,10605144773505.7,10827096082835.3,..
Latin America & the Caribbean (IDA & IBRD countries),TLA,GDP per capita (constant 2015 US$),NY.GDP.PCAP.KD,5779.59329541747,5859.36909773116,5914.78617279698,6084.20948701919,6297.21359769309,6233.26957684361,6369.60723899333,6608.7880796002,6695.0939822019,6621.19205606411,6757.28728796869,6676.66916955673,6614.05975576488,6692.95040092918,6961.35350268297,7153.15361720397,7437.25941101067,7742.32550989366,7943.11643315681,7669.35753351247,8090.50190276827,8367.78146019201,8495.49142125435,8644.54894750621,8673.93284600477,8617.55291183431,8504.75980474677,8593.04498940554,8659.7383407411,8646.32841564905,8024.79852750121,8555.35261715519,8841.0983906444,8969.00931487866,..
Latin America & the Caribbean (IDA & IBRD countries),TLA,Gini index,SI.POV.GINI,..,..,..,..,..,..,..,..,..,..,..,..,..,..,..,..,..,..,..,..,..,..,..,..,..,..,..,..,..,..,..,..,..,..,..
Latin America & the Caribbean (IDA & IBRD countries),TLA,"Unemployment, total (% of total labor force) (modeled ILO estimate)",SL.UEM.TOTL.ZS,..,6.20290724125678,6.17702254687019,5.92716879500619,6.58303824206846,7.87040184272193,8.2833826671729,8.1385394354541,8.51891609474916,9.50003369718693,9.54724386782,9.16163876964607,9.52040262401159,9.39491060952861,8.88137929271328,8.34427692112872,7.70840648299537,7.31182267651702,6.9150729963141,7.89307673077,7.2528256939654,6.72806886463518,6.42754223490827,6.38397300585286,6.19961332563731,6.71903446791338,7.81136575474109,8.12755696513525,8.03324720484733,8.10424349109534,10.3522494542699,9.27350464000943,6.99769011843402,6.27705803055615,6.31152830640779
Latin America & the Caribbean (IDA & IBRD countries),TLA,Carbon dioxide (CO2) emissions excluding LULUCF per capita (t CO2e/capita),EN.GHG.CO2.PC.CE.AR5,2.12702147374843,2.17338589287048,2.18347589646914,2.22387827699576,2.3205757808602,2.31429635312946,2.43114459012887,2.51960659314419,2.58666036220119,2.52450574692183,2.56538963613489,2.53517255714377,2.51433502800584,2.53252084547616,2.61950020200771,2.67094514081504,2.72045257230476,2.78156874284768,2.82476452684869,2.70939753691988,2.87467854599783,2.9459960481819,3.05438301906521,3.07989013549735,3.06239779180254,3.00943786324793,2.92620224993598,2.87764159506224,2.77115840483703,2.74463362159391,2.42996289025933,2.63143932720689,2.62546537790332,2.66372336540139,..
Latin America & the Caribbean (IDA & IBRD countries),TLA,Renewable energy consumption (% of total final energy consumption),EG.FEC.RNEW.ZS,32.3703181246718,31.7006687535352,31.3485107743851,30.9545937747394,30.6247086091303,30.2879549582525,29.3320761872157,28.6595533726678,28.7002672287299,29.2042525840354,28.5559887281631,28.0145940751622,28.6164648261454,29.1966240827901,29.0084998582727,29.2095780911005,29.2344437326834,29.3767904372324,29.4652167654654,30.3420143852618,29.3733561573885,28.7480981973053,28.1577248904094,28.023018911331,27.9150083442527,28.4665300969292,29.1719760342785,29.6360964977693,30.4957364186851,30.9074462982408,34.2376570603295,..,..,..,..
Latin America & the Caribbean (IDA & IBRD countries),TLA,"Government expenditure on education, total (% of GDP)",SE.XPD.TOTL.GD.ZS,..,..,..,..,..,2.98508501052856,..,..,3.22827994823456,3.7083899974823,3.63414001464844,3.8391250371933,3.75037002563477,3.45890498161316,3.5786600112915,..,3.66905999183655,3.62732005119324,4.60609006881714,5.46355009078979,4.48424005508423,4.10555005073548,4.7682900428772,4.52836012840271,4.26735019683838,4.45339345932007,4.36274814605713,4.39752006530762,4.13945007324219,4.42284989356994,4.51769828796387,4.08665704727173,3.79476308822632,..,..
Latin America & the Caribbean (IDA & IBRD countries),TLA,Current health expenditure per capita (current US$),SH.XPD.CHEX.PC.CD,..,..,..,..,..,..,..,..,..,..,283.987698457593,275.580212208494,236.331905732936,247.166642009244,281.342491395057,338.841876288116,394.80318757823,468.81107709361,539.495174365002,533.486275292006,637.749039497058,725.748606859325,726.973829466022,758.326162855289,760.434879683733,674.891653760169,646.332181073287,733.36935305515,672.137646029749,654.203499711542,577.777466140481,663.539185074175,720.881567229965,..,..
Latin America & the Caribbean (IDA & IBRD countries),TLA,Individuals using the Internet (% of population),IT.NET.USER.ZS,..,..,..,..,..,..,..,..,..,..,..,..,..,..,..,..,..,..,..,..,..,..,..,..,..,..,..,..,..,..,..,..,..,..,..
Latin America & the Caribbean (IDA & IBRD countries),TLA,"GNI, PPP (constant 2021 international $)",NY.GNP.MKTP.PP.KD,5110854126252.14,5315673737245.07,5485977947457.44,5752058145493.97,6029077000586.92,6103233800173.25,6353416308903.42,6706483188307.86,6893232070312.13,6893902341389.7,7136917483554.91,7154718590395.97,7175540392343.56,7348890789463.04,7671121714373.35,7971032068736.27,8462861076658.28,8938655679733.05,9293083572682.35,9088796208487.88,9654318254209.81,10102309610459.1,10385162041966.4,10729754925630.7,10890909915433.1,10983764765711,10943540344856.3,11156079595077,11284598661358.2,11377494660957.9,10663195016741.4,11395252299125.4,11878289440314.2,12122658633029.7,..
Least developed countries: UN classification,LDC,GDP per capita (constant 2015 US$),NY.GDP.PCAP.KD,596.683210826095,592.618227765664,579.463229145853,562.191812704354,550.37092658325,566.948317691939,583.182336977967,598.877358192873,607.314509857714,616.540026181296,628.189699241001,643.160711750393,660.735952984976,676.985725396957,703.105736551591,737.541250964311,769.618820847047,806.771937369964,839.16589985208,855.089359473011,887.388670804361,894.822309421536,901.862436350559,932.285480836562,961.89054049826,964.449793360221,977.155242071557,997.787431054508,1019.39455562242,1045.92643341587,1020.04519699244,1024.76170591215,1048.29941660578,1059.75863047307,..
Least developed countries: UN classification,LDC,Gini index,SI.POV.GINI,..,..,..,..,..,..,..,..,..,..,..,..,..,..,..,..,..,..,..,..,..,..,..,..,..,..,..,..,..,..,..,..,..,..,..
Least developed countries: UN classification,LDC,"Unemployment, total (% of total labor force) (modeled ILO estimate)",SL.UEM.TOTL.ZS,..,4.55184954799942,4.60568742147814,4.62350308295004,4.59677653243802,4.50340025633564,4.47680391314183,4.47214401259656,4.55075779306408,4.64540906461878,4.69621008348711,4.73001281601625,4.82174153665723,4.89718421087389,4.85500517442508,4.7933419733345,4.67780142276993,4.73851508145321,4.79588302722657,4.88648869121684,4.76194435567874,4.86193896689137,4.84468039187204,4.79478604222837,4.75129356604226,4.83938455097352,4.90683769238846,4.96947310302949,4.8870235507301,4.88614655379023,5.63912879862034,5.75302416584841,5.08844456845939,4.94642314711997,4.89153403312394
Least developed countries: UN classification,LDC,Carbon dioxide (CO2) emissions excluding LULUCF per capita (t CO2e/capita),EN.GHG.CO2.PC.CE.AR5,0.145957460879528,0.143807160103656,0.143315770296403,0.139443544021833,0.145381224992342,0.159972791365416,0.167047215802425,0.173390230167313,0.174157937775912,0.180387280389897,0.180353041438488,0.189106780153888,0.190848330066158,0.202869878865743,0.20731451683504,0.21280925127268,0.220430116840027,0.230699812693825,0.239637605417889,0.252869538995447,0.265715734065085,0.276434987144033,0.287335986337619,0.30189834221736,0.315814536662819,0.324374894428682,0.347799685703503,0.365855658384838,0.371304889378118,0.374519278832839,0.352686565439941,0.37335760501051,0.3750024385562,0.371320512018493,..
Least developed countries: UN classification,LDC,Renewable energy consumption (% of total final energy consumption),EG.FEC.RNEW.ZS,85.8400508900479,86.2296457045317,86.3638603479109,86.793684768689,86.4963816467534,85.4756053466163,85.0939646951583,84.3262132990133,84.3792602899517,84.1352190543538,83.8228167077565,83.0587818220715,82.6319264890398,81.4315553396144,81.0196825353347,80.7879014144197,80.1395288662303,78.835984083411,78.1250319481026,76.9957209684038,75.8238613389606,75.2784077627562,74.1893225942829,73.4895678063178,72.8091623290999,72.586786783296,71.977349657531,70.7237180071876,69.7689814757559,69.6544391506635,70.9349084202493,..,..,..,..
Least developed countries: UN classification,LDC,"Government expenditure on education, total (% of GDP)",SE.XPD.TOTL.GD.ZS,..,..,..,..,..,..,..,..,..,2.45981001853943,2.5650200843811,2.66297495365143,2.4695200920105,..,2.6897599697113,2.8372700214386,2.83097004890442,..,2.75020003318786,2.92000007629395,2.84086501598358,3.09318614006042,2.98175466060638,3.21824812889099,3.07460558414459,3.21439003944397,2.90522003173828,3.52892374992371,3.32295989990234,3.12603223323823,3.24270319938659,3.11079275608063,3.23824501037598,..,..
Least developed countries: UN classification,LDC,Current health expenditure per capita (current US$),SH.XPD.CHEX.PC.CD,..,..,..,..,..,..,..,..,..,..,11.5449195962601,11.5070642622384,12.5357452281214,14.3633153919919,16.9092684409218,19.1137978596917,22.504765418107,26.5717457517153,31.1707321577047,32.0658278437721,32.9767888950107,36.4148179923079,38.0637757176179,41.4136528314108,43.3844475371245,42.3472030533007,42.0282931089015,42.5794355418802,42.6754735517241,41.9696662329324,42.7885098134034,46.3073459120771,48.1820821472757,..,..
Least developed countries: UN classification,LDC,Individuals using the Internet (% of population),IT.NET.USER.ZS,..,..,..,..,..,..,..,..,..,..,..,..,..,..,..,..,..,..,..,..,..,..,..,..,..,..,..,..,..,..,..,..,..,..,..
Least developed countries: UN classification,LDC,"GNI, PPP (constant 2021 international $)",NY.GNP.MKTP.PP.KD,..,..,..,..,..,..,..,..,..,..,..,..,..,..,..,..,..,..,..,..,..,..,..,..,..,..,..,..,..,..,..,..,..,..,..
Low & middle income,LMY,GDP per capita (constant 2015 US$),NY.GDP.PCAP.KD,1621.19609011928,1634.94167245815,1672.3887583399,1724.2344417902,1780.33216060661,1829.44498520314,1909.84054537597,1983.5477694941,2015.16631269504,2054.76084145714,2134.33630954632,2177.75137675328,2246.61396414731,2343.44554621473,2486.00887995812,2629.52280956562,2804.75042747707,3009.94032975908,3143.42622922925,3222.82023510331,3437.27748428501,3605.67347773318,3749.67988452287,3905.36990805055,4051.955413697,4187.84406931518,4330.88462331612,4503.56586786812,4669.07690535005,4800.43782534205,4692.43176532252,4984.36001668603,5124.98382202178,5309.28601106189,..
Low & middle income,LMY,Gini index,SI.POV.GINI,..,..,..,..,..,..,..,..,..,..,..,..,..,..,..,..,..,..,..,..,..,..,..,..,..,..,..,..,..,..,..,..,..,..,..
Low & middle income,LMY,"Unemployment, total (% of total labor force) (modeled ILO estimate)",SL.UEM.TOTL.ZS,..,4.64940746265102,4.71217867429729,4.90027859018875,5.13634871201913,5.36566193176239,5.44235274506212,5.48825208196306,5.66801050108641,5.83998697891492,5.82506784093745,5.97971866318132,6.16707643242539,6.21890508087142,6.08787122816507,6.05529906477874,5.87510160998857,5.79158371164147,5.80307127411395,5.99054099747747,5.7821922404306,5.72285535905579,5.7525525338193,5.70841810763195,5.68611294257787,5.86808072014731,5.94980345886318,5.99678702133241,5.94758218404823,5.81381616292644,6.6515900324549,6.19361989007564,5.45251358879628,5.05976552198271,5.01335857931836
Low & middle income,LMY,Carbon dioxide (CO2) emissions excluding LULUCF per capita (t CO2e/capita),EN.GHG.CO2.PC.CE.AR5,1.75598186906595,1.76689615794187,1.75045253532478,1.76241473043059,1.77173615067982,1.84766175621003,1.8345911670406,1.86465719300821,1.85937554192807,1.83606690709532,1.89167807806681,1.91903648508041,1.97786027218065,2.12312741539518,2.29257345021681,2.44534368685799,2.59286794830532,2.73222322009898,2.78507042738848,2.84778879878162,3.02335347652697,3.18244592668233,3.2539098520148,3.32119964689743,3.33807533286094,3.26999187322949,3.26045633121138,3.31519223020803,3.40362044531379,3.42662387529379,3.3317484029893,3.48135739144545,3.46059047503572,3.58914450019543,..
Low & middle income,LMY,Renewable energy consumption (% of total final energy consumption),EG.FEC.RNEW.ZS,34.6684067251849,34.4261952336908,34.7614296022973,34.9526586496031,35.1933164542013,34.3584262812455,34.6269886891636,34.1593026457169,34.2947332046912,34.5468053464952,34.1125089057909,33.5301283414834,32.9346470367081,31.6653580466969,29.6807834081673,28.1267205269202,27.3053336867588,26.1492849528247,25.7031636314608,25.4400497752476,24.42140986766,23.5641076061905,23.3737721007755,23.3635991441574,23.4128918494465,23.4438501781898,23.7298727215053,23.7676399979481,23.8468961304687,24.3350858902724,25.2624895725564,..,..,..,..
Low & middle income,LMY,"Government expenditure on education, total (% of GDP)",SE.XPD.TOTL.GD.ZS,..,..,..,..,..,..,..,..,..,3.44133996963501,3.34339499473572,3.49296510219574,3.18138992786407,3.29257500171662,3.22751998901367,3.43838500976563,3.60536003112793,3.51721000671387,3.76082992553711,3.91490006446839,3.54706096649169,3.75423002243042,3.6818962097168,3.81294429302215,3.69599008560181,3.71097993850708,3.76761746406555,3.76526999473572,3.6420978307724,3.65236973762512,3.99414002895355,3.82175827026367,3.59078752994538,..,..
Low & middle income,LMY,Current health expenditure per capita (current US$),SH.XPD.CHEX.PC.CD,..,..,..,..,..,..,..,..,..,..,59.0696490267433,58.4825647641091,56.9457105289362,63.649944696438,73.1016097945253,85.4995894064188,97.8570778308345,116.372339102309,137.544080187658,144.296056237108,166.468097174596,192.806127047476,204.876695144804,218.850444834319,226.017271030371,220.95410364483,218.986691605782,235.276815813929,244.285724833387,251.076269466024,253.949229462415,288.628945692165,291.337825736532,..,..
Low & middle income,LMY,Individuals using the Internet (% of population),IT.NET.USER.ZS,..,..,..,..,..,..,..,..,..,..,..,..,..,..,..,..,..,..,..,..,..,..,..,..,..,..,..,..,..,..,..,..,..,..,..
Low & middle income,LMY,"GNI, PPP (constant 2021 international $)",NY.GNP.MKTP.PP.KD,..,..,..,..,..,19799367376209.1,20930242992560,22000465309472.1,22857284408683.5,23884100986619.3,25077840118140.1,26136223650012.4,27373291149869.9,29124265077155.9,31265632176002.4,33508776011980.5,36416659105606.9,39785528804207.8,42028465521942.7,43543417902638.7,46880193675708.4,49645211843897.4,52190543550188.3,54847839778576.5,57804976878418,60371016848675,63989032012933.1,67459617804137,70698051553728.3,73608398432476.3,72304856757089.5,77434718503862.3,80502724425292.4,84526576330487.2,..
Low income,LIC,GDP per capita (constant 2015 US$),NY.GDP.PCAP.KD,587.987990681615,580.013371242991,562.570967123795,551.011975255862,543.794500030119,554.762809913548,569.590533614365,587.669313868326,594.396799450094,593.000502427942,595.736836461037,604.592767334068,616.062304725903,627.304938172515,647.073628204924,669.992081174442,688.79612847704,709.850321837742,728.036625685512,736.923431896773,766.441379598309,751.204633160986,708.135310633467,715.28728739233,728.61558844232,705.461511003203,701.334623366362,703.849829130957,707.797827783632,717.5246852737,699.867964986009,695.983303529678,702.753973893293,699.366859579584,..
Low income,LIC,Gini index,SI.POV.GINI,..,..,..,..,..,..,..,..,..,..,..,..,..,..,..,..,..,..,..,..,..,..,..,..,..,..,..,..,..,..,..,..,..,..,..
Low income,LIC,"Unemployment, total (% of total labor force) (modeled ILO estimate)",SL.UEM.TOTL.ZS,..,4.74892767232946,4.81326354931111,4.80623209787671,4.78173897335159,4.68853186832284,4.72849901950928,4.75878676845654,4.87119589905681,4.98546563404491,5.05325296384139,5.04425190317317,5.00600936664693,4.94435362049553,4.79199645281766,4.63002983441076,4.63012611071799,4.6646657302302,4.7866662833833,4.66481059757105,4.81401913021269,4.85400905596144,4.93661936440835,4.76439469290275,4.74643644853186,4.86329466984677,4.96460707270764,5.05750451691876,4.97554452810785,4.99494314733493,5.68731646365826,5.70873263357671,5.07394035163587,4.9067296311379,4.73509120267984
Low income,LIC,Carbon dioxide (CO2) emissions excluding LULUCF per capita (t CO2e/capita),EN.GHG.CO2.PC.CE.AR5,0.679907662107661,0.656032939151239,0.582084123176034,0.536121886694047,0.513416390024235,0.489755260009168,0.460039090131252,0.44701006814366,0.40682674907363,0.415201656663593,0.426295745569615,0.430435478108498,0.414362367055925,0.419096379067375,0.421792584309174,0.451832529096867,0.459027873975302,0.437871055652548,0.453165780809889,0.441137231117418,0.430282951561756,0.385481512485453,0.352668120717775,0.312874914893874,0.312209221999072,0.273025090713977,0.276118895029175,0.33669221102885,0.327604097348376,0.333351488171256,0.30575532068764,0.292822242060038,0.286567890836868,0.286029043430522,..
Low income,LIC,Renewable energy consumption (% of total final energy consumption),EG.FEC.RNEW.ZS,59.0926612667122,60.3586975179207,62.9822761644376,64.8646712699635,66.4805734137778,67.4459663824722,68.77417673497,69.092572715511,69.5857608543254,69.7793124915108,69.0936559235188,68.6214478287934,69.3585540014723,69.3889209535759,68.9014821327394,67.320515940215,66.9080400926586,67.2645415628048,66.25108753545,68.7319734677448,68.6696220935199,71.0010646587502,71.7849354788423,74.1732105894448,74.1084894111486,76.8998452939415,76.8148994059855,73.4896036079887,73.0350572190928,72.572177208648,74.2129740199587,..,..,..,..
Low income,LIC,"Government expenditure on education, total (% of GDP)",SE.XPD.TOTL.GD.ZS,..,..,..,..,..,..,..,..,..,2.64153003692627,2.64670991897583,3.00112497806549,2.8962299823761,..,3.14794993400573,..,2.83097004890442,..,2.72311997413635,3.08050501346588,2.68873500823975,3.07762002944946,2.7595841884613,3.01273000240326,3.4237699508667,3.35014832019806,2.93488502502441,3.34989738464356,3.38626492023468,3.52622723579407,3.57657194137574,3.94350361824036,3.76730716228485,..,..
Low income,LIC,Current health expenditure per capita (current US$),SH.XPD.CHEX.PC.CD,..,..,..,..,..,..,..,..,..,..,14.1221339553179,12.7620788378088,13.6918672184297,15.4310054649118,17.9091988601459,20.6458267147751,24.3769208498422,29.4656245759088,33.510619473417,34.4522531500531,34.9672914186595,35.8397821421829,36.1540407836562,38.0450549502629,39.6838508866186,37.6046514930604,35.9831434989537,34.7033481393537,34.8155022096272,33.3860167763389,34.475400567965,35.1636024763438,36.846810960238,..,..
Low income,LIC,Individuals using the Internet (% of population),IT.NET.USER.ZS,..,..,..,..,..,..,..,..,..,..,..,..,..,..,..,0.8,1.1,2.1,2.5,3.1,3.7,4.2,5,5.8,7.1,8.9,10.4,12.1,14.2,17.2,18.4,20.9,23.1,24.4,26.5
Low income,LIC,"GNI, PPP (constant 2021 international $)",NY.GNP.MKTP.PP.KD,..,..,..,..,..,..,..,..,..,..,..,..,..,..,..,..,..,..,..,..,..,..,..,..,..,..,..,..,..,..,..,..,..,..,..
Lower middle income,LMC,GDP per capita (constant 2015 US$),NY.GDP.PCAP.KD,845.831669066405,843.543524491894,855.018731642324,855.677811633073,870.257736886816,895.096307626118,931.686768414786,948.436414964166,970.824399157023,1002.17619901362,1023.47003051099,1046.81913859897,1073.25093468452,1116.06420157097,1173.20961612207,1229.63564340848,1292.12847911088,1356.8539645856,1394.64826573588,1452.53175010443,1525.69383368958,1571.45370578698,1625.50329601707,1690.44900111561,1765.41194025762,1841.84526127088,1918.02606901038,1993.50001483349,2072.43733980431,2127.52778960941,2023.50424369151,2131.15699187599,2228.04437455405,2322.16569185251,..
Lower middle income,LMC,Gini index,SI.POV.GINI,..,..,..,..,..,..,..,..,..,..,..,..,..,..,..,..,..,..,..,..,..,..,..,..,..,..,..,..,..,..,..,..,..,..,..
Lower middle income,LMC,"Unemployment, total (% of total labor force) (modeled ILO estimate)",SL.UEM.TOTL.ZS,..,6.07132045206776,6.08681617423178,6.20849482152568,6.16819121266402,6.14142597535896,6.05303745128393,6.10295870254639,6.10441156959977,6.13798375931515,6.1542605439857,6.18145872315675,6.20245827417103,6.18917887907052,6.09972444268922,6.05766533511078,5.93897840957532,5.84137640550229,5.88766073496643,5.94808466605321,5.81020043210756,5.89710136245807,6.09037629146415,6.07727950320533,6.00331602768432,6.14822585838289,6.03309865819284,6.12168566458668,6.11409397114733,5.62039668810011,6.66380926217302,6.0122012019493,4.8436880217257,4.4022140714888,4.39213045101583
Lower middle income,LMC,Carbon dioxide (CO2) emissions excluding LULUCF per capita (t CO2e/capita),EN.GHG.CO2.PC.CE.AR5,0.710056489187922,0.727670534776423,0.731737015360386,0.739786233015047,0.74545489263698,0.777922398935917,0.805339955418375,0.826637407007481,0.834121301154828,0.859826215668366,0.870631134710071,0.878289857250269,0.885847315439803,0.893586080076125,0.938568497813241,0.958686698760644,0.986678818579603,1.03666413927867,1.06843012719767,1.11308531508951,1.16069326992061,1.20011604432531,1.25807835534775,1.2748894370507,1.33743905315621,1.34914313223867,1.38174152845334,1.43711286175433,1.48801625046476,1.47939009130694,1.37549966672122,1.46702830324,1.50666165240101,1.57378492582028,..
Lower middle income,LMC,Renewable energy consumption (% of total final energy consumption),EG.FEC.RNEW.ZS,55.4382361442335,55.3410003738492,55.193923778876,55.0238188825876,55.1165588427455,54.3954338166461,53.7480339281164,52.638278037263,52.2774080075932,51.7275645371285,51.5305448172775,51.2705442088655,50.5225896033837,50.3775022182786,49.8165638060833,49.26357136733,48.6320305352854,47.2894683251323,46.1581085084222,45.322950892833,44.1423325863095,43.3890943836142,43.4740995063709,43.4536986548303,42.5324013868184,41.6452035961217,40.8186366784506,40.1020091374381,39.8927751432776,40.2527062566402,42.0418737551124,..,..,..,..
Lower middle income,LMC,"Government expenditure on education, total (% of GDP)",SE.XPD.TOTL.GD.ZS,..,..,..,..,..,..,..,..,..,2.90848004817962,2.46335005760193,..,2.82522010803223,2.89977502822876,2.85353004932404,3.27669501304626,3.14284992218018,..,3.7829999923706,3.6391909122467,3.58718597888947,3.56897640228271,3.85651624202729,3.86999988555908,3.6112357378006,3.59894990921021,3.4730931520462,3.73344993591309,3.17833650112152,3.4130699634552,3.71980679035187,3.32718992233276,3.44491457939148,..,..
Lower middle income,LMC,Current health expenditure per capita (current US$),SH.XPD.CHEX.PC.CD,..,..,..,..,..,..,..,..,..,..,22.5900087770072,23.3266704631054,23.5805714773456,26.2868925823804,29.5512702201501,33.5320616796009,37.6952328624026,43.7440866021263,49.073918435515,49.8249518118719,56.0927377772095,61.4234444993007,64.5071493409582,70.6076239469415,72.8477822947569,73.411737764276,72.9384491091681,70.7450738260216,72.2367972606637,76.0533023069863,78.6462887644994,91.2214343712279,93.2497611816143,..,..
Lower middle income,LMC,Individuals using the Internet (% of population),IT.NET.USER.ZS,..,..,..,..,..,..,..,..,..,..,..,..,..,..,..,3.7,4.6,5.7,6.6,7.8,10.4,12.6,14,15.6,17.6,19.7,22.2,24.7,27.5,33.6,42.9,46.6,48.8,50.9,54
Lower middle income,LMC,"GNI, PPP (constant 2021 international $)",NY.GNP.MKTP.PP.KD,4924428944685.46,5043140782051.76,5289001251582.26,5474997326401.06,5767877475809.15,6115383954838.35,6546075361880.49,6816487025551.96,7177870073857.79,7653110615215.18,7989124928315.84,8344557317532.26,8631086388112.22,9176401649704.41,9834134577595.54,10526320877509.4,11300479151892.4,12121498282646.8,12599351680063.8,13330093393791.7,14182711471815.7,14839737003529.7,15561669825192.2,16426458085302.2,17489303539213.6,18648167489879.3,20153382071108.5,21354730516638.9,22643769891118.8,23589242090241.2,22679137096177.5,24334416942031.7,25853017682421.9,27478240272762.5,..
Middle East & North Africa,MEA,GDP per capita (constant 2015 US$),NY.GDP.PCAP.KD,4797.59269356162,4762.01875967009,4921.8952468342,4933.63103373817,4976.10749665114,5017.39398961902,5163.25615951538,5279.19732278296,5390.49003990886,5420.31494357638,5652.57885946375,5632.12281757703,5628.27453907449,5768.45209264882,6090.25566697473,6252.95894465341,6474.52888745363,6658.65992644486,6809.67732994585,6715.6074739535,6931.90724774947,7038.38614431908,7155.03514316564,7142.17420551868,7201.34876853789,7228.30889534971,7391.52312470061,7410.7972336466,7469.04225001288,7445.73820236986,7067.86465301669,7319.79554041933,7577.45086676793,7571.59200766655,..
Middle East & North Africa,MEA,Gini index,SI.POV.GINI,..,..,..,..,..,..,..,..,..,..,..,..,..,..,..,..,..,..,..,..,..,..,..,..,..,..,..,..,..,..,..,..,..,..,..
Middle East & North Africa,MEA,"Unemployment, total (% of total labor force) (modeled ILO estimate)",SL.UEM.TOTL.ZS,..,11.3523470369861,11.4976842480655,12.1323757335755,12.114884692201,12.4082929708991,11.3328208818672,11.1060037925172,11.2231629543702,11.5582464738505,12.0659790449942,12.1172993689779,12.2487854966226,11.9537374747182,10.8013378017869,10.925054516174,10.2358225951896,9.72281995211598,9.39933783493578,9.57287921323064,9.77181876393191,10.2969242190765,10.6280667059582,10.3267324376327,10.3941019006343,10.6419856021044,10.6970069360405,10.8782866566393,10.5036929963006,9.86675350055065,10.6169996140398,10.2348915008261,9.59898977494279,9.12057231205856,9.05183702863273
Middle East & North Africa,MEA,Carbon dioxide (CO2) emissions excluding LULUCF per capita (t CO2e/capita),EN.GHG.CO2.PC.CE.AR5,3.61395359617047,3.68375767363499,3.81785262353051,3.93890572890156,4.15980899455994,4.19031638154224,4.22777912676385,4.32829604870943,4.27818298669685,4.333685543853,4.424351594767,4.55582688769519,4.62633102133362,4.69638201580656,4.85498437301596,5.06791230697262,5.23171522535938,5.34834760484484,5.54236728452269,5.60143121941835,5.75681882513294,5.76739395642942,5.96157381284627,5.94172541615165,6.01608448358309,5.97168177061241,5.92665355980362,5.94415937807491,5.80464909785747,5.84815097956561,5.58414632692982,5.74929201797578,5.78311910823042,5.77183600999269,..
Middle East & North Africa,MEA,Renewable energy consumption (% of total final energy consumption),EG.FEC.RNEW.ZS,2.91649940791443,2.82057254447785,2.73580127216874,2.72510894482651,2.52431119603388,2.48436674811709,2.4933637340614,2.45832937786065,2.41636548111992,2.30999264171273,2.19636176286762,2.21525203994202,2.1793468463263,2.26641749058557,2.49150226128509,2.60433312942755,2.45246495492664,2.28633795497893,1.98930397127744,1.93238811080151,1.8966743328423,1.8408441007538,1.62312790599374,1.6496896044444,1.55983968192329,1.52743020528242,1.59450912093299,1.58715383690058,1.66391905189931,1.82334504915152,1.99565037758443,..,..,..,..
Middle East & North Africa,MEA,"Government expenditure on education, total (% of GDP)",SE.XPD.TOTL.GD.ZS,..,..,..,..,..,..,4.67156982421875,..,..,..,..,6.19316005706787,5.52995491027832,5.94827938079834,5.45327496528625,4.79442977905273,4.71720290184021,..,4.41140007972717,4.50946497917175,..,..,4.74210977554321,..,..,..,4.45261013507843,4.22749495506287,4.16854500770569,4.43173336982727,6.1939172744751,..,..,..,..
Middle East & North Africa,MEA,Current health expenditure per capita (current US$),SH.XPD.CHEX.PC.CD,..,..,..,..,..,..,..,..,..,..,144.461426742034,150.603942264668,148.926533020052,145.260711968706,159.987382593638,178.55128093317,199.341639783349,232.883398360912,277.506938505062,302.971684004933,327.72302170555,374.839300354624,397.997815157058,397.873366114496,415.989446015846,400.85627656197,415.804826900277,422.67873572441,411.777923778966,406.888681596039,412.160941489063,438.857451961773,434.860789728932,..,..
Middle East & North Africa,MEA,Individuals using the Internet (% of population),IT.NET.USER.ZS,..,..,..,..,..,..,..,..,..,..,..,..,..,..,..,..,..,..,..,..,..,..,..,..,..,..,..,..,..,..,..,..,..,..,..
Middle East & North Africa,MEA,"GNI, PPP (constant 2021 international $)",NY.GNP.MKTP.PP.KD,3132524558282.55,3289699881236.52,3411075997522.65,3746160214965.17,3810457316441.08,3853604082120.54,4075895980379.6,4131561949749.22,4172626771841.66,4493634162905.57,4687150764115.14,4883582534717.04,5145260322930.97,5406376792023.24,5734354760390.46,6101049274531.36,6499470111603.83,7025226642726.84,7256910952683.17,7285577814537.55,7653406296437.57,7815267957178.84,7808605952228.31,7902635192318.43,8071657962685.86,8131043536425.58,8632649006981.16,8851346489999.58,8926926938230.03,8962356409294.2,8709261116840.46,9186728108921.06,9663660390372.98,..,..
Middle East & North Africa (excluding high income),MNA,GDP per capita (constant 2015 US$),NY.GDP.PCAP.KD,2693.92090330536,2638.1458508356,2689.86407358471,2673.02629242981,2673.35260506448,2686.15811086182,2795.90630333192,2849.2559151072,2959.84232802936,3026.93694416023,3146.44626416796,3170.986768006,3213.04732390209,3227.11168253767,3405.70823569637,3483.86726467598,3592.2137836031,3734.78876255994,3801.41037330165,3824.58251634092,3952.6482520816,3842.20261261625,3904.33961961987,3846.77483981517,3852.60830729725,3803.87110555447,3940.01111343314,3993.49023828983,3995.96127357182,3963.0219603451,3774.65352636265,3877.79872271465,3969.32013628869,4021.0051331996,..
Middle East & North Africa (excluding high income),MNA,Gini index,SI.POV.GINI,..,..,..,..,..,..,..,..,..,..,..,..,..,..,..,..,..,..,..,..,..,..,..,..,..,..,..,..,..,..,..,..,..,..,..
Middle East & North Africa (excluding high income),MNA,"Unemployment, total (% of total labor force) (modeled ILO estimate)",SL.UEM.TOTL.ZS,..,11.9087676885652,12.0827332589964,12.8657448834528,12.9624843924566,13.3737241281555,12.2055734021715,11.9454150385523,12.0887999887703,12.482998055815,13.0877495079356,13.1464539707387,13.2558468065664,12.8893666155094,11.5649676249084,11.7714604908044,11.0251120353181,10.5652691193774,10.3634127446286,10.5232088296104,10.7944576699063,11.5209335503988,12.0462298614207,11.7914429090177,11.9209358883593,12.4017308339049,12.556017297494,12.7533116885525,12.2901292184688,11.5250546310595,12.1031227262636,11.7584549541875,11.1820203083755,10.8670875152924,10.8587476656264
Middle East & North Africa (excluding high income),MNA,Carbon dioxide (CO2) emissions excluding LULUCF per capita (t CO2e/capita),EN.GHG.CO2.PC.CE.AR5,2.4597781398398,2.48227926253946,2.652802819572,2.71579837508249,2.86384044737821,2.91012815685559,2.90699552154239,2.99809596327381,2.88733934133667,2.92743445026546,3.00549223279801,3.09670397285087,3.11301785648299,3.14221093182078,3.27163122472479,3.43970945002869,3.53747283143165,3.60589375206425,3.67724331656588,3.72380186151184,3.73585476364724,3.67727549164475,3.79873509012197,3.79038531355509,3.80692711166173,3.71419438059875,3.71634818248803,3.82335211788928,3.79345919228571,3.83146602485164,3.63616678513771,3.76119417268822,3.79009672275046,3.775512095445,..
Middle East & North Africa (excluding high income),MNA,Renewable energy consumption (% of total final energy consumption),EG.FEC.RNEW.ZS,4.12430064452157,3.97670933833881,3.83226544582667,3.86812991112789,3.57465956394839,3.4778083311485,3.52698992952161,3.43156186524915,3.40557923505006,3.22059436002848,3.00784302617518,3.03955101592263,3.00714307712353,3.1513138601457,3.4533829452315,3.61075571055272,3.41663409286812,3.2136813336258,2.74213946241426,2.69884145312131,2.70120453288654,2.65198516869995,2.59323546877598,2.63469827919417,2.50453736154296,2.51684921444919,2.58437149786106,2.49808095412844,2.54898510802524,2.75972290196694,2.92749471936677,..,..,..,..
Middle East & North Africa (excluding high income),MNA,"Government expenditure on education, total (% of GDP)",SE.XPD.TOTL.GD.ZS,..,..,..,..,..,..,4.18530988693237,..,..,..,..,..,5.03286671638489,..,5.02110004425048,..,4.71720290184021,4.73075985908508,4.35333514213562,4.83119010925293,4.05070173740387,..,5.10344982147217,..,..,4.66321992874146,3.92226004600525,3.73344993591309,..,..,..,..,..,..,..
Middle East & North Africa (excluding high income),MNA,Current health expenditure per capita (current US$),SH.XPD.CHEX.PC.CD,..,..,..,..,..,..,..,..,..,..,78.3107495783838,82.8748986473172,83.8720478004588,80.9692041044121,93.1988956653682,104.384975147133,116.505191349601,141.194819657353,173.157815596865,193.148829986938,214.502634465528,243.732798455614,258.301892396376,237.678037052627,236.809174098496,227.900678615136,235.412821279352,231.481319613573,205.54874432931,194.157678054272,182.118910944761,194.156816250847,190.352821071557,..,..
Middle East & North Africa (excluding high income),MNA,Individuals using the Internet (% of population),IT.NET.USER.ZS,..,..,..,..,..,..,..,..,..,..,..,..,..,..,..,..,..,..,..,..,..,..,..,..,..,..,..,..,..,..,..,..,..,..,..
Middle East & North Africa (excluding high income),MNA,"GNI, PPP (constant 2021 international $)",NY.GNP.MKTP.PP.KD,1768196665560.53,1849806497077.92,1912523790129.7,2108789080629.7,2136435981919.47,2151843178922.69,2274881663490.2,2299966318066.87,2314897352205.12,2511169088497.22,2614899989333.8,2729582500168.27,2924869721491.01,3078605285079.03,3256192006633.85,3473797302934.13,3683768151363.32,4013312135916.26,4161464324423.27,4201153492903,4438910116523.44,4494361147902.56,4437049842601.21,4439975519496.38,4514924033789.17,4489119710148.93,4785850302334.36,4920749728140.91,4948369090806.15,4941518149214.91,4830887893317.02,5087541630460.21,5319042612461.05,..,..
Middle East & North Africa (IDA & IBRD countries),TMN,GDP per capita (constant 2015 US$),NY.GDP.PCAP.KD,2696.86517485712,2641.45291819251,2693.7247006376,2677.43297574165,2678.37157979807,2690.92521397786,2802.56622550088,2854.56145805858,2963.60104208744,3029.93552923419,3153.73687075013,3181.49302743576,3227.36829273704,3239.53993368751,3416.02523810434,3492.87916903373,3603.40003253247,3747.25110315263,3813.44931108796,3835.28946181367,3963.87655746127,3850.06848201192,3911.72268550745,3852.75166806165,3859.59232519643,3809.84668165081,3945.17203810721,3999.49842651849,4002.5621040812,3969.74916041728,3784.54884071019,3887.48246004103,3979.58431965099,4034.7889995472,..
Middle East & North Africa (IDA & IBRD countries),TMN,Gini index,SI.POV.GINI,..,..,..,..,..,..,..,..,..,..,..,..,..,..,..,..,..,..,..,..,..,..,..,..,..,..,..,..,..,..,..,..,..,..,..
Middle East & North Africa (IDA & IBRD countries),TMN,"Unemployment, total (% of total labor force) (modeled ILO estimate)",SL.UEM.TOTL.ZS,..,11.9172826629998,12.0923957312831,12.8809385611871,12.9780991830913,13.3930732338714,12.2165848631705,11.9562612980097,12.1012377977757,12.4987303412133,13.1062226879005,13.0889077534353,13.1581296922054,12.8141432790832,11.4796036787049,11.7103847596699,10.9654017101049,10.5049504028012,10.2635548593248,10.4430024532452,10.7066815425875,11.4675444637626,11.9817864313054,11.7169491725129,11.8399685367262,12.2953909899345,12.4417079696535,12.6211399238132,12.1467211648243,11.3782438782609,11.9610860736542,11.5984181323461,11.0310304277689,10.8670875152924,10.8587476656264
Middle East & North Africa (IDA & IBRD countries),TMN,Carbon dioxide (CO2) emissions excluding LULUCF per capita (t CO2e/capita),EN.GHG.CO2.PC.CE.AR5,2.4597781398398,2.48227926253946,2.652802819572,2.71579837508249,2.86384044737821,2.91012815685559,2.90699552154239,2.99809596327381,2.88733934133667,2.92743445026546,3.00549223279801,3.09670397285087,3.11301785648299,3.14221093182078,3.27163122472479,3.43970945002869,3.53747283143165,3.60589375206425,3.67724331656588,3.72380186151184,3.73585476364724,3.67727549164475,3.79873509012197,3.79038531355509,3.80692711166173,3.71419438059875,3.71634818248803,3.82335211788928,3.79345919228571,3.83146602485164,3.63616678513771,3.76119417268822,3.79009672275046,3.775512095445,..
Middle East & North Africa (IDA & IBRD countries),TMN,Renewable energy consumption (% of total final energy consumption),EG.FEC.RNEW.ZS,4.05889932725608,3.91336403707052,3.77241117813186,3.80884761052197,3.51815588197645,3.42209035352363,3.47304785780767,3.38047238288028,3.35549035495472,3.17224045853001,2.95928794729363,2.99297613505501,2.93855437728851,3.07664492534184,3.3815305244119,3.54731366196481,3.3712947003374,3.16049575357536,2.69122420295422,2.65148197709872,2.66027583579073,2.60963703335479,2.55612456582388,2.59929658458601,2.46398407896345,2.47471257847952,2.53455102195307,2.45872573459995,2.50234333762529,2.70480925170458,2.86370722475953,..,..,..,..
Middle East & North Africa (IDA & IBRD countries),TMN,"Government expenditure on education, total (% of GDP)",SE.XPD.TOTL.GD.ZS,..,..,..,..,..,..,4.18530988693237,..,..,..,..,..,5.03286671638489,..,5.02110004425048,..,4.71720290184021,4.73075985908508,4.35333514213562,4.83119010925293,..,..,5.46478986740112,..,..,4.53210854530334,3.68754005432129,3.59650993347168,3.68561005592346,4.12165343761444,..,..,..,..,..
Middle East & North Africa (IDA & IBRD countries),TMN,Current health expenditure per capita (current US$),SH.XPD.CHEX.PC.CD,..,..,..,..,..,..,..,..,..,..,77.7363020957579,82.3723440384204,83.4805060452471,80.6482209241723,92.5934560336184,103.81358644466,116.105834810512,141.109011218952,172.857973610167,192.835654523131,214.448543604627,243.021185245828,257.858451479302,236.68128485345,235.943206582239,227.237471718832,234.689930446843,230.589677337015,204.196159577833,192.738877895845,180.577997489386,192.161496002559,188.460395411314,..,..
Middle East & North Africa (IDA & IBRD countries),TMN,Individuals using the Internet (% of population),IT.NET.USER.ZS,..,..,..,..,..,..,..,..,..,..,..,..,..,..,..,..,..,..,..,..,..,..,..,..,..,..,..,..,..,..,..,..,..,..,..
Middle East & North Africa (IDA & IBRD countries),TMN,"GNI, PPP (constant 2021 international $)",NY.GNP.MKTP.PP.KD,1759348038473.27,1840549468040.91,1902952903506.06,2098236019115.89,2125744566384.07,2140086409100.07,2263243154948.67,2286125658651.59,2298199241554.96,2493126494688.85,2599783208080.5,2716770995118.24,2914551495882.88,3066687822045.26,3241379067820.37,3456873081016,3667026519305.66,3995938812538.11,4142395581439.69,4180669494386.24,4417849293614.28,4470968243032.05,4411928465988.89,4413162417790.25,4487833559971.71,4460485355441.15,4754958832997.2,4889086793137.42,4915149727622.32,4907709686619.13,4801757266063.12,5055214653302.34,5284564381353.46,..,..
Middle income,MIC,GDP per capita (constant 2015 US$),NY.GDP.PCAP.KD,1702.16008856227,1718.07304095266,1760.55744244966,1818.51515558071,1880.72760931969,1934.20617421499,2021.38845971953,2101.17249838422,2136.41866580786,2181.07762414847,2268.73890308849,2316.91798140791,2393.09206945161,2500.04415099275,2656.25877970633,2813.7277831435,3006.87329453185,3233.16904311089,3381.57829171962,3471.82453681204,3708.97386994991,3900.34679987957,4067.84516724603,4243.25244689552,4408.25405381064,4565.92744572991,4730.67013277925,4928.64354041549,5119.74762657887,5273.45530182455,5163.6994642281,5499.86744004448,5666.65129971231,5884.82814699816,..
Middle income,MIC,Gini index,SI.POV.GINI,..,..,..,..,..,..,..,..,..,..,..,..,..,..,..,..,..,..,..,..,..,..,..,..,..,..,..,..,..,..,..,..,..,..,..
Middle income,MIC,"Unemployment, total (% of total labor force) (modeled ILO estimate)",SL.UEM.TOTL.ZS,..,4.64242131696085,4.70501322460551,4.90701428374477,5.16192020270852,5.41494005886573,5.49468630575076,5.54192031298857,5.72695635901449,5.90369116210158,5.88304695947759,6.05049259322488,6.25584014818253,6.3173040988481,6.18885049152275,6.16749725806675,5.97439394001353,5.88261267196706,5.88645246129866,6.10091638579738,5.86419604967522,5.79802070998136,5.82412608057555,5.79240539896654,5.76987718850459,5.95785948844532,6.03867353190608,6.08241674326591,6.03767380152027,5.89092200068711,6.74459124688732,6.24057366273373,5.49003888963743,5.07451236816572,5.0401121620372
Middle income,MIC,Carbon dioxide (CO2) emissions excluding LULUCF per capita (t CO2e/capita),EN.GHG.CO2.PC.CE.AR5,1.83770527818038,1.85185601437863,1.84086603272397,1.85869684850041,1.87177744096373,1.95693062167137,1.94665489569437,1.98165684086547,1.98076447033239,1.95637275662703,2.0172228731738,2.0481328476621,2.11552342736379,2.27556284124505,2.46241850469874,2.62911548704464,2.79284689441854,2.95079584724,3.01070639337775,3.08428598750892,3.28206582282654,3.4656825343523,3.55179589838227,3.63393253924341,3.65661510515446,3.58986841672797,3.58399006421367,3.64366291817835,3.74887107858496,3.78015684131077,3.68408094473323,3.85965247316623,3.84436127335498,3.99623503259569,..
Middle income,MIC,Renewable energy consumption (% of total final energy consumption),EG.FEC.RNEW.ZS,33.4469526157946,33.155316765006,33.3964481283805,33.5307140495673,33.7170644113516,32.8339939075569,33.0553058067243,32.5770802600495,32.669787284864,32.8811991297191,32.4491083978226,31.8329034103356,31.1943676346304,29.8884842156035,27.9217828317568,26.3918759165836,25.5859079751042,24.4792314250413,24.0322448466226,23.7089690624252,22.7242838598832,21.810242291618,21.6734819207551,21.6086245646223,21.619804975326,21.5942824943824,21.8667614179575,21.9573461951041,22.0639483873464,22.5473378238535,23.3864364958289,..,..,..,..
Middle income,MIC,"Government expenditure on education, total (% of GDP)",SE.XPD.TOTL.GD.ZS,..,..,..,..,..,..,..,..,..,3.88999497890473,3.5112099647522,3.70852994918824,3.242840051651,3.45890498161316,3.44770002365112,3.5298000574112,3.62687504291535,3.51721000671387,3.93613994121552,4.05915498733521,3.69457507133484,3.82591843605042,4.05141425132751,4.12616515159607,4.00123381614685,3.96933007240295,3.93593001365662,3.93130993843079,3.732675075531,3.82614493370056,4.12560415267944,3.74731349945068,3.58109796047211,..,..
Middle income,MIC,Current health expenditure per capita (current US$),SH.XPD.CHEX.PC.CD,..,..,..,..,..,..,..,..,..,..,62.4125570196907,61.9326834110568,60.461653789145,67.6140565040379,77.7117472298066,91.0067499322453,104.20947137477,124.019808961318,146.854316563567,154.293259933609,178.604070067349,207.533255936606,220.952687029766,236.744350164687,244.710058715878,239.621175169212,237.930814415015,256.789225073053,267.159100662296,275.306717006263,278.860480353763,318.021990034954,321.647547243771,..,..
Middle income,MIC,Individuals using the Internet (% of population),IT.NET.USER.ZS,..,..,..,..,..,..,..,..,..,..,..,..,..,..,..,..,..,..,..,..,..,..,..,..,..,..,..,..,..,..,..,..,..,..,..
Middle income,MIC,"GNI, PPP (constant 2021 international $)",NY.GNP.MKTP.PP.KD,..,..,..,..,..,19423601214391.5,20529486751005.9,21583774220622.3,22425281458896.9,23437247240422.4,24617278397119.4,25657411473895.7,26874282225061.7,28591023289165.3,30700366968747.6,32908834393172.9,35770221344999.4,39090282898930.4,41292389355079.1,42774207173981.5,46058421697556.6,48775692519386.9,51270512968536.9,53876115207640.6,56767869433380.6,59274218438123.4,62826134115194.2,66234804522855.7,69408294309041.6,72261980306535.8,70945341265796.8,76047744778547.1,79069056192475.9,83049918456591.6,..
North America,NAC,GDP per capita (constant 2015 US$),NY.GDP.PCAP.KD,38461.7113456547,37851.1119805451,38572.5926863058,39120.6346039121,40219.6474562926,40817.0443470594,41805.2434442893,43145.5167304634,44552.4977600305,46179.7980695285,47578.006105013,47590.3021317146,47992.7493134442,48872.9848468196,50256.443878562,51517.6910134188,52436.3976437343,52982.1075077554,52571.5562146714,50741.9924978441,51679.1951322739,52157.2808136716,52919.2496825213,53655.8796737277,54607.1984852286,55702.089462785,56248.8444110029,57260.6149274262,58585.1841911608,59733.1558003892,57737.897806055,61079.1523658362,62350.755113114,63594.398681032,..
North America,NAC,Gini index,SI.POV.GINI,..,..,..,..,..,..,..,..,..,..,..,..,..,..,..,..,..,..,..,..,..,..,..,..,..,..,..,..,..,..,..,..,..,..,..
North America,NAC,"Unemployment, total (% of total labor force) (modeled ILO estimate)",SL.UEM.TOTL.ZS,..,7.16085104908465,7.87315728585848,7.34989291267264,6.54555954314501,6.03024492508477,5.86183834660521,5.40301547573426,4.88226202925985,4.55171801715172,4.27316817166147,4.97961964201139,5.97486412366027,6.15326151532504,5.70124819512877,5.25750859640354,4.81614395081572,4.78243165759455,5.83652846325955,9.16994852137916,9.47756352715347,8.80774450806862,7.99579367477073,7.34971608309856,6.26105883004492,5.46118094681104,5.10423603490588,4.58063287231783,4.10818783801368,3.89170553373765,8.23062385811362,5.59214283036202,3.83340806531303,3.84181538522376,4.37576495826356
North America,NAC,Carbon dioxide (CO2) emissions excluding LULUCF per capita (t CO2e/capita),EN.GHG.CO2.PC.CE.AR5,19.5569279730801,19.1192029054136,19.1780655482606,19.3394696326763,19.446949822763,19.4418332059898,19.784193974166,20.5059256459664,20.4500599359992,20.309087738606,20.6838148071291,20.2888257416207,19.6872575960973,19.7846350290998,19.8274133295173,19.7350671130284,19.2257054770132,19.3524105256752,18.5663282847591,17.0806491588098,17.7161858569607,17.0063300314072,16.2208143224157,16.5159082110087,16.4597086925034,16.0181458002183,15.6031983397939,15.3514563638973,15.7485830400551,15.2305130625915,13.56266987026,14.3569345447695,14.4040861962726,14.0168470421704,..
North America,NAC,Renewable energy consumption (% of total final energy consumption),EG.FEC.RNEW.ZS,6.17654889787694,6.46421766833632,6.67393698008571,6.23359894678247,6.08272833257802,6.70467790750912,6.69124310754397,6.43319578738392,6.4393821548044,7.50170830439052,7.21136221943706,6.45956367284997,6.71398536034462,7.10210296189015,7.28124151274277,7.50069408062686,7.95692766210317,7.90561847452141,8.40894478976458,8.94012160432714,8.8898542586301,9.78968925506113,10.1687090099287,10.5100828260265,10.6427636680361,10.4555225512374,10.8133808113123,11.3519352843397,11.4630741257757,11.7837519357351,12.5990512313246,..,..,..,..
North America,NAC,"Government expenditure on education, total (% of GDP)",SE.XPD.TOTL.GD.ZS,5.96922016143799,6.85951995849609,6.74663019180298,7.67834997177124,6.65829992294312,6.30476999282837,..,..,5.49377012252808,5.53079986572266,5.7544846534729,5.6259765625,5.67651772499084,6.3286075592041,6.2537636756897,5.4684317111969,6.16402912139893,5.50486421585083,5.53110313415528,5.78963923454285,6.02546191215515,5.8798668384552,5.47323679924011,5.40913391113281,5.48639774322509,4.83500504493714,4.79984998703003,5.02646994590759,4.89199995994568,4.86520004272461,5.14396500587463,5.08844995498657,4.13957166671753,..,..
North America,NAC,Current health expenditure per capita (current US$),SH.XPD.CHEX.PC.CD,..,..,..,..,..,..,..,..,..,..,4297.41815364329,4620.92748521486,5014.02615656326,5417.79823368656,5759.51678118708,6117.72962294646,6502.611434909,6861.52780419712,7077.78173631476,7292.67642092083,7561.3727430848,7756.27652203032,7989.27013587138,8116.77954022992,8437.23820986879,8746.08627068247,9044.87773615632,9324.91612591773,9660.68017215764,9986.57330546652,11052.9196310174,11429.4810325177,11787.9707767805,..,..
North America,NAC,Individuals using the Internet (% of population),IT.NET.USER.ZS,..,..,..,..,..,..,..,..,..,..,..,..,..,..,..,..,..,..,..,..,..,..,..,..,..,..,..,..,..,..,..,..,..,..,..
North America,NAC,"GNI, PPP (constant 2021 international $)",NY.GNP.MKTP.PP.KD,11859816288422.4,11850836091187.7,12196868675511.9,12481851366185.2,13016411508200.4,13465051773739,14036088255681.1,14756528806881.1,15545412368147.5,16255707528433.2,17025761992038.4,17287573518658.7,17543646205291.4,17947030954302.9,18643909865680.4,19274007580550.2,19952891650637.5,20134711580540.5,19863656982114.6,19485272903345.5,20207724162398.1,20651044820426.4,21263086220264.1,21619951683697.6,22315340933272.4,22940558462564.8,23242377905722.1,23832380615089.8,24533484832632.2,25145794314733.2,24407204221287.2,25983273002401.3,26741875483982.1,27082481282386.8,..
Not classified,INX,GDP per capita (constant 2015 US$),NY.GDP.PCAP.KD,..,..,..,..,..,..,..,..,..,..,..,..,..,..,..,..,..,..,..,..,..,..,..,..,..,..,..,..,..,..,..,..,..,..,..
Not classified,INX,Gini index,SI.POV.GINI,..,..,..,..,..,..,..,..,..,..,..,..,..,..,..,..,..,..,..,..,..,..,..,..,..,..,..,..,..,..,..,..,..,..,..
Not classified,INX,"Unemployment, total (% of total labor force) (modeled ILO estimate)",SL.UEM.TOTL.ZS,..,..,..,..,..,..,..,..,..,..,..,..,..,..,..,..,..,..,..,..,..,..,..,..,..,..,..,..,..,..,..,..,..,..,..
Not classified,INX,Carbon dioxide (CO2) emissions excluding LULUCF per capita (t CO2e/capita),EN.GHG.CO2.PC.CE.AR5,..,..,..,..,..,..,..,..,..,..,..,..,..,..,..,..,..,..,..,..,..,..,..,..,..,..,..,..,..,..,..,..,..,..,..
Not classified,INX,Renewable energy consumption (% of total final energy consumption),EG.FEC.RNEW.ZS,..,..,..,..,..,..,..,..,..,..,..,..,..,..,..,..,..,..,..,..,..,..,..,..,..,..,..,..,..,..,..,..,..,..,..
Not classified,INX,"Government expenditure on education, total (% of GDP)",SE.XPD.TOTL.GD.ZS,..,..,..,..,..,..,..,..,..,..,..,..,..,..,..,..,..,..,..,..,..,..,..,..,..,..,..,..,..,..,..,..,..,..,..
Not classified,INX,Current health expenditure per capita (current US$),SH.XPD.CHEX.PC.CD,..,..,..,..,..,..,..,..,..,..,..,..,..,..,..,..,..,..,..,..,..,..,..,..,..,..,..,..,..,..,..,..,..,..,..
Not classified,INX,Individuals using the Internet (% of population),IT.NET.USER.ZS,..,..,..,..,..,..,..,..,..,..,..,..,..,..,..,..,..,..,..,..,..,..,..,..,..,..,..,..,..,..,..,..,..,..,..
Not classified,INX,"GNI, PPP (constant 2021 international $)",NY.GNP.MKTP.PP.KD,..,..,..,..,..,..,..,..,..,..,..,..,..,..,..,..,..,..,..,..,..,..,..,..,..,..,..,..,..,..,..,..,..,..,..
OECD members,OED,GDP per capita (constant 2015 US$),NY.GDP.PCAP.KD,25225.1149064534,25272.794373727,25559.0790652694,25687.8982185428,26298.4817706014,26787.9790727846,27407.4230745838,28187.5356548122,28826.1656087534,29599.5148971898,30595.419481915,30799.8796558708,31043.0128613568,31448.499401097,32244.7283618931,32927.7531009029,33687.3123290781,34316.7355930927,34178.6804078521,32784.6730885004,33528.8128548275,33990.1408791288,34248.5694654616,34588.3914310992,35119.5793492568,35784.8705175556,36219.5088989452,36933.5126567127,37575.2313340185,38070.1530879606,36385.5052653603,38490.640683906,39464.1326487097,39973.5101059051,..
OECD members,OED,Gini index,SI.POV.GINI,..,..,..,..,..,..,..,..,..,..,..,..,..,..,..,..,..,..,..,..,..,..,..,..,..,..,..,..,..,..,..,..,..,..,..
OECD members,OED,"Unemployment, total (% of total labor force) (modeled ILO estimate)",SL.UEM.TOTL.ZS,..,6.78414270479513,7.26891880560992,7.76154926727535,7.83449046979209,7.60328958983041,7.54845249819128,7.25824900860572,7.22011177226418,7.16497947660529,6.71539711222802,6.61934442888241,7.13990029133614,7.2735116069945,7.17279709238996,6.82968364557043,6.34235835552511,5.88611191864796,6.20331907164354,8.37849130614479,8.51487821300464,8.11736157047551,8.09982597168422,7.98661205814583,7.41107168422173,6.85865110620312,6.43577834443714,5.91905932855463,5.47945204421387,5.39053209806899,7.14864258016648,6.19286372183563,4.98675187674652,4.82832486149895,4.90575990865762
OECD members,OED,Carbon dioxide (CO2) emissions excluding LULUCF per capita (t CO2e/capita),EN.GHG.CO2.PC.CE.AR5,10.7530690480296,10.6676631824602,10.5681609571344,10.5521614190128,10.6439056303131,10.698667368092,10.9379021470063,11.0865867851997,11.0044677570664,10.9637276596535,11.1596887858918,11.0566497353387,10.9033574760468,11.0189029278727,11.0486702926696,11.0083326331366,10.8816575093499,10.9283922341418,10.5684586788444,9.86249679392644,10.2198930926911,9.98963175358808,9.79243801240795,9.77332681556632,9.5394416600922,9.43767030727004,9.33669571995975,9.27418073858006,9.24628542666015,8.92528427112853,8.11473437952245,8.54307492525718,8.36747038066704,8.02722316439077,..
OECD members,OED,Renewable energy consumption (% of total final energy consumption),EG.FEC.RNEW.ZS,7.20128471427074,7.33526453950132,7.45378372738362,7.39539754206875,7.21978651128133,7.54606364504028,7.47915388872562,7.41417172023064,7.50245746464093,7.94520533962871,7.85477848060003,7.48098796193668,7.59076131389187,7.86628124048306,8.05664297450646,8.27587491111264,8.73406018235932,8.98597813162727,9.52074828540989,10.1309254308704,10.3717904112784,10.8717838342286,11.4536643177497,11.9466266387194,12.1993498136552,12.2929810938117,12.4751788707499,12.8627670804176,13.2657182830826,13.7784284062487,14.9035238849166,..,..,..,..
OECD members,OED,"Government expenditure on education, total (% of GDP)",SE.XPD.TOTL.GD.ZS,4.55725002288819,4.78375506401062,4.73539018630981,4.95256996154785,4.8232250213623,4.69021487236023,4.84522008895874,..,4.46187019348145,4.57943487167358,4.86840009689331,5.08782291412354,5.21897506713867,5.24525785446167,5.06297016143799,5.08472013473511,4.97649002075195,4.81757497787475,4.90973997116089,5.39640665054321,5.41248989105225,5.19269013404846,5.4102201461792,5.30837988853455,5.09604501724244,4.99559020996094,4.83923006057739,4.96131992340088,4.93008995056152,4.9859299659729,5.37828016281128,5.03708982467651,..,..,..
OECD members,OED,Current health expenditure per capita (current US$),SH.XPD.CHEX.PC.CD,..,..,..,..,..,..,..,..,..,..,2150.13406369451,2225.93589612725,2408.75756852221,2731.81317342947,3004.19287445314,3168.36147437305,3339.26508135069,3628.74447044842,3881.51002513979,3920.8728219309,4049.57168428204,4343.06044774738,4350.37549435744,4371.45809239236,4486.11525076664,4317.90261428076,4440.03597145657,4581.90819714696,4792.5010793666,4877.17311590568,5290.51646786761,5654.47302297096,5547.7538565416,..,..
OECD members,OED,Individuals using the Internet (% of population),IT.NET.USER.ZS,..,..,..,..,..,..,..,..,..,..,..,..,..,..,..,..,..,..,..,..,..,..,..,..,..,..,..,..,..,..,..,..,..,..,..
OECD members,OED,"GNI, PPP (constant 2021 international $)",NY.GNP.MKTP.PP.KD,35922399059193.5,36467581354645.7,37490697861541.5,38148437553680.5,39607540584097.2,40717089431294.3,42102898091603.2,43672383306613.8,45113934228877.1,46630192845580.6,48436636758501.8,49234155838227.2,49903536174574.7,50811270172270.7,52480000297929.3,53831285476857.5,55594821811910.4,56759569304406.4,56365065112044.4,55055987425448.9,56788722512013.3,57706225474262.9,58592899855008.3,59378011958472.9,60797376792762.1,62568270320008.9,63734510454628.3,65263984402969.5,66731395482418.5,67953701442356.1,65195068893311,69070588698407,70529991779919,71561511456371.2,..
Other small states,OSS,GDP per capita (constant 2015 US$),NY.GDP.PCAP.KD,7573.24630231401,7523.78260985909,7338.83987150821,7471.96610353701,7568.76813222776,7832.41972411128,8004.05264228532,8358.25795641828,8546.12809141056,8768.86064346719,9346.27412373189,9453.52264454562,9580.3637773704,9849.24852621168,10182.2022549715,10512.2734141327,10992.2418821543,11436.1478891635,11464.189851069,10869.8037299452,11015.8040330415,11281.0550315253,11354.8836406316,11410.4680699118,11528.5246780463,11735.6880833152,12044.6770028061,12462.0770305721,12812.0351262748,13182.531539845,12299.5886034111,13025.0808599447,13491.5967771426,13696.0214084877,..
Other small states,OSS,Gini index,SI.POV.GINI,..,..,..,..,..,..,..,..,..,..,..,..,..,..,..,..,..,..,..,..,..,..,..,..,..,..,..,..,..,..,..,..,..,..,..
Other small states,OSS,"Unemployment, total (% of total labor force) (modeled ILO estimate)",SL.UEM.TOTL.ZS,..,7.5631422171769,8.10883792771733,8.89885427154404,9.06631063827769,9.39735199387787,9.43009937273701,9.5394218007399,9.36114931941618,10.0220700843428,10.2914019994802,10.2036163756998,9.51571649493604,9.82563465853262,9.74458299736379,9.56012689913527,8.76349648499916,8.13104161598982,7.91358317344586,9.4715766907266,9.78556236852925,9.32960574845544,9.32081092900368,9.50266465484045,9.2105328996631,8.78523372997352,8.49858732832695,8.07615443502866,7.66956307053111,7.34330990802156,8.82670669777015,8.36606234826282,7.76505567159181,7.41013147956156,7.38410736088717
Other small states,OSS,Carbon dioxide (CO2) emissions excluding LULUCF per capita (t CO2e/capita),EN.GHG.CO2.PC.CE.AR5,7.81302919000762,7.39805027902742,6.5104019049659,6.18788676137592,6.33808207425818,6.11792811520107,6.28512694744401,6.25645983157377,6.0526128658235,6.0197194043038,6.13471150045778,6.1418758822053,6.01841367653708,6.36557909956201,6.36282824377203,6.57362547623126,6.91167836921626,7.15366784702893,7.13273817860032,6.6362862304589,6.98156474446992,6.97146708662081,6.91359670068274,7.16267606573524,7.17434639082351,6.79320247941361,6.74516749470064,6.82356927668004,6.87502239345052,6.47781046315981,6.26200340353306,6.34543768419928,6.25442349862716,6.19293840872369,..
Other small states,OSS,Renewable energy consumption (% of total final energy consumption),EG.FEC.RNEW.ZS,21.728,21.4494921956296,24.7557920792079,25.0980182341651,26.2528473534972,28.5192485822306,28.4101378219611,28.124815542458,28.2517534306251,28.9083616557734,29.3456675279931,29.0317471886714,29.2068518143118,28.9117892878164,28.6016815844601,28.673443502336,27.455331026891,28.4597163332338,30.1470466618808,32.5893619909502,32.5898822836963,32.5775895093561,32.3942661870504,32.0277832236381,31.5587866449511,32.3242981991525,32.2176274944568,31.5667678986818,31.9564812048793,31.7132516082049,34.0445543032787,..,..,..,..
Other small states,OSS,"Government expenditure on education, total (% of GDP)",SE.XPD.TOTL.GD.ZS,3.12822008132935,3.46325993537903,5.28141021728516,5.69822978973389,5.49428987503052,5.89866018295288,6.0549201965332,..,..,5.09095001220703,5.33945989608765,4.83824014663696,4.44086980819702,5.27309989929199,5.13917994499207,5.54847002029419,6.0935161113739,3.90265488624572,6.05107998847961,6.47135019302368,5.81807994842529,5.76745510101319,5.15550112724304,4.96424531936646,4.81514978408813,5.14418983459473,5.15763998031616,4.96131992340088,4.87440967559814,4.87727522850036,4.85627222061157,4.95368504524231,..,..,..
Other small states,OSS,Current health expenditure per capita (current US$),SH.XPD.CHEX.PC.CD,..,..,..,..,..,..,..,..,..,..,329.155099208157,324.567984383249,368.421397595171,427.677279460159,492.244104599062,544.721657953528,574.1022890716,674.194801222036,749.95298529379,706.809248883376,712.563635123312,752.58717113916,736.727258832783,783.437501544016,819.207478981149,762.860246481573,800.054742958583,864.371311697549,932.665581556115,944.252410888078,1004.11141850435,1172.92230458746,1142.4613074351,..,..
Other small states,OSS,Individuals using the Internet (% of population),IT.NET.USER.ZS,..,..,..,..,..,..,..,..,..,..,..,..,..,..,..,..,..,..,..,..,..,..,..,..,..,..,..,..,..,..,..,..,..,..,..
Other small states,OSS,"GNI, PPP (constant 2021 international $)",NY.GNP.MKTP.PP.KD,..,..,..,..,..,..,..,..,..,..,196736491810.331,203780322004.998,213468935008.026,223509881480.991,233353093203.989,247634928910.496,266065072532.333,283496625249.02,296027904361.151,281411542594.512,292262650227.027,302976560832.701,314659908662.211,317570890281.703,321258502959.474,331829839643.852,338582424673.352,356573944101.079,367880531177.18,383325727503.345,356626617605.538,378637137297.005,393030396250.117,406603260104.692,..
Pacific island small states,PSS,GDP per capita (constant 2015 US$),NY.GDP.PCAP.KD,2970.58187041219,2912.12271520368,3008.58408411765,3022.39627342711,3124.42347220724,3220.98062761613,3274.41901330364,3185.51443970779,3181.61938620979,3268.59259570969,3174.61002259272,3161.10015326366,3184.41623314151,3204.43646025818,3293.56001964851,3335.43147781043,3375.67858212883,3343.65966760214,3374.901707097,3323.00680821155,3406.62027920072,3489.57159528331,3478.39812987402,3543.88067288284,3624.21440919236,3710.01234754574,3799.62046162328,3901.85211677084,3959.36151983706,3963.42871318682,3524.51350515927,3390.29030613405,3657.78967505089,3807.94092888764,..
Pacific island small states,PSS,Gini index,SI.POV.GINI,..,..,..,..,..,..,..,..,..,..,..,..,..,..,..,..,..,..,..,..,..,..,..,..,..,..,..,..,..,..,..,..,..,..,..
Pacific island small states,PSS,"Unemployment, total (% of total labor force) (modeled ILO estimate)",SL.UEM.TOTL.ZS,..,3.89042642665223,3.88849468155863,3.9473819076677,3.91667343812621,3.99182017321935,4.02635031377061,4.16487856196602,4.26811698217978,4.31265730395665,4.41758167634957,4.52736511167007,4.62060117504242,4.51735002076316,4.34717323461528,3.84431242747139,3.81596429114785,3.76053041512131,3.66277533564379,3.60583093381717,3.50620034965321,3.44531957197195,3.54931121864559,3.42909052402725,3.40086552977605,3.38209145071285,3.37055657306124,3.36772015164207,3.27563360735952,3.21394324925117,3.1793712771022,3.18377728754444,3.26376412674194,3.18108550777285,3.1400708014776
Pacific island small states,PSS,Carbon dioxide (CO2) emissions excluding LULUCF per capita (t CO2e/capita),EN.GHG.CO2.PC.CE.AR5,2.06306913635731,1.96133177835963,1.88043635886056,1.93600295281327,2.49333468938082,2.08430829611386,2.02482217591684,2.18336657045126,2.03329304499715,2.1164291717822,2.06916407886503,2.23894771487272,1.66097687508979,1.89272618212273,1.97762298386627,1.96043463013628,1.98522056360558,1.79232992070254,1.59884752307163,1.83261022534803,2.08382199869922,1.98716100959154,2.45335308453845,1.7621995769076,1.59687665935755,1.56591055806056,1.52986890758473,1.62792893542985,1.68158334608571,1.7398592882815,1.73934183566928,1.79920494931809,1.8747018597925,1.91207575122043,..
Pacific island small states,PSS,Renewable energy consumption (% of total final energy consumption),EG.FEC.RNEW.ZS,52.8389102564103,51.3872903225806,47.1346005509642,47.6665591397849,50.3567430025445,47.1724479166667,46.4929820051414,43.0363215258856,39.5824347826087,44.7192487046632,43.213280839895,38.0250383631714,41.7881066666667,37.6716279069767,35.357323943662,37.7981364829396,36.6469193154034,33.8472481572482,36.7411666666667,34.7370058139535,29.5932336956522,31.3655526315789,31.1998143236074,31.0953694581281,31.1890420560748,31.3912268518519,28.8454368932039,28.9625339366516,27.3693392070485,27.384211663067,29.6534541062802,..,..,..,..
Pacific island small states,PSS,"Government expenditure on education, total (% of GDP)",SE.XPD.TOTL.GD.ZS,..,..,..,..,..,..,..,..,..,..,..,..,..,..,..,..,..,..,..,..,..,..,..,..,..,..,..,..,..,..,..,..,..,..,..
Pacific island small states,PSS,Current health expenditure per capita (current US$),SH.XPD.CHEX.PC.CD,..,..,..,..,..,..,..,..,..,..,82.6006911322602,79.4335892004223,88.3824422971553,94.9725034187979,116.514084021142,138.538033964636,147.509581698034,153.402058921112,157.679475867996,154.600642063355,161.592821801826,163.245977353145,176.188185226556,177.136262747423,185.035020890264,178.434674421376,185.202154850089,189.349287277612,217.301131379356,225.932251105481,227.952101156833,264.308702277573,219.941936686575,..,..
Pacific island small states,PSS,Individuals using the Internet (% of population),IT.NET.USER.ZS,..,..,..,..,..,..,..,..,..,..,..,..,..,..,..,..,..,..,..,..,..,..,..,..,..,..,..,..,..,..,..,..,..,..,..
Pacific island small states,PSS,"GNI, PPP (constant 2021 international $)",NY.GNP.MKTP.PP.KD,..,..,..,..,..,..,..,..,..,..,..,..,..,..,..,..,..,..,..,..,..,..,..,..,..,..,..,..,..,..,..,..,..,..,..
Post-demographic dividend,PST,GDP per capita (constant 2015 US$),NY.GDP.PCAP.KD,27842.0067395887,27931.6321149012,28266.2145575088,28413.2630067421,29143.7527517267,29773.2762730013,30478.1370831629,31360.6809496311,32089.4446086497,33066.5681339805,34230.7908025823,34586.5604914919,34938.1910435914,35469.5302544149,36420.842518913,37249.741863149,38139.0661043104,38878.3677321442,38779.6761180044,37279.134023677,38180.4410631196,38716.213247511,39031.1513302583,39450.4818562337,40060.9019854535,40778.3409479148,41324.1628371883,42175.5583575713,42972.1172440176,43637.8917520796,41703.96284105,44085.8082743814,45258.6570284295,46030.0955654875,..
Post-demographic dividend,PST,Gini index,SI.POV.GINI,..,..,..,..,..,..,..,..,..,..,..,..,..,..,..,..,..,..,..,..,..,..,..,..,..,..,..,..,..,..,..,..,..,..,..
Post-demographic dividend,PST,"Unemployment, total (% of total labor force) (modeled ILO estimate)",SL.UEM.TOTL.ZS,..,6.30645497853292,6.91555480227677,7.51316458861482,7.51080212175103,7.38436200831956,7.55890512144881,7.36332529136879,7.39531431509238,7.11262690307494,6.53497084664272,6.3820396282665,6.77519106428031,6.86136615191433,6.67129290820737,6.40566833882108,5.99002925532894,5.56849945467248,5.89960378791203,8.06989185011952,8.34468296803351,8.05861560509403,8.11450014170067,7.99446801558992,7.46522734281294,6.88732464298699,6.41371126806,5.85285687668993,5.29998778603629,4.94291577083014,6.72608805636322,5.80308030334844,4.51627598749287,4.46875629524005,4.63240782564285
Post-demographic dividend,PST,Carbon dioxide (CO2) emissions excluding LULUCF per capita (t CO2e/capita),EN.GHG.CO2.PC.CE.AR5,12.3870864744564,12.2390127300082,12.0484984806738,11.9522155875147,11.9415973133791,12.0276320435447,12.2162916966279,12.3816224322718,12.3103152268445,12.3211577297131,12.5395244971333,12.4782443987633,12.3182131743919,12.4779728421879,12.4978549992757,12.4432811718454,12.2671758264643,12.3159970161953,11.9012452779898,11.0534674559175,11.4839059591378,11.2340071459303,10.9793637650463,10.9901222838756,10.7041462119368,10.5326140800313,10.3864568531199,10.2744595875476,10.3058913743216,9.95469520497889,9.03326310896478,9.48708521648847,9.28240807929833,8.89654100445027,..
Post-demographic dividend,PST,Renewable energy consumption (% of total final energy consumption),EG.FEC.RNEW.ZS,6.32306678487098,6.49995086863516,6.61769397434752,6.49841984844863,6.39164938858764,6.69285662361957,6.68059922191371,6.68268338803571,6.78505498271107,7.25839293427798,7.21068514727564,6.83385650687219,6.92354358498659,7.2293331071053,7.41694658398294,7.64043812017732,8.12490782320439,8.40648765011794,8.9306269810493,9.561261112666,9.82163252300728,10.3109102565493,10.9381725075422,11.4070462498396,11.7473761094082,11.8728189606509,12.1055574778648,12.5593179241081,12.9302261925079,13.3737357971786,14.5020753978714,..,..,..,..
Post-demographic dividend,PST,"Government expenditure on education, total (% of GDP)",SE.XPD.TOTL.GD.ZS,4.51393985748291,5.10321998596191,..,4.96054983139038,4.850830078125,4.83926010131836,4.66996502876282,..,4.46187019348145,4.75953006744385,5.16384983062744,4.95303010940552,5.17923021316528,5.28152990341187,5.17428016662598,5.17938494682312,5.04402017593384,4.92296004295349,4.90578174591064,5.2295184135437,5.38442993164063,5.19269013404846,5.22161388397217,5.2709698677063,5.15007567405701,4.93063020706177,4.89622449874878,4.91589999198914,4.91255497932434,4.95746994018555,5.0860800743103,5.03708982467651,..,..,..
Post-demographic dividend,PST,Current health expenditure per capita (current US$),SH.XPD.CHEX.PC.CD,..,..,..,..,..,..,..,..,..,..,2478.16146600839,2570.46334022845,2788.82994490813,3171.76137285558,3489.97220119536,3679.95631801563,3881.20328185028,4212.66433750305,4503.74852311027,4576.54197658524,4728.96737465642,5086.01561741408,5103.70192573176,5125.47388183732,5275.38493752227,5101.83136660871,5263.4693708443,5437.07413421954,5704.59546773943,5820.21441223257,6345.60435702669,6835.17800046888,6979.4818221298,..,..
Post-demographic dividend,PST,Individuals using the Internet (% of population),IT.NET.USER.ZS,..,..,..,..,..,..,..,..,..,..,..,..,..,..,..,..,..,..,..,..,..,..,..,..,..,..,..,..,..,..,..,..,..,..,..
Post-demographic dividend,PST,"GNI, PPP (constant 2021 international $)",NY.GNP.MKTP.PP.KD,34886845327441.1,35307178932744.1,35962846434846.9,36228025820192.8,37229547404670.9,38292576030578,39438577699265.3,40752931924845.1,41987469004648.1,43395853605202.7,45038907382604.6,45864976637591.5,46532604958725.9,47424464835299,49035778965270.8,50275466917471.7,51885117084919.1,52972006930982.1,52514757430059.1,51207970103373.2,52791141105554.1,53581529963346.4,54322923069356.8,55019958314786.2,56151868812320.7,57607301748927.3,58615272148877,60041607310411.5,61340811430136.5,62458847792638.5,59986675214089.6,63382871695471.8,64298677250144.9,65266460903869,..
Pre-demographic dividend,PRE,GDP per capita (constant 2015 US$),NY.GDP.PCAP.KD,1114.77137168026,997.424362309278,992.432903328324,957.689382796513,926.476754005028,925.575220576108,951.799782979286,985.565587442994,1025.099637118,1038.57722023246,1066.00947988131,1080.90633815954,1111.53349624037,1070.94420100069,1164.5968991705,1198.34671206699,1236.97378234768,1276.77328879099,1319.82457294368,1343.95661975336,1390.72165088807,1408.30722166002,1425.2929092511,1465.87004449904,1500.34292490961,1501.73812551821,1495.51423008501,1478.21867883732,1475.15172736048,1483.28292899418,1407.22788932783,1414.88971145304,1436.79649217732,1430.67847113341,..
Pre-demographic dividend,PRE,Gini index,SI.POV.GINI,..,..,..,..,..,..,..,..,..,..,..,..,..,..,..,..,..,..,..,..,..,..,..,..,..,..,..,..,..,..,..,..,..,..,..
Pre-demographic dividend,PRE,"Unemployment, total (% of total labor force) (modeled ILO estimate)",SL.UEM.TOTL.ZS,..,5.35343880366293,5.39167945098861,5.45673808203558,5.42116293311088,5.30821052218628,5.19268733645266,5.09342313033355,5.07079011787487,5.1118453310593,5.14246869302464,5.12822077808316,5.08169612714231,5.05616718801451,4.97351590533429,4.94170598396397,4.91968270930922,4.87990854311306,4.87564079411637,4.90483524144252,5.09948599044902,5.15144102764935,5.05832362422156,4.87145374854621,4.85983538761961,4.93719170079883,5.02089106580963,5.28460931909098,5.35138602677923,5.42309463719319,5.96007768628016,5.82347555930522,5.002037370392,4.7006079328224,4.5643996480652
Pre-demographic dividend,PRE,Carbon dioxide (CO2) emissions excluding LULUCF per capita (t CO2e/capita),EN.GHG.CO2.PC.CE.AR5,0.486286371048963,0.451336881589097,0.503859868008526,0.534827823520061,0.53319075521896,0.53943203246349,0.552640092242367,0.58159463814637,0.500842528720291,0.454932559340377,0.488222629475906,0.510096824293914,0.470102570910128,0.45984446159804,0.465559249671015,0.453136072350354,0.432761400683847,0.409839988431091,0.437413072256065,0.430835898550432,0.471533020298745,0.489684328860569,0.502986685294632,0.531629111048727,0.528877613168511,0.522852975099059,0.53805590591791,0.538977539691781,0.548712970022673,0.562375863364594,0.506699898960225,0.524433948407845,0.529081603302775,0.516089913399477,..
Pre-demographic dividend,PRE,Renewable energy consumption (% of total final energy consumption),EG.FEC.RNEW.ZS,78.2616496400305,79.68195643099,77.8655276337497,78.5472916968555,79.2638212251213,79.4040956653764,79.0556886784926,78.4000040366686,79.2992670678882,79.1954973834913,78.4780455553557,77.707470567827,77.8502481620742,78.6288904731612,78.0342658118214,78.2128042875132,78.2574176274302,78.1211281314982,77.3144987478254,77.8706433723653,75.9236501139275,74.9500670730174,73.5926114087052,72.6635744419191,73.156301704659,73.9525453809247,73.5602980371708,73.3281439587563,72.6791076439954,72.0406889071939,73.8634177768668,..,..,..,..
Pre-demographic dividend,PRE,"Government expenditure on education, total (% of GDP)",SE.XPD.TOTL.GD.ZS,..,..,..,..,..,..,..,..,..,2.45981001853943,2.46250998973847,2.47150993347168,2.4695200920105,..,2.80395996570588,2.6566801071167,2.56096005439758,..,2.55433988571167,3.00463509559632,2.84803009033203,3.07750010490417,2.8104145526886,3.22970008850098,3.161789894104,3.17298007011414,2.90522003173828,3.65234744548798,3.26730489730835,3.46964859962464,3.25443387031555,3.11515331268311,3.18863248825074,..,..
Pre-demographic dividend,PRE,Current health expenditure per capita (current US$),SH.XPD.CHEX.PC.CD,..,..,..,..,..,..,..,..,..,..,16.3961928584947,16.4200567404804,17.1940844229583,24.421883895388,29.3717901187248,33.7340183946354,40.1847061148748,46.8718184682122,55.1782154592784,52.3385439341395,53.866595240341,58.8476143419945,61.6411458798179,67.1405761974286,68.7022373340943,61.8463709042306,59.4109632757403,57.3606650669134,56.0676660532705,57.5729129465807,58.7104287611817,64.6270770066943,67.5807973137606,..,..
Pre-demographic dividend,PRE,Individuals using the Internet (% of population),IT.NET.USER.ZS,..,..,..,..,..,..,..,..,..,..,..,..,..,..,..,..,..,..,..,..,..,..,..,..,..,..,..,..,..,..,..,..,..,..,..
Pre-demographic dividend,PRE,"GNI, PPP (constant 2021 international $)",NY.GNP.MKTP.PP.KD,..,..,..,..,..,..,..,..,..,..,..,..,..,..,..,..,..,..,..,..,..,..,..,..,..,..,..,..,..,..,..,..,..,..,..
Small states,SST,GDP per capita (constant 2015 US$),NY.GDP.PCAP.KD,7257.53509084849,7185.92136536526,7045.51014977127,7136.5224373493,7253.30930039667,7474.36699023342,7647.18879974735,7914.74103740802,8084.39285774343,8293.36440304333,8721.53556770653,8799.58999078844,8914.38531601607,9121.48891364068,9400.75454256027,9684.77263621411,10098.2678227826,10456.8458236699,10480.1490399626,9993.3395040045,10111.7142209863,10322.9388837171,10399.9257934183,10432.4124727066,10543.8687297428,10690.6175098911,10913.9654663123,11246.2086429815,11528.1582745995,11791.1614226513,10913.6905498358,11578.075658116,12362.9361746908,12797.6733963277,..
Small states,SST,Gini index,SI.POV.GINI,..,..,..,..,..,..,..,..,..,..,..,..,..,..,..,..,..,..,..,..,..,..,..,..,..,..,..,..,..,..,..,..,..,..,..
Small states,SST,"Unemployment, total (% of total labor force) (modeled ILO estimate)",SL.UEM.TOTL.ZS,..,8.34742761685551,8.82633928791139,9.33816131831629,9.3883275355728,9.35958030322355,9.35518418790443,9.41471130615607,9.22221600152575,9.65961856131331,9.7615148817054,9.68885101547563,9.29615995561653,9.56091948925221,9.38038072954773,9.14616678684381,8.40112879317253,7.88025172638763,7.7152056974757,9.09882269359262,9.32842003022439,9.03166293468633,9.06064695314797,9.24463137398555,8.98536827150433,8.57328851446373,8.35743471426821,7.95839164590901,7.68329154788694,7.36778798685857,8.76921579076571,8.32665127077856,7.63719827053478,7.24829729410405,7.1060728150314
Small states,SST,Carbon dioxide (CO2) emissions excluding LULUCF per capita (t CO2e/capita),EN.GHG.CO2.PC.CE.AR5,5.92813705850113,5.64382427652132,5.00485070257458,4.78819332605688,5.00026674388136,4.81162323816393,4.92351622278833,4.95362632239201,4.81118554122915,4.7805158678498,4.8097811066276,4.84358397399838,4.66754797041989,4.93537824040541,4.96507282855011,5.12008251727268,5.36654173971663,5.53966849381132,5.52082939558364,5.21209511075285,5.52899482580126,5.46956725567637,5.54088360133433,5.62566349742721,5.63789089628121,5.38231603498229,5.39312767108034,5.43750706702468,5.47467259107701,5.26863458488768,5.10216208209317,5.18401665889563,5.13136509584638,5.10710280234624,..
Small states,SST,Renewable energy consumption (% of total final energy consumption),EG.FEC.RNEW.ZS,24.190143614293,22.9090599173554,25.8881890964544,26.2850463678516,27.0318665919282,28.4125306805504,28.2431243301179,27.6737161223072,27.1908033863165,28.019837800922,28.2253843653502,27.7583106180666,28.3875759949859,27.8268220015279,27.5070995862884,27.5661161147291,26.8309854108011,27.4237362637363,28.905790661756,30.5356755424063,30.1645228116393,30.5033329354184,30.1171937221832,29.7402809118121,29.0972316950853,29.666504727747,29.2618658861096,28.9203745003156,29.2097440622441,28.583670471464,30.8015756102716,..,..,..,..
Small states,SST,"Government expenditure on education, total (% of GDP)",SE.XPD.TOTL.GD.ZS,3.12822008132935,3.46325993537903,5.28141021728516,5.69822978973389,5.49428987503052,5.89866018295288,6.0549201965332,..,..,5.09095001220703,5.33945989608765,4.83824014663696,4.44086980819702,5.27309989929199,5.13917994499207,5.54847002029419,6.0935161113739,3.90265488624572,6.05107998847961,6.47135019302368,5.81807994842529,5.76745510101319,5.15550112724304,4.96424531936646,4.81514978408813,5.14418983459473,5.15763998031616,4.96131992340088,4.87440967559814,4.87727522850036,4.85627222061157,4.95368504524231,..,..,..
Small states,SST,Current health expenditure per capita (current US$),SH.XPD.CHEX.PC.CD,..,..,..,..,..,..,..,..,..,..,287.492589017066,283.528870610295,318.789242821544,367.263466695854,419.24629225135,463.252196375378,493.113535138141,569.128886501429,628.823255056068,600.827561966066,608.007587270886,641.577051744845,637.508991556214,672.552090633485,700.32091748381,661.433231060133,687.733026320089,743.122390891234,796.532336340533,811.511681870164,851.595514419354,982.028862314211,965.269872063644,..,..
Small states,SST,Individuals using the Internet (% of population),IT.NET.USER.ZS,..,..,..,..,..,..,..,..,..,..,..,..,..,..,..,..,..,..,..,..,..,..,..,..,..,..,..,..,..,..,..,..,..,..,..
Small states,SST,"GNI, PPP (constant 2021 international $)",NY.GNP.MKTP.PP.KD,..,..,..,..,..,..,..,..,..,..,243714698753.466,251988282481.072,263533340136.277,275019780776.043,286470240038.062,303168759750.489,324377232480.588,344278386750.157,358284241483.01,341243332487.358,353778932938.16,366222163372.21,379932876923.579,383304113401.99,387886623216.903,400443247287.13,408034316255.252,428801612284.085,441697858852.026,459822203740.3,425623291532.624,452815450173.462,470965091354.962,487377880065.265,..
South Asia,SAS,GDP per capita (constant 2015 US$),NY.GDP.PCAP.KD,582.355906519007,581.458479130577,601.544090475226,613.294292263729,635.496083160723,664.561990654957,694.355088218164,705.230170545763,728.573997021063,767.680293168748,783.69919762122,802.234398643338,816.501067909937,859.277580607701,907.974172228135,960.704818388569,1017.0953197937,1072.61331552929,1091.13318851456,1149.12438588802,1215.12252536694,1257.96036752584,1306.93553813478,1367.53135282614,1442.54118457389,1528.46685971348,1627.79454176901,1713.25184599246,1800.77676486336,1850.24148817214,1745.81850493103,1879.85017183937,1979.885514151,2093.23865040025,..
South Asia,SAS,Gini index,SI.POV.GINI,..,..,..,..,..,..,..,..,..,..,..,..,..,..,..,..,..,..,..,..,..,..,..,..,..,..,..,..,..,..,..,..,..,..,..
South Asia,SAS,"Unemployment, total (% of total labor force) (modeled ILO estimate)",SL.UEM.TOTL.ZS,..,6.76352765549582,6.76072686481988,6.78041265414738,6.68826734441607,6.65927763542274,6.60162188175068,6.64045490574753,6.66430243772559,6.65741083216338,6.65606873614265,6.70509595085375,6.82715894189511,6.78950543281039,6.739540820556,6.66134422417235,6.57247985241418,6.57661959884882,6.66796800742266,6.71878943054341,6.5289507030534,6.53654100419744,6.89078218474303,6.89167253519036,6.74959644996122,6.90755040475197,6.76215422479501,6.87856489772945,6.9988724648697,6.20782246480721,7.50644145337956,6.38900638352055,5.04134225042857,4.53316078699426,4.5634021252246
South Asia,SAS,Carbon dioxide (CO2) emissions excluding LULUCF per capita (t CO2e/capita),EN.GHG.CO2.PC.CE.AR5,0.60411778781398,0.631737185647631,0.644379217190173,0.66249186765883,0.687141777376456,0.721887031083245,0.740882683547352,0.762648564517605,0.765569354462969,0.803633972360696,0.815351882836662,0.81638349242376,0.82777851297984,0.838946913086492,0.890615700426563,0.912221641918683,0.957742491302675,1.02818073024016,1.06842498371541,1.14309478410542,1.18871552382826,1.24052717919018,1.32774122824289,1.34616557726715,1.42907239900135,1.43253929087131,1.4580692499223,1.52670832221094,1.58115002091833,1.54647275220305,1.4214195850861,1.54297341694852,1.62178022024048,1.70762965748019,..
South Asia,SAS,Renewable energy consumption (% of total final energy consumption),EG.FEC.RNEW.ZS,55.7433187700168,55.0536019101991,54.307375877216,54.017901354048,53.062473755378,51.9941521144289,51.3791472676178,50.3042011966257,50.2951079442264,49.4243416761983,49.4198688467194,49.5132299768399,48.3766095693267,48.0316126359467,47.160168229575,46.4334668050788,45.452472213655,43.7177328220463,42.0905759258785,40.3251243747301,39.199896037042,37.9073539424171,37.5824991422199,37.8881471077819,36.8125656985607,36.0592614470028,35.3404295412497,34.6387159666426,34.7472044868575,35.4996540162481,37.8106319649424,..,..,..,..
South Asia,SAS,"Government expenditure on education, total (% of GDP)",SE.XPD.TOTL.GD.ZS,2.41092991828918,2.56676006317139,..,..,..,..,..,3.02230000495911,3.05141997337341,2.75240004062652,2.55011510848999,..,..,3.11435008049011,2.55604004859924,3.18875002861023,3.14284992218018,2.87593495845795,3.03890502452851,2.7287050485611,3.377690076828,2.79735493659973,2.32543528079986,2.71983814239502,2.84516704082489,2.82094502449036,3.35320115089417,3.06104683876038,2.33216953277588,2.85029923915863,2.05718231201172,1.83117997646332,1.97444903850555,1.84819453954696,..
South Asia,SAS,Current health expenditure per capita (current US$),SH.XPD.CHEX.PC.CD,..,..,..,..,..,..,..,..,..,..,17.3474008445115,18.0724715640604,18.6477131661721,19.979793632873,22.6634456288137,25.2556887447021,27.4512326835418,32.7383655260669,34.614152626702,35.1270914717608,40.7395029063978,43.9105460563513,44.1838684340491,50.3753996868144,51.9550591761053,54.0380642893885,56.1737511883399,54.9445309171262,55.7496009653218,58.0158640159486,60.8853281572038,71.1688674912502,73.9982775243094,..,..
South Asia,SAS,Individuals using the Internet (% of population),IT.NET.USER.ZS,..,..,..,..,..,..,..,..,..,..,..,..,..,..,..,..,..,..,..,..,..,..,..,..,..,..,..,..,..,..,..,..,..,..,..
South Asia,SAS,"GNI, PPP (constant 2021 international $)",NY.GNP.MKTP.PP.KD,2564492473931.12,2609056990578.92,2761755587032.31,2883533709822.8,3060870652131.61,3278002372709.9,3509835818931.54,3642101519086.5,3843492176142.24,4155169093568.52,4316743167402.71,4513517646150.34,4679399407720.69,5030243514340.41,5424343443430.99,5843113879679.96,6291800027295.92,6761912016167.96,6958485010751.23,7455136929735.07,7993303894319.93,8404831727289.18,8816645079400.28,9349314528212.29,10012842827195.4,10767246023562.8,11742744611477,12511250353103.7,13319229057551.9,13864374034260.2,13180755136822.1,14374373241229.3,15249945708128.7,16305618100046.3,..
South Asia (IDA & IBRD),TSA,GDP per capita (constant 2015 US$),NY.GDP.PCAP.KD,582.355906519007,581.458479130577,601.544090475226,613.294292263729,635.496083160723,664.561990654957,694.355088218164,705.230170545763,728.573997021063,767.680293168748,783.69919762122,802.234398643338,816.501067909937,859.277580607701,907.974172228135,960.704818388569,1017.0953197937,1072.61331552929,1091.13318851456,1149.12438588802,1215.12252536694,1257.96036752584,1306.93553813478,1367.53135282614,1442.54118457389,1528.46685971348,1627.79454176901,1713.25184599246,1800.77676486336,1850.24148817214,1745.81850493103,1879.85017183937,1979.885514151,2093.23865040025,..
South Asia (IDA & IBRD),TSA,Gini index,SI.POV.GINI,..,..,..,..,..,..,..,..,..,..,..,..,..,..,..,..,..,..,..,..,..,..,..,..,..,..,..,..,..,..,..,..,..,..,..
South Asia (IDA & IBRD),TSA,"Unemployment, total (% of total labor force) (modeled ILO estimate)",SL.UEM.TOTL.ZS,..,6.76352765549582,6.76072686481987,6.78041265414739,6.68826734441607,6.65927763542274,6.60162188175068,6.64045490574753,6.66430243772559,6.65741083216338,6.65606873614265,6.70509595085375,6.82715894189511,6.78950543281039,6.739540820556,6.66134422417235,6.57247985241418,6.57661959884882,6.66796800742266,6.71878943054341,6.5289507030534,6.53654100419744,6.89078218474303,6.89167253519036,6.74959644996122,6.90755040475197,6.76215422479501,6.87856489772945,6.9988724648697,6.20782246480721,7.50644145337956,6.38900638352055,5.04134225042857,4.53316078699426,4.5634021252246
South Asia (IDA & IBRD),TSA,Carbon dioxide (CO2) emissions excluding LULUCF per capita (t CO2e/capita),EN.GHG.CO2.PC.CE.AR5,0.60411778781398,0.631737185647631,0.644379217190173,0.66249186765883,0.687141777376456,0.721887031083245,0.740882683547352,0.762648564517605,0.765569354462969,0.803633972360696,0.815351882836662,0.81638349242376,0.82777851297984,0.838946913086492,0.890615700426563,0.912221641918683,0.957742491302675,1.02818073024016,1.06842498371541,1.14309478410542,1.18871552382826,1.24052717919018,1.32774122824289,1.34616557726715,1.42907239900135,1.43253929087131,1.4580692499223,1.52670832221094,1.58115002091833,1.54647275220305,1.4214195850861,1.54297341694852,1.62178022024048,1.70762965748019,..
South Asia (IDA & IBRD),TSA,Renewable energy consumption (% of total final energy consumption),EG.FEC.RNEW.ZS,55.7433187700168,55.0536019101991,54.307375877216,54.017901354048,53.062473755378,51.9941521144289,51.3791472676178,50.3042011966257,50.2951079442264,49.4243416761983,49.4198688467194,49.5132299768399,48.3766095693267,48.0316126359467,47.160168229575,46.4334668050788,45.452472213655,43.7177328220463,42.0905759258785,40.3251243747301,39.199896037042,37.9073539424171,37.5824991422199,37.8881471077819,36.8125656985607,36.0592614470028,35.3404295412497,34.6387159666426,34.7472044868575,35.4996540162481,37.8106319649424,..,..,..,..
South Asia (IDA & IBRD),TSA,"Government expenditure on education, total (% of GDP)",SE.XPD.TOTL.GD.ZS,2.41092991828918,2.56676006317139,..,..,..,..,..,3.02230000495911,3.05141997337341,2.75240004062652,2.55011510848999,..,..,3.11435008049011,2.55604004859924,3.18875002861023,3.14284992218018,2.87593495845795,3.03890502452851,2.7287050485611,3.377690076828,2.79735493659973,2.32543528079986,2.71983814239502,2.84516704082489,2.82094502449036,3.35320115089417,3.06104683876038,2.33216953277588,2.85029923915863,2.05718231201172,1.83117997646332,1.97444903850555,1.84819453954696,..
South Asia (IDA & IBRD),TSA,Current health expenditure per capita (current US$),SH.XPD.CHEX.PC.CD,..,..,..,..,..,..,..,..,..,..,17.3474008445115,18.0724715640604,18.6477131661721,19.979793632873,22.6634456288137,25.2556887447021,27.4512326835418,32.7383655260669,34.614152626702,35.1270914717608,40.7395029063978,43.9105460563513,44.1838684340491,50.3753996868144,51.9550591761053,54.0380642893885,56.1737511883399,54.9445309171262,55.7496009653218,58.0158640159486,60.8853281572038,71.1688674912502,73.9982775243094,..,..
South Asia (IDA & IBRD),TSA,Individuals using the Internet (% of population),IT.NET.USER.ZS,..,..,..,..,..,..,..,..,..,..,..,..,..,..,..,..,..,..,..,..,..,..,..,..,..,..,..,..,..,..,..,..,..,..,..
South Asia (IDA & IBRD),TSA,"GNI, PPP (constant 2021 international $)",NY.GNP.MKTP.PP.KD,2564492473931.12,2609056990578.92,2761755587032.31,2883533709822.8,3060870652131.61,3278002372709.9,3509835818931.54,3642101519086.5,3843492176142.24,4155169093568.52,4316743167402.71,4513517646150.34,4679399407720.69,5030243514340.41,5424343443430.99,5843113879679.96,6291800027295.92,6761912016167.96,6958485010751.23,7455136929735.07,7993303894319.93,8404831727289.18,8816645079400.28,9349314528212.29,10012842827195.4,10767246023562.8,11742744611477,12511250353103.7,13319229057551.9,13864374034260.2,13180755136822.1,14374373241229.3,15249945708128.7,16305618100046.3,..
Sub-Saharan Africa,SSF,GDP per capita (constant 2015 US$),NY.GDP.PCAP.KD,1266.42346059251,1236.92616550154,1198.78585081398,1155.93918675425,1136.79228081257,1143.61607992958,1170.47387628646,1186.54000070211,1184.26434110701,1178.41228805104,1187.42621852881,1204.44424792601,1246.97673494172,1262.99633770536,1310.28395192189,1351.66736813388,1394.83251778616,1440.72909584634,1474.15437991129,1479.59530198451,1525.68233487426,1549.96663373296,1557.58561804325,1593.7723167547,1626.71744583689,1628.91285742916,1606.15677780321,1603.55090891219,1604.48661279378,1604.91206663812,1532.69557630294,1559.00419921084,1576.4084659512,1581.05682915199,..
Sub-Saharan Africa,SSF,Gini index,SI.POV.GINI,..,..,..,..,..,..,..,..,..,..,..,..,..,..,..,..,..,..,..,..,..,..,..,..,..,..,..,..,..,..,..,..,..,..,..
Sub-Saharan Africa,SSF,"Unemployment, total (% of total labor force) (modeled ILO estimate)",SL.UEM.TOTL.ZS,..,6.5135503031811,6.6052009537345,6.65001756927665,6.58505362840124,6.45201167794553,6.37525754922705,6.33675160303829,6.35590091797222,6.45489286434596,6.43551093234137,6.34143297444931,6.23732127397936,6.16858501848866,6.02286521636931,5.92348756573701,5.83613435279527,5.79344921286177,5.78696446868704,5.8462403600109,5.98391462400052,5.99794499838192,5.86268616241881,5.63909163230501,5.68478814422323,5.85502520009926,5.94167376890049,6.07750640915143,6.10632797505626,6.2679212107601,6.803309525677,6.9876633959167,6.19801853183662,5.88775361694401,5.82352536708496
Sub-Saharan Africa,SSF,Carbon dioxide (CO2) emissions excluding LULUCF per capita (t CO2e/capita),EN.GHG.CO2.PC.CE.AR5,0.931663675306043,0.901852739457538,0.882382053393286,0.855349375039129,0.841099277158784,0.86977623489001,0.902456796376537,0.904736039915817,0.885089633898622,0.844981391934752,0.846947658339851,0.854790754342536,0.837886863212289,0.864005693833685,0.888239078692841,0.88511482246342,0.86406931174604,0.863222565426186,0.887424553320477,0.823837675232198,0.839652521001475,0.822580271453231,0.824777344661487,0.846352298645822,0.855969773589539,0.819171701622009,0.811885160471964,0.799649294349674,0.796751974930496,0.792791351596808,0.702733803651108,0.720071266990476,0.689420940290208,0.661241389217938,..
Sub-Saharan Africa,SSF,Renewable energy consumption (% of total final energy consumption),EG.FEC.RNEW.ZS,70.7775753118701,71.4531513315636,72.1010320902908,73.0374917017845,73.7460753178804,73.3758698072303,72.4891140098255,71.6210268204139,72.3057598633953,72.8350101777598,72.7510609439676,72.631706782254,72.0881511169514,71.4244962306197,70.8974447436885,70.6535409402518,70.7563243988536,70.2555440778684,70.2138689450837,70.2822619239662,70.7878802226208,70.2635563331266,69.319905333243,68.2009508212118,67.9518597989748,68.5052591892292,68.5321876239698,68.2152028750416,68.2460504941512,68.6684138065584,70.5731786913503,..,..,..,..
Sub-Saharan Africa,SSF,"Government expenditure on education, total (% of GDP)",SE.XPD.TOTL.GD.ZS,..,..,..,..,..,..,..,..,..,2.96396994590759,2.64609491825104,2.90390992164612,2.8962299823761,..,3.07778000831604,3.3096399307251,2.92044496536255,..,3.06307005882263,3.13160502910614,3.16229999065399,3.24000000953674,3.41820001602173,3.56775999069214,3.5359799861908,3.64711999893188,3.1694552898407,3.73654007911682,3.38626492023468,3.55504989624023,3.8029705286026,3.41949439048767,3.51197004318237,..,..
Sub-Saharan Africa,SSF,Current health expenditure per capita (current US$),SH.XPD.CHEX.PC.CD,..,..,..,..,..,..,..,..,..,..,32.3969550125709,29.7853889247799,28.5640283420119,42.2681555154509,50.8406617699332,57.1732358975286,63.7707149041879,70.7663857972235,75.413824074508,75.4871712806502,85.5448683897542,92.6752598448592,91.8694378127342,92.6680877398405,90.3429978303359,82.5007713177299,75.8217575134705,77.0463185427596,76.2443732764131,75.8174834634606,74.591986088977,84.2222592284782,85.2331865877916,..,..
Sub-Saharan Africa,SSF,Individuals using the Internet (% of population),IT.NET.USER.ZS,..,..,..,..,..,..,..,..,..,..,..,..,..,..,..,..,..,..,..,..,..,..,..,..,..,..,..,..,..,..,..,..,..,..,..
Sub-Saharan Africa,SSF,"GNI, PPP (constant 2021 international $)",NY.GNP.MKTP.PP.KD,..,..,..,..,..,..,..,..,..,..,..,..,..,..,..,..,..,..,..,..,..,..,..,..,..,..,..,..,..,..,..,..,..,..,..
Sub-Saharan Africa (excluding high income),SSA,GDP per capita (constant 2015 US$),NY.GDP.PCAP.KD,1265.42062401821,1235.91648190091,1197.71554455871,1154.80713648493,1135.72227263787,1142.57168885245,1169.34599361113,1185.29237435208,1183.01851208935,1177.17603672733,1186.16747618209,1203.25285430967,1245.81128709016,1261.93896001493,1309.29447647548,1350.6098665175,1393.70045941121,1439.52215264952,1473.02459605269,1478.52829914102,1524.59978121665,1548.79746929218,1556.41020830184,1592.61856959518,1625.54840161044,1627.66404278518,1604.7756925777,1602.1039234084,1603.00247289927,1603.38012440121,1531.38863702908,1557.7254214627,1574.98326202489,1579.61795425795,..
Sub-Saharan Africa (excluding high income),SSA,Gini index,SI.POV.GINI,..,..,..,..,..,..,..,..,..,..,..,..,..,..,..,..,..,..,..,..,..,..,..,..,..,..,..,..,..,..,..,..,..,..,..
Sub-Saharan Africa (excluding high income),SSA,"Unemployment, total (% of total labor force) (modeled ILO estimate)",SL.UEM.TOTL.ZS,..,6.51355030318109,6.60520095373451,6.65001756927665,6.58505362840124,6.45201167794553,6.37525754922705,6.33675160303829,6.35590091797222,6.45489286434597,6.43551093234137,6.34143297444931,6.23732127397936,6.16858501848866,6.02286521636931,5.92348756573701,5.83613435279527,5.79344921286178,5.78696446868704,5.8462403600109,5.98391462400052,5.99794499838192,5.86268616241881,5.63909163230501,5.68478814422323,5.85502520009926,5.94167376890049,6.07750640915143,6.10632797505626,6.2679212107601,6.803309525677,6.9876633959167,6.19801853183662,5.88775361694401,5.82352536708496
Sub-Saharan Africa (excluding high income),SSA,Carbon dioxide (CO2) emissions excluding LULUCF per capita (t CO2e/capita),EN.GHG.CO2.PC.CE.AR5,0.93127521468359,0.901261697827868,0.881913571803167,0.854890001432095,0.840655112596274,0.869314365333042,0.901991918482467,0.904250138147776,0.884605159665159,0.844489678377092,0.8459222149582,0.853689354470383,0.836926235051257,0.863065931298179,0.88692456648797,0.883959420559468,0.862825250371012,0.862250652430783,0.886412400752328,0.822733653779558,0.838697056674106,0.821792094883752,0.823893020820611,0.845584913905232,0.855107752884869,0.818282422316607,0.81091324976477,0.798666787036808,0.795908527154027,0.791912357547413,0.701822138534234,0.719167996944552,0.688501571224067,0.660313645989774,..
Sub-Saharan Africa (excluding high income),SSA,Renewable energy consumption (% of total final energy consumption),EG.FEC.RNEW.ZS,70.7869993026195,71.4640667387511,72.1118928680489,73.0491354889738,73.7590337106,73.3875616545392,72.503651818661,71.6362963606596,72.3222151307037,72.852460727011,72.7658990738892,72.649909206835,72.1062292469338,71.4411671251067,70.9161251869715,70.6695093728988,70.7714452298606,70.2698038686588,70.2291532619333,70.2986046214561,70.8068318085576,70.2789320726297,69.3351016799837,68.2146634923058,67.966768924257,68.5209415249651,68.5502478664483,68.2327658226119,68.2647633264779,68.6858476793249,70.5914308989386,..,..,..,..
Sub-Saharan Africa (excluding high income),SSA,"Government expenditure on education, total (% of GDP)",SE.XPD.TOTL.GD.ZS,..,..,..,..,..,..,..,..,..,2.96396994590759,2.64609491825104,2.90390992164612,2.8962299823761,..,3.07778000831604,3.3096399307251,2.92044496536255,..,3.06307005882263,3.13160502910614,3.16229999065399,3.24000000953674,3.41820001602173,3.56775999069214,3.5359799861908,3.64711999893188,3.1694552898407,3.73654007911682,3.38626492023468,3.55504989624023,3.8029705286026,3.41949439048767,3.51197004318237,..,..
Sub-Saharan Africa (excluding high income),SSA,Current health expenditure per capita (current US$),SH.XPD.CHEX.PC.CD,..,..,..,..,..,..,..,..,..,..,32.3587827664284,29.7418386721822,28.5211307435556,42.220949310832,50.7884710006482,57.1200960935918,63.713828905861,70.7192775231547,75.3706746700822,75.4531514766818,85.4974382868419,92.629655770348,91.8143836033024,92.6161879434232,90.2928953192568,82.4553419325974,75.7674743219791,76.9939965091178,76.1892353144558,75.7646719751484,74.5398786563299,84.17714746415,85.1737378602181,..,..
Sub-Saharan Africa (excluding high income),SSA,Individuals using the Internet (% of population),IT.NET.USER.ZS,..,..,..,..,..,..,..,..,..,..,..,..,..,..,..,..,..,..,..,..,..,..,..,..,..,..,..,..,..,..,..,..,..,..,..
Sub-Saharan Africa (excluding high income),SSA,"GNI, PPP (constant 2021 international $)",NY.GNP.MKTP.PP.KD,..,..,..,..,..,..,..,..,..,..,..,..,..,..,..,..,..,..,..,..,..,..,..,..,..,..,..,..,..,..,..,..,..,..,..
Sub-Saharan Africa (IDA & IBRD countries),TSS,GDP per capita (constant 2015 US$),NY.GDP.PCAP.KD,1266.42346059251,1236.92616550154,1198.78585081398,1155.93918675425,1136.79228081257,1143.61607992958,1170.47387628646,1186.54000070211,1184.26434110701,1178.41228805104,1187.42621852881,1204.44424792601,1246.97673494172,1262.99633770535,1310.28395192189,1351.66736813388,1394.83251778616,1440.72909584634,1474.15437991129,1479.59530198451,1525.68233487426,1549.96663373296,1557.58561804325,1593.7723167547,1626.71744583689,1628.91285742916,1606.15677780321,1603.55090891219,1604.48661279377,1604.91206663812,1532.69557630294,1559.00419921084,1576.4084659512,1581.05682915199,..
Sub-Saharan Africa (IDA & IBRD countries),TSS,Gini index,SI.POV.GINI,..,..,..,..,..,..,..,..,..,..,..,..,..,..,..,..,..,..,..,..,..,..,..,..,..,..,..,..,..,..,..,..,..,..,..
Sub-Saharan Africa (IDA & IBRD countries),TSS,"Unemployment, total (% of total labor force) (modeled ILO estimate)",SL.UEM.TOTL.ZS,..,6.5135503031811,6.6052009537345,6.65001756927665,6.58505362840124,6.45201167794553,6.37525754922705,6.33675160303829,6.35590091797222,6.45489286434596,6.43551093234137,6.34143297444931,6.23732127397936,6.16858501848866,6.02286521636931,5.92348756573701,5.83613435279527,5.79344921286177,5.78696446868704,5.8462403600109,5.98391462400052,5.99794499838192,5.86268616241881,5.63909163230502,5.68478814422323,5.85502520009926,5.94167376890049,6.07750640915143,6.10632797505626,6.2679212107601,6.803309525677,6.98766339591669,6.19801853183662,5.88775361694401,5.82352536708496
Sub-Saharan Africa (IDA & IBRD countries),TSS,Carbon dioxide (CO2) emissions excluding LULUCF per capita (t CO2e/capita),EN.GHG.CO2.PC.CE.AR5,0.931663675306043,0.901852739457538,0.882382053393286,0.855349375039129,0.841099277158784,0.86977623489001,0.902456796376537,0.904736039915817,0.885089633898622,0.844981391934752,0.846947658339851,0.854790754342536,0.837886863212289,0.864005693833685,0.888239078692841,0.88511482246342,0.86406931174604,0.863222565426186,0.887424553320477,0.823837675232198,0.839652521001475,0.822580271453231,0.824777344661487,0.846352298645822,0.855969773589539,0.819171701622009,0.811885160471964,0.799649294349674,0.796751974930496,0.792791351596808,0.702733803651108,0.720071266990476,0.689420940290208,0.661241389217938,..
Sub-Saharan Africa (IDA & IBRD countries),TSS,Renewable energy consumption (% of total final energy consumption),EG.FEC.RNEW.ZS,70.7775753118701,71.4531513315636,72.1010320902908,73.0374917017845,73.7460753178804,73.3758698072303,72.4891140098255,71.6210268204139,72.3057598633953,72.8350101777598,72.7510609439676,72.631706782254,72.0881511169514,71.4244962306197,70.8974447436885,70.6535409402518,70.7563243988536,70.2555440778684,70.2138689450837,70.2822619239662,70.7878802226208,70.2635563331266,69.319905333243,68.2009508212118,67.9518597989748,68.5052591892292,68.5321876239698,68.2152028750416,68.2460504941512,68.6684138065584,70.5731786913503,..,..,..,..
Sub-Saharan Africa (IDA & IBRD countries),TSS,"Government expenditure on education, total (% of GDP)",SE.XPD.TOTL.GD.ZS,..,..,..,..,..,..,..,..,..,2.96396994590759,2.64609491825104,2.90390992164612,2.8962299823761,..,3.07778000831604,3.3096399307251,2.92044496536255,..,3.06307005882263,3.13160502910614,3.16229999065399,3.24000000953674,3.41820001602173,3.56775999069214,3.5359799861908,3.64711999893188,3.1694552898407,3.73654007911682,3.38626492023468,3.55504989624023,3.8029705286026,3.41949439048767,3.51197004318237,..,..
Sub-Saharan Africa (IDA & IBRD countries),TSS,Current health expenditure per capita (current US$),SH.XPD.CHEX.PC.CD,..,..,..,..,..,..,..,..,..,..,32.396955012571,29.7853889247799,28.5640283420119,42.2681555154509,50.8406617699332,57.1732358975286,63.7707149041879,70.7663857972235,75.4138240745079,75.4871712806501,85.5448683897542,92.6752598448592,91.8694378127342,92.6680877398405,90.3429978303359,82.5007713177299,75.8217575134705,77.0463185427596,76.2443732764131,75.8174834634606,74.591986088977,84.2222592284782,85.2331865877916,..,..
Sub-Saharan Africa (IDA & IBRD countries),TSS,Individuals using the Internet (% of population),IT.NET.USER.ZS,..,..,..,..,..,..,..,..,..,..,..,..,..,..,..,..,..,..,..,..,..,..,..,..,..,..,..,..,..,..,..,..,..,..,..
Sub-Saharan Africa (IDA & IBRD countries),TSS,"GNI, PPP (constant 2021 international $)",NY.GNP.MKTP.PP.KD,..,..,..,..,..,..,..,..,..,..,..,..,..,..,..,..,..,..,..,..,..,..,..,..,..,..,..,..,..,..,..,..,..,..,..
Upper middle income,UMC,GDP per capita (constant 2015 US$),NY.GDP.PCAP.KD,2400.9102546406,2437.6730342259,2512.21350240241,2625.30697717837,2735.52946849983,2821.67491317247,2960.96670654637,3104.59429747047,3160.96041849993,3227.62476508189,3385.41848495362,3467.73286872277,3601.25165395214,3779.59043001844,4040.88961686785,4306.56083878227,4638.26086011408,5036.71294379497,5309.44482273674,5448.9363158691,5866.38250361723,6221.6958887103,6520.45287038627,6824.43988947578,7099.86764347974,7359.58786997586,7635.18739610202,7979.62479616187,8308.52049403489,8588.75425941534,8499.78691038916,9109.74712237171,9387.30591617272,9780.01458190227,..
Upper middle income,UMC,Gini index,SI.POV.GINI,..,..,..,..,..,..,..,..,..,..,..,..,..,..,..,..,..,..,..,..,..,..,..,..,..,..,..,..,..,..,..,..,..,..,..
Upper middle income,UMC,"Unemployment, total (% of total labor force) (modeled ILO estimate)",SL.UEM.TOTL.ZS,..,3.77201548147362,3.8533191193665,4.09255768934129,4.52496074196074,4.94873413506634,5.13013248012269,5.17061024406353,5.47366014595496,5.7439025439083,5.69537021784595,5.95900891685977,6.29338628063326,6.40811303598566,6.25252159465089,6.24660024027657,5.99997706235597,5.91251407473356,5.88557105009879,6.21313687107217,5.9042652915291,5.72410325956716,5.62432515813601,5.57534214161362,5.58979600656746,5.80943885452003,6.04307137925769,6.0511193355803,5.97611834945761,6.11106892294072,6.81216964139814,6.43315019951925,6.05837753228876,5.67666999727191,5.63242128301172
Upper middle income,UMC,Carbon dioxide (CO2) emissions excluding LULUCF per capita (t CO2e/capita),EN.GHG.CO2.PC.CE.AR5,2.76141368687828,2.78025058415059,2.76479457109033,2.79952438778329,2.82782154796628,2.96725110774126,2.93395491484351,2.99026745479408,2.99173264830449,2.93263682472297,3.04830823901738,3.11104184146591,3.24421576243004,3.55667106592231,3.88886863177902,4.20734674901357,4.51552145794778,4.79520465730852,4.89975935905654,5.01880627699368,5.38307344631662,5.72892098849674,5.86014557962219,6.02424293779243,6.02344083822,5.89239806345513,5.8625672800142,5.94162397839055,6.11901279251561,6.20909439870119,6.14089746082682,6.42782975184501,6.37777011542905,6.648815089035,..
Upper middle income,UMC,Renewable energy consumption (% of total final energy consumption),EG.FEC.RNEW.ZS,25.8876719928911,25.5337828700225,25.7716869045035,25.8790452578305,25.9589614328704,25.0920869614152,25.3770677745383,24.9910897667894,25.0875233090582,25.330256774238,24.7876723524968,23.9622472560731,23.4048982474939,21.9476598100136,19.9935885310803,18.4983711043967,17.7864987419104,16.8070249412697,16.4785585637255,16.1645830139159,15.3720934314228,14.4377027918409,14.3086395480759,14.2173041117114,14.4132739719097,14.56846756812,14.9498038796061,15.1736398448485,15.3779588818135,15.9178475783611,16.5501579248738,..,..,..,..
Upper middle income,UMC,"Government expenditure on education, total (% of GDP)",SE.XPD.TOTL.GD.ZS,..,..,..,..,..,..,..,..,..,4.05235505104065,3.98593008518219,4.0313401222229,3.80764496326447,3.99122989177704,4.03088998794556,3.98130512237548,4.12821006774902,4.20983982086182,4.03497004508972,4.51763010025024,3.84397292137146,4.22993993759155,4.3425543308258,4.34481000900269,4.61386489868164,4.3463282585144,4.34598445892334,4.14810824394226,4.01092565059662,4.04276895523071,4.34224486351013,3.95776760578156,3.74442005157471,3.73861002922058,..
Upper middle income,UMC,Current health expenditure per capita (current US$),SH.XPD.CHEX.PC.CD,..,..,..,..,..,..,..,..,..,..,98.3167147012265,97.1124350798643,94.4236426920067,105.652865722347,122.477765503352,144.933295931648,167.214715218786,200.847377312094,241.318408469285,256.1376992825,299.775995749209,353.269996288977,378.164072640166,404.843691293978,419.862735685099,410.189118321342,408.424127131145,450.302334079442,471.263070287606,485.422944888622,491.700926753761,562.183633906446,573.609164249619,..,..
Upper middle income,UMC,Individuals using the Internet (% of population),IT.NET.USER.ZS,..,..,..,..,..,..,..,..,..,..,..,..,..,..,..,10.2,12.5,16.6,21.2,25.8,30.6,34.5,38.3,41.4,44.2,47.9,51.4,54.7,59.5,64.5,70.3,74.1,76.5,78.5,80.7
Upper middle income,UMC,"GNI, PPP (constant 2021 international $)",NY.GNP.MKTP.PP.KD,..,..,..,..,..,13565868840871.4,14259803755523.6,15054528957929.3,15551449439452.5,16110753031076,16968328212066.9,17668400755535.1,18610469503452.4,19805162232305.4,21284964841596.8,22830876842352.6,24952413179717.1,27491071171348.6,29237536593401,30016440053859.1,32484416410416.1,34559363560229.7,36359758679776.8,38142378793876.9,40029797964385.1,41456039313911.4,43284465518856.8,45533622345902.4,47470687729751.8,49409095616189.2,48950663735997.7,52448952082932.9,54025099291495.7,56439795938735,..
World,WLD,GDP per capita (constant 2015 US$),NY.GDP.PCAP.KD,6803.4692348225,6771.7888604137,6796.94384913409,6813.00428035926,6933.4722158606,7041.51087766754,7185.89246984118,7361.43597647898,7462.64757676217,7623.19337595981,7860.78684884501,7913.75899811837,7991.6121387853,8133.26787994696,8388.57164000348,8615.66970392056,8886.35781026098,9158.834795914,9229.51987381124,8992.39991499058,9285.12470951529,9479.09259545649,9612.70030162851,9767.04072293628,9951.54042382443,10142.1434788123,10306.9442164806,10542.823670637,10772.3083641934,10946.228001277,10523.9210942655,11100.2937029544,11361.0504299664,11578.7800104043,..
World,WLD,Gini index,SI.POV.GINI,..,..,..,..,..,..,..,..,..,..,..,..,..,..,..,..,..,..,..,..,..,..,..,..,..,..,..,..,..,..,..,..,..,..,..
World,WLD,"Unemployment, total (% of total labor force) (modeled ILO estimate)",SL.UEM.TOTL.ZS,..,5.13377969924987,5.29010950422846,5.55969439262019,5.80049888718587,5.93004401353698,5.99253885959213,6.02239065084773,6.17097447113532,6.28861473444324,6.12304074094227,6.20224642581375,6.42824413217503,6.49549540304053,6.3375954079904,6.22712811677286,5.97625026239581,5.77753757637344,5.83230971050102,6.41961494141816,6.28633469019007,6.15688583531364,6.159641648439,6.10721944572915,5.96595956419962,6.00655926883703,5.97827384301346,5.90723141254145,5.76898308254956,5.59893079520961,6.60880501698705,6.06444597897447,5.26071088886287,4.91657221632923,4.89214997028311
World,WLD,Carbon dioxide (CO2) emissions excluding LULUCF per capita (t CO2e/capita),EN.GHG.CO2.PC.CE.AR5,4.15228267569173,4.1058860603842,4.01346008223217,3.96762600728632,3.94240398579022,3.98975253513064,4.00480149895121,4.01559347184717,3.97872601030286,3.94793535535332,4.01431104317664,4.0137051750879,4.01753483679479,4.15495128007528,4.28648441710648,4.39261523257376,4.48199722005513,4.59193153526193,4.56402405896088,4.45794007754758,4.67666932686484,4.76637822261949,4.77907883809735,4.81543677243659,4.78111167940649,4.69877861453576,4.65414700222924,4.67555693290851,4.74365610554111,4.70872238989176,4.46599678399895,4.6710250508424,4.6320569655321,4.67810231680902,..
World,WLD,Renewable energy consumption (% of total final energy consumption),EG.FEC.RNEW.ZS,16.6623297882695,16.8212735352475,17.165780099204,17.2098891651351,17.3549006707797,17.4260070071391,17.4436634429496,17.4728657695266,17.6312834957394,17.8798195787758,17.5900030929892,17.2630263413407,17.2744732601478,17.1201865700362,16.8184628246129,16.6504964329937,16.7220207788914,16.5304259466794,16.6823455651823,17.092561128788,16.7477089214717,16.7176270694494,16.9534484358113,17.2116480907934,17.3801085884451,17.424128501114,17.6767503798965,17.9191918096439,18.1622254961055,18.6365420754695,19.7713444783922,..,..,..,..
World,WLD,"Government expenditure on education, total (% of GDP)",SE.XPD.TOTL.GD.ZS,..,..,..,..,..,..,..,..,..,4.06057500839233,3.87541496753693,4.04716014862061,4.03307509422303,4.1734299659729,4.06576943397522,4.06443023681641,4.15651512145996,4.10503005981445,4.2781822681427,4.50080513954162,4.09432244300842,4.13252520561218,4.22964286804199,4.34721493721008,4.26735019683838,4.23460125923157,4.17230987548828,4.18488502502441,4.09162998199463,4.13747954368591,4.44135999679565,4.24035573005676,3.7748715877533,..,..
World,WLD,Current health expenditure per capita (current US$),SH.XPD.CHEX.PC.CD,..,..,..,..,..,..,..,..,..,..,475.744809814321,488.163767513159,519.048243137078,583.040558660829,640.682848520855,679.664343183969,720.520463354776,788.761764388847,853.887052884312,863.298668966286,899.943045880368,973.644374465976,981.399214950519,991.513188664095,1014.13456857414,972.068602323868,989.460454327254,1025.52233225386,1064.73905462943,1081.88288387096,1158.1058889075,1245.79424354736,1234.59261715089,..,..
World,WLD,Individuals using the Internet (% of population),IT.NET.USER.ZS,..,..,..,..,..,..,..,..,..,..,..,..,..,..,..,15.6,17.2,20.2,22.8,25.3,28.4,30.9,33.3,35.3,37.4,39.8,42.8,45.2,48.5,52.9,58.6,61.7,63.7,65.4,67.6
World,WLD,"GNI, PPP (constant 2021 international $)",NY.GNP.MKTP.PP.KD,..,..,..,..,..,65005965826214.8,67651463919555.8,70354371844878.3,72734465482739.3,75449158505461.5,78638015333596.7,80602377484149.1,82638555941406.7,85428196326394,89481046775978.7,93265803772034,98137067805078.3,102867389264876,104675538517192,104814801839057,109993072089337,113834322452170,117391958978533,120989453425550,125409381820170,129677904565776,134515527333544,139710477652433,144610979020245,148909704687585,144905384990971,154248467672826,158633454651942,164414581840803,..
,,,,,,,,,,,,,,,,,,,,,,,,,,,,,,,,,,,,,,
,,,,,,,,,,,,,,,,,,,,,,,,,,,,,,,,,,,,,,
,,,,,,,,,,,,,,,,,,,,,,,,,,,,,,,,,,,,,,
Data from database: World Development Indicators,,,,,,,,,,,,,,,,,,,,,,,,,,,,,,,,,,,,,,
Last Updated: 04/15/2025,,,,,,,,,,,,,,,,,,,,,,,,,,,,,,,,,,,,,,
