Year,Rank,Country name,Ladder score,upperwhisker,lowerwhisker,Explained by: Log GDP per capita,Explained by: Social support,Explained by: Healthy life expectancy,Explained by: Freedom to make life choices,Explained by: Generosity,Explained by: Perceptions of corruption,Dystopia + residual
2024.0,1.0,Finland,"7,736","7,810","7,662","1,749","1,783","0,824","0,986","0,110","0,502","1,782"
2023.0,143.0,Afghanistan,"1,721","1,775","1,667","0,628","0,000","0,242","0,000","0,091","0,088","0,672"
2022.0,137.0,Afghanistan,"1,859","1,923","1,795","0,645","0,000","0,087","0,000","0,093","0,059","0,976"
2021.0,146.0,Afghanistan,"2,404","2,469","2,339","0,758","0,000","0,289","0,000","0,089","0,005","1,263"
2020.0,150.0,Afghanistan,"2,523","2,596","2,449","0,370","0,000","0,126","0,000","0,122","0,010","1,895"
2019.0,153.0,Afghanistan,"2,567","2,628","2,506","0,301","0,356","0,266","0,000","0,135","0,001","1,507"
2018.0,154.0,Afghanistan,"3,203",,,,,,,,,
2017.0,145.0,Afghanistan,"3,632",,,,,,,,,
2016.0,141.0,Afghanistan,"3,794",,,,,,,,,
2015.0,154.0,Afghanistan,"3,360",,,,,,,,,
2014.0,153.0,Afghanistan,"3,575",,,,,,,,,
2012.0,143.0,Afghanistan,"4,040",,,,,,,,,
2011.0,131.0,Afghanistan,"4,258",,,,,,,,,
2024.0,2.0,Denmark,"7,521","7,611","7,431","1,825","1,748","0,820","0,955","0,150","0,488","1,535"
2023.0,87.0,Albania,"5,304","5,440","5,168","1,438","0,924","0,638","0,690","0,138","0,049","1,428"
2022.0,83.0,Albania,"5,277","5,406","5,148","1,449","0,951","0,480","0,549","0,133","0,037","1,678"
2021.0,90.0,Albania,"5,199","5,321","5,076","1,439","0,646","0,719","0,511","0,138","0,028","1,718"
2020.0,94.0,Albania,"5,117","5,234","5,001","1,008","0,529","0,646","0,491","0,168","0,024","2,250"
2019.0,105.0,Albania,"4,883","4,993","4,773","0,907","0,830","0,846","0,462","0,171","0,025","1,641"
2018.0,107.0,Albania,"4,719",,,,,,,,,
2017.0,112.0,Albania,"4,586",,,,,,,,,
2016.0,109.0,Albania,"4,644",,,,,,,,,
2015.0,109.0,Albania,"4,655",,,,,,,,,
2014.0,95.0,Albania,"4,959",,,,,,,,,
2012.0,62.0,Albania,"5,550",,,,,,,,,
2011.0,88.0,Albania,"5,134",,,,,,,,,
2024.0,3.0,Iceland,"7,515","7,606","7,425","1,799","1,840","0,873","0,971","0,201","0,173","1,659"
2023.0,85.0,Algeria,"5,364","5,476","5,251","1,324","1,191","0,568","0,247","0,091","0,200","1,743"
2022.0,81.0,Algeria,"5,329","5,451","5,207","1,353","1,298","0,409","0,252","0,073","0,152","1,791"
2021.0,96.0,Algeria,"5,122","5,215","5,030","1,363","0,970","0,643","0,146","0,106","0,150","1,744"
2020.0,110.0,Algeria,"4,887","4,991","4,783","0,946","0,765","0,552","0,119","0,144","0,120","2,242"
2019.0,100.0,Algeria,"5,005","5,092","4,918","0,944","1,143","0,745","0,084","0,119","0,129","1,841"
2018.0,88.0,Algeria,"5,211",,,,,,,,,
2017.0,84.0,Algeria,"5,295",,,,,,,,,
2016.0,53.0,Algeria,"5,872",,,,,,,,,
2015.0,38.0,Algeria,"6,355",,,,,,,,,
2014.0,68.0,Algeria,"5,605",,,,,,,,,
2012.0,73.0,Algeria,"5,422",,,,,,,,,
2011.0,71.0,Algeria,"5,368",,,,,,,,,
2017.0,142.0,Angola,"3,795",,,,,,,,,
2016.0,140.0,Angola,"3,795",,,,,,,,,
2015.0,141.0,Angola,"3,866",,,,,,,,,
2014.0,137.0,Angola,"4,033",,,,,,,,,
2012.0,61.0,Angola,"5,589",,,,,,,,,
2011.0,135.0,Angola,"4,178",,,,,,,,,
2024.0,4.0,Sweden,"7,345","7,427","7,262","1,783","1,698","0,889","0,952","0,170","0,467","1,385"
2023.0,48.0,Argentina,"6,188","6,306","6,070","1,562","1,381","0,585","0,681","0,087","0,080","1,812"
2022.0,52.0,Argentina,"6,024","6,147","5,900","1,590","1,388","0,427","0,587","0,088","0,082","1,861"
2021.0,57.0,Argentina,"5,967","6,090","5,844","1,592","1,102","0,662","0,555","0,081","0,085","1,891"
2020.0,58.0,Argentina,"5,929","6,040","5,819","1,162","0,980","0,646","0,544","0,069","0,067","2,461"
2019.0,55.0,Argentina,"5,975","6,079","5,870","1,028","1,373","0,850","0,521","0,070","0,060","2,073"
2018.0,47.0,Argentina,"6,086",,,,,,,,,
2017.0,29.0,Argentina,"6,388",,,,,,,,,
2016.0,24.0,Argentina,"6,599",,,,,,,,,
2015.0,26.0,Argentina,"6,650",,,,,,,,,
2014.0,30.0,Argentina,"6,574",,,,,,,,,
2012.0,29.0,Argentina,"6,562",,,,,,,,,
2011.0,39.0,Argentina,"6,242",,,,,,,,,
2024.0,5.0,Netherlands,"7,306","7,372","7,240","1,822","1,667","0,844","0,860","0,186","0,344","1,583"
2023.0,82.0,Armenia,"5,455","5,560","5,350","1,444","1,154","0,603","0,650","0,051","0,173","1,379"
2022.0,79.0,Armenia,"5,342","5,470","5,213","1,466","1,134","0,443","0,551","0,053","0,160","1,534"
2021.0,82.0,Armenia,"5,399","5,519","5,278","1,434","0,820","0,668","0,558","0,054","0,210","1,654"
2020.0,87.0,Armenia,"5,283","5,397","5,168","0,996","0,758","0,585","0,540","0,079","0,198","2,127"
2019.0,116.0,Armenia,"4,677","4,792","4,562","0,808","1,035","0,776","0,378","0,107","0,105","1,468"
2018.0,116.0,Armenia,"4,559",,,,,,,,,
2017.0,129.0,Armenia,"4,321",,,,,,,,,
2016.0,121.0,Armenia,"4,376",,,,,,,,,
2015.0,121.0,Armenia,"4,360",,,,,,,,,
2014.0,127.0,Armenia,"4,350",,,,,,,,,
2012.0,128.0,Armenia,"4,316",,,,,,,,,
2011.0,122.0,Armenia,"4,474",,,,,,,,,
2024.0,6.0,Costa Rica,"7,274","7,361","7,187","1,492","1,600","0,680","0,948","0,067","0,118","2,369"
2023.0,10.0,Australia,"7,057","7,141","6,973","1,854","1,461","0,692","0,756","0,225","0,323","1,745"
2022.0,12.0,Australia,"7,095","7,180","7,009","1,899","1,497","0,532","0,677","0,242","0,310","1,938"
2021.0,12.0,Australia,"7,162","7,244","7,081","1,900","1,203","0,772","0,676","0,258","0,341","2,011"
2020.0,12.0,Australia,"7,183","7,265","7,102","1,453","1,076","0,801","0,647","0,291","0,317","2,598"
2019.0,12.0,Australia,"7,223","7,305","7,141","1,310","1,477","1,023","0,622","0,325","0,336","2,130"
2018.0,11.0,Australia,"7,228",,,,,,,,,
2017.0,10.0,Australia,"7,272",,,,,,,,,
2016.0,9.0,Australia,"7,284",,,,,,,,,
2015.0,9.0,Australia,"7,313",,,,,,,,,
2014.0,10.0,Australia,"7,284",,,,,,,,,
2012.0,10.0,Australia,"7,350",,,,,,,,,
2011.0,9.0,Australia,"7,345",,,,,,,,,
2024.0,7.0,Norway,"7,262","7,353","7,171","1,902","1,711","0,863","0,962","0,168","0,425","1,231"
2023.0,14.0,Austria,"6,905","6,986","6,824","1,885","1,336","0,696","0,703","0,214","0,305","1,766"
2022.0,11.0,Austria,"7,097","7,176","7,018","1,927","1,382","0,535","0,630","0,191","0,310","2,124"
2021.0,11.0,Austria,"7,163","7,237","7,089","1,931","1,165","0,774","0,623","0,193","0,329","2,148"
2020.0,11.0,Austria,"7,268","7,337","7,198","1,492","1,062","0,782","0,640","0,215","0,292","2,784"
2019.0,9.0,Austria,"7,294","7,360","7,229","1,317","1,437","1,001","0,603","0,256","0,281","2,398"
2018.0,10.0,Austria,"7,246",,,,,,,,,
2017.0,12.0,Austria,"7,139",,,,,,,,,
2016.0,13.0,Austria,"7,006",,,,,,,,,
2015.0,12.0,Austria,"7,119",,,,,,,,,
2014.0,13.0,Austria,"7,200",,,,,,,,,
2012.0,8.0,Austria,"7,369",,,,,,,,,
2011.0,13.0,Austria,"7,227",,,,,,,,,
2024.0,8.0,Israel,"7,234","7,301","7,168","1,695","1,743","0,824","0,740","0,144","0,193","1,895"
2023.0,101.0,Azerbaijan,"4,893","5,018","4,768","1,433","0,876","0,496","0,668","0,112","0,199","1,110"
2021.0,92.0,Azerbaijan,"5,173","5,265","5,082","1,458","1,093","0,560","0,601","0,023","0,341","1,098"
2020.0,91.0,Azerbaijan,"5,171","5,250","5,091","1,025","0,841","0,541","0,526","0,043","0,276","1,919"
2019.0,89.0,Azerbaijan,"5,165","5,232","5,098","0,990","1,181","0,731","0,468","0,040","0,247","1,508"
2018.0,90.0,Azerbaijan,"5,208",,,,,,,,,
2017.0,87.0,Azerbaijan,"5,201",,,,,,,,,
2016.0,85.0,Azerbaijan,"5,234",,,,,,,,,
2015.0,81.0,Azerbaijan,"5,291",,,,,,,,,
2014.0,80.0,Azerbaijan,"5,212",,,,,,,,,
2012.0,116.0,Azerbaijan,"4,604",,,,,,,,,
2011.0,116.0,Azerbaijan,"4,582",,,,,,,,,
2024.0,9.0,Luxembourg,"7,122","7,213","7,031","2,028","1,558","0,864","0,931","0,117","0,397","1,227"
2023.0,62.0,Bahrain,"5,959","6,153","5,766",,,,,,,
2022.0,42.0,Bahrain,"6,173","6,369","5,977","1,883","1,269","0,389","0,748","0,199","0,138","1,546"
2021.0,21.0,Bahrain,"6,647","6,779","6,514","1,854","1,029","0,625","0,693","0,199","0,155","2,092"
2020.0,23.0,Bahrain,"6,647","6,779","6,514","1,409","0,899","0,662","0,661","0,246","0,139","2,631"
2019.0,40.0,Bahrain,"6,227","6,388","6,067","1,297","1,315","0,839","0,610","0,287","0,127","1,752"
2018.0,37.0,Bahrain,"6,199",,,,,,,,,
2017.0,43.0,Bahrain,"6,105",,,,,,,,,
2016.0,41.0,Bahrain,"6,087",,,,,,,,,
2015.0,42.0,Bahrain,"6,218",,,,,,,,,
2014.0,49.0,Bahrain,"5,960",,,,,,,,,
2012.0,79.0,Bahrain,"5,312",,,,,,,,,
2011.0,61.0,Bahrain,"5,568",,,,,,,,,
2024.0,10.0,Mexico,"6,979","7,068","6,889","1,435","1,504","0,550","0,879","0,057","0,118","2,438"
2023.0,129.0,Bangladesh,"3,886","3,994","3,778","1,122","0,249","0,513","0,775","0,140","0,167","0,919"
2022.0,118.0,Bangladesh,"4,282","4,416","4,148","1,133","0,513","0,355","0,617","0,139","0,165","1,361"
2021.0,94.0,Bangladesh,"5,155","5,262","5,049","1,060","0,614","0,581","0,622","0,125","0,187","1,967"
2020.0,102.0,Bangladesh,"5,025","5,115","4,934","0,635","0,520","0,514","0,603","0,161","0,164","2,427"
2019.0,107.0,Bangladesh,"4,833","4,911","4,754","0,556","0,869","0,695","0,604","0,177","0,177","1,755"
2018.0,125.0,Bangladesh,"4,456",,,,,,,,,
2017.0,115.0,Bangladesh,"4,500",,,,,,,,,
2016.0,110.0,Bangladesh,"4,608",,,,,,,,,
2015.0,110.0,Bangladesh,"4,643",,,,,,,,,
2014.0,109.0,Bangladesh,"4,694",,,,,,,,,
2012.0,108.0,Bangladesh,"4,804",,,,,,,,,
2011.0,104.0,Bangladesh,"4,807",,,,,,,,,
2021.0,65.0,Belarus,"5,821","5,950","5,693","1,562","1,157","0,629","0,342","0,040","0,282","1,811"
2020.0,76.0,Belarus,"5,534","5,625","5,442","1,124","1,007","0,560","0,326","0,070","0,199","2,247"
2019.0,75.0,Belarus,"5,540","5,613","5,467","1,019","1,387","0,753","0,291","0,090","0,194","1,807"
2018.0,81.0,Belarus,"5,323",,,,,,,,,
2017.0,73.0,Belarus,"5,483",,,,,,,,,
2016.0,67.0,Belarus,"5,569",,,,,,,,,
2015.0,61.0,Belarus,"5,802",,,,,,,,,
2014.0,59.0,Belarus,"5,813",,,,,,,,,
2012.0,66.0,Belarus,"5,504",,,,,,,,,
2011.0,62.0,Belarus,"5,566",,,,,,,,,
2024.0,11.0,Australia,"6,974","7,057","6,890","1,767","1,647","0,841","0,857","0,164","0,285","1,413"
2023.0,16.0,Belgium,"6,894","6,961","6,827","1,868","1,440","0,690","0,729","0,170","0,311","1,686"
2022.0,17.0,Belgium,"6,859","6,926","6,793","1,907","1,449","0,528","0,590","0,137","0,273","1,976"
2021.0,19.0,Belgium,"6,805","6,890","6,720","1,907","1,106","0,764","0,492","0,049","0,204","2,283"
2020.0,21.0,Belgium,"6,834","6,901","6,767","1,463","0,998","0,747","0,489","0,088","0,187","2,862"
2019.0,20.0,Belgium,"6,864","6,931","6,796","1,296","1,399","0,965","0,500","0,147","0,209","2,349"
2018.0,18.0,Belgium,"6,923",,,,,,,,,
2017.0,16.0,Belgium,"6,927",,,,,,,,,
2016.0,17.0,Belgium,"6,891",,,,,,,,,
2015.0,18.0,Belgium,"6,929",,,,,,,,,
2014.0,19.0,Belgium,"6,937",,,,,,,,,
2012.0,21.0,Belgium,"6,967",,,,,,,,,
2011.0,15.0,Belgium,"7,113",,,,,,,,,
2024.0,12.0,New Zealand,"6,952","7,031","6,874","1,698","1,712","0,815","0,861","0,167","0,429","1,270"
2017.0,49.0,Belize,"5,956",,,,,,,,,
2016.0,50.0,Belize,"5,956",,,,,,,,,
2015.0,52.0,Belize,"5,956",,,,,,,,,
2011.0,34.0,Belize,"6,451",,,,,,,,,
2024.0,13.0,Switzerland,"6,935","7,015","6,854","1,870","1,622","0,883","0,889","0,156","0,468","1,047"
2023.0,116.0,Benin,"4,377","4,510","4,245","0,914","0,128","0,284","0,567","0,112","0,252","2,121"
2022.0,116.0,Benin,"4,374","4,504","4,244","0,924","0,242","0,124","0,481","0,114","0,253","2,235"
2021.0,115.0,Benin,"4,623","4,754","4,492","0,932","0,064","0,335","0,479","0,127","0,230","2,458"
2020.0,100.0,Benin,"5,045","5,189","4,901","0,507","0,058","0,196","0,457","0,166","0,178","3,482"
2019.0,86.0,Benin,"5,216","5,368","5,064","0,366","0,352","0,328","0,406","0,197","0,126","3,441"
2018.0,102.0,Benin,"4,883",,,,,,,,,
2017.0,136.0,Benin,"4,141",,,,,,,,,
2016.0,143.0,Benin,"3,657",,,,,,,,,
2015.0,153.0,Benin,"3,484",,,,,,,,,
2014.0,155.0,Benin,"3,340",,,,,,,,,
2012.0,155.0,Benin,"3,528",,,,,,,,,
2011.0,155.0,Benin,"3,493",,,,,,,,,
2018.0,95.0,Bhutan,"5,082",,,,,,,,,
2017.0,97.0,Bhutan,"5,082",,,,,,,,,
2016.0,97.0,Bhutan,"5,011",,,,,,,,,
2015.0,84.0,Bhutan,"5,196",,,,,,,,,
2014.0,79.0,Bhutan,"5,253",,,,,,,,,
2024.0,14.0,Belgium,"6,910","6,974","6,845","1,783","1,646","0,852","0,895","0,119","0,306","1,309"
2023.0,73.0,Bolivia,"5,784","5,895","5,674","1,217","1,179","0,488","0,719","0,100","0,061","2,020"
2022.0,69.0,Bolivia,"5,684","5,797","5,572","1,240","1,187","0,329","0,648","0,103","0,060","2,118"
2021.0,71.0,Bolivia,"5,600","5,709","5,491","1,256","0,880","0,555","0,627","0,112","0,064","2,107"
2020.0,70.0,Bolivia,"5,716","5,819","5,613","0,842","0,782","0,486","0,600","0,138","0,064","2,805"
2019.0,65.0,Bolivia,"5,747","5,847","5,648","0,731","1,142","0,662","0,574","0,138","0,073","2,426"
2018.0,61.0,Bolivia,"5,779",,,,,,,,,
2017.0,62.0,Bolivia,"5,752",,,,,,,,,
2016.0,58.0,Bolivia,"5,823",,,,,,,,,
2015.0,59.0,Bolivia,"5,822",,,,,,,,,
2014.0,51.0,Bolivia,"5,890",,,,,,,,,
2012.0,50.0,Bolivia,"5,857",,,,,,,,,
2011.0,57.0,Bolivia,"5,633",,,,,,,,,
2024.0,15.0,Ireland,"6,889","6,977","6,801","1,988","1,659","0,823","0,906","0,179","0,382","0,952"
2023.0,65.0,Bosnia and Herzegovina,"5,877","5,979","5,775","1,465","1,318","0,587","0,621","0,246","0,000","1,640"
2022.0,71.0,Bosnia and Herzegovina,"5,633","5,775","5,490","1,467","1,361","0,429","0,485","0,247","0,008","1,635"
2021.0,67.0,Bosnia and Herzegovina,"5,768","5,877","5,659","1,468","1,068","0,665","0,448","0,244","0,006","1,869"
2020.0,65.0,Bosnia and Herzegovina,"5,813","5,911","5,715","1,032","0,919","0,618","0,395","0,261","0,005","2,583"
2019.0,69.0,Bosnia and Herzegovina,"5,674","5,765","5,583","0,918","1,204","0,814","0,305","0,264","0,001","2,167"
2018.0,78.0,Bosnia and Herzegovina,"5,386",,,,,,,,,
2017.0,93.0,Bosnia and Herzegovina,"5,129",,,,,,,,,
2016.0,90.0,Bosnia and Herzegovina,"5,182",,,,,,,,,
2015.0,87.0,Bosnia and Herzegovina,"5,163",,,,,,,,,
2014.0,96.0,Bosnia and Herzegovina,"4,949",,,,,,,,,
2012.0,107.0,Bosnia and Herzegovina,"4,813",,,,,,,,,
2011.0,99.0,Bosnia and Herzegovina,"4,857",,,,,,,,,
2024.0,16.0,Lithuania,"6,829","6,912","6,746","1,684","1,699","0,592","0,702","0,031","0,123","1,998"
2023.0,137.0,Botswana,"3,383","3,558","3,209","1,445","0,969","0,241","0,567","0,014","0,082","0,066"
2022.0,132.0,Botswana,"3,435","3,702","3,168","1,471","1,041","0,087","0,480","0,021","0,071","0,264"
2021.0,142.0,Botswana,"3,471","3,667","3,275","1,503","0,815","0,280","0,571","0,012","0,102","0,187"
2020.0,147.0,Botswana,"3,467","3,611","3,322","1,099","0,724","0,340","0,539","0,027","0,088","0,648"
2019.0,147.0,Botswana,"3,479","3,598","3,360","0,998","1,086","0,494","0,509","0,033","0,102","0,257"
2018.0,148.0,Botswana,"3,488",,,,,,,,,
2017.0,146.0,Botswana,"3,590",,,,,,,,,
2016.0,142.0,Botswana,"3,766",,,,,,,,,
2015.0,137.0,Botswana,"3,974",,,,,,,,,
2014.0,128.0,Botswana,"4,332",,,,,,,,,
2012.0,145.0,Botswana,"3,970",,,,,,,,,
2011.0,117.0,Botswana,"4,581",,,,,,,,,
2024.0,17.0,Austria,"6,810","6,891","6,728","1,791","1,592","0,814","0,856","0,179","0,280","1,297"
2023.0,44.0,Brazil,"6,272","6,390","6,154","1,430","1,269","0,548","0,685","0,130","0,142","2,068"
2022.0,49.0,Brazil,"6,125","6,252","5,997","1,454","1,250","0,387","0,558","0,131","0,137","2,205"
2021.0,38.0,Brazil,"6,293","6,384","6,202","1,462","1,044","0,615","0,546","0,131","0,134","2,361"
2020.0,36.0,Brazil,"6,330","6,415","6,245","1,028","0,944","0,571","0,514","0,142","0,117","3,015"
2019.0,32.0,Brazil,"6,376","6,456","6,296","0,953","1,363","0,766","0,483","0,132","0,107","2,572"
2018.0,32.0,Brazil,"6,300",,,,,,,,,
2017.0,28.0,Brazil,"6,419",,,,,,,,,
2016.0,22.0,Brazil,"6,635",,,,,,,,,
2015.0,17.0,Brazil,"6,952",,,,,,,,,
2014.0,16.0,Brazil,"6,983",,,,,,,,,
2012.0,24.0,Brazil,"6,849",,,,,,,,,
2011.0,25.0,Brazil,"6,697",,,,,,,,,
2024.0,18.0,Canada,"6,803","6,888","6,718","1,749","1,647","0,832","0,813","0,168","0,323","1,271"
2023.0,81.0,Bulgaria,"5,463","5,569","5,357","1,629","1,469","0,567","0,620","0,083","0,006","1,088"
2022.0,77.0,Bulgaria,"5,466","5,582","5,350","1,635","1,457","0,408","0,557","0,106","0,013","1,289"
2021.0,85.0,Bulgaria,"5,371","5,485","5,257","1,625","1,163","0,640","0,563","0,123","0,021","1,235"
2020.0,89.0,Bulgaria,"5,266","5,371","5,160","1,181","1,055","0,583","0,494","0,125","0,005","1,823"
2019.0,96.0,Bulgaria,"5,102","5,188","5,015","1,047","1,461","0,778","0,418","0,104","0,000","1,295"
2018.0,97.0,Bulgaria,"5,011",,,,,,,,,
2017.0,100.0,Bulgaria,"4,933",,,,,,,,,
2016.0,105.0,Bulgaria,"4,714",,,,,,,,,
2015.0,129.0,Bulgaria,"4,217",,,,,,,,,
2014.0,134.0,Bulgaria,"4,218",,,,,,,,,
2012.0,144.0,Bulgaria,"3,981",,,,,,,,,
2011.0,147.0,Bulgaria,"3,889",,,,,,,,,
2024.0,19.0,Slovenia,"6,792","6,889","6,695","1,692","1,718","0,802","0,961","0,121","0,113","1,384"
2023.0,110.0,Burkina Faso,"4,548","4,686","4,410","0,756","0,685","0,274","0,483","0,173","0,179","1,999"
2022.0,104.0,Burkina Faso,"4,638","4,819","4,456","0,768","0,814","0,107","0,419","0,188","0,113","2,230"
2021.0,113.0,Burkina Faso,"4,670","4,814","4,527","0,779","0,565","0,320","0,382","0,186","0,126","2,313"
2020.0,114.0,Burkina Faso,"4,834","4,993","4,675","0,364","0,472","0,179","0,381","0,182","0,122","3,133"
2019.0,112.0,Burkina Faso,"4,769","4,890","4,647","0,302","0,929","0,313","0,322","0,186","0,126","2,589"
2018.0,115.0,Burkina Faso,"4,587",,,,,,,,,
2017.0,121.0,Burkina Faso,"4,424",,,,,,,,,
2016.0,134.0,Burkina Faso,"4,032",,,,,,,,,
2015.0,145.0,Burkina Faso,"3,739",,,,,,,,,
2014.0,152.0,Burkina Faso,"3,587",,,,,,,,,
2012.0,131.0,Burkina Faso,"4,259",,,,,,,,,
2011.0,144.0,Burkina Faso,"3,926",,,,,,,,,
2020.0,141.0,Burundi,"3,775","3,985","3,565","0,000","0,062","0,155","0,298","0,172","0,212","2,876"
2019.0,140.0,Burundi,"3,775","3,985","3,565","0,000","0,404","0,295","0,275","0,187","0,212","2,402"
2018.0,145.0,Burundi,"3,775",,,,,,,,,
2017.0,156.0,Burundi,"2,905",,,,,,,,,
2016.0,154.0,Burundi,"2,905",,,,,,,,,
2015.0,157.0,Burundi,"2,905",,,,,,,,,
2014.0,157.0,Burundi,"2,906",,,,,,,,,
2012.0,153.0,Burundi,"3,706",,,,,,,,,
2011.0,152.0,Burundi,"3,678",,,,,,,,,
2024.0,20.0,Czechia,"6,775","6,854","6,696","1,692","1,716","0,658","0,916","0,118","0,084","1,591"
2023.0,119.0,Cambodia,"4,341","4,446","4,236","1,011","1,019","0,442","0,863","0,170","0,071","0,765"
2022.0,115.0,Cambodia,"4,393","4,508","4,279","1,025","1,024","0,283","0,768","0,176","0,051","1,068"
2021.0,114.0,Cambodia,"4,640","4,765","4,516","1,019","0,732","0,505","0,740","0,166","0,068","1,410"
2020.0,115.0,Cambodia,"4,830","4,963","4,698","0,603","0,680","0,426","0,702","0,210","0,061","2,148"
2019.0,106.0,Cambodia,"4,848","4,962","4,735","0,545","1,071","0,588","0,675","0,233","0,073","1,663"
2018.0,109.0,Cambodia,"4,700",,,,,,,,,
2017.0,120.0,Cambodia,"4,433",,,,,,,,,
2016.0,129.0,Cambodia,"4,168",,,,,,,,,
2015.0,140.0,Cambodia,"3,907",,,,,,,,,
2014.0,145.0,Cambodia,"3,819",,,,,,,,,
2012.0,140.0,Cambodia,"4,067",,,,,,,,,
2011.0,138.0,Cambodia,"4,101",,,,,,,,,
2024.0,21.0,United Arab Emirates,"6,759","6,846","6,673","1,812","1,294","0,659","0,934","0,165","0,235","1,660"
2023.0,104.0,Cameroon,"4,874","4,996","4,753","0,943","0,856","0,288","0,521","0,126","0,060","2,080"
2022.0,96.0,Cameroon,"4,973","5,112","4,834","0,965","0,871","0,118","0,405","0,144","0,059","2,411"
2021.0,102.0,Cameroon,"5,048","5,188","4,907","0,968","0,672","0,317","0,397","0,152","0,074","2,469"
2020.0,92.0,Cameroon,"5,142","5,288","4,996","0,543","0,556","0,159","0,425","0,205","0,058","3,195"
2019.0,98.0,Cameroon,"5,085","5,217","4,953","0,504","0,900","0,270","0,439","0,198","0,054","2,719"
2018.0,96.0,Cameroon,"5,044",,,,,,,,,
2017.0,99.0,Cameroon,"4,975",,,,,,,,,
2016.0,107.0,Cameroon,"4,695",,,,,,,,,
2015.0,114.0,Cameroon,"4,513",,,,,,,,,
2014.0,133.0,Cameroon,"4,252",,,,,,,,,
2012.0,122.0,Cameroon,"4,420",,,,,,,,,
2011.0,126.0,Cameroon,"4,376",,,,,,,,,
2024.0,22.0,Germany,"6,753","6,854","6,652","1,785","1,625","0,776","0,858","0,148","0,351","1,210"
2023.0,15.0,Canada,"6,900","6,984","6,815","1,840","1,459","0,701","0,730","0,230","0,368","1,572"
2022.0,13.0,Canada,"6,961","7,042","6,879","1,881","1,484","0,541","0,656","0,218","0,364","1,815"
2021.0,15.0,Canada,"7,025","7,107","6,943","1,886","1,188","0,783","0,659","0,217","0,368","1,924"
2020.0,15.0,Canada,"7,103","7,185","7,021","1,447","1,044","0,798","0,648","0,246","0,335","2,585"
2019.0,11.0,Canada,"7,232","7,311","7,153","1,302","1,435","1,023","0,644","0,282","0,352","2,195"
2018.0,9.0,Canada,"7,278",,,,,,,,,
2017.0,7.0,Canada,"7,328",,,,,,,,,
2016.0,7.0,Canada,"7,316",,,,,,,,,
2015.0,6.0,Canada,"7,404",,,,,,,,,
2014.0,5.0,Canada,"7,427",,,,,,,,,
2012.0,6.0,Canada,"7,477",,,,,,,,,
2011.0,5.0,Canada,"7,499",,,,,,,,,
2019.0,149.0,Central African Republic,"3,476","3,702","3,250","0,041","0,000","0,000","0,293","0,254","0,028","2,860"
2018.0,155.0,Central African Republic,"3,083",,,,,,,,,
2017.0,155.0,Central African Republic,"3,083",,,,,,,,,
2016.0,155.0,Central African Republic,"2,693",,,,,,,,,
2014.0,148.0,Central African Republic,"3,678",,,,,,,,,
2012.0,154.0,Central African Republic,"3,623",,,,,,,,,
2011.0,154.0,Central African Republic,"3,568",,,,,,,,,
2024.0,23.0,United Kingdom,"6,728","6,809","6,647","1,725","1,562","0,779","0,872","0,211","0,318","1,260"
2023.0,113.0,Chad,"4,471","4,630","4,313","0,603","0,805","0,199","0,411","0,218","0,113","2,122"
2022.0,114.0,Chad,"4,397","4,633","4,160","0,622","0,962","0,043","0,393","0,255","0,088","2,034"
2021.0,130.0,Chad,"4,251","4,503","3,999","0,662","0,506","0,225","0,180","0,182","0,077","2,419"
2020.0,129.0,Chad,"4,355","4,540","4,171","0,255","0,353","0,000","0,240","0,215","0,084","3,209"
2019.0,127.0,Chad,"4,423","4,570","4,275","0,302","0,739","0,109","0,229","0,211","0,086","2,747"
2018.0,132.0,Chad,"4,350",,,,,,,,,
2017.0,131.0,Chad,"4,301",,,,,,,,,
2016.0,137.0,Chad,"3,936",,,,,,,,,
2015.0,144.0,Chad,"3,763",,,,,,,,,
2014.0,149.0,Chad,"3,667",,,,,,,,,
2012.0,141.0,Chad,"4,056",,,,,,,,,
2011.0,145.0,Chad,"3,919",,,,,,,,,
2024.0,24.0,United States,"6,724","6,820","6,629","1,839","1,614","0,604","0,644","0,171","0,161","1,690"
2023.0,38.0,Chile,"6,360","6,448","6,273","1,616","1,369","0,673","0,651","0,117","0,075","1,858"
2022.0,35.0,Chile,"6,334","6,424","6,243","1,645","1,384","0,511","0,546","0,131","0,076","2,040"
2021.0,44.0,Chile,"6,172","6,262","6,082","1,651","1,080","0,748","0,460","0,124","0,069","2,040"
2020.0,44.0,Chile,"6,172","6,262","6,081","1,200","0,946","0,678","0,438","0,159","0,070","2,682"
2019.0,39.0,Chile,"6,228","6,318","6,139","1,097","1,323","0,889","0,417","0,156","0,063","2,283"
2018.0,26.0,Chile,"6,444",,,,,,,,,
2017.0,25.0,Chile,"6,476",,,,,,,,,
2016.0,20.0,Chile,"6,652",,,,,,,,,
2015.0,24.0,Chile,"6,705",,,,,,,,,
2014.0,27.0,Chile,"6,670",,,,,,,,,
2012.0,28.0,Chile,"6,587",,,,,,,,,
2011.0,43.0,Chile,"6,128",,,,,,,,,
2024.0,25.0,Belize,"6,711","6,989","6,432","1,256","1,540","0,525","1,018","0,072","0,082","2,218"
2023.0,60.0,China,"5,973","6,061","5,885","1,497","1,239","0,629","0,704","0,132","0,164","1,608"
2022.0,64.0,China,"5,818","5,905","5,731","1,510","1,249","0,468","0,666","0,115","0,145","1,666"
2021.0,72.0,China,"5,585","5,650","5,520","1,508","0,958","0,705","0,656","0,099","0,142","1,516"
2020.0,85.0,China,"5,339","5,397","5,281","1,061","0,785","0,665","0,636","0,093","0,117","1,982"
2019.0,94.0,China,"5,124","5,175","5,073","0,991","1,132","0,867","0,602","0,079","0,117","1,336"
2018.0,93.0,China,"5,191",,,,,,,,,
2017.0,86.0,China,"5,246",,,,,,,,,
2016.0,79.0,China,"5,273",,,,,,,,,
2015.0,83.0,China,"5,245",,,,,,,,,
2014.0,84.0,China,"5,140",,,,,,,,,
2012.0,93.0,China,"4,978",,,,,,,,,
2011.0,112.0,China,"4,680",,,,,,,,,
2024.0,26.0,Poland,"6,673","6,734","6,611","1,666","1,595","0,630","0,790","0,021","0,169","1,802"
2023.0,78.0,Colombia,"5,695","5,806","5,584","1,437","1,241","0,648","0,644","0,072","0,059","1,596"
2022.0,72.0,Colombia,"5,630","5,747","5,514","1,455","1,213","0,486","0,562","0,080","0,068","1,765"
2021.0,66.0,Colombia,"5,781","5,903","5,659","1,452","0,929","0,720","0,545","0,087","0,077","1,971"
2020.0,53.0,Colombia,"6,012","6,132","5,892","1,021","0,866","0,615","0,554","0,100","0,063","2,794"
2019.0,44.0,Colombia,"6,163","6,274","6,053","0,932","1,334","0,810","0,527","0,092","0,046","2,422"
2018.0,43.0,Colombia,"6,125",,,,,,,,,
2017.0,37.0,Colombia,"6,260",,,,,,,,,
2016.0,36.0,Colombia,"6,357",,,,,,,,,
2015.0,31.0,Colombia,"6,481",,,,,,,,,
2014.0,33.0,Colombia,"6,477",,,,,,,,,
2012.0,35.0,Colombia,"6,416",,,,,,,,,
2011.0,41.0,Colombia,"6,202",,,,,,,,,
2024.0,27.0,Taiwan Province of China,"6,669","6,760","6,579","1,730","1,583","0,817","0,760","0,057","0,187","1,534"
2023.0,132.0,Comoros,"3,566","3,754","3,378","0,896","0,328","0,370","0,172","0,128","0,160","1,512"
2022.0,130.0,Comoros,"3,545","3,774","3,317","0,914","0,327","0,215","0,117","0,129","0,145","1,699"
2021.0,116.0,Comoros,"4,609","4,849","4,368","0,899","0,476","0,424","0,185","0,195","0,125","2,304"
2020.0,132.0,Comoros,"4,289","4,454","4,123","0,488","0,367","0,279","0,202","0,241","0,101","2,610"
2019.0,134.0,Comoros,"4,289","4,454","4,123","0,416","0,723","0,437","0,181","0,259","0,100","2,173"
2018.0,142.0,Comoros,"3,973",,,,,,,,,
2015.0,138.0,Comoros,"3,956",,,,,,,,,
2014.0,140.0,Comoros,"3,956",,,,,,,,,
2012.0,149.0,Comoros,"3,851",,,,,,,,,
2011.0,151.0,Comoros,"3,700",,,,,,,,,
2024.0,28.0,Uruguay,"6,661","6,743","6,578","1,554","1,654","0,523","0,913","0,078","0,197","1,741"
2023.0,89.0,Congo,"5,221","5,396","5,047","0,892","0,622","0,306","0,523","0,124","0,138","2,617"
2022.0,86.0,Congo,"5,267","5,440","5,094","0,921","0,665","0,145","0,464","0,134","0,136","2,802"
2021.0,99.0,Congo,"5,075","5,235","4,915","0,950","0,405","0,355","0,431","0,130","0,146","2,658"
2020.0,84.0,Congo,"5,342","5,533","5,151","0,518","0,392","0,307","0,381","0,144","0,124","3,476"
2019.0,88.0,Congo,"5,194","5,345","5,043","0,634","0,758","0,458","0,387","0,117","0,119","2,723"
2018.0,103.0,Congo,"4,812",,,,,,,,,
2017.0,114.0,Congo,"4,559",,,,,,,,,
2016.0,124.0,Congo,"4,291",,,,,,,,,
2015.0,127.0,Congo,"4,236",,,,,,,,,
2014.0,139.0,Congo,"3,989",,,,,,,,,
2012.0,129.0,Congo,"4,297",,,,,,,,,
2011.0,148.0,Congo,"3,820",,,,,,,,,
2024.0,29.0,Kosovo,"6,659","6,761","6,557","1,281","1,454","0,896","0,893","0,201","0,087","1,847"
2023.0,12.0,Costa Rica,"6,955","7,051","6,860","1,561","1,373","0,661","0,797","0,109","0,123","2,333"
2022.0,23.0,Costa Rica,"6,609","6,710","6,507","1,587","1,340","0,503","0,683","0,099","0,116","2,281"
2021.0,23.0,Costa Rica,"6,582","6,683","6,481","1,584","1,054","0,744","0,661","0,089","0,102","2,346"
2020.0,17.0,Costa Rica,"7,069","7,179","6,960","1,134","0,966","0,722","0,673","0,105","0,083","3,387"
2019.0,15.0,Costa Rica,"7,121","7,209","7,034","0,981","1,375","0,940","0,645","0,131","0,096","2,953"
2018.0,12.0,Costa Rica,"7,167",,,,,,,,,
2017.0,13.0,Costa Rica,"7,072",,,,,,,,,
2016.0,12.0,Costa Rica,"7,079",,,,,,,,,
2015.0,14.0,Costa Rica,"7,087",,,,,,,,,
2014.0,12.0,Costa Rica,"7,226",,,,,,,,,
2012.0,12.0,Costa Rica,"7,257",,,,,,,,,
2011.0,12.0,Costa Rica,"7,251",,,,,,,,,
2024.0,30.0,Kuwait,"6,629","6,738","6,520","1,691","1,481","0,766","0,934","0,143","0,167","1,448"
2023.0,96.0,Côte d’Ivoire,"5,080","5,224","4,936","1,080","0,578","0,288","0,547","0,120","0,164","2,303"
2022.0,93.0,Côte d’Ivoire,"5,053","5,198","4,907","1,094","0,584","0,120","0,467","0,138","0,131","2,519"
2021.0,88.0,Côte d’Ivoire,"5,235","5,384","5,085","1,094","0,442","0,322","0,451","0,149","0,124","2,652"
2020.0,86.0,Côte d’Ivoire,"5,306","5,460","5,152","0,669","0,409","0,052","0,438","0,177","0,092","3,469"
2019.0,85.0,Côte d’Ivoire,"5,233","5,377","5,090","0,537","0,800","0,155","0,397","0,170","0,093","3,081"
2018.0,99.0,Côte d’Ivoire,"4,944",,,,,,,,,
2017.0,107.0,Côte d’Ivoire,"4,671",,,,,,,,,
2016.0,128.0,Côte d’Ivoire,"4,180",,,,,,,,,
2015.0,139.0,Côte d’Ivoire,"3,916",,,,,,,,,
2014.0,151.0,Côte d’Ivoire,"3,655",,,,,,,,,
2011.0,133.0,Côte d’Ivoire,"4,197",,,,,,,,,
2024.0,31.0,Serbia,"6,606","6,698","6,513","1,489","1,620","0,545","0,767","0,131","0,107","1,946"
2023.0,63.0,Croatia,"5,942","6,047","5,837","1,710","1,445","0,637","0,469","0,064","0,043","1,574"
2022.0,48.0,Croatia,"6,125","6,237","6,013","1,727","1,455","0,475","0,500","0,087","0,003","1,880"
2021.0,47.0,Croatia,"6,125","6,229","6,022","1,705","1,183","0,709","0,535","0,109","0,000","1,884"
2020.0,61.0,Croatia,"5,882","5,975","5,788","1,251","1,039","0,703","0,453","0,111","0,000","2,325"
2019.0,79.0,Croatia,"5,505","5,579","5,431","1,109","1,311","0,901","0,381","0,114","0,012","1,676"
2018.0,75.0,Croatia,"5,432",,,,,,,,,
2017.0,82.0,Croatia,"5,321",,,,,,,,,
2016.0,77.0,Croatia,"5,293",,,,,,,,,
2015.0,74.0,Croatia,"5,488",,,,,,,,,
2014.0,62.0,Croatia,"5,759",,,,,,,,,
2012.0,58.0,Croatia,"5,661",,,,,,,,,
2011.0,58.0,Croatia,"5,623",,,,,,,,,
2011.0,69.0,Cuba,"5,418",,,,,,,,,
2024.0,32.0,Saudi Arabia,"6,600","6,702","6,497","1,743","1,566","0,714","0,915","0,105","0,187","1,370"
2023.0,50.0,Cyprus,"6,068","6,182","5,954","1,794","1,217","0,744","0,529","0,124","0,049","1,611"
2022.0,46.0,Cyprus,"6,130","6,236","6,024","1,824","1,224","0,580","0,455","0,104","0,050","1,893"
2021.0,41.0,Cyprus,"6,221","6,320","6,122","1,815","0,909","0,819","0,448","0,123","0,062","2,044"
2020.0,40.0,Cyprus,"6,223","6,319","6,128","1,377","0,765","0,801","0,464","0,178","0,061","2,578"
2019.0,45.0,Cyprus,"6,159","6,258","6,060","1,213","1,149","1,026","0,459","0,228","0,051","2,032"
2018.0,49.0,Cyprus,"6,046",,,,,,,,,
2017.0,61.0,Cyprus,"5,762",,,,,,,,,
2016.0,65.0,Cyprus,"5,621",,,,,,,,,
2015.0,69.0,Cyprus,"5,546",,,,,,,,,
2014.0,67.0,Cyprus,"5,689",,,,,,,,,
2012.0,34.0,Cyprus,"6,466",,,,,,,,,
2011.0,35.0,Cyprus,"6,416",,,,,,,,,
2024.0,33.0,France,"6,593","6,668","6,517","1,733","1,535","0,832","0,743","0,099","0,264","1,386"
2023.0,18.0,Czechia,"6,822","6,903","6,741","1,783","1,511","0,638","0,787","0,177","0,068","1,858"
2022.0,18.0,Czechia,"6,845","6,931","6,759","1,823","1,544","0,477","0,693","0,158","0,050","2,099"
2021.0,18.0,Czechia,"6,920","7,029","6,811","1,815","1,260","0,715","0,660","0,158","0,048","2,263"
2020.0,19.0,Czechia,"6,965","7,062","6,868","1,370","1,090","0,703","0,580","0,052","0,046","3,124"
2019.0,19.0,Czechia,"6,911","6,995","6,827","1,212","1,405","0,895","0,506","0,046","0,050","2,797"
2018.0,20.0,Czechia,"6,852",,,,,,,,,
2017.0,21.0,Czechia,"6,711",,,,,,,,,
2016.0,23.0,Czechia,"6,609",,,,,,,,,
2015.0,27.0,Czechia,"6,596",,,,,,,,,
2014.0,31.0,Czechia,"6,505",,,,,,,,,
2012.0,39.0,Czechia,"6,290",,,,,,,,,
2011.0,36.0,Czechia,"6,360",,,,,,,,,
2024.0,34.0,Singapore,"6,565","6,650","6,481","2,022","1,565","0,935","0,856","0,164","0,522","0,501"
2023.0,2.0,Denmark,"7,583","7,665","7,500","1,908","1,520","0,699","0,823","0,204","0,548","1,881"
2022.0,2.0,Denmark,"7,586","7,667","7,506","1,949","1,548","0,537","0,734","0,208","0,525","2,084"
2021.0,2.0,Denmark,"7,636","7,710","7,563","1,953","1,243","0,777","0,719","0,188","0,532","2,226"
2020.0,3.0,Denmark,"7,620","7,687","7,552","1,502","1,108","0,763","0,686","0,208","0,485","2,868"
2019.0,2.0,Denmark,"7,646","7,711","7,580","1,327","1,503","0,979","0,665","0,243","0,495","2,433"
2018.0,2.0,Denmark,"7,600",,,,,,,,,
2017.0,3.0,Denmark,"7,555",,,,,,,,,
2016.0,2.0,Denmark,"7,522",,,,,,,,,
2015.0,1.0,Denmark,"7,526",,,,,,,,,
2014.0,3.0,Denmark,"7,527",,,,,,,,,
2012.0,1.0,Denmark,"7,693",,,,,,,,,
2011.0,1.0,Denmark,"7,856",,,,,,,,,
2014.0,126.0,Djibouti,"4,369",,,,,,,,,
2012.0,114.0,Djibouti,"4,690",,,,,,,,,
2011.0,95.0,Djibouti,"4,957",,,,,,,,,
2024.0,35.0,Romania,"6,563","6,655","6,470","1,636","1,401","0,561","0,847","0,028","0,015","2,075"
2023.0,69.0,Dominican Republic,"5,823","5,967","5,679","1,517","1,272","0,511","0,730","0,086","0,196","1,512"
2022.0,73.0,Dominican Republic,"5,569","5,712","5,426","1,536","1,227","0,351","0,623","0,083","0,195","1,553"
2021.0,69.0,Dominican Republic,"5,737","5,873","5,601","1,538","1,003","0,577","0,606","0,084","0,179","1,751"
2020.0,74.0,Dominican Republic,"5,545","5,685","5,405","1,106","0,879","0,555","0,581","0,101","0,144","2,178"
2019.0,68.0,Dominican Republic,"5,689","5,826","5,552","0,983","1,329","0,742","0,563","0,112","0,116","1,844"
2018.0,77.0,Dominican Republic,"5,425",,,,,,,,,
2017.0,83.0,Dominican Republic,"5,302",,,,,,,,,
2016.0,86.0,Dominican Republic,"5,230",,,,,,,,,
2015.0,89.0,Dominican Republic,"5,155",,,,,,,,,
2014.0,98.0,Dominican Republic,"4,885",,,,,,,,,
2012.0,95.0,Dominican Republic,"4,963",,,,,,,,,
2011.0,93.0,Dominican Republic,"5,036",,,,,,,,,
2024.0,36.0,Brazil,"6,494","6,593","6,394","1,391","1,519","0,480","0,830","0,089","0,127","2,057"
2023.0,139.0,DR Congo,"3,295","3,462","3,128","0,534","0,665","0,262","0,473","0,189","0,072","1,102"
2022.0,133.0,DR Congo,"3,207","3,394","3,020","0,531","0,784","0,105","0,375","0,183","0,068","1,162"
2019.0,131.0,DR Congo,"4,311","4,525","4,097","0,062","0,833","0,277","0,365","0,254","0,081","2,438"
2018.0,127.0,DR Congo,"4,418",,,,,,,,,
2017.0,132.0,DR Congo,"4,245",,,,,,,,,
2016.0,126.0,DR Congo,"4,280",,,,,,,,,
2015.0,125.0,DR Congo,"4,272",,,,,,,,,
2014.0,120.0,DR Congo,"4,517",,,,,,,,,
2012.0,117.0,DR Congo,"4,578",,,,,,,,,
2011.0,141.0,DR Congo,"3,984",,,,,,,,,
2024.0,37.0,El Salvador,"6,492","6,619","6,365","1,222","1,228","0,559","0,955","0,054","0,264","2,211"
2023.0,74.0,Ecuador,"5,725","5,850","5,599","1,315","1,151","0,640","0,606","0,087","0,078","1,846"
2022.0,74.0,Ecuador,"5,559","5,682","5,436","1,343","1,173","0,476","0,560","0,079","0,069","1,860"
2021.0,76.0,Ecuador,"5,533","5,653","5,414","1,352","0,879","0,708","0,565","0,080","0,083","1,866"
2020.0,67.0,Ecuador,"5,764","5,875","5,653","0,935","0,806","0,640","0,560","0,107","0,062","2,653"
2019.0,58.0,Ecuador,"5,925","6,029","5,822","0,853","1,221","0,839","0,555","0,115","0,087","2,255"
2018.0,50.0,Ecuador,"6,028",,,,,,,,,
2017.0,48.0,Ecuador,"5,973",,,,,,,,,
2016.0,44.0,Ecuador,"6,008",,,,,,,,,
2015.0,51.0,Ecuador,"5,976",,,,,,,,,
2014.0,48.0,Ecuador,"5,975",,,,,,,,,
2012.0,49.0,Ecuador,"5,865",,,,,,,,,
2011.0,66.0,Ecuador,"5,425",,,,,,,,,
2024.0,38.0,Spain,"6,466","6,547","6,385","1,690","1,685","0,894","0,734","0,112","0,180","1,170"
2023.0,127.0,Egypt,"3,977","4,066","3,887","1,370","0,996","0,488","0,490","0,025","0,259","0,349"
2022.0,121.0,Egypt,"4,170","4,287","4,054","1,377","0,972","0,326","0,467","0,038","0,250","0,740"
2021.0,129.0,Egypt,"4,288","4,377","4,198","1,388","0,732","0,548","0,469","0,041","0,254","0,856"
2020.0,133.0,Egypt,"4,283","4,371","4,195","0,954","0,647","0,426","0,446","0,069","0,092","1,648"
2019.0,138.0,Egypt,"4,151","4,222","4,081","0,875","0,983","0,597","0,374","0,069","0,095","1,159"
2018.0,137.0,Egypt,"4,166",,,,,,,,,
2017.0,122.0,Egypt,"4,419",,,,,,,,,
2016.0,104.0,Egypt,"4,735",,,,,,,,,
2015.0,120.0,Egypt,"4,362",,,,,,,,,
2014.0,135.0,Egypt,"4,194",,,,,,,,,
2012.0,130.0,Egypt,"4,273",,,,,,,,,
2011.0,101.0,Egypt,"4,853",,,,,,,,,
2024.0,39.0,Estonia,"6,417","6,497","6,337","1,650","1,716","0,642","0,902","0,128","0,378","1,001"
2023.0,33.0,El Salvador,"6,469","6,599","6,338","1,265","1,080","0,549","0,816","0,083","0,253","2,424"
2022.0,50.0,El Salvador,"6,122","6,257","5,986","1,278","1,044","0,383","0,713","0,079","0,222","2,403"
2021.0,49.0,El Salvador,"6,120","6,250","5,990","1,265","0,768","0,607","0,666","0,089","0,212","2,514"
2020.0,50.0,El Salvador,"6,061","6,188","5,933","0,845","0,675","0,565","0,615","0,116","0,160","3,085"
2019.0,34.0,El Salvador,"6,348","6,462","6,234","0,749","1,149","0,753","0,524","0,119","0,117","2,937"
2018.0,35.0,El Salvador,"6,253",,,,,,,,,
2017.0,40.0,El Salvador,"6,167",,,,,,,,,
2016.0,45.0,El Salvador,"6,003",,,,,,,,,
2015.0,46.0,El Salvador,"6,068",,,,,,,,,
2014.0,42.0,El Salvador,"6,130",,,,,,,,,
2012.0,52.0,El Salvador,"5,809",,,,,,,,,
2011.0,48.0,El Salvador,"5,956",,,,,,,,,
2024.0,40.0,Italy,"6,415","6,521","6,309","1,724","1,526","0,852","0,641","0,082","0,071","1,517"
2023.0,34.0,Estonia,"6,448","6,524","6,371","1,752","1,527","0,657","0,805","0,166","0,401","1,138"
2022.0,31.0,Estonia,"6,455","6,534","6,377","1,798","1,526","0,494","0,728","0,153","0,372","1,383"
2021.0,36.0,Estonia,"6,341","6,415","6,266","1,793","1,232","0,728","0,689","0,123","0,333","1,442"
2020.0,41.0,Estonia,"6,189","6,263","6,115","1,344","1,079","0,640","0,641","0,119","0,263","2,103"
2019.0,51.0,Estonia,"6,022","6,092","5,951","1,192","1,453","0,843","0,577","0,125","0,202","1,630"
2018.0,55.0,Estonia,"5,893",,,,,,,,,
2017.0,63.0,Estonia,"5,739",,,,,,,,,
2016.0,66.0,Estonia,"5,611",,,,,,,,,
2015.0,72.0,Estonia,"5,517",,,,,,,,,
2014.0,73.0,Estonia,"5,429",,,,,,,,,
2012.0,72.0,Estonia,"5,426",,,,,,,,,
2011.0,72.0,Estonia,"5,330",,,,,,,,,
2024.0,41.0,Panama,"6,407","6,531","6,284","1,594","1,600","0,717","0,876","0,041","0,042","1,537"
2023.0,135.0,Eswatini,"3,502","3,673","3,331","1,255","0,925","0,176","0,284","0,059","0,116","0,686"
2021.0,125.0,Eswatini,"4,396","4,607","4,185","1,274","0,786","0,197","0,259","0,038","0,154","1,688"
2024.0,42.0,Argentina,"6,397","6,492","6,302","1,504","1,622","0,579","0,824","0,048","0,083","1,736"
2023.0,130.0,Ethiopia,"3,861","3,997","3,725","0,792","0,915","0,420","0,441","0,270","0,101","0,923"
2022.0,124.0,Ethiopia,"4,091","4,273","3,908","0,793","1,114","0,250","0,451","0,283","0,101","1,099"
2021.0,131.0,Ethiopia,"4,241","4,365","4,118","0,788","0,809","0,457","0,472","0,205","0,136","1,375"
2020.0,134.0,Ethiopia,"4,275","4,374","4,175","0,370","0,679","0,331","0,451","0,241","0,114","2,089"
2019.0,136.0,Ethiopia,"4,186","4,262","4,110","0,315","1,001","0,484","0,413","0,228","0,117","1,628"
2018.0,134.0,Ethiopia,"4,286",,,,,,,,,
2017.0,127.0,Ethiopia,"4,350",,,,,,,,,
2016.0,119.0,Ethiopia,"4,460",,,,,,,,,
2015.0,115.0,Ethiopia,"4,508",,,,,,,,,
2014.0,122.0,Ethiopia,"4,512",,,,,,,,,
2012.0,119.0,Ethiopia,"4,561",,,,,,,,,
2011.0,139.0,Ethiopia,"4,064",,,,,,,,,
2024.0,43.0,Kazakhstan,"6,378","6,462","6,294","1,586","1,688","0,504","0,878","0,111","0,118","1,492"
2023.0,1.0,Finland,"7,741","7,815","7,667","1,844","1,572","0,695","0,859","0,142","0,546","2,082"
2022.0,1.0,Finland,"7,804","7,875","7,733","1,888","1,585","0,535","0,772","0,126","0,535","2,363"
2021.0,1.0,Finland,"7,821","7,886","7,756","1,892","1,258","0,775","0,736","0,109","0,534","2,518"
2020.0,2.0,Finland,"7,842","7,904","7,780","1,446","1,106","0,741","0,691","0,124","0,481","3,253"
2019.0,1.0,Finland,"7,809","7,870","7,748","1,285","1,500","0,961","0,662","0,160","0,478","2,763"
2018.0,1.0,Finland,"7,769",,,,,,,,,
2017.0,1.0,Finland,"7,632",,,,,,,,,
2016.0,5.0,Finland,"7,469",,,,,,,,,
2015.0,5.0,Finland,"7,413",,,,,,,,,
2014.0,6.0,Finland,"7,406",,,,,,,,,
2012.0,7.0,Finland,"7,389",,,,,,,,,
2011.0,2.0,Finland,"7,579",,,,,,,,,
2024.0,44.0,Guatemala,"6,362","6,503","6,222","1,249","1,330","0,376","0,882","0,075","0,085","2,365"
2023.0,27.0,France,"6,609","6,685","6,533","1,818","1,348","0,727","0,650","0,112","0,281","1,672"
2022.0,21.0,France,"6,661","6,735","6,588","1,856","1,433","0,566","0,582","0,083","0,270","1,872"
2021.0,20.0,France,"6,687","6,758","6,615","1,863","1,219","0,808","0,567","0,070","0,266","1,895"
2020.0,22.0,France,"6,690","6,762","6,618","1,421","1,081","0,804","0,536","0,092","0,235","2,521"
2019.0,23.0,France,"6,664","6,737","6,590","1,268","1,459","1,030","0,514","0,113","0,227","2,053"
2018.0,24.0,France,"6,592",,,,,,,,,
2017.0,23.0,France,"6,489",,,,,,,,,
2016.0,31.0,France,"6,442",,,,,,,,,
2015.0,32.0,France,"6,478",,,,,,,,,
2014.0,29.0,France,"6,575",,,,,,,,,
2012.0,25.0,France,"6,764",,,,,,,,,
2011.0,23.0,France,"6,746",,,,,,,,,
2024.0,45.0,Chile,"6,361","6,449","6,273","1,537","1,577","0,711","0,779","0,093","0,085","1,579"
2023.0,95.0,Gabon,"5,106","5,243","4,969","1,403","1,038","0,344","0,516","0,045","0,100","1,660"
2022.0,94.0,Gabon,"5,035","5,175","4,894","1,438","1,021","0,183","0,346","0,036","0,102","1,908"
2021.0,106.0,Gabon,"4,958","5,091","4,826","1,459","0,738","0,396","0,343","0,032","0,099","1,892"
2020.0,113.0,Gabon,"4,852","4,998","4,706","1,037","0,707","0,362","0,424","0,058","0,064","2,201"
2019.0,108.0,Gabon,"4,829","4,947","4,711","0,988","1,106","0,523","0,369","0,052","0,056","1,735"
2018.0,104.0,Gabon,"4,799",,,,,,,,,
2017.0,103.0,Gabon,"4,758",,,,,,,,,
2016.0,118.0,Gabon,"4,465",,,,,,,,,
2015.0,134.0,Gabon,"4,121",,,,,,,,,
2014.0,143.0,Gabon,"3,896",,,,,,,,,
2012.0,138.0,Gabon,"4,114",,,,,,,,,
2024.0,46.0,Viet Nam,"6,352","6,424","6,280","1,278","1,533","0,631","1,012","0,039","0,174","1,684"
2023.0,112.0,Gambia,"4,485","4,625","4,344","0,750","0,684","0,330","0,459","0,324","0,048","1,890"
2022.0,119.0,Gambia,"4,279","4,484","4,075","0,761","0,614","0,174","0,286","0,332","0,033","2,081"
2021.0,93.0,Gambia,"5,164","5,409","4,918","0,785","0,621","0,369","0,367","0,388","0,103","2,531"
2020.0,99.0,Gambia,"5,051","5,225","4,877","0,367","0,511","0,210","0,384","0,465","0,123","2,990"
2019.0,113.0,Gambia,"4,751","4,882","4,619","0,257","0,883","0,353","0,403","0,426","0,158","2,270"
2018.0,120.0,Gambia,"4,516",,,,,,,,,
2024.0,47.0,Nicaragua,"6,330","6,475","6,186","1,084","1,470","0,646","0,912","0,103","0,271","1,844"
2023.0,91.0,Georgia,"5,185","5,283","5,087","1,467","0,990","0,524","0,680","0,000","0,174","1,349"
2022.0,90.0,Georgia,"5,109","5,219","5,000","1,477","0,947","0,366","0,539","0,000","0,201","1,580"
2021.0,105.0,Georgia,"4,973","5,079","4,867","1,467","0,612","0,595","0,508","0,000","0,208","1,583"
2020.0,109.0,Georgia,"4,891","4,998","4,785","1,030","0,470","0,498","0,488","0,032","0,181","2,191"
2019.0,117.0,Georgia,"4,673","4,758","4,588","0,847","0,731","0,695","0,485","0,048","0,174","1,692"
2018.0,119.0,Georgia,"4,519",,,,,,,,,
2017.0,128.0,Georgia,"4,340",,,,,,,,,
2016.0,125.0,Georgia,"4,286",,,,,,,,,
2015.0,126.0,Georgia,"4,252",,,,,,,,,
2014.0,130.0,Georgia,"4,297",,,,,,,,,
2012.0,134.0,Georgia,"4,187",,,,,,,,,
2011.0,146.0,Georgia,"3,892",,,,,,,,,
2024.0,48.0,Malta,"6,316","6,398","6,234","1,760","1,671","0,837","0,837","0,217","0,115","0,879"
2023.0,24.0,Germany,"6,719","6,815","6,622","1,871","1,390","0,702","0,700","0,174","0,368","1,513"
2022.0,16.0,Germany,"6,892","6,989","6,795","1,919","1,401","0,539","0,618","0,153","0,365","1,898"
2021.0,14.0,Germany,"7,034","7,122","6,947","1,924","1,088","0,776","0,585","0,163","0,358","2,142"
2020.0,14.0,Germany,"7,155","7,232","7,077","1,480","0,993","0,757","0,600","0,195","0,306","2,824"
2019.0,17.0,Germany,"7,076","7,146","7,006","1,314","1,369","0,972","0,564","0,252","0,309","2,295"
2018.0,17.0,Germany,"6,985",,,,,,,,,
2017.0,15.0,Germany,"6,965",,,,,,,,,
2016.0,16.0,Germany,"6,951",,,,,,,,,
2015.0,16.0,Germany,"6,994",,,,,,,,,
2014.0,26.0,Germany,"6,750",,,,,,,,,
2012.0,26.0,Germany,"6,672",,,,,,,,,
2011.0,30.0,Germany,"6,572",,,,,,,,,
2024.0,49.0,Thailand,"6,222","6,327","6,117","1,426","1,551","0,633","0,927","0,223","0,039","1,423"
2023.0,120.0,Ghana,"4,289","4,396","4,182","1,077","0,747","0,360","0,623","0,183","0,028","1,273"
2022.0,107.0,Ghana,"4,605","4,729","4,481","1,101","0,756","0,197","0,526","0,211","0,035","1,779"
2021.0,111.0,Ghana,"4,872","4,999","4,745","1,112","0,595","0,409","0,500","0,230","0,056","1,972"
2020.0,96.0,Ghana,"5,088","5,219","4,958","0,680","0,595","0,287","0,517","0,268","0,058","2,684"
2019.0,91.0,Ghana,"5,148","5,263","5,033","0,576","0,966","0,432","0,477","0,261","0,057","2,378"
2018.0,98.0,Ghana,"4,996",,,,,,,,,
2017.0,108.0,Ghana,"4,657",,,,,,,,,
2016.0,131.0,Ghana,"4,120",,,,,,,,,
2015.0,124.0,Ghana,"4,276",,,,,,,,,
2014.0,114.0,Ghana,"4,633",,,,,,,,,
2012.0,86.0,Ghana,"5,091",,,,,,,,,
2011.0,108.0,Ghana,"4,705",,,,,,,,,
2024.0,50.0,Slovakia,"6,221","6,288","6,154","1,629","1,762","0,547","0,704","0,058","0,070","1,451"
2023.0,64.0,Greece,"5,934","6,027","5,840","1,684","1,276","0,696","0,337","0,018","0,093","1,830"
2022.0,58.0,Greece,"5,931","6,024","5,838","1,708","1,247","0,535","0,248","0,008","0,097","2,089"
2021.0,58.0,Greece,"5,948","6,043","5,853","1,703","0,980","0,774","0,249","0,015","0,108","2,119"
2020.0,69.0,Greece,"5,723","5,813","5,632","1,273","0,811","0,760","0,243","0,000","0,074","2,561"
2019.0,77.0,Greece,"5,515","5,607","5,423","1,128","1,169","0,979","0,174","0,000","0,049","2,016"
2018.0,82.0,Greece,"5,287",,,,,,,,,
2017.0,79.0,Greece,"5,358",,,,,,,,,
2016.0,87.0,Greece,"5,227",,,,,,,,,
2015.0,99.0,Greece,"5,033",,,,,,,,,
2014.0,102.0,Greece,"4,857",,,,,,,,,
2012.0,70.0,Greece,"5,435",,,,,,,,,
2011.0,42.0,Greece,"6,133",,,,,,,,,
2024.0,51.0,Latvia,"6,207","6,292","6,123","1,619","1,711","0,503","0,789","0,108","0,082","1,396"
2023.0,42.0,Guatemala,"6,287","6,457","6,117","1,260","1,169","0,467","0,735","0,105","0,078","2,473"
2022.0,43.0,Guatemala,"6,150","6,362","5,939","1,287","1,188","0,310","0,631","0,106","0,066","2,562"
2021.0,39.0,Guatemala,"6,262","6,460","6,064","1,274","0,831","0,522","0,662","0,112","0,115","2,746"
2020.0,31.0,Guatemala,"6,435","6,577","6,292","0,845","0,790","0,519","0,638","0,163","0,105","3,375"
2019.0,29.0,Guatemala,"6,399","6,513","6,284","0,754","1,174","0,706","0,613","0,171","0,098","2,883"
2018.0,27.0,Guatemala,"6,436",,,,,,,,,
2017.0,30.0,Guatemala,"6,382",,,,,,,,,
2016.0,29.0,Guatemala,"6,454",,,,,,,,,
2015.0,39.0,Guatemala,"6,324",,,,,,,,,
2014.0,43.0,Guatemala,"6,123",,,,,,,,,
2012.0,47.0,Guatemala,"5,965",,,,,,,,,
2011.0,37.0,Guatemala,"6,277",,,,,,,,,
2024.0,52.0,Oman,"6,197","6,420","5,973","1,603","1,411","0,500","0,930","0,142",,
2023.0,97.0,Guinea,"5,023","5,166","4,881","0,831","0,622","0,236","0,521","0,210","0,107","2,497"
2022.0,91.0,Guinea,"5,072","5,213","4,931","0,844","0,776","0,072","0,369","0,204","0,102","2,705"
2021.0,109.0,Guinea,"4,891","5,028","4,753","0,848","0,566","0,275","0,334","0,214","0,116","2,538"
2020.0,103.0,Guinea,"4,984","5,160","4,808","0,420","0,399","0,206","0,384","0,250","0,111","3,216"
2019.0,102.0,Guinea,"4,949","5,092","4,806","0,390","0,751","0,334","0,372","0,249","0,112","2,741"
2018.0,118.0,Guinea,"4,534",,,,,,,,,
2017.0,140.0,Guinea,"3,964",,,,,,,,,
2016.0,149.0,Guinea,"3,507",,,,,,,,,
2015.0,151.0,Guinea,"3,607",,,,,,,,,
2014.0,150.0,Guinea,"3,656",,,,,,,,,
2012.0,150.0,Guinea,"3,847",,,,,,,,,
2011.0,136.0,Guinea,"4,171",,,,,,,,,
2011.0,45.0,Guyana,"5,993",,,,,,,,,
2020.0,144.0,Haiti,"3,615","3,953","3,276","0,294","0,173","0,227","0,257","0,463","0,139","2,060"
2019.0,142.0,Haiti,"3,721","3,920","3,522","0,285","0,647","0,374","0,169","0,464","0,162","1,620"
2018.0,147.0,Haiti,"3,597",,,,,,,,,
2017.0,148.0,Haiti,"3,582",,,,,,,,,
2016.0,145.0,Haiti,"3,603",,,,,,,,,
2015.0,136.0,Haiti,"4,028",,,,,,,,,
2014.0,119.0,Haiti,"4,518",,,,,,,,,
2012.0,126.0,Haiti,"4,341",,,,,,,,,
2011.0,150.0,Haiti,"3,789",,,,,,,,,
2024.0,53.0,Uzbekistan,"6,193","6,297","6,088","1,179","1,615","0,654","0,977","0,195","0,208","1,364"
2023.0,61.0,Honduras,"5,968","6,114","5,822","1,091","1,035","0,502","0,720","0,175","0,081","2,364"
2022.0,53.0,Honduras,"6,023","6,196","5,849","1,115","1,072","0,341","0,613","0,189","0,062","2,631"
2021.0,55.0,Honduras,"6,022","6,189","5,855","1,111","0,885","0,555","0,582","0,202","0,076","2,611"
2020.0,60.0,Honduras,"5,919","6,081","5,758","0,703","0,787","0,593","0,578","0,241","0,083","2,934"
2019.0,56.0,Honduras,"5,953","6,082","5,824","0,599","1,187","0,792","0,568","0,257","0,087","2,464"
2018.0,59.0,Honduras,"5,860",,,,,,,,,
2017.0,72.0,Honduras,"5,504",,,,,,,,,
2016.0,91.0,Honduras,"5,181",,,,,,,,,
2015.0,104.0,Honduras,"4,871",,,,,,,,,
2014.0,105.0,Honduras,"4,788",,,,,,,,,
2012.0,84.0,Honduras,"5,142",,,,,,,,,
2011.0,63.0,Honduras,"5,564",,,,,,,,,
2024.0,54.0,Paraguay,"6,172","6,279","6,064","1,329","1,615","0,291","0,921","0,097","0,063","1,857"
2023.0,86.0,Hong Kong SAR of China,"5,316","5,403","5,229","1,909","1,184","0,857","0,485","0,147","0,402","0,333"
2022.0,82.0,Hong Kong SAR of China,"5,308","5,403","5,214","1,951","1,201","0,702","0,407","0,123","0,390","0,535"
2021.0,81.0,Hong Kong SAR of China,"5,425","5,501","5,348","1,957","0,954","0,942","0,400","0,147","0,383","0,642"
2020.0,78.0,Hong Kong SAR of China,"5,477","5,573","5,380","1,525","0,841","0,893","0,408","0,232","0,342","1,236"
2019.0,78.0,Hong Kong SAR of China,"5,510","5,601","5,420","1,377","1,244","1,137","0,459","0,288","0,332","0,673"
2018.0,76.0,Hong Kong SAR of China,"5,430",,,,,,,,,
2017.0,76.0,Hong Kong SAR of China,"5,430",,,,,,,,,
2016.0,71.0,Hong Kong SAR of China,"5,472",,,,,,,,,
2015.0,75.0,Hong Kong SAR of China,"5,458",,,,,,,,,
2014.0,72.0,Hong Kong SAR of China,"5,474",,,,,,,,,
2012.0,64.0,Hong Kong SAR of China,"5,523",,,,,,,,,
2011.0,67.0,Hong Kong SAR of China,"5,424",,,,,,,,,
2024.0,55.0,Japan,"6,147","6,230","6,063","1,678","1,550","0,921","0,746","0,014","0,200","1,038"
2023.0,56.0,Hungary,"6,017","6,124","5,910","1,722","1,528","0,596","0,581","0,123","0,067","1,400"
2022.0,51.0,Hungary,"6,041","6,149","5,933","1,754","1,519","0,435","0,501","0,105","0,065","1,663"
2021.0,51.0,Hungary,"6,086","6,187","5,985","1,748","1,233","0,668","0,485","0,078","0,064","1,812"
2020.0,54.0,Hungary,"5,992","6,085","5,899","1,301","1,083","0,615","0,454","0,067","0,040","2,432"
2019.0,53.0,Hungary,"6,000","6,078","5,923","1,164","1,423","0,807","0,386","0,070","0,028","2,122"
2018.0,62.0,Hungary,"5,758",,,,,,,,,
2017.0,69.0,Hungary,"5,620",,,,,,,,,
2016.0,75.0,Hungary,"5,324",,,,,,,,,
2015.0,91.0,Hungary,"5,145",,,,,,,,,
2014.0,104.0,Hungary,"4,800",,,,,,,,,
2012.0,110.0,Hungary,"4,775",,,,,,,,,
2011.0,96.0,Hungary,"4,943",,,,,,,,,
2024.0,56.0,Bosnia and Herzegovina,"6,136","6,234","6,039","1,405","1,545","0,616","0,749","0,178","0,009","1,635"
2023.0,3.0,Iceland,"7,525","7,618","7,433","1,881","1,617","0,718","0,819","0,258","0,182","2,050"
2022.0,3.0,Iceland,"7,530","7,625","7,434","1,926","1,620","0,559","0,738","0,250","0,187","2,250"
2021.0,3.0,Iceland,"7,557","7,651","7,464","1,936","1,320","0,803","0,718","0,270","0,191","2,320"
2020.0,5.0,Iceland,"7,554","7,670","7,438","1,482","1,172","0,772","0,698","0,293","0,170","2,967"
2019.0,4.0,Iceland,"7,504","7,621","7,388","1,327","1,548","1,001","0,662","0,362","0,145","2,461"
2018.0,4.0,Iceland,"7,494",,,,,,,,,
2017.0,4.0,Iceland,"7,495",,,,,,,,,
2016.0,3.0,Iceland,"7,504",,,,,,,,,
2015.0,3.0,Iceland,"7,501",,,,,,,,,
2014.0,2.0,Iceland,"7,561",,,,,,,,,
2012.0,9.0,Iceland,"7,355",,,,,,,,,
2011.0,20.0,Iceland,"6,888",,,,,,,,,
2024.0,57.0,Philippines,"6,107","6,220","5,994","1,177","1,385","0,315","0,966","0,075","0,110","2,079"
2023.0,126.0,India,"4,054","4,123","3,985","1,166","0,653","0,417","0,767","0,174","0,122","0,756"
2022.0,126.0,India,"4,036","4,092","3,980","1,159","0,674","0,252","0,685","0,175","0,111","0,979"
2021.0,136.0,India,"3,777","3,828","3,726","1,167","0,376","0,471","0,647","0,198","0,123","0,795"
2020.0,140.0,India,"3,819","3,869","3,769","0,741","0,316","0,383","0,622","0,246","0,106","1,405"
2019.0,144.0,India,"3,573","3,628","3,519","0,731","0,644","0,541","0,581","0,237","0,106","0,734"
2018.0,140.0,India,"4,015",,,,,,,,,
2017.0,133.0,India,"4,190",,,,,,,,,
2016.0,122.0,India,"4,315",,,,,,,,,
2015.0,118.0,India,"4,404",,,,,,,,,
2014.0,117.0,India,"4,565",,,,,,,,,
2012.0,111.0,India,"4,772",,,,,,,,,
2011.0,94.0,India,"4,975",,,,,,,,,
2024.0,58.0,Republic of Korea,"6,038","6,131","5,945","1,709","1,357","0,903","0,678","0,100","0,139","1,152"
2023.0,80.0,Indonesia,"5,568","5,670","5,466","1,361","1,184","0,472","0,779","0,399","0,055","1,318"
2022.0,84.0,Indonesia,"5,277","5,392","5,161","1,384","1,169","0,314","0,663","0,422","0,038","1,288"
2021.0,87.0,Indonesia,"5,240","5,341","5,139","1,382","0,883","0,539","0,620","0,468","0,047","1,300"
2020.0,83.0,Indonesia,"5,345","5,454","5,235","0,954","0,786","0,433","0,598","0,541","0,046","1,987"
2019.0,84.0,Indonesia,"5,286","5,379","5,192","0,892","1,155","0,610","0,568","0,543","0,038","1,480"
2018.0,92.0,Indonesia,"5,192",,,,,,,,,
2017.0,96.0,Indonesia,"5,093",,,,,,,,,
2016.0,81.0,Indonesia,"5,262",,,,,,,,,
2015.0,79.0,Indonesia,"5,314",,,,,,,,,
2014.0,74.0,Indonesia,"5,399",,,,,,,,,
2012.0,76.0,Indonesia,"5,348",,,,,,,,,
2011.0,83.0,Indonesia,"5,159",,,,,,,,,
2024.0,59.0,Bahrain,"6,030","6,170","5,891","1,752","1,391","0,609","0,907","0,148","0,167","1,057"
2023.0,100.0,Iran,"4,923","5,024","4,822","1,435","1,136","0,571","0,366","0,235","0,123","1,057"
2022.0,101.0,Iran,"4,876","4,980","4,772","1,465","1,102","0,411","0,281","0,229","0,130","1,259"
2021.0,110.0,Iran,"4,888","4,995","4,780","1,410","0,741","0,642","0,281","0,241","0,146","1,427"
2020.0,119.0,Iran,"4,721","4,828","4,614","1,030","0,557","0,561","0,275","0,330","0,144","1,823"
2019.0,118.0,Iran,"4,672","4,782","4,563","1,029","0,886","0,749","0,301","0,277","0,143","1,287"
2018.0,117.0,Iran,"4,548",,,,,,,,,
2017.0,106.0,Iran,"4,707",,,,,,,,,
2016.0,108.0,Iran,"4,692",,,,,,,,,
2015.0,105.0,Iran,"4,813",,,,,,,,,
2014.0,110.0,Iran,"4,686",,,,,,,,,
2012.0,115.0,Iran,"4,643",,,,,,,,,
2011.0,84.0,Iran,"5,149",,,,,,,,,
2024.0,60.0,Portugal,"6,013","6,118","5,907","1,646","1,560","0,822","0,879","0,040","0,034","1,032"
2023.0,92.0,Iraq,"5,166","5,283","5,049","1,249","0,996","0,498","0,425","0,141","0,048","1,809"
2022.0,98.0,Iraq,"4,941","5,099","4,783","1,281","0,953","0,324","0,351","0,134","0,038","1,861"
2021.0,107.0,Iraq,"4,941","5,099","4,783","1,289","0,682","0,554","0,328","0,147","0,046","1,894"
2020.0,112.0,Iraq,"4,854","4,970","4,738","0,910","0,638","0,381","0,302","0,153","0,041","2,429"
2019.0,110.0,Iraq,"4,785","4,937","4,632","0,982","1,011","0,529","0,284","0,153","0,073","1,752"
2018.0,126.0,Iraq,"4,437",,,,,,,,,
2017.0,117.0,Iraq,"4,456",,,,,,,,,
2016.0,117.0,Iraq,"4,497",,,,,,,,,
2015.0,112.0,Iraq,"4,575",,,,,,,,,
2014.0,112.0,Iraq,"4,677",,,,,,,,,
2012.0,105.0,Iraq,"4,817",,,,,,,,,
2011.0,98.0,Iraq,"4,882",,,,,,,,,
2024.0,61.0,Colombia,"6,004","6,112","5,897","1,380","1,513","0,587","0,777","0,039","0,051","1,658"
2023.0,17.0,Ireland,"6,838","6,927","6,749","2,129","1,390","0,700","0,758","0,205","0,418","1,239"
2022.0,14.0,Ireland,"6,911","6,996","6,825","2,152","1,425","0,539","0,656","0,186","0,409","1,545"
2021.0,13.0,Ireland,"7,041","7,121","6,961","2,129","1,166","0,779","0,627","0,190","0,408","1,743"
2020.0,16.0,Ireland,"7,085","7,164","7,006","1,644","1,092","0,753","0,606","0,238","0,367","2,384"
2019.0,16.0,Ireland,"7,094","7,172","7,016","1,447","1,471","0,976","0,588","0,295","0,373","1,944"
2018.0,16.0,Ireland,"7,021",,,,,,,,,
2017.0,14.0,Ireland,"6,977",,,,,,,,,
2016.0,15.0,Ireland,"6,977",,,,,,,,,
2015.0,19.0,Ireland,"6,907",,,,,,,,,
2014.0,18.0,Ireland,"6,940",,,,,,,,,
2012.0,18.0,Ireland,"7,076",,,,,,,,,
2011.0,10.0,Ireland,"7,284",,,,,,,,,
2024.0,62.0,Ecuador,"5,965","6,083","5,848","1,299","1,320","0,702","0,712","0,058","0,066","1,808"
2023.0,5.0,Israel,"7,341","7,405","7,277","1,803","1,513","0,740","0,641","0,153","0,193","2,298"
2022.0,4.0,Israel,"7,473","7,535","7,411","1,833","1,521","0,577","0,569","0,124","0,158","2,691"
2021.0,9.0,Israel,"7,364","7,426","7,301","1,826","1,221","0,818","0,568","0,155","0,143","2,634"
2020.0,13.0,Israel,"7,157","7,224","7,090","1,376","1,074","0,788","0,509","0,208","0,119","3,083"
2019.0,14.0,Israel,"7,129","7,212","7,045","1,216","1,403","1,008","0,421","0,267","0,100","2,713"
2018.0,13.0,Israel,"7,139",,,,,,,,,
2017.0,11.0,Israel,"7,190",,,,,,,,,
2016.0,11.0,Israel,"7,213",,,,,,,,,
2015.0,11.0,Israel,"7,267",,,,,,,,,
2014.0,11.0,Israel,"7,278",,,,,,,,,
2012.0,11.0,Israel,"7,301",,,,,,,,,
2011.0,14.0,Israel,"7,199",,,,,,,,,
2024.0,63.0,Honduras,"5,964","6,108","5,821","1,036","1,187","0,436","0,862","0,134","0,079","2,229"
2023.0,41.0,Italy,"6,324","6,436","6,211","1,800","1,328","0,720","0,513","0,112","0,074","1,777"
2022.0,33.0,Italy,"6,405","6,511","6,298","1,832","1,365","0,559","0,438","0,097","0,063","2,052"
2021.0,31.0,Italy,"6,467","6,570","6,363","1,834","1,052","0,801","0,412","0,085","0,059","2,222"
2020.0,29.0,Italy,"6,483","6,572","6,395","1,393","0,940","0,798","0,379","0,133","0,047","2,794"
2019.0,30.0,Italy,"6,387","6,472","6,303","1,236","1,347","1,023","0,321","0,170","0,040","2,250"
2018.0,36.0,Italy,"6,223",,,,,,,,,
2017.0,47.0,Italy,"6,000",,,,,,,,,
2016.0,48.0,Italy,"5,964",,,,,,,,,
2015.0,50.0,Italy,"5,977",,,,,,,,,
2014.0,50.0,Italy,"5,948",,,,,,,,,
2012.0,45.0,Italy,"6,021",,,,,,,,,
2011.0,28.0,Italy,"6,578",,,,,,,,,
2024.0,64.0,Malaysia,"5,955","6,055","5,854","1,571","1,315","0,446","0,991","0,181","0,110","1,341"
2023.0,67.0,Jamaica,"5,842","6,059","5,624","1,280","1,324","0,567","0,647","0,089","0,028","1,907"
2022.0,68.0,Jamaica,"5,703","5,876","5,529","1,305","1,329","0,411","0,587","0,079","0,039","1,954"
2021.0,63.0,Jamaica,"5,850","6,023","5,676","1,296","1,045","0,646","0,567","0,080","0,053","2,164"
2020.0,38.0,Jamaica,"6,309","6,615","6,004","0,891","0,932","0,599","0,618","0,099","0,035","3,135"
2019.0,60.0,Jamaica,"5,890","6,126","5,653","0,779","1,408","0,788","0,553","0,116","0,030","2,214"
2018.0,56.0,Jamaica,"5,890",,,,,,,,,
2017.0,56.0,Jamaica,"5,890",,,,,,,,,
2016.0,76.0,Jamaica,"5,311",,,,,,,,,
2015.0,73.0,Jamaica,"5,510",,,,,,,,,
2014.0,65.0,Jamaica,"5,709",,,,,,,,,
2012.0,75.0,Jamaica,"5,374",,,,,,,,,
2011.0,40.0,Jamaica,"6,208",,,,,,,,,
2024.0,65.0,Peru,"5,947","6,049","5,844","1,323","1,364","0,551","0,710","0,050","0,021","1,929"
2023.0,51.0,Japan,"6,060","6,144","5,976","1,786","1,354","0,785","0,632","0,023","0,219","1,261"
2022.0,47.0,Japan,"6,129","6,211","6,047","1,825","1,396","0,622","0,556","0,009","0,207","1,513"
2021.0,54.0,Japan,"6,039","6,119","5,959","1,835","1,089","0,866","0,537","0,007","0,218","1,487"
2020.0,57.0,Japan,"5,940","6,020","5,861","1,389","0,949","0,838","0,504","0,020","0,192","2,048"
2019.0,62.0,Japan,"5,871","5,952","5,790","1,267","1,332","1,073","0,495","0,036","0,181","1,486"
2018.0,58.0,Japan,"5,886",,,,,,,,,
2017.0,54.0,Japan,"5,915",,,,,,,,,
2016.0,51.0,Japan,"5,920",,,,,,,,,
2015.0,53.0,Japan,"5,921",,,,,,,,,
2014.0,46.0,Japan,"5,987",,,,,,,,,
2012.0,43.0,Japan,"6,064",,,,,,,,,
2011.0,44.0,Japan,"6,059",,,,,,,,,
2024.0,66.0,Russian Federation,"5,945","6,026","5,865","1,630","1,549","0,470","0,702","0,095","0,125","1,373"
2023.0,125.0,Jordan,"4,186","4,306","4,066","1,262","0,983","0,594","0,593","0,059","0,189","0,504"
2022.0,123.0,Jordan,"4,120","4,242","3,997","1,292","0,980","0,438","0,517","0,056","0,173","0,663"
2021.0,134.0,Jordan,"4,152","4,276","4,029","1,324","0,724","0,675","0,476","0,058","0,200","0,695"
2020.0,128.0,Jordan,"4,395","4,516","4,273","0,890","0,685","0,583","0,455","0,079","0,150","1,553"
2019.0,119.0,Jordan,"4,633","4,749","4,518","0,785","1,140","0,778","0,425","0,091","0,152","1,262"
2018.0,101.0,Jordan,"4,906",,,,,,,,,
2017.0,90.0,Jordan,"5,161",,,,,,,,,
2016.0,74.0,Jordan,"5,336",,,,,,,,,
2015.0,80.0,Jordan,"5,303",,,,,,,,,
2014.0,82.0,Jordan,"5,192",,,,,,,,,
2012.0,74.0,Jordan,"5,414",,,,,,,,,
2011.0,54.0,Jordan,"5,706",,,,,,,,,
2024.0,67.0,Cyprus,"5,942","6,058","5,827","1,720","1,348","0,840","0,612","0,108","0,041","1,273"
2023.0,49.0,Kazakhstan,"6,188","6,278","6,097","1,622","1,457","0,556","0,733","0,149","0,120","1,551"
2022.0,44.0,Kazakhstan,"6,144","6,239","6,049","1,664","1,491","0,389","0,628","0,136","0,149","1,688"
2021.0,40.0,Kazakhstan,"6,234","6,330","6,138","1,668","1,220","0,611","0,584","0,134","0,157","1,860"
2020.0,46.0,Kazakhstan,"6,152","6,243","6,060","1,230","1,103","0,527","0,573","0,143","0,132","2,446"
2019.0,50.0,Kazakhstan,"6,058","6,143","5,973","1,123","1,453","0,699","0,497","0,154","0,110","2,022"
2018.0,60.0,Kazakhstan,"5,809",,,,,,,,,
2017.0,60.0,Kazakhstan,"5,790",,,,,,,,,
2016.0,60.0,Kazakhstan,"5,819",,,,,,,,,
2015.0,54.0,Kazakhstan,"5,919",,,,,,,,,
2014.0,54.0,Kazakhstan,"5,855",,,,,,,,,
2012.0,57.0,Kazakhstan,"5,671",,,,,,,,,
2011.0,59.0,Kazakhstan,"5,594",,,,,,,,,
2024.0,68.0,China,"5,921","6,023","5,819","1,445","1,307","0,789","0,764","0,079","0,154","1,382"
2023.0,114.0,Kenya,"4,470","4,595","4,344","1,037","0,895","0,353","0,519","0,282","0,069","1,316"
2022.0,111.0,Kenya,"4,487","4,616","4,357","1,051","0,881","0,190","0,418","0,291","0,055","1,601"
2021.0,119.0,Kenya,"4,543","4,683","4,403","1,032","0,605","0,401","0,440","0,322","0,082","1,661"
2020.0,122.0,Kenya,"4,607","4,747","4,466","0,603","0,508","0,385","0,483","0,375","0,073","2,180"
2019.0,121.0,Kenya,"4,583","4,716","4,450","0,476","0,905","0,536","0,519","0,394","0,067","1,685"
2018.0,121.0,Kenya,"4,509",,,,,,,,,
2017.0,124.0,Kenya,"4,410",,,,,,,,,
2016.0,112.0,Kenya,"4,553",,,,,,,,,
2015.0,122.0,Kenya,"4,356",,,,,,,,,
2014.0,125.0,Kenya,"4,419",,,,,,,,,
2012.0,123.0,Kenya,"4,403",,,,,,,,,
2011.0,134.0,Kenya,"4,180",,,,,,,,,
2024.0,69.0,Hungary,"5,915","6,020","5,809","1,638","1,742","0,587","0,681","0,099","0,057","1,111"
2023.0,29.0,Kosovo,"6,561","6,667","6,455","1,364","1,277","0,599","0,739","0,254","0,073","2,255"
2022.0,34.0,Kosovo,"6,368","6,485","6,250","1,374","1,269","0,372","0,639","0,275","0,045","2,393"
2021.0,32.0,Kosovo,"6,455","6,571","6,339","1,362","0,949","0,569","0,599","0,309","0,035","2,631"
2020.0,34.0,Kosovo,"6,372","6,487","6,257","0,937","0,807","0,483","0,593","0,356","0,014","3,182"
2019.0,35.0,Kosovo,"6,325","6,428","6,223","0,840","1,184","0,673","0,557","0,325","0,009","2,737"
2018.0,46.0,Kosovo,"6,100",,,,,,,,,
2017.0,66.0,Kosovo,"5,662",,,,,,,,,
2016.0,78.0,Kosovo,"5,279",,,,,,,,,
2015.0,77.0,Kosovo,"5,401",,,,,,,,,
2014.0,69.0,Kosovo,"5,589",,,,,,,,,
2012.0,83.0,Kosovo,"5,222",,,,,,,,,
2011.0,68.0,Kosovo,"5,420",,,,,,,,,
2024.0,70.0,Trinidad and Tobago,"5,905","6,159","5,651","1,549","1,532","0,419","0,760","0,111","0,001","1,533"
2023.0,13.0,Kuwait,"6,951","7,060","6,843","1,845","1,364","0,661","0,827","0,200","0,172","1,884"
2021.0,50.0,Kuwait,"6,106","6,235","5,977","1,904","0,983","0,747","0,617","0,087","0,147","1,621"
2020.0,48.0,Kuwait,"6,106","6,235","5,977","1,461","0,857","0,580","0,591","0,120","0,130","2,368"
2019.0,48.0,Kuwait,"6,102","6,207","5,998","1,425","1,245","0,776","0,570","0,133","0,113","1,840"
2018.0,51.0,Kuwait,"6,021",,,,,,,,,
2017.0,45.0,Kuwait,"6,083",,,,,,,,,
2016.0,39.0,Kuwait,"6,105",,,,,,,,,
2015.0,41.0,Kuwait,"6,239",,,,,,,,,
2014.0,39.0,Kuwait,"6,295",,,,,,,,,
2012.0,32.0,Kuwait,"6,515",,,,,,,,,
2011.0,29.0,Kuwait,"6,574",,,,,,,,,
2024.0,71.0,Montenegro,"5,877","5,965","5,789","1,507","1,551","0,618","0,768","0,075","0,138","1,220"
2023.0,75.0,Kyrgyzstan,"5,714","5,795","5,632","1,054","1,477","0,588","0,834","0,225","0,030","1,505"
2022.0,62.0,Kyrgyzstan,"5,825","5,913","5,737","1,061","1,439","0,417","0,735","0,234","0,018","1,920"
2021.0,64.0,Kyrgyzstan,"5,828","5,916","5,741","1,069","1,109","0,638","0,693","0,208","0,025","2,087"
2020.0,68.0,Kyrgyzstan,"5,744","5,834","5,653","0,665","0,971","0,501","0,673","0,266","0,020","2,648"
2019.0,74.0,Kyrgyzstan,"5,542","5,627","5,456","0,513","1,341","0,681","0,615","0,301","0,030","2,060"
2018.0,86.0,Kyrgyzstan,"5,261",,,,,,,,,
2017.0,92.0,Kyrgyzstan,"5,131",,,,,,,,,
2016.0,98.0,Kyrgyzstan,"5,004",,,,,,,,,
2015.0,85.0,Kyrgyzstan,"5,185",,,,,,,,,
2014.0,77.0,Kyrgyzstan,"5,286",,,,,,,,,
2012.0,89.0,Kyrgyzstan,"5,042",,,,,,,,,
2011.0,102.0,Kyrgyzstan,"4,828",,,,,,,,,
2024.0,72.0,Croatia,"5,870","5,963","5,777","1,644","1,673","0,669","0,478","0,022","0,065","1,319"
2023.0,94.0,Lao PDR,"5,139","5,261","5,017","1,208","0,846","0,423","0,796","0,170","0,167","1,529"
2022.0,89.0,Lao PDR,"5,111","5,269","4,952","1,232","0,853","0,257","0,715","0,185","0,162","1,707"
2021.0,95.0,Lao PDR,"5,140","5,263","5,018","1,239","0,654","0,479","0,679","0,197","0,184","1,709"
2020.0,101.0,Lao PDR,"5,030","5,119","4,941","0,808","0,598","0,330","0,643","0,268","0,179","2,204"
2019.0,104.0,Lao PDR,"4,889","4,968","4,810","0,715","0,987","0,486","0,612","0,273","0,194","1,621"
2018.0,105.0,Lao PDR,"4,796",,,,,,,,,
2017.0,110.0,Lao PDR,"4,623",,,,,,,,,
2015.0,102.0,Lao PDR,"4,876",,,,,,,,,
2014.0,99.0,Lao PDR,"4,876",,,,,,,,,
2012.0,109.0,Lao PDR,"4,787",,,,,,,,,
2011.0,82.0,Lao PDR,"5,161",,,,,,,,,
2024.0,73.0,Jamaica,"5,870","6,178","5,563","1,182","1,545","0,504","0,869","0,075","0,019","1,676"
2023.0,46.0,Latvia,"6,234","6,314","6,155","1,700","1,508","0,564","0,666","0,127","0,078","1,590"
2022.0,41.0,Latvia,"6,213","6,295","6,131","1,737","1,505","0,405","0,580","0,107","0,071","1,808"
2021.0,42.0,Latvia,"6,180","6,255","6,106","1,732","1,221","0,637","0,502","0,075","0,090","1,923"
2020.0,52.0,Latvia,"6,032","6,103","5,961","1,285","1,047","0,587","0,405","0,082","0,089","2,536"
2019.0,57.0,Latvia,"5,950","6,018","5,882","1,141","1,414","0,778","0,329","0,075","0,090","2,121"
2018.0,53.0,Latvia,"5,940",,,,,,,,,
2017.0,53.0,Latvia,"5,933",,,,,,,,,
2016.0,54.0,Latvia,"5,850",,,,,,,,,
2015.0,68.0,Latvia,"5,560",,,,,,,,,
2014.0,89.0,Latvia,"5,098",,,,,,,,,
2012.0,88.0,Latvia,"5,046",,,,,,,,,
2011.0,106.0,Latvia,"4,762",,,,,,,,,
2024.0,74.0,Bolivia,"5,868","5,977","5,758","1,173","1,356","0,346","0,817","0,067","0,052","2,057"
2023.0,142.0,Lebanon,"2,707","2,797","2,616","1,377","0,577","0,556","0,173","0,068","0,029","-0,073"
2022.0,136.0,Lebanon,"2,392","2,479","2,305","1,417","0,476","0,398","0,123","0,061","0,027","-0,110"
2021.0,145.0,Lebanon,"2,955","3,049","2,862","1,392","0,498","0,631","0,103","0,082","0,034","0,216"
2020.0,124.0,Lebanon,"4,584","4,691","4,477","1,045","0,868","0,595","0,175","0,140","0,026","1,736"
2019.0,111.0,Lebanon,"4,772","4,857","4,686","0,889","1,192","0,789","0,186","0,159","0,022","1,536"
2018.0,91.0,Lebanon,"5,197",,,,,,,,,
2017.0,88.0,Lebanon,"5,199",,,,,,,,,
2016.0,88.0,Lebanon,"5,225",,,,,,,,,
2015.0,93.0,Lebanon,"5,129",,,,,,,,,
2014.0,103.0,Lebanon,"4,839",,,,,,,,,
2012.0,97.0,Lebanon,"4,931",,,,,,,,,
2011.0,92.0,Lebanon,"5,049",,,,,,,,,
2024.0,75.0,Kyrgyzstan,"5,858","5,938","5,778","1,032","1,715","0,647","0,981","0,169","0,053","1,261"
2023.0,141.0,Lesotho,"3,186","3,469","2,904","0,771","0,851","0,000","0,523","0,082","0,085","0,875"
2021.0,141.0,Lesotho,"3,512","3,748","3,276","0,839","0,848","0,000","0,419","0,076","0,018","1,312"
2020.0,146.0,Lesotho,"3,512","3,748","3,276","0,451","0,731","0,007","0,405","0,103","0,015","1,800"
2019.0,143.0,Lesotho,"3,653","3,814","3,492","0,455","1,089","0,101","0,409","0,103","0,050","1,446"
2018.0,144.0,Lesotho,"3,802",,,,,,,,,
2017.0,141.0,Lesotho,"3,808",,,,,,,,,
2016.0,139.0,Lesotho,"3,808",,,,,,,,,
2014.0,97.0,Lesotho,"4,898",,,,,,,,,
2012.0,98.0,Lesotho,"4,898",,,,,,,,,
2024.0,76.0,Dominican Republic,"5,846","5,988","5,705","1,457","1,500","0,615","0,866","0,063","0,186","1,160"
2023.0,121.0,Liberia,"4,269","4,474","4,063","0,619","0,673","0,301","0,546","0,178","0,075","1,878"
2022.0,125.0,Liberia,"4,042","4,325","3,760","0,628","0,644","0,141","0,471","0,219","0,071","1,869"
2021.0,97.0,Liberia,"5,122","5,428","4,815","0,636","0,670","0,309","0,405","0,178","0,080","2,844"
2020.0,121.0,Liberia,"4,625","4,833","4,417","0,228","0,580","0,253","0,430","0,221","0,057","2,857"
2019.0,124.0,Liberia,"4,558","4,719","4,397","0,174","0,921","0,392","0,406","0,227","0,051","2,387"
2018.0,141.0,Liberia,"3,975",,,,,,,,,
2017.0,149.0,Liberia,"3,495",,,,,,,,,
2016.0,148.0,Liberia,"3,533",,,,,,,,,
2015.0,150.0,Liberia,"3,622",,,,,,,,,
2014.0,116.0,Liberia,"4,571",,,,,,,,,
2012.0,133.0,Liberia,"4,196",,,,,,,,,
2011.0,140.0,Liberia,"4,040",,,,,,,,,
2024.0,77.0,Mongolia,"5,833","5,919","5,747","1,336","1,731","0,423","0,629","0,180","0,053","1,481"
2023.0,66.0,Libya,"5,866","5,987","5,746","1,526","1,100","0,550","0,592","0,111","0,204","1,785"
2021.0,86.0,Libya,"5,330","5,543","5,118","1,476","0,943","0,606","0,477","0,106","0,179","1,544"
2020.0,81.0,Libya,"5,410","5,558","5,262","1,044","0,821","0,435","0,474","0,131","0,174","2,331"
2019.0,80.0,Libya,"5,489","5,608","5,370","1,022","1,196","0,616","0,451","0,143","0,172","1,889"
2018.0,72.0,Libya,"5,525",,,,,,,,,
2017.0,70.0,Libya,"5,566",,,,,,,,,
2016.0,68.0,Libya,"5,525",,,,,,,,,
2015.0,67.0,Libya,"5,615",,,,,,,,,
2014.0,63.0,Libya,"5,754",,,,,,,,,
2012.0,78.0,Libya,"5,340",,,,,,,,,
2011.0,81.0,Libya,"5,178",,,,,,,,,
2024.0,78.0,Mauritius,"5,832","5,948","5,715","1,499","1,521","0,617","0,761","0,095","0,130","1,209"
2023.0,19.0,Lithuania,"6,818","6,896","6,739","1,766","1,454","0,598","0,533","0,044","0,116","2,307"
2022.0,20.0,Lithuania,"6,763","6,849","6,677","1,808","1,511","0,432","0,487","0,059","0,089","2,377"
2021.0,34.0,Lithuania,"6,446","6,535","6,356","1,804","1,204","0,659","0,496","0,053","0,077","2,153"
2020.0,39.0,Lithuania,"6,255","6,344","6,167","1,350","1,065","0,612","0,476","0,056","0,073","2,624"
2019.0,41.0,Lithuania,"6,215","6,302","6,129","1,194","1,433","0,795","0,420","0,054","0,081","2,238"
2018.0,42.0,Lithuania,"6,149",,,,,,,,,
2017.0,50.0,Lithuania,"5,952",,,,,,,,,
2016.0,52.0,Lithuania,"5,902",,,,,,,,,
2015.0,60.0,Lithuania,"5,813",,,,,,,,,
2014.0,56.0,Lithuania,"5,833",,,,,,,,,
2012.0,71.0,Lithuania,"5,426",,,,,,,,,
2011.0,60.0,Lithuania,"5,588",,,,,,,,,
2024.0,79.0,Libya,"5,820","5,913","5,727","1,247","1,309","0,549","0,724","0,111","0,214","1,666"
2023.0,8.0,Luxembourg,"7,122","7,213","7,031","2,141","1,355","0,708","0,801","0,146","0,432","1,540"
2022.0,9.0,Luxembourg,"7,228","7,363","7,093","2,200","1,357","0,549","0,710","0,149","0,418","1,845"
2021.0,6.0,Luxembourg,"7,404","7,501","7,307","2,209","1,155","0,790","0,700","0,120","0,388","2,042"
2020.0,9.0,Luxembourg,"7,324","7,396","7,252","1,751","1,003","0,760","0,639","0,166","0,353","2,653"
2019.0,10.0,Luxembourg,"7,238","7,298","7,177","1,537","1,388","0,986","0,610","0,196","0,367","2,154"
2018.0,14.0,Luxembourg,"7,090",,,,,,,,,
2017.0,17.0,Luxembourg,"6,910",,,,,,,,,
2016.0,18.0,Luxembourg,"6,863",,,,,,,,,
2015.0,20.0,Luxembourg,"6,871",,,,,,,,,
2014.0,17.0,Luxembourg,"6,946",,,,,,,,,
2012.0,19.0,Luxembourg,"7,054",,,,,,,,,
2011.0,16.0,Luxembourg,"7,051",,,,,,,,,
2019.0,90.0,Macedonia,"5,160","5,251","5,068","0,935","1,183","0,803","0,410","0,186","0,025","1,618"
2024.0,80.0,Republic of Moldova,"5,819","5,933","5,706","1,332","1,430","0,414","0,830","0,054","0,037","1,722"
2023.0,123.0,Madagascar,"4,228","4,359","4,097","0,628","0,823","0,333","0,250","0,172","0,123","1,897"
2022.0,127.0,Madagascar,"4,019","4,199","3,839","0,632","0,779","0,178","0,187","0,177","0,134","1,932"
2021.0,128.0,Madagascar,"4,339","4,530","4,148","0,670","0,645","0,378","0,202","0,143","0,154","2,148"
2020.0,136.0,Madagascar,"4,208","4,349","4,068","0,266","0,503","0,341","0,207","0,185","0,087","2,620"
2019.0,137.0,Madagascar,"4,166","4,278","4,053","0,245","0,824","0,501","0,193","0,191","0,076","2,136"
2018.0,143.0,Madagascar,"3,933",,,,,,,,,
2017.0,143.0,Madagascar,"3,774",,,,,,,,,
2016.0,144.0,Madagascar,"3,644",,,,,,,,,
2015.0,148.0,Madagascar,"3,695",,,,,,,,,
2014.0,147.0,Madagascar,"3,681",,,,,,,,,
2012.0,146.0,Madagascar,"3,966",,,,,,,,,
2011.0,129.0,Madagascar,"4,309",,,,,,,,,
2024.0,81.0,Greece,"5,776","5,875","5,677","1,608","1,438","0,725","0,396","0,003","0,063","1,543"
2023.0,136.0,Malawi,"3,421","3,561","3,281","0,617","0,410","0,349","0,571","0,135","0,136","1,203"
2022.0,131.0,Malawi,"3,495","3,671","3,320","0,637","0,479","0,189","0,490","0,139","0,129","1,432"
2021.0,138.0,Malawi,"3,750","3,941","3,560","0,648","0,279","0,388","0,477","0,140","0,157","1,661"
2020.0,145.0,Malawi,"3,600","3,781","3,419","0,113","0,168","0,298","0,484","0,213","0,134","2,190"
2019.0,145.0,Malawi,"3,538","3,676","3,400","0,177","0,530","0,446","0,487","0,213","0,132","1,553"
2018.0,150.0,Malawi,"3,410",,,,,,,,,
2017.0,147.0,Malawi,"3,587",,,,,,,,,
2016.0,136.0,Malawi,"3,970",,,,,,,,,
2015.0,132.0,Malawi,"4,156",,,,,,,,,
2014.0,131.0,Malawi,"4,292",,,,,,,,,
2012.0,139.0,Malawi,"4,113",,,,,,,,,
2011.0,114.0,Malawi,"4,624",,,,,,,,,
2024.0,82.0,Venezuela,"5,683","5,796","5,570","0,000","1,493","0,515","0,702","0,154","0,117","2,701"
2023.0,59.0,Malaysia,"5,975","6,078","5,872","1,646","1,143","0,540","0,829","0,226","0,119","1,473"
2022.0,55.0,Malaysia,"6,012","6,167","5,858","1,665","1,155","0,385","0,659","0,222","0,122","1,804"
2021.0,70.0,Malaysia,"5,711","5,845","5,578","1,689","0,938","0,620","0,654","0,213","0,126","1,471"
2020.0,82.0,Malaysia,"5,384","5,480","5,289","1,259","0,797","0,587","0,624","0,270","0,064","1,784"
2019.0,82.0,Malaysia,"5,384","5,480","5,289","1,168","1,174","0,789","0,597","0,275","0,062","1,319"
2018.0,80.0,Malaysia,"5,339",,,,,,,,,
2017.0,35.0,Malaysia,"6,322",,,,,,,,,
2016.0,42.0,Malaysia,"6,084",,,,,,,,,
2015.0,47.0,Malaysia,"6,005",,,,,,,,,
2014.0,61.0,Malaysia,"5,770",,,,,,,,,
2012.0,56.0,Malaysia,"5,760",,,,,,,,,
2011.0,51.0,Malaysia,"5,823",,,,,,,,,
2020.0,90.0,Maldives,"5,198","5,339","5,057","1,115","1,015","0,697","0,575","0,204","0,073","1,520"
2019.0,87.0,Maldives,"5,198","5,339","5,057","0,938","1,402","0,914","0,548","0,224","0,072","1,099"
2024.0,83.0,Indonesia,"5,617","5,717","5,516","1,288","1,372","0,454","0,918","0,323","0,044","1,218"
2023.0,122.0,Mali,"4,232","4,347","4,117","0,747","0,688","0,267","0,586","0,120","0,090","1,734"
2022.0,120.0,Mali,"4,198","4,319","4,076","0,763","0,637","0,106","0,441","0,121","0,059","2,070"
2021.0,123.0,Mali,"4,479","4,611","4,347","0,792","0,483","0,311","0,350","0,128","0,042","2,373"
2020.0,118.0,Mali,"4,723","4,884","4,563","0,387","0,590","0,110","0,384","0,164","0,072","3,016"
2019.0,114.0,Mali,"4,729","4,855","4,603","0,352","0,973","0,235","0,378","0,170","0,062","2,559"
2018.0,128.0,Mali,"4,390",,,,,,,,,
2017.0,118.0,Mali,"4,447",,,,,,,,,
2016.0,127.0,Mali,"4,190",,,,,,,,,
2015.0,135.0,Mali,"4,073",,,,,,,,,
2014.0,138.0,Mali,"3,995",,,,,,,,,
2012.0,132.0,Mali,"4,247",,,,,,,,,
2011.0,143.0,Mali,"3,967",,,,,,,,,
2024.0,84.0,Algeria,"5,571","5,674","5,469","1,315","1,363","0,782","0,522","0,057","0,219","1,313"
2023.0,40.0,Malta,"6,346","6,430","6,261","1,827","1,444","0,707","0,727","0,250","0,125","1,267"
2022.0,37.0,Malta,"6,300","6,388","6,212","1,841","1,468","0,547","0,671","0,200","0,143","1,429"
2021.0,33.0,Malta,"6,447","6,535","6,359","1,838","1,169","0,789","0,679","0,174","0,166","1,631"
2020.0,24.0,Malta,"6,602","6,688","6,516","1,411","1,055","0,747","0,664","0,275","0,183","2,268"
2019.0,22.0,Malta,"6,773","6,857","6,689","1,253","1,443","0,972","0,633","0,341","0,179","1,952"
2018.0,22.0,Malta,"6,726",,,,,,,,,
2017.0,22.0,Malta,"6,627",,,,,,,,,
2016.0,27.0,Malta,"6,527",,,,,,,,,
2015.0,30.0,Malta,"6,488",,,,,,,,,
2014.0,37.0,Malta,"6,302",,,,,,,,,
2012.0,48.0,Malta,"5,964",,,,,,,,,
2011.0,47.0,Malta,"5,960",,,,,,,,,
2024.0,85.0,Bulgaria,"5,554","5,647","5,460","1,573","1,725","0,463","0,708","0,055","0,000","1,029"
2023.0,111.0,Mauritania,"4,505","4,673","4,337","1,078","0,705","0,400","0,343","0,133","0,198","1,649"
2022.0,103.0,Mauritania,"4,724","5,011","4,437","1,099","0,764","0,244","0,320","0,130","0,195","1,973"
2021.0,133.0,Mauritania,"4,153","4,356","3,950","1,100","0,865","0,450","0,304","0,088","0,138","1,207"
2020.0,135.0,Mauritania,"4,227","4,365","4,090","0,666","0,749","0,273","0,218","0,119","0,133","2,069"
2019.0,129.0,Mauritania,"4,375","4,483","4,267","0,540","1,113","0,425","0,186","0,129","0,122","1,860"
2018.0,122.0,Mauritania,"4,490",,,,,,,,,
2017.0,126.0,Mauritania,"4,356",,,,,,,,,
2016.0,123.0,Mauritania,"4,292",,,,,,,,,
2015.0,130.0,Mauritania,"4,201",,,,,,,,,
2014.0,124.0,Mauritania,"4,436",,,,,,,,,
2012.0,112.0,Mauritania,"4,758",,,,,,,,,
2011.0,113.0,Mauritania,"4,643",,,,,,,,,
2024.0,86.0,North Macedonia,"5,503","5,597","5,409","1,458","1,537","0,544","0,637","0,130","0,007","1,190"
2023.0,70.0,Mauritius,"5,816","5,927","5,706","1,570","1,358","0,490","0,641","0,123","0,118","1,517"
2022.0,59.0,Mauritius,"5,902","6,013","5,791","1,589","1,382","0,336","0,574","0,121","0,110","1,790"
2021.0,52.0,Mauritius,"6,071","6,184","5,958","1,591","1,116","0,568","0,589","0,131","0,107","1,969"
2020.0,51.0,Mauritius,"6,049","6,165","5,933","1,178","0,996","0,574","0,590","0,153","0,096","2,462"
2019.0,49.0,Mauritius,"6,101","6,213","5,989","1,074","1,396","0,763","0,591","0,187","0,084","2,007"
2018.0,57.0,Mauritius,"5,888",,,,,,,,,
2017.0,55.0,Mauritius,"5,891",,,,,,,,,
2016.0,64.0,Mauritius,"5,629",,,,,,,,,
2015.0,66.0,Mauritius,"5,648",,,,,,,,,
2014.0,71.0,Mauritius,"5,477",,,,,,,,,
2012.0,67.0,Mauritius,"5,477",,,,,,,,,
2011.0,64.0,Mauritius,"5,477",,,,,,,,,
2024.0,87.0,Armenia,"5,494","5,596","5,391","1,391","1,349","0,828","0,786","0,032","0,158","0,950"
2023.0,25.0,Mexico,"6,678","6,781","6,575","1,521","1,241","0,544","0,722","0,086","0,127","2,437"
2022.0,36.0,Mexico,"6,330","6,441","6,218","1,550","1,169","0,389","0,632","0,086","0,115","2,389"
2021.0,46.0,Mexico,"6,128","6,238","6,017","1,552","0,886","0,623","0,621","0,092","0,115","2,239"
2020.0,37.0,Mexico,"6,317","6,420","6,213","1,126","0,830","0,634","0,585","0,092","0,089","2,961"
2019.0,24.0,Mexico,"6,465","6,559","6,371","1,024","1,226","0,832","0,554","0,083","0,083","2,663"
2018.0,23.0,Mexico,"6,595",,,,,,,,,
2017.0,24.0,Mexico,"6,488",,,,,,,,,
2016.0,25.0,Mexico,"6,578",,,,,,,,,
2015.0,21.0,Mexico,"6,778",,,,,,,,,
2014.0,14.0,Mexico,"7,187",,,,,,,,,
2012.0,16.0,Mexico,"7,088",,,,,,,,,
2011.0,24.0,Mexico,"6,740",,,,,,,,,
2024.0,88.0,Hong Kong SAR of China,"5,491","5,566","5,417","1,790","1,410","0,948","0,674","0,116","0,386","0,168"
2023.0,77.0,Mongolia,"5,696","5,783","5,610","1,353","1,511","0,400","0,501","0,237","0,055","1,640"
2022.0,61.0,Mongolia,"5,840","5,930","5,750","1,379","1,494","0,244","0,425","0,239","0,058","2,001"
2021.0,68.0,Mongolia,"5,761","5,845","5,676","1,393","1,197","0,467","0,398","0,247","0,059","1,999"
2020.0,71.0,Mongolia,"5,677","5,760","5,595","0,966","1,065","0,442","0,397","0,263","0,053","2,492"
2019.0,81.0,Mongolia,"5,456","5,535","5,377","0,905","1,459","0,616","0,356","0,264","0,047","1,811"
2018.0,83.0,Mongolia,"5,285",,,,,,,,,
2017.0,94.0,Mongolia,"5,125",,,,,,,,,
2016.0,100.0,Mongolia,"4,955",,,,,,,,,
2015.0,101.0,Mongolia,"4,907",,,,,,,,,
2014.0,100.0,Mongolia,"4,874",,,,,,,,,
2012.0,102.0,Mongolia,"4,834",,,,,,,,,
2011.0,119.0,Mongolia,"4,562",,,,,,,,,
2024.0,89.0,Albania,"5,411","5,539","5,284","1,371","1,122","0,696","0,841","0,103","0,057","1,220"
2023.0,76.0,Montenegro,"5,707","5,815","5,599","1,571","1,318","0,587","0,632","0,110","0,132","1,357"
2022.0,67.0,Montenegro,"5,722","5,941","5,503","1,537","1,385","0,424","0,563","0,170","0,061","1,581"
2021.0,75.0,Montenegro,"5,547","5,681","5,413","1,573","1,023","0,659","0,460","0,135","0,077","1,619"
2020.0,73.0,Montenegro,"5,581","5,686","5,475","1,155","0,891","0,637","0,397","0,166","0,081","2,254"
2019.0,72.0,Montenegro,"5,546","5,642","5,450","1,010","1,266","0,839","0,303","0,149","0,098","1,881"
2018.0,73.0,Montenegro,"5,523",,,,,,,,,
2017.0,81.0,Montenegro,"5,347",,,,,,,,,
2016.0,83.0,Montenegro,"5,237",,,,,,,,,
2015.0,88.0,Montenegro,"5,161",,,,,,,,,
2014.0,83.0,Montenegro,"5,192",,,,,,,,,
2012.0,80.0,Montenegro,"5,299",,,,,,,,,
2011.0,86.0,Montenegro,"5,147",,,,,,,,,
2024.0,90.0,Tajikistan,"5,411","5,485","5,337","0,914","1,555","0,658",,"0,085","0,342",
2023.0,107.0,Morocco,"4,795","4,912","4,677","1,213","0,471","0,495","0,631","0,042","0,082","1,861"
2022.0,100.0,Morocco,"4,903","5,023","4,783","1,236","0,535","0,337","0,540","0,013","0,085","2,158"
2021.0,100.0,Morocco,"5,060","5,181","4,938","1,208","0,268","0,565","0,492","0,020","0,102","2,405"
2020.0,107.0,Morocco,"4,918","5,036","4,800","0,792","0,219","0,558","0,477","0,034","0,088","2,749"
2019.0,97.0,Morocco,"5,095","5,204","4,986","0,759","0,645","0,745","0,450","0,040","0,077","2,378"
2018.0,89.0,Morocco,"5,208",,,,,,,,,
2017.0,85.0,Morocco,"5,254",,,,,,,,,
2016.0,84.0,Morocco,"5,235",,,,,,,,,
2015.0,90.0,Morocco,"5,151",,,,,,,,,
2014.0,92.0,Morocco,"5,013",,,,,,,,,
2012.0,99.0,Morocco,"4,885",,,,,,,,,
2011.0,105.0,Morocco,"4,793",,,,,,,,,
2024.0,91.0,Georgia,"5,400","5,496","5,304","1,444","1,275","0,482","0,844","0,000","0,172","1,182"
2023.0,90.0,Mozambique,"5,216","5,406","5,027","0,560","0,883","0,156","0,728","0,158","0,196","2,536"
2022.0,97.0,Mozambique,"4,954","5,181","4,727","0,570","0,885","0,000","0,625","0,161","0,192","2,519"
2021.0,101.0,Mozambique,"5,048","5,273","4,823","0,578","0,660","0,191","0,593","0,185","0,200","2,641"
2020.0,116.0,Mozambique,"4,794","4,997","4,592","0,183","0,634","0,196","0,608","0,228","0,163","2,783"
2019.0,120.0,Mozambique,"4,624","4,779","4,468","0,179","0,955","0,324","0,561","0,220","0,163","2,221"
2018.0,123.0,Mozambique,"4,466",,,,,,,,,
2017.0,123.0,Mozambique,"4,417",,,,,,,,,
2016.0,113.0,Mozambique,"4,550",,,,,,,,,
2014.0,94.0,Mozambique,"4,971",,,,,,,,,
2012.0,94.0,Mozambique,"4,971",,,,,,,,,
2011.0,110.0,Mozambique,"4,693",,,,,,,,,
2024.0,92.0,Nepal,"5,311","5,437","5,184","0,944","1,210","0,463","0,764","0,155","0,099","1,676"
2023.0,118.0,Myanmar,"4,354","4,501","4,208","0,978","0,988","0,436","0,450","0,401","0,174","0,928"
2022.0,117.0,Myanmar,"4,372","4,533","4,212","1,032","1,125","0,269","0,460","0,400","0,194","0,893"
2021.0,126.0,Myanmar,"4,394","4,511","4,277","1,038","0,829","0,491","0,513","0,452","0,194","0,877"
2020.0,127.0,Myanmar,"4,426","4,527","4,324","0,666","0,713","0,341","0,601","0,520","0,178","1,407"
2019.0,133.0,Myanmar,"4,308","4,392","4,224","0,678","1,098","0,495","0,597","0,570","0,188","0,681"
2018.0,131.0,Myanmar,"4,360",,,,,,,,,
2017.0,130.0,Myanmar,"4,308",,,,,,,,,
2016.0,114.0,Myanmar,"4,545",,,,,,,,,
2015.0,119.0,Myanmar,"4,395",,,,,,,,,
2014.0,129.0,Myanmar,"4,307",,,,,,,,,
2012.0,121.0,Myanmar,"4,439",,,,,,,,,
2011.0,74.0,Myanmar,"5,322",,,,,,,,,
2024.0,93.0,Lao PDR,"5,301","5,422","5,179","1,122","1,010","0,493","0,916","0,145","0,164","1,452"
2023.0,106.0,Namibia,"4,832","4,958","4,705","1,266","1,212","0,307","0,470","0,069","0,061","1,446"
2022.0,105.0,Namibia,"4,631","4,766","4,496","1,289","1,126","0,145","0,383","0,069","0,071","1,549"
2021.0,124.0,Namibia,"4,459","4,593","4,326","1,292","0,877","0,354","0,384","0,067","0,071","1,414"
2020.0,125.0,Namibia,"4,574","4,700","4,448","0,882","0,801","0,262","0,411","0,091","0,059","2,068"
2019.0,122.0,Namibia,"4,571","4,691","4,452","0,840","1,246","0,407","0,445","0,076","0,054","1,503"
2018.0,113.0,Namibia,"4,639",,,,,,,,,
2017.0,119.0,Namibia,"4,441",,,,,,,,,
2016.0,111.0,Namibia,"4,574",,,,,,,,,
2015.0,113.0,Namibia,"4,574",,,,,,,,,
2011.0,97.0,Namibia,"4,886",,,,,,,,,
2024.0,94.0,Türkiye,"5,262","5,347","5,178","1,582","1,444","0,626","0,244","0,040","0,104","1,223"
2023.0,93.0,Nepal,"5,158","5,290","5,027","0,965","0,990","0,443","0,653","0,209","0,115","1,783"
2022.0,78.0,Nepal,"5,360","5,507","5,214","0,979","1,027","0,281","0,567","0,215","0,104","2,187"
2021.0,84.0,Nepal,"5,377","5,502","5,251","0,984","0,784","0,499","0,519","0,237","0,130","2,224"
2020.0,88.0,Nepal,"5,269","5,406","5,132","0,519","0,702","0,496","0,488","0,287","0,135","2,642"
2019.0,92.0,Nepal,"5,137","5,250","5,024","0,444","1,101","0,669","0,481","0,301","0,128","2,014"
2018.0,100.0,Nepal,"4,913",,,,,,,,,
2017.0,101.0,Nepal,"4,880",,,,,,,,,
2016.0,99.0,Nepal,"4,962",,,,,,,,,
2015.0,107.0,Nepal,"4,793",,,,,,,,,
2014.0,121.0,Nepal,"4,514",,,,,,,,,
2012.0,135.0,Nepal,"4,156",,,,,,,,,
2011.0,121.0,Nepal,"4,474",,,,,,,,,
2024.0,95.0,South Africa,"5,213","5,339","5,086","1,283","1,465","0,142","0,676","0,064","0,043","1,540"
2023.0,6.0,Netherlands,"7,319","7,383","7,256","1,901","1,462","0,706","0,725","0,247","0,372","1,906"
2022.0,5.0,Netherlands,"7,403","7,460","7,346","1,942","1,488","0,545","0,672","0,251","0,394","2,110"
2021.0,5.0,Netherlands,"7,415","7,471","7,359","1,945","1,206","0,787","0,651","0,271","0,419","2,137"
2020.0,6.0,Netherlands,"7,464","7,518","7,410","1,501","1,079","0,753","0,647","0,302","0,384","2,798"
2019.0,6.0,Netherlands,"7,449","7,503","7,394","1,339","1,464","0,976","0,614","0,336","0,369","2,352"
2018.0,5.0,Netherlands,"7,488",,,,,,,,,
2017.0,6.0,Netherlands,"7,441",,,,,,,,,
2016.0,6.0,Netherlands,"7,377",,,,,,,,,
2015.0,7.0,Netherlands,"7,339",,,,,,,,,
2014.0,7.0,Netherlands,"7,378",,,,,,,,,
2012.0,4.0,Netherlands,"7,512",,,,,,,,,
2011.0,4.0,Netherlands,"7,512",,,,,,,,,
2024.0,96.0,Mozambique,"5,190","5,376","5,004","0,559","1,131","0,124","0,813","0,127","0,173","2,262"
2023.0,11.0,New Zealand,"7,029","7,105","6,954","1,810","1,527","0,673","0,746","0,226","0,480","1,567"
2022.0,10.0,New Zealand,"7,123","7,198","7,048","1,842","1,544","0,513","0,672","0,230","0,471","1,852"
2021.0,10.0,New Zealand,"7,200","7,279","7,120","1,852","1,235","0,752","0,680","0,245","0,483","1,954"
2020.0,10.0,New Zealand,"7,277","7,355","7,198","1,400","1,094","0,785","0,665","0,276","0,445","2,612"
2019.0,8.0,New Zealand,"7,300","7,377","7,222","1,242","1,487","1,008","0,647","0,326","0,461","2,128"
2018.0,8.0,New Zealand,"7,307",,,,,,,,,
2017.0,8.0,New Zealand,"7,324",,,,,,,,,
2016.0,8.0,New Zealand,"7,314",,,,,,,,,
2015.0,8.0,New Zealand,"7,334",,,,,,,,,
2014.0,9.0,New Zealand,"7,286",,,,,,,,,
2012.0,13.0,New Zealand,"7,221",,,,,,,,,
2011.0,8.0,New Zealand,"7,372",,,,,,,,,
2024.0,97.0,Gabon,"5,120","5,256","4,985","1,386","1,224","0,387","0,651","0,042","0,086","1,343"
2023.0,43.0,Nicaragua,"6,284","6,433","6,135","1,097","1,263","0,542","0,793","0,133","0,251","2,203"
2022.0,40.0,Nicaragua,"6,259","6,408","6,109","1,109","1,292","0,385","0,660","0,148","0,218","2,448"
2021.0,45.0,Nicaragua,"6,165","6,312","6,017","1,105","1,029","0,617","0,617","0,168","0,212","2,418"
2020.0,56.0,Nicaragua,"5,972","6,134","5,810","0,693","0,904","0,604","0,553","0,201","0,176","2,841"
2019.0,46.0,Nicaragua,"6,137","6,262","6,012","0,620","1,271","0,803","0,560","0,213","0,174","2,496"
2018.0,45.0,Nicaragua,"6,105",,,,,,,,,
2017.0,41.0,Nicaragua,"6,141",,,,,,,,,
2016.0,43.0,Nicaragua,"6,071",,,,,,,,,
2015.0,48.0,Nicaragua,"5,992",,,,,,,,,
2014.0,57.0,Nicaragua,"5,828",,,,,,,,,
2012.0,65.0,Nicaragua,"5,507",,,,,,,,,
2011.0,89.0,Nicaragua,"5,115",,,,,,,,,
2024.0,98.0,Côte d’Ivoire,"5,102","5,238","4,967","1,038","0,760","0,206","0,661","0,100","0,162","2,176"
2023.0,109.0,Niger,"4,556","4,712","4,401","0,573","0,677","0,293","0,615","0,145","0,147","2,107"
2022.0,109.0,Niger,"4,501","4,712","4,291","0,561","0,628","0,137","0,540","0,154","0,140","2,341"
2021.0,104.0,Niger,"5,003","5,247","4,760","0,570","0,560","0,326","0,571","0,165","0,145","2,667"
2020.0,97.0,Niger,"5,074","5,273","4,875","0,162","0,402","0,167","0,516","0,200","0,157","3,470"
2019.0,103.0,Niger,"4,910","5,061","4,758","0,108","0,704","0,299","0,435","0,208","0,138","3,018"
2018.0,114.0,Niger,"4,628",,,,,,,,,
2017.0,134.0,Niger,"4,166",,,,,,,,,
2016.0,135.0,Niger,"4,028",,,,,,,,,
2015.0,142.0,Niger,"3,856",,,,,,,,,
2014.0,144.0,Niger,"3,845",,,,,,,,,
2012.0,136.0,Niger,"4,152",,,,,,,,,
2011.0,137.0,Niger,"4,122",,,,,,,,,
2024.0,99.0,Iran,"5,093","5,193","4,994","1,330","1,367","0,609","0,456","0,202","0,122","1,007"
2023.0,102.0,Nigeria,"4,881","5,018","4,744","1,042","1,075","0,256","0,566","0,201","0,019","1,722"
2022.0,95.0,Nigeria,"4,981","5,136","4,825","1,065","1,007","0,092","0,448","0,176","0,013","2,181"
2021.0,118.0,Nigeria,"4,552","4,651","4,453","1,079","0,732","0,300","0,444","0,175","0,038","1,784"
2020.0,117.0,Nigeria,"4,759","4,861","4,658","0,663","0,625","0,051","0,433","0,212","0,039","2,736"
2019.0,115.0,Nigeria,"4,724","4,826","4,622","0,646","0,987","0,168","0,435","0,221","0,048","2,220"
2018.0,85.0,Nigeria,"5,265",,,,,,,,,
2017.0,91.0,Nigeria,"5,155",,,,,,,,,
2016.0,95.0,Nigeria,"5,074",,,,,,,,,
2015.0,103.0,Nigeria,"4,875",,,,,,,,,
2014.0,78.0,Nigeria,"5,268",,,,,,,,,
2012.0,82.0,Nigeria,"5,248",,,,,,,,,
2011.0,100.0,Nigeria,"4,856",,,,,,,,,
2021.0,79.0,North Cyprus,"5,467","5,609","5,325","1,815","0,888","0,819","0,523","0,130","0,213","1,078"
2020.0,75.0,North Cyprus,"5,536","5,636","5,435","1,377","0,806","0,801","0,503","0,196","0,200","1,653"
2019.0,76.0,North Cyprus,"5,536","5,636","5,435","1,213","1,183","1,026","0,478","0,199","0,200","1,237"
2018.0,64.0,North Cyprus,"5,718",,,,,,,,,
2017.0,58.0,North Cyprus,"5,835",,,,,,,,,
2016.0,61.0,North Cyprus,"5,810",,,,,,,,,
2015.0,62.0,North Cyprus,"5,771",,,,,,,,,
2014.0,66.0,North Cyprus,"5,695",,,,,,,,,
2012.0,69.0,North Cyprus,"5,463",,,,,,,,,
2024.0,100.0,Congo,"5,030","5,205","4,855","1,023","0,796","0,336","0,626","0,082","0,126","2,040"
2023.0,84.0,North Macedonia,"5,369","5,468","5,270","1,475","1,277","0,569","0,580","0,194","0,015","1,260"
2022.0,87.0,North Macedonia,"5,254","5,361","5,146","1,498","1,171","0,408","0,515","0,207","0,020","1,435"
2021.0,89.0,North Macedonia,"5,199","5,303","5,095","1,505","0,863","0,637","0,488","0,215","0,031","1,461"
2020.0,95.0,North Macedonia,"5,101","5,202","5,001","1,068","0,772","0,535","0,450","0,212","0,022","2,042"
2018.0,84.0,North Macedonia,"5,274",,,,,,,,,
2017.0,89.0,North Macedonia,"5,185",,,,,,,,,
2016.0,92.0,North Macedonia,"5,175",,,,,,,,,
2015.0,95.0,North Macedonia,"5,121",,,,,,,,,
2014.0,93.0,North Macedonia,"5,007",,,,,,,,,
2012.0,118.0,North Macedonia,"4,574",,,,,,,,,
2011.0,127.0,North Macedonia,"4,369",,,,,,,,,
2024.0,101.0,Iraq,"4,976","5,085","4,866","1,261","1,275","0,589","0,503","0,100","0,069","1,178"
2023.0,7.0,Norway,"7,302","7,389","7,215","1,952","1,517","0,704","0,835","0,224","0,484","1,586"
2022.0,7.0,Norway,"7,315","7,402","7,229","1,994","1,521","0,544","0,752","0,212","0,463","1,829"
2021.0,8.0,Norway,"7,365","7,440","7,290","1,997","1,239","0,786","0,728","0,217","0,474","1,925"
2020.0,7.0,Norway,"7,392","7,462","7,323","1,543","1,108","0,782","0,703","0,249","0,427","2,580"
2019.0,5.0,Norway,"7,488","7,556","7,420","1,424","1,495","1,008","0,670","0,288","0,434","2,168"
2018.0,3.0,Norway,"7,554",,,,,,,,,
2017.0,2.0,Norway,"7,594",,,,,,,,,
2016.0,1.0,Norway,"7,537",,,,,,,,,
2015.0,4.0,Norway,"7,498",,,,,,,,,
2014.0,4.0,Norway,"7,522",,,,,,,,,
2012.0,2.0,Norway,"7,655",,,,,,,,,
2011.0,3.0,Norway,"7,524",,,,,,,,,
2024.0,102.0,Guinea,"4,929","5,070","4,787","0,873","0,791","0,306","0,676","0,157","0,098","2,027"
2014.0,22.0,Oman,"6,853",,,,,,,,,
2012.0,23.0,Oman,"6,853",,,,,,,,,
2024.0,103.0,Namibia,"4,911","5,025","4,797","1,182","1,482","0,104","0,564","0,052","0,056","1,470"
2023.0,108.0,Pakistan,"4,657","4,779","4,535","1,069","0,600","0,321","0,542","0,144","0,074","1,907"
2022.0,108.0,Pakistan,"4,555","4,707","4,404","1,081","0,657","0,158","0,511","0,141","0,102","1,907"
2021.0,121.0,Pakistan,"4,516","4,634","4,397","1,049","0,413","0,374","0,448","0,181","0,112","1,940"
2020.0,106.0,Pakistan,"4,934","5,066","4,802","0,637","0,423","0,322","0,418","0,252","0,097","2,784"
2019.0,66.0,Pakistan,"5,693","5,788","5,599","0,617","0,873","0,470","0,405","0,229","0,123","2,977"
2018.0,67.0,Pakistan,"5,653",,,,,,,,,
2017.0,75.0,Pakistan,"5,472",,,,,,,,,
2016.0,80.0,Pakistan,"5,269",,,,,,,,,
2015.0,92.0,Pakistan,"5,132",,,,,,,,,
2014.0,81.0,Pakistan,"5,194",,,,,,,,,
2012.0,81.0,Pakistan,"5,292",,,,,,,,,
2011.0,85.0,Pakistan,"5,149",,,,,,,,,
2024.0,104.0,Cameroon,"4,887","5,007","4,767","0,944","0,986","0,302","0,662","0,099","0,060","1,834"
2023.0,39.0,Panama,"6,358","6,489","6,227","1,702","1,392","0,633","0,720","0,063","0,043","1,806"
2022.0,38.0,Panama,"6,265","6,424","6,105","1,714","1,402","0,475","0,630","0,065","0,036","1,943"
2021.0,37.0,Panama,"6,309","6,464","6,154","1,715","1,107","0,709","0,592","0,049","0,051","2,086"
2020.0,42.0,Panama,"6,180","6,323","6,036","1,298","0,976","0,667","0,596","0,079","0,053","2,509"
2019.0,36.0,Panama,"6,305","6,422","6,188","1,098","1,376","0,879","0,580","0,097","0,054","2,221"
2018.0,31.0,Panama,"6,321",,,,,,,,,
2017.0,27.0,Panama,"6,430",,,,,,,,,
2016.0,30.0,Panama,"6,452",,,,,,,,,
2015.0,25.0,Panama,"6,701",,,,,,,,,
2014.0,25.0,Panama,"6,786",,,,,,,,,
2012.0,15.0,Panama,"7,143",,,,,,,,,
2011.0,21.0,Panama,"6,863",,,,,,,,,
2024.0,105.0,Nigeria,"4,885","5,022","4,748","0,989","1,245","0,380","0,639","0,170","0,028","1,433"
2023.0,57.0,Paraguay,"5,977","6,085","5,868","1,398","1,408","0,549","0,788","0,131","0,065","1,637"
2022.0,66.0,Paraguay,"5,738","5,851","5,625","1,428","1,427","0,392","0,678","0,148","0,062","1,604"
2021.0,73.0,Paraguay,"5,578","5,689","5,467","1,409","1,130","0,624","0,629","0,171","0,059","1,555"
2020.0,72.0,Paraguay,"5,653","5,832","5,473","0,983","0,970","0,549","0,602","0,206","0,037","2,306"
2019.0,67.0,Paraguay,"5,692","5,794","5,590","0,898","1,368","0,736","0,587","0,204","0,065","1,834"
2018.0,63.0,Paraguay,"5,743",,,,,,,,,
2017.0,64.0,Paraguay,"5,681",,,,,,,,,
2016.0,70.0,Paraguay,"5,493",,,,,,,,,
2015.0,70.0,Paraguay,"5,538",,,,,,,,,
2014.0,53.0,Paraguay,"5,878",,,,,,,,,
2012.0,54.0,Paraguay,"5,779",,,,,,,,,
2011.0,70.0,Paraguay,"5,398",,,,,,,,,
2024.0,106.0,Azerbaijan,"4,875","4,969","4,780","1,428","1,030","0,707","0,785","0,076","0,179","0,670"
2023.0,68.0,Peru,"5,841","5,946","5,736","1,371","1,180","0,662","0,615","0,078","0,029","1,907"
2022.0,75.0,Peru,"5,526","5,640","5,412","1,390","1,153","0,499","0,549","0,073","0,027","1,835"
2021.0,74.0,Peru,"5,559","5,679","5,439","1,397","0,865","0,735","0,545","0,090","0,037","1,890"
2020.0,64.0,Peru,"5,840","5,988","5,692","0,986","0,833","0,623","0,536","0,087","0,031","2,744"
2019.0,63.0,Peru,"5,797","5,917","5,677","0,919","1,208","0,824","0,513","0,092","0,027","2,213"
2018.0,65.0,Peru,"5,697",,,,,,,,,
2017.0,65.0,Peru,"5,663",,,,,,,,,
2016.0,63.0,Peru,"5,715",,,,,,,,,
2015.0,64.0,Peru,"5,743",,,,,,,,,
2014.0,58.0,Peru,"5,824",,,,,,,,,
2012.0,55.0,Peru,"5,776",,,,,,,,,
2011.0,77.0,Peru,"5,258",,,,,,,,,
2024.0,107.0,Senegal,"4,856","4,979","4,732","0,907","0,977","0,433","0,767","0,129","0,090","1,553"
2023.0,53.0,Philippines,"6,048","6,166","5,929","1,232","1,146","0,441","0,826","0,099","0,136","2,167"
2022.0,76.0,Philippines,"5,523","5,675","5,371","1,238","1,108","0,286","0,714","0,104","0,141","1,931"
2021.0,60.0,Philippines,"5,904","6,007","5,800","1,268","0,912","0,514","0,678","0,107","0,142","2,283"
2020.0,62.0,Philippines,"5,880","5,982","5,778","0,853","0,828","0,426","0,651","0,125","0,126","2,872"
2019.0,52.0,Philippines,"6,006","6,104","5,908","0,775","1,245","0,602","0,622","0,129","0,130","2,502"
2018.0,69.0,Philippines,"5,631",,,,,,,,,
2017.0,71.0,Philippines,"5,524",,,,,,,,,
2016.0,72.0,Philippines,"5,430",,,,,,,,,
2015.0,82.0,Philippines,"5,279",,,,,,,,,
2014.0,90.0,Philippines,"5,073",,,,,,,,,
2012.0,92.0,Philippines,"4,985",,,,,,,,,
2011.0,103.0,Philippines,"4,825",,,,,,,,,
2024.0,108.0,State of Palestine,"4,780","4,886","4,675","1,047","1,456",,"0,618","0,055","0,081",
2023.0,35.0,Poland,"6,442","6,513","6,370","1,738","1,417","0,639","0,600","0,081","0,175","1,791"
2022.0,39.0,Poland,"6,260","6,343","6,177","1,767","1,474","0,477","0,511","0,120","0,139","1,772"
2021.0,48.0,Poland,"6,123","6,205","6,040","1,758","1,174","0,712","0,523","0,124","0,140","1,693"
2020.0,45.0,Poland,"6,166","6,245","6,087","1,309","0,982","0,668","0,558","0,080","0,130","2,438"
2019.0,43.0,Poland,"6,186","6,256","6,117","1,169","1,310","0,868","0,558","0,063","0,161","2,057"
2018.0,40.0,Poland,"6,182",,,,,,,,,
2017.0,42.0,Poland,"6,123",,,,,,,,,
2016.0,46.0,Poland,"5,973",,,,,,,,,
2015.0,57.0,Poland,"5,835",,,,,,,,,
2014.0,60.0,Poland,"5,791",,,,,,,,,
2012.0,51.0,Poland,"5,822",,,,,,,,,
2011.0,53.0,Poland,"5,803",,,,,,,,,
2024.0,109.0,Pakistan,"4,768","4,892","4,644","0,982","0,759","0,417","0,529","0,136","0,046","1,898"
2023.0,55.0,Portugal,"6,030","6,134","5,925","1,728","1,368","0,699","0,757","0,047","0,035","1,397"
2022.0,56.0,Portugal,"5,968","6,076","5,860","1,758","1,356","0,537","0,693","0,031","0,037","1,556"
2021.0,56.0,Portugal,"6,016","6,122","5,911","1,760","1,078","0,777","0,655","0,016","0,039","1,691"
2020.0,59.0,Portugal,"5,929","6,037","5,821","1,323","0,939","0,760","0,621","0,029","0,033","2,225"
2019.0,59.0,Portugal,"5,911","6,015","5,807","1,169","1,340","0,979","0,590","0,053","0,028","1,753"
2018.0,66.0,Portugal,"5,693",,,,,,,,,
2017.0,77.0,Portugal,"5,410",,,,,,,,,
2016.0,89.0,Portugal,"5,195",,,,,,,,,
2015.0,94.0,Portugal,"5,123",,,,,,,,,
2014.0,88.0,Portugal,"5,102",,,,,,,,,
2012.0,85.0,Portugal,"5,101",,,,,,,,,
2011.0,73.0,Portugal,"5,327",,,,,,,,,
2015.0,15.0,Puerto Rico,"7,039",,,,,,,,,
2011.0,27.0,Puerto Rico,"6,593",,,,,,,,,
2018.0,29.0,Qatar,"6,374",,,,,,,,,
2017.0,32.0,Qatar,"6,374",,,,,,,,,
2016.0,35.0,Qatar,"6,375",,,,,,,,,
2015.0,36.0,Qatar,"6,375",,,,,,,,,
2014.0,28.0,Qatar,"6,611",,,,,,,,,
2012.0,27.0,Qatar,"6,666",,,,,,,,,
2011.0,31.0,Qatar,"6,569",,,,,,,,,
2024.0,110.0,Niger,"4,725","4,863","4,588","0,606","0,796","0,258","0,759","0,122","0,137","2,048"
2023.0,52.0,Republic of Korea,"6,058","6,148","5,968","1,815","1,178","0,770","0,555","0,126","0,158","1,456"
2022.0,57.0,Republic of Korea,"5,951","6,040","5,862","1,853","1,188","0,603","0,446","0,112","0,163","1,587"
2021.0,59.0,Republic of Korea,"5,935","6,021","5,849","1,851","0,886","0,841","0,414","0,111","0,176","1,656"
2020.0,63.0,Republic of Korea,"5,845","5,928","5,763","1,403","0,758","0,801","0,353","0,134","0,135","2,262"
2019.0,61.0,Republic of Korea,"5,872","5,959","5,786","1,245","1,134","1,023","0,259","0,170","0,095","1,947"
2018.0,54.0,Republic of Korea,"5,895",,,,,,,,,
2017.0,57.0,Republic of Korea,"5,875",,,,,,,,,
2016.0,55.0,Republic of Korea,"5,838",,,,,,,,,
2015.0,58.0,Republic of Korea,"5,835",,,,,,,,,
2014.0,47.0,Republic of Korea,"5,984",,,,,,,,,
2012.0,41.0,Republic of Korea,"6,267",,,,,,,,,
2011.0,56.0,Republic of Korea,"5,643",,,,,,,,,
2024.0,111.0,Ukraine,"4,680","4,794","4,565","1,328","1,472","0,472","0,689","0,245","0,023","0,451"
2023.0,71.0,Republic of Moldova,"5,816","5,930","5,702","1,385","1,277","0,542","0,695","0,077","0,044","1,795"
2022.0,63.0,Republic of Moldova,"5,819","5,922","5,717","1,425","1,302","0,375","0,610","0,093","0,020","1,995"
2021.0,62.0,Republic of Moldova,"5,857","5,948","5,766","1,417","1,008","0,597","0,561","0,102","0,028","2,142"
2020.0,66.0,Republic of Moldova,"5,766","5,856","5,677","0,985","0,888","0,542","0,536","0,137","0,013","2,665"
2019.0,70.0,Republic of Moldova,"5,608","5,690","5,525","0,708","1,237","0,713","0,390","0,174","0,014","2,371"
2018.0,71.0,Republic of Moldova,"5,529",,,,,,,,,
2017.0,67.0,Republic of Moldova,"5,640",,,,,,,,,
2016.0,56.0,Republic of Moldova,"5,838",,,,,,,,,
2015.0,55.0,Republic of Moldova,"5,897",,,,,,,,,
2014.0,52.0,Republic of Moldova,"5,889",,,,,,,,,
2012.0,53.0,Republic of Moldova,"5,791",,,,,,,,,
2011.0,75.0,Republic of Moldova,"5,305",,,,,,,,,
2024.0,112.0,Morocco,"4,622","4,736","4,509","1,139","0,635","0,585","0,748","0,031","0,095","1,388"
2023.0,32.0,Romania,"6,491","6,592","6,390","1,699","1,236","0,583","0,717","0,041","0,006","2,210"
2022.0,24.0,Romania,"6,589","6,690","6,488","1,726","1,280","0,423","0,631","0,044","0,000","2,485"
2021.0,28.0,Romania,"6,477","6,575","6,379","1,719","1,006","0,655","0,605","0,039","0,006","2,446"
2020.0,47.0,Romania,"6,140","6,253","6,027","1,275","0,832","0,595","0,564","0,045","0,001","2,830"
2019.0,47.0,Romania,"6,124","6,217","6,031","1,120","1,194","0,792","0,535","0,068","0,001","2,413"
2018.0,48.0,Romania,"6,070",,,,,,,,,
2017.0,52.0,Romania,"5,945",,,,,,,,,
2016.0,57.0,Romania,"5,825",,,,,,,,,
2015.0,71.0,Romania,"5,528",,,,,,,,,
2014.0,86.0,Romania,"5,124",,,,,,,,,
2012.0,90.0,Romania,"5,033",,,,,,,,,
2011.0,80.0,Romania,"5,178",,,,,,,,,
2024.0,113.0,Tunisia,"4,552","4,633","4,470","1,257","1,224","0,459","0,382","0,032","0,050","1,149"
2023.0,72.0,Russian Federation,"5,785","5,859","5,712","1,642","1,351","0,531","0,551","0,138","0,121","1,451"
2022.0,70.0,Russian Federation,"5,661","5,734","5,588","1,680","1,383","0,366","0,449","0,120","0,091","1,572"
2021.0,80.0,Russian Federation,"5,459","5,525","5,392","1,685","1,095","0,586","0,401","0,117","0,080","1,494"
2020.0,77.0,Russian Federation,"5,477","5,541","5,413","1,241","0,992","0,511","0,409","0,115","0,060","2,148"
2019.0,73.0,Russian Federation,"5,546","5,624","5,468","1,127","1,379","0,680","0,399","0,099","0,046","1,816"
2018.0,68.0,Russian Federation,"5,648",,,,,,,,,
2017.0,59.0,Russian Federation,"5,810",,,,,,,,,
2016.0,49.0,Russian Federation,"5,963",,,,,,,,,
2015.0,56.0,Russian Federation,"5,856",,,,,,,,,
2014.0,64.0,Russian Federation,"5,716",,,,,,,,,
2012.0,68.0,Russian Federation,"5,464",,,,,,,,,
2011.0,76.0,Russian Federation,"5,284",,,,,,,,,
2021.0,143.0,Rwanda,"3,268","3,462","3,074","0,785","0,133","0,462","0,621","0,187","0,544","0,536"
2020.0,148.0,Rwanda,"3,415","3,548","3,282","0,364","0,202","0,407","0,627","0,227","0,493","1,095"
2019.0,150.0,Rwanda,"3,312","3,415","3,210","0,343","0,523","0,572","0,604","0,236","0,486","0,548"
2018.0,152.0,Rwanda,"3,334",,,,,,,,,
2017.0,151.0,Rwanda,"3,408",,,,,,,,,
2016.0,151.0,Rwanda,"3,471",,,,,,,,,
2015.0,152.0,Rwanda,"3,515",,,,,,,,,
2014.0,154.0,Rwanda,"3,465",,,,,,,,,
2012.0,152.0,Rwanda,"3,715",,,,,,,,,
2011.0,132.0,Rwanda,"4,204",,,,,,,,,
2024.0,114.0,Mauritania,"4,542","4,676","4,408","1,023","0,919","0,516","0,454","0,113","0,195","1,323"
2023.0,28.0,Saudi Arabia,"6,594","6,707","6,480","1,842","1,361","0,511","0,787","0,114","0,188","1,790"
2022.0,30.0,Saudi Arabia,"6,463","6,581","6,344","1,861","1,370","0,351","0,682","0,093","0,170","1,936"
2021.0,25.0,Saudi Arabia,"6,523","6,637","6,409","1,870","1,092","0,577","0,651","0,078","0,180","2,075"
2020.0,27.0,Saudi Arabia,"6,494","6,604","6,384","1,435","0,964","0,571","0,603","0,090","0,163","2,668"
2019.0,27.0,Saudi Arabia,"6,406","6,517","6,296","1,334","1,310","0,760","0,548","0,087","0,163","2,203"
2018.0,28.0,Saudi Arabia,"6,375",,,,,,,,,
2017.0,33.0,Saudi Arabia,"6,371",,,,,,,,,
2016.0,37.0,Saudi Arabia,"6,344",,,,,,,,,
2015.0,34.0,Saudi Arabia,"6,379",,,,,,,,,
2014.0,35.0,Saudi Arabia,"6,411",,,,,,,,,
2012.0,33.0,Saudi Arabia,"6,480",,,,,,,,,
2011.0,26.0,Saudi Arabia,"6,597",,,,,,,,,
2024.0,115.0,Kenya,"4,510","4,636","4,384","0,994","1,047","0,448","0,649","0,220","0,073","1,079"
2023.0,99.0,Senegal,"4,969","5,096","4,841","0,927","0,751","0,392","0,607","0,152","0,069","2,071"
2022.0,102.0,Senegal,"4,855","4,983","4,727","0,943","0,727","0,231","0,519","0,142","0,060","2,234"
2021.0,103.0,Senegal,"5,046","5,171","4,921","0,933","0,530","0,447","0,494","0,143","0,081","2,419"
2020.0,93.0,Senegal,"5,132","5,266","4,998","0,518","0,558","0,357","0,381","0,158","0,088","3,071"
2019.0,101.0,Senegal,"4,981","5,084","4,877","0,504","0,955","0,518","0,352","0,164","0,082","2,405"
2018.0,111.0,Senegal,"4,681",,,,,,,,,
2017.0,109.0,Senegal,"4,631",,,,,,,,,
2016.0,115.0,Senegal,"4,535",,,,,,,,,
2015.0,128.0,Senegal,"4,219",,,,,,,,,
2014.0,142.0,Senegal,"3,904",,,,,,,,,
2012.0,147.0,Senegal,"3,959",,,,,,,,,
2011.0,125.0,Senegal,"4,414",,,,,,,,,
2024.0,116.0,Uganda,"4,461","4,587","4,336","0,762","1,342","0,396","0,751","0,148","0,050","1,012"
2023.0,37.0,Serbia,"6,411","6,522","6,300","1,538","1,391","0,585","0,663","0,200","0,101","1,932"
2022.0,45.0,Serbia,"6,144","6,299","5,988","1,552","1,343","0,424","0,617","0,246","0,081","1,881"
2021.0,43.0,Serbia,"6,178","6,294","6,062","1,550","1,086","0,658","0,546","0,219","0,088","2,031"
2020.0,49.0,Serbia,"6,078","6,181","5,974","1,101","0,924","0,634","0,482","0,189","0,066","2,682"
2019.0,64.0,Serbia,"5,778","5,878","5,679","0,988","1,327","0,828","0,395","0,150","0,059","2,029"
2018.0,70.0,Serbia,"5,603",,,,,,,,,
2017.0,78.0,Serbia,"5,398",,,,,,,,,
2016.0,73.0,Serbia,"5,395",,,,,,,,,
2015.0,86.0,Serbia,"5,177",,,,,,,,,
2014.0,87.0,Serbia,"5,123",,,,,,,,,
2012.0,106.0,Serbia,"4,813",,,,,,,,,
2011.0,118.0,Serbia,"4,564",,,,,,,,,
2024.0,117.0,Gambia,"4,423","4,530","4,315","0,778","0,958","0,348","0,611","0,255","0,045","1,428"
2023.0,140.0,Sierra Leone,"3,245","3,366","3,124","0,654","0,566","0,253","0,469","0,181","0,053","1,068"
2022.0,135.0,Sierra Leone,"3,138","3,299","2,976","0,670","0,540","0,092","0,371","0,193","0,051","1,221"
2021.0,140.0,Sierra Leone,"3,574","3,732","3,416","0,686","0,416","0,273","0,387","0,202","0,055","1,556"
2020.0,139.0,Sierra Leone,"3,849","4,001","3,698","0,279","0,377","0,100","0,408","0,243","0,047","2,396"
2019.0,139.0,Sierra Leone,"3,926","4,046","3,807","0,241","0,748","0,204","0,382","0,258","0,048","2,046"
2018.0,129.0,Sierra Leone,"4,374",,,,,,,,,
2017.0,113.0,Sierra Leone,"4,571",,,,,,,,,
2016.0,106.0,Sierra Leone,"4,709",,,,,,,,,
2015.0,111.0,Sierra Leone,"4,635",,,,,,,,,
2014.0,123.0,Sierra Leone,"4,507",,,,,,,,,
2012.0,127.0,Sierra Leone,"4,318",,,,,,,,,
2011.0,153.0,Sierra Leone,"3,586",,,,,,,,,
2024.0,118.0,India,"4,389","4,457","4,320","1,149","0,860","0,316","0,914","0,141","0,120","0,889"
2023.0,30.0,Singapore,"6,523","6,605","6,440","2,118","1,361","0,769","0,743","0,168","0,575","0,788"
2022.0,25.0,Singapore,"6,587","6,720","6,454","2,168","1,354","0,607","0,660","0,170","0,561","1,067"
2021.0,27.0,Singapore,"6,480","6,569","6,392","2,149","1,127","0,851","0,672","0,163","0,587","0,932"
2020.0,33.0,Singapore,"6,377","6,460","6,293","1,695","1,019","0,897","0,664","0,176","0,547","1,379"
2019.0,31.0,Singapore,"6,377","6,442","6,312","1,520","1,395","1,138","0,635","0,219","0,533","0,937"
2018.0,34.0,Singapore,"6,262",,,,,,,,,
2017.0,34.0,Singapore,"6,343",,,,,,,,,
2016.0,26.0,Singapore,"6,572",,,,,,,,,
2015.0,22.0,Singapore,"6,739",,,,,,,,,
2014.0,24.0,Singapore,"6,798",,,,,,,,,
2012.0,30.0,Singapore,"6,546",,,,,,,,,
2011.0,33.0,Singapore,"6,549",,,,,,,,,
2024.0,119.0,Chad,"4,384","4,515","4,253","0,592","0,902","0,242","0,477","0,175","0,111","1,884"
2023.0,45.0,Slovakia,"6,257","6,332","6,182","1,706","1,540","0,638","0,566","0,096","0,058","1,653"
2022.0,29.0,Slovakia,"6,469","6,578","6,360","1,731","1,544","0,472","0,494","0,128","0,022","2,078"
2021.0,35.0,Slovakia,"6,391","6,475","6,306","1,736","1,232","0,707","0,479","0,118","0,025","2,094"
2020.0,35.0,Slovakia,"6,331","6,411","6,251","1,304","1,066","0,653","0,468","0,107","0,018","2,714"
2019.0,37.0,Slovakia,"6,281","6,357","6,204","1,195","1,424","0,853","0,424","0,117","0,011","2,256"
2018.0,38.0,Slovakia,"6,198",,,,,,,,,
2017.0,39.0,Slovakia,"6,173",,,,,,,,,
2016.0,40.0,Slovakia,"6,098",,,,,,,,,
2015.0,45.0,Slovakia,"6,078",,,,,,,,,
2014.0,45.0,Slovakia,"5,995",,,,,,,,,
2012.0,46.0,Slovakia,"5,969",,,,,,,,,
2011.0,55.0,Slovakia,"5,657",,,,,,,,,
2024.0,120.0,Burkina Faso,"4,383","4,506","4,260","0,724","0,828","0,296","0,671","0,142","0,218","1,504"
2023.0,21.0,Slovenia,"6,743","6,843","6,643","1,786","1,502","0,695","0,789","0,157","0,131","1,683"
2022.0,22.0,Slovenia,"6,650","6,750","6,550","1,815","1,539","0,532","0,707","0,144","0,113","1,799"
2021.0,22.0,Slovenia,"6,630","6,718","6,542","1,810","1,249","0,769","0,685","0,118","0,115","1,885"
2020.0,30.0,Slovenia,"6,461","6,546","6,376","1,360","1,093","0,722","0,690","0,122","0,085","2,388"
2019.0,33.0,Slovenia,"6,363","6,449","6,277","1,209","1,465","0,933","0,647","0,146","0,077","1,889"
2018.0,44.0,Slovenia,"6,118",,,,,,,,,
2017.0,51.0,Slovenia,"5,948",,,,,,,,,
2016.0,62.0,Slovenia,"5,758",,,,,,,,,
2015.0,63.0,Slovenia,"5,768",,,,,,,,,
2014.0,55.0,Slovenia,"5,848",,,,,,,,,
2012.0,44.0,Slovenia,"6,060",,,,,,,,,
2011.0,49.0,Slovenia,"5,922",,,,,,,,,
2024.0,121.0,Benin,"4,357","4,492","4,222","0,855","0,228","0,357","0,679","0,092","0,238","1,909"
2018.0,112.0,Somalia,"4,668",,,,,,,,,
2017.0,98.0,Somalia,"4,982",,,,,,,,,
2016.0,93.0,Somalia,"5,151",,,,,,,,,
2015.0,76.0,Somalia,"5,440",,,,,,,,,
2015.0,97.0,Somaliland Region,"5,057",,,,,,,,,
2014.0,91.0,Somaliland Region,"5,057",,,,,,,,,
2012.0,101.0,Somaliland Region,"4,847",,,,,,,,,
2011.0,111.0,Somaliland Region,"4,691",,,,,,,,,
2024.0,122.0,Somalia,"4,347","4,490","4,203","0,535","0,877","0,046","0,916","0,206","0,192","1,575"
2023.0,83.0,South Africa,"5,422","5,549","5,295","1,389","1,369","0,322","0,537","0,078","0,034","1,693"
2022.0,85.0,South Africa,"5,275","5,417","5,132","1,417","1,428","0,149","0,464","0,090","0,019","1,708"
2021.0,91.0,South Africa,"5,194","5,315","5,073","1,425","1,088","0,361","0,442","0,089","0,046","1,742"
2020.0,104.0,South Africa,"4,956","5,074","4,839","0,967","0,895","0,265","0,447","0,144","0,051","2,187"
2019.0,109.0,South Africa,"4,814","4,932","4,696","0,902","1,259","0,407","0,435","0,126","0,060","1,625"
2018.0,106.0,South Africa,"4,722",,,,,,,,,
2017.0,105.0,South Africa,"4,724",,,,,,,,,
2016.0,101.0,South Africa,"4,829",,,,,,,,,
2015.0,116.0,South Africa,"4,459",,,,,,,,,
2014.0,113.0,South Africa,"4,642",,,,,,,,,
2012.0,96.0,South Africa,"4,963",,,,,,,,,
2011.0,90.0,South Africa,"5,101",,,,,,,,,
2019.0,152.0,South Sudan,"2,817","3,028","2,606","0,289","0,553","0,209","0,066","0,210","0,111","1,379"
2018.0,156.0,South Sudan,"2,853",,,,,,,,,
2017.0,154.0,South Sudan,"3,254",,,,,,,,,
2016.0,147.0,South Sudan,"3,591",,,,,,,,,
2015.0,143.0,South Sudan,"3,832",,,,,,,,,
2024.0,123.0,Mali,"4,345","4,457","4,232","0,709","0,908","0,318","0,767","0,093","0,114","1,436"
2023.0,36.0,Spain,"6,421","6,502","6,339","1,766","1,471","0,729","0,619","0,119","0,177","1,540"
2022.0,32.0,Spain,"6,436","6,519","6,354","1,798","1,491","0,567","0,533","0,101","0,157","1,789"
2021.0,29.0,Spain,"6,476","6,560","6,392","1,808","1,211","0,808","0,505","0,101","0,149","1,893"
2020.0,28.0,Spain,"6,491","6,574","6,408","1,375","1,057","0,826","0,462","0,135","0,124","2,513"
2019.0,28.0,Spain,"6,401","6,484","6,318","1,231","1,421","1,051","0,426","0,165","0,110","1,997"
2018.0,30.0,Spain,"6,354",,,,,,,,,
2017.0,36.0,Spain,"6,310",,,,,,,,,
2016.0,34.0,Spain,"6,403",,,,,,,,,
2015.0,37.0,Spain,"6,361",,,,,,,,,
2014.0,36.0,Spain,"6,329",,,,,,,,,
2012.0,38.0,Spain,"6,322",,,,,,,,,
2011.0,22.0,Spain,"6,761",,,,,,,,,
2024.0,124.0,Cambodia,"4,341","4,446","4,237","1,049","1,215","0,481","0,988","0,138","0,078","0,393"
2023.0,128.0,Sri Lanka,"3,898","4,018","3,778","1,361","1,179","0,586","0,583","0,144","0,031","0,014"
2022.0,112.0,Sri Lanka,"4,442","4,603","4,280","1,422","1,224","0,426","0,539","0,120","0,086","0,625"
2021.0,127.0,Sri Lanka,"4,362","4,487","4,237","1,415","0,934","0,660","0,529","0,150","0,079","0,595"
2020.0,130.0,Sri Lanka,"4,325","4,454","4,196","0,990","0,820","0,593","0,559","0,239","0,049","1,075"
2019.0,130.0,Sri Lanka,"4,327","4,431","4,223","0,898","1,195","0,792","0,529","0,253","0,049","0,611"
2018.0,120.0,Sri Lanka,"4,366",,,,,,,,,
2017.0,116.0,Sri Lanka,"4,471",,,,,,,,,
2016.0,120.0,Sri Lanka,"4,440",,,,,,,,,
2015.0,117.0,Sri Lanka,"4,415",,,,,,,,,
2014.0,132.0,Sri Lanka,"4,271",,,,,,,,,
2012.0,137.0,Sri Lanka,"4,151",,,,,,,,,
2011.0,130.0,Sri Lanka,"4,260",,,,,,,,,
2024.0,125.0,Ghana,"4,340","4,444","4,235","1,053","1,010","0,438","0,771","0,139","0,025","0,904"
2023.0,103.0,State of Palestine,"4,879","5,006","4,753",,,,,,,
2022.0,99.0,State of Palestine,"4,908","5,089","4,727","1,144","1,309",,"0,416","0,065","0,067",
2021.0,122.0,State of Palestine,"4,483","4,665","4,300","1,148","0,957","0,521","0,336","0,073","0,079","1,368"
2020.0,126.0,State of Palestine,"4,517","4,649","4,384","0,646","0,819","0,434","0,330","0,082","0,075","2,131"
2019.0,125.0,State of Palestine,"4,553","4,662","4,443","0,588","1,195","0,614","0,299","0,092","0,072","1,694"
2018.0,110.0,State of Palestine,"4,696",,,,,,,,,
2017.0,104.0,State of Palestine,"4,743",,,,,,,,,
2016.0,103.0,State of Palestine,"4,775",,,,,,,,,
2015.0,108.0,State of Palestine,"4,754",,,,,,,,,
2014.0,108.0,State of Palestine,"4,715",,,,,,,,,
2012.0,113.0,State of Palestine,"4,700",,,,,,,,,
2011.0,120.0,State of Palestine,"4,555",,,,,,,,,
2017.0,137.0,Sudan,"4,139",,,,,,,,,
2016.0,130.0,Sudan,"4,139",,,,,,,,,
2015.0,133.0,Sudan,"4,139",,,,,,,,,
2014.0,118.0,Sudan,"4,550",,,,,,,,,
2012.0,124.0,Sudan,"4,401",,,,,,,,,
2011.0,124.0,Sudan,"4,424",,,,,,,,,
2015.0,40.0,Suriname,"6,269",,,,,,,,,
2014.0,40.0,Suriname,"6,269",,,,,,,,,
2012.0,40.0,Suriname,"6,269",,,,,,,,,
2020.0,131.0,Swaziland,"4,308","4,448","4,168","0,849","0,693","0,074","0,323","0,067","0,147","2,155"
2019.0,132.0,Swaziland,"4,308","4,448","4,168","0,828","1,065","0,216","0,300","0,067","0,147","1,686"
2018.0,135.0,Swaziland,"4,212",,,,,,,,,
2014.0,101.0,Swaziland,"4,867",,,,,,,,,
2012.0,100.0,Swaziland,"4,867",,,,,,,,,
2024.0,126.0,Myanmar,"4,321","4,471","4,172","0,975","1,144","0,446","0,569","0,322","0,163","0,702"
2023.0,4.0,Sweden,"7,344","7,422","7,267","1,878","1,501","0,724","0,838","0,221","0,524","1,658"
2022.0,6.0,Sweden,"7,395","7,468","7,322","1,921","1,510","0,562","0,754","0,225","0,520","1,903"
2021.0,7.0,Sweden,"7,384","7,454","7,315","1,920","1,204","0,803","0,724","0,218","0,512","2,003"
2020.0,8.0,Sweden,"7,363","7,433","7,293","1,478","1,062","0,763","0,685","0,244","0,448","2,683"
2019.0,7.0,Sweden,"7,353","7,425","7,282","1,322","1,433","0,986","0,650","0,273","0,442","2,246"
2018.0,7.0,Sweden,"7,343",,,,,,,,,
2017.0,9.0,Sweden,"7,314",,,,,,,,,
2016.0,10.0,Sweden,"7,284",,,,,,,,,
2015.0,10.0,Sweden,"7,291",,,,,,,,,
2014.0,8.0,Sweden,"7,364",,,,,,,,,
2012.0,5.0,Sweden,"7,480",,,,,,,,,
2011.0,7.0,Sweden,"7,379",,,,,,,,,
2024.0,127.0,Togo,"4,315","4,430","4,200","0,757","0,736","0,378","0,576","0,097","0,153","1,618"
2023.0,9.0,Switzerland,"7,060","7,147","6,973","1,970","1,425","0,747","0,759","0,173","0,498","1,488"
2022.0,8.0,Switzerland,"7,240","7,324","7,156","2,022","1,463","0,582","0,678","0,151","0,475","1,870"
2021.0,4.0,Switzerland,"7,512","7,586","7,437","2,026","1,226","0,822","0,677","0,147","0,461","2,153"
2020.0,4.0,Switzerland,"7,571","7,643","7,500","1,566","1,079","0,816","0,653","0,204","0,413","2,839"
2019.0,3.0,Switzerland,"7,560","7,629","7,491","1,391","1,472","1,041","0,629","0,269","0,408","2,350"
2018.0,6.0,Switzerland,"7,480",,,,,,,,,
2017.0,5.0,Switzerland,"7,487",,,,,,,,,
2016.0,4.0,Switzerland,"7,494",,,,,,,,,
2015.0,2.0,Switzerland,"7,509",,,,,,,,,
2014.0,1.0,Switzerland,"7,587",,,,,,,,,
2012.0,3.0,Switzerland,"7,650",,,,,,,,,
2011.0,6.0,Switzerland,"7,499",,,,,,,,,
2018.0,149.0,Syria,"3,462",,,,,,,,,
2017.0,150.0,Syria,"3,462",,,,,,,,,
2016.0,152.0,Syria,"3,462",,,,,,,,,
2015.0,156.0,Syria,"3,069",,,,,,,,,
2014.0,156.0,Syria,"3,006",,,,,,,,,
2012.0,148.0,Syria,"3,892",,,,,,,,,
2011.0,107.0,Syria,"4,735",,,,,,,,,
2024.0,128.0,Jordan,"4,310","4,426","4,193","1,158","1,202","0,573","0,700","0,051","0,164","0,461"
2023.0,31.0,Taiwan Province of China,"6,503","6,597","6,410","1,842","1,346","0,650","0,649","0,068","0,202","1,747"
2022.0,27.0,Taiwan Province of China,"6,535","6,627","6,444","1,890","1,372","0,492","0,562","0,067","0,178","1,974"
2021.0,26.0,Taiwan Province of China,"6,512","6,596","6,429","1,897","1,095","0,733","0,542","0,075","0,168","2,002"
2020.0,25.0,Taiwan Province of China,"6,584","6,659","6,510","1,480","0,982","0,665","0,490","0,142","0,139","2,687"
2019.0,25.0,Taiwan Province of China,"6,455","6,532","6,379","1,327","1,358","0,878","0,449","0,151","0,132","2,160"
2018.0,25.0,Taiwan Province of China,"6,446",,,,,,,,,
2017.0,26.0,Taiwan Province of China,"6,441",,,,,,,,,
2016.0,33.0,Taiwan Province of China,"6,422",,,,,,,,,
2015.0,35.0,Taiwan Province of China,"6,379",,,,,,,,,
2014.0,38.0,Taiwan Province of China,"6,298",,,,,,,,,
2012.0,42.0,Taiwan Province of China,"6,221",,,,,,,,,
2011.0,46.0,Taiwan Province of China,"5,988",,,,,,,,,
2024.0,129.0,Liberia,"4,277","4,444","4,111","0,582","0,888","0,324","0,653","0,143","0,068","1,618"
2023.0,88.0,Tajikistan,"5,281","5,361","5,201",,,,,,,
2022.0,80.0,Tajikistan,"5,330","5,452","5,207","0,972","1,248","0,291","0,599","0,104","0,292","1,823"
2021.0,83.0,Tajikistan,"5,377","5,468","5,287","0,966","1,005","0,518","0,572","0,118","0,304","1,895"
2020.0,79.0,Tajikistan,"5,466","5,532","5,400","0,508","0,895","0,498","0,548","0,152","0,247","2,619"
2019.0,71.0,Tajikistan,"5,556","5,619","5,492","0,475","1,218","0,681","0,521","0,182","0,222","2,257"
2018.0,74.0,Tajikistan,"5,467",,,,,,,,,
2017.0,80.0,Tajikistan,"5,352",,,,,,,,,
2016.0,96.0,Tajikistan,"5,041",,,,,,,,,
2015.0,100.0,Tajikistan,"4,996",,,,,,,,,
2014.0,106.0,Tajikistan,"4,786",,,,,,,,,
2012.0,125.0,Tajikistan,"4,380",,,,,,,,,
2011.0,115.0,Tajikistan,"4,614",,,,,,,,,
2024.0,130.0,Madagascar,"4,157","4,265","4,050","0,588","0,938","0,341","0,292","0,131","0,118","1,751"
2023.0,131.0,Tanzania,"3,781","3,917","3,644","0,820","0,706","0,380","0,709","0,191","0,257","0,717"
2022.0,129.0,Tanzania,"3,694","3,840","3,547","0,836","0,787","0,214","0,607","0,234","0,269","0,747"
2021.0,139.0,Tanzania,"3,702","3,847","3,558","0,848","0,597","0,425","0,578","0,248","0,270","0,735"
2020.0,143.0,Tanzania,"3,623","3,762","3,485","0,433","0,540","0,300","0,549","0,307","0,231","1,263"
2019.0,148.0,Tanzania,"3,476","3,600","3,352","0,457","0,873","0,443","0,509","0,272","0,204","0,719"
2018.0,153.0,Tanzania,"3,231",,,,,,,,,
2017.0,153.0,Tanzania,"3,303",,,,,,,,,
2016.0,153.0,Tanzania,"3,349",,,,,,,,,
2015.0,149.0,Tanzania,"3,666",,,,,,,,,
2014.0,146.0,Tanzania,"3,781",,,,,,,,,
2012.0,151.0,Tanzania,"3,770",,,,,,,,,
2011.0,149.0,Tanzania,"3,800",,,,,,,,,
2024.0,131.0,Zambia,"3,912","4,056","3,769","0,848","1,013","0,233","0,872","0,131","0,107","0,709"
2023.0,58.0,Thailand,"5,976","6,094","5,858","1,484","1,347","0,620","0,756","0,283","0,024","1,463"
2022.0,60.0,Thailand,"5,843","5,969","5,717","1,515","1,344","0,461","0,624","0,291","0,013","1,594"
2021.0,61.0,Thailand,"5,891","5,994","5,788","1,535","1,096","0,697","0,617","0,321","0,026","1,600"
2020.0,55.0,Thailand,"5,985","6,077","5,893","1,107","0,957","0,596","0,611","0,375","0,028","2,309"
2019.0,54.0,Thailand,"5,999","6,082","5,915","1,007","1,348","0,794","0,609","0,377","0,032","1,832"
2018.0,52.0,Thailand,"6,008",,,,,,,,,
2017.0,46.0,Thailand,"6,072",,,,,,,,,
2016.0,32.0,Thailand,"6,424",,,,,,,,,
2015.0,33.0,Thailand,"6,474",,,,,,,,,
2014.0,34.0,Thailand,"6,455",,,,,,,,,
2012.0,36.0,Thailand,"6,371",,,,,,,,,
2011.0,52.0,Thailand,"5,804",,,,,,,,,
2024.0,132.0,Ethiopia,"3,898","4,011","3,786","0,757","1,051","0,416","0,540","0,182","0,100","0,852"
2023.0,124.0,Togo,"4,214","4,330","4,098","0,758","0,586","0,320","0,453","0,127","0,156","1,814"
2022.0,122.0,Togo,"4,137","4,289","3,986","0,770","0,642","0,161","0,367","0,149","0,136","1,913"
2021.0,135.0,Togo,"4,112","4,272","3,953","0,771","0,322","0,360","0,292","0,174","0,132","2,061"
2020.0,137.0,Togo,"4,107","4,258","3,956","0,254","0,239","0,203","0,289","0,209","0,107","2,806"
2019.0,135.0,Togo,"4,187","4,310","4,065","0,268","0,548","0,343","0,304","0,201","0,115","2,410"
2018.0,139.0,Togo,"4,085",,,,,,,,,
2017.0,139.0,Togo,"3,999",,,,,,,,,
2016.0,150.0,Togo,"3,495",,,,,,,,,
2015.0,155.0,Togo,"3,303",,,,,,,,,
2014.0,158.0,Togo,"2,839",,,,,,,,,
2012.0,156.0,Togo,"2,936",,,,,,,,,
2011.0,156.0,Togo,"3,007",,,,,,,,,
2024.0,133.0,Sri Lanka,"3,891","4,001","3,780","1,271","1,308","0,567","0,696","0,121","0,025","-0,099"
2019.0,42.0,Trinidad and Tobago,"6,192","6,416","5,968","1,168","1,407","0,659","0,553","0,199","0,015","2,191"
2018.0,39.0,Trinidad and Tobago,"6,192",,,,,,,,,
2017.0,38.0,Trinidad and Tobago,"6,192",,,,,,,,,
2016.0,38.0,Trinidad and Tobago,"6,168",,,,,,,,,
2015.0,43.0,Trinidad and Tobago,"6,168",,,,,,,,,
2014.0,41.0,Trinidad and Tobago,"6,168",,,,,,,,,
2012.0,31.0,Trinidad and Tobago,"6,519",,,,,,,,,
2011.0,38.0,Trinidad and Tobago,"6,263",,,,,,,,,
2024.0,134.0,Bangladesh,"3,851","3,949","3,753","1,116","0,286","0,592","0,920","0,110","0,132","0,695"
2023.0,115.0,Tunisia,"4,422","4,505","4,338","1,306","0,955","0,579","0,254","0,024","0,018","1,285"
2022.0,110.0,Tunisia,"4,497","4,601","4,393","1,333","0,981","0,422","0,259","0,022","0,016","1,463"
2021.0,120.0,Tunisia,"4,516","4,629","4,403","1,350","0,596","0,656","0,316","0,029","0,029","1,540"
2020.0,123.0,Tunisia,"4,596","4,709","4,484","0,919","0,515","0,590","0,334","0,057","0,044","2,138"
2019.0,128.0,Tunisia,"4,392","4,490","4,295","0,875","0,872","0,781","0,236","0,056","0,044","1,528"
2018.0,124.0,Tunisia,"4,461",,,,,,,,,
2017.0,111.0,Tunisia,"4,592",,,,,,,,,
2016.0,102.0,Tunisia,"4,805",,,,,,,,,
2015.0,98.0,Tunisia,"5,045",,,,,,,,,
2014.0,107.0,Tunisia,"4,739",,,,,,,,,
2012.0,104.0,Tunisia,"4,826",,,,,,,,,
2011.0,87.0,Tunisia,"5,141",,,,,,,,,
2024.0,135.0,Egypt,"3,817","3,909","3,725","1,347","1,075","0,473","0,593","0,018","0,103","0,210"
2023.0,98.0,Türkiye,"4,975","5,085","4,866","1,702","1,175","0,631","0,202","0,068","0,115","1,083"
2022.0,106.0,Türkiye,"4,614","4,777","4,450","1,714","1,148","0,467","0,125","0,095","0,096","0,969"
2021.0,112.0,Türkiye,"4,744","4,845","4,644","1,707","0,865","0,702","0,209","0,087","0,115","1,059"
2020.0,105.0,Türkiye,"4,948","5,038","4,857","1,260","0,809","0,590","0,236","0,097","0,104","1,852"
2019.0,93.0,Türkiye,"5,132","5,210","5,054","1,127","1,197","0,781","0,254","0,086","0,121","1,565"
2018.0,79.0,Türkiye,"5,373",,,,,,,,,
2017.0,74.0,Türkiye,"5,483",,,,,,,,,
2016.0,69.0,Türkiye,"5,500",,,,,,,,,
2015.0,78.0,Türkiye,"5,389",,,,,,,,,
2014.0,76.0,Türkiye,"5,332",,,,,,,,,
2012.0,77.0,Türkiye,"5,345",,,,,,,,,
2011.0,78.0,Türkiye,"5,234",,,,,,,,,
2021.0,78.0,Turkmenistan,"5,474","5,578","5,371","1,484","1,319","0,516","0,649","0,314","0,032","1,160"
2020.0,98.0,Turkmenistan,"5,066","5,136","4,996","1,046","1,172","0,439","0,602","0,366","0,033","1,409"
2019.0,95.0,Turkmenistan,"5,119","5,177","5,062","1,009","1,510","0,612","0,515","0,323","0,034","1,115"
2018.0,87.0,Turkmenistan,"5,247",,,,,,,,,
2017.0,68.0,Turkmenistan,"5,636",,,,,,,,,
2016.0,59.0,Turkmenistan,"5,822",,,,,,,,,
2015.0,65.0,Turkmenistan,"5,658",,,,,,,,,
2014.0,70.0,Turkmenistan,"5,548",,,,,,,,,
2012.0,59.0,Turkmenistan,"5,628",,,,,,,,,
2011.0,32.0,Turkmenistan,"6,568",,,,,,,,,
2024.0,136.0,Tanzania,"3,800","3,938","3,661","0,847","0,908","0,411","0,858","0,153","0,243","0,380"
2023.0,117.0,Uganda,"4,372","4,501","4,243","0,772","1,151","0,373","0,587","0,178","0,054","1,256"
2022.0,113.0,Uganda,"4,432","4,607","4,258","0,785","1,144","0,201","0,425","0,197","0,051","1,628"
2021.0,117.0,Uganda,"4,603","4,747","4,459","0,777","0,875","0,418","0,402","0,222","0,066","1,842"
2020.0,120.0,Uganda,"4,636","4,780","4,493","0,364","0,718","0,240","0,398","0,267","0,054","2,596"
2019.0,126.0,Uganda,"4,432","4,566","4,298","0,312","1,052","0,378","0,402","0,265","0,064","1,959"
2018.0,136.0,Uganda,"4,189",,,,,,,,,
2017.0,135.0,Uganda,"4,161",,,,,,,,,
2016.0,133.0,Uganda,"4,081",,,,,,,,,
2015.0,146.0,Uganda,"3,739",,,,,,,,,
2014.0,141.0,Uganda,"3,931",,,,,,,,,
2012.0,120.0,Uganda,"4,443",,,,,,,,,
2011.0,128.0,Uganda,"4,313",,,,,,,,,
2024.0,137.0,Eswatini,"3,774","3,893","3,654","1,183","1,152","0,038","0,428","0,054","0,130","0,790"
2023.0,105.0,Ukraine,"4,873","4,988","4,758","1,350","1,315","0,513","0,631","0,285","0,025","0,753"
2022.0,92.0,Ukraine,"5,071","5,187","4,956","1,358","1,354","0,355","0,551","0,265","0,016","1,172"
2021.0,98.0,Ukraine,"5,084","5,190","4,978","1,411","1,081","0,583","0,473","0,188","0,017","1,331"
2020.0,111.0,Ukraine,"4,875","4,977","4,773","0,979","0,958","0,517","0,417","0,181","0,010","1,813"
2019.0,123.0,Ukraine,"4,561","4,658","4,463","0,780","1,321","0,699","0,319","0,179","0,010","1,253"
2018.0,133.0,Ukraine,"4,332",,,,,,,,,
2017.0,138.0,Ukraine,"4,103",,,,,,,,,
2016.0,132.0,Ukraine,"4,096",,,,,,,,,
2015.0,123.0,Ukraine,"4,324",,,,,,,,,
2014.0,111.0,Ukraine,"4,681",,,,,,,,,
2012.0,87.0,Ukraine,"5,057",,,,,,,,,
2011.0,91.0,Ukraine,"5,089",,,,,,,,,
2024.0,138.0,Lesotho,"3,757","3,957","3,558","0,737","1,131","0,000","0,606","0,065","0,072","1,145"
2023.0,22.0,United Arab Emirates,"6,733","6,823","6,643","1,983","1,164","0,563","0,815","0,209","0,258","1,741"
2022.0,26.0,United Arab Emirates,"6,571","6,656","6,486","2,015","1,223","0,401","0,745","0,188","0,247","1,752"
2021.0,24.0,United Arab Emirates,"6,576","6,660","6,492","1,998","0,980","0,633","0,702","0,204","0,250","1,809"
2020.0,26.0,United Arab Emirates,"6,561","6,637","6,484","1,555","0,860","0,594","0,670","0,236","0,223","2,422"
2019.0,21.0,United Arab Emirates,"6,791","6,871","6,711","1,431","1,251","0,788","0,653","0,281","0,220","2,167"
2018.0,21.0,United Arab Emirates,"6,825",,,,,,,,,
2017.0,20.0,United Arab Emirates,"6,774",,,,,,,,,
2016.0,21.0,United Arab Emirates,"6,648",,,,,,,,,
2015.0,28.0,United Arab Emirates,"6,573",,,,,,,,,
2014.0,20.0,United Arab Emirates,"6,901",,,,,,,,,
2012.0,14.0,United Arab Emirates,"7,144",,,,,,,,,
2011.0,17.0,United Arab Emirates,"6,977",,,,,,,,,
2024.0,139.0,Comoros,"3,754","3,919","3,590","0,835","0,501","0,428","0,260","0,117","0,164","1,450"
2023.0,20.0,United Kingdom,"6,749","6,833","6,665","1,822","1,326","0,672","0,713","0,267","0,351","1,598"
2022.0,19.0,United Kingdom,"6,796","6,877","6,714","1,857","1,366","0,511","0,626","0,272","0,340","1,822"
2021.0,17.0,United Kingdom,"6,943","7,018","6,867","1,867","1,143","0,750","0,597","0,289","0,329","1,967"
2020.0,18.0,United Kingdom,"7,064","7,138","6,990","1,423","1,062","0,757","0,580","0,340","0,306","2,596"
2019.0,13.0,United Kingdom,"7,165","7,237","7,092","1,273","1,458","0,976","0,525","0,373","0,323","2,237"
2018.0,15.0,United Kingdom,"7,054",,,,,,,,,
2017.0,19.0,United Kingdom,"6,814",,,,,,,,,
2016.0,19.0,United Kingdom,"6,714",,,,,,,,,
2015.0,23.0,United Kingdom,"6,725",,,,,,,,,
2014.0,21.0,United Kingdom,"6,867",,,,,,,,,
2012.0,22.0,United Kingdom,"6,883",,,,,,,,,
2011.0,18.0,United Kingdom,"6,936",,,,,,,,,
2024.0,140.0,Yemen,"3,561","3,714","3,408","0,631","1,482","0,375","0,447","0,066","0,106","0,454"
2023.0,23.0,United States,"6,725","6,818","6,631","1,939","1,392","0,542","0,586","0,223","0,169","1,873"
2022.0,15.0,United States,"6,894","6,986","6,802","1,980","1,460","0,390","0,557","0,210","0,172","2,124"
2021.0,16.0,United States,"6,977","7,065","6,888","1,982","1,182","0,628","0,574","0,220","0,177","2,214"
2020.0,20.0,United States,"6,951","7,047","6,856","1,533","1,030","0,621","0,554","0,252","0,154","2,807"
2019.0,18.0,United States,"6,940","7,032","6,847","1,374","1,405","0,832","0,535","0,298","0,152","2,344"
2018.0,19.0,United States,"6,892",,,,,,,,,
2017.0,18.0,United States,"6,886",,,,,,,,,
2016.0,14.0,United States,"6,993",,,,,,,,,
2015.0,13.0,United States,"7,104",,,,,,,,,
2014.0,15.0,United States,"7,119",,,,,,,,,
2012.0,17.0,United States,"7,082",,,,,,,,,
2011.0,11.0,United States,"7,270",,,,,,,,,
2024.0,141.0,DR Congo,"3,469","3,608","3,331","0,544","0,929","0,278","0,600","0,151","0,061","0,906"
2023.0,26.0,Uruguay,"6,611","6,696","6,527","1,596","1,431","0,592","0,775","0,106","0,220","1,891"
2022.0,28.0,Uruguay,"6,494","6,583","6,404","1,617","1,445","0,435","0,683","0,102","0,254","1,958"
2021.0,30.0,Uruguay,"6,474","6,562","6,386","1,615","1,180","0,672","0,665","0,103","0,265","1,974"
2020.0,32.0,Uruguay,"6,431","6,521","6,341","1,164","1,042","0,649","0,625","0,128","0,223","2,600"
2019.0,26.0,Uruguay,"6,440","6,529","6,351","1,071","1,425","0,857","0,594","0,132","0,193","2,167"
2018.0,33.0,Uruguay,"6,293",,,,,,,,,
2017.0,31.0,Uruguay,"6,379",,,,,,,,,
2016.0,28.0,Uruguay,"6,454",,,,,,,,,
2015.0,29.0,Uruguay,"6,545",,,,,,,,,
2014.0,32.0,Uruguay,"6,485",,,,,,,,,
2012.0,37.0,Uruguay,"6,355",,,,,,,,,
2011.0,50.0,Uruguay,"5,898",,,,,,,,,
2024.0,142.0,Botswana,"3,438","3,576","3,301","1,388","1,146","0,094","0,697","0,018","0,083","0,012"
2023.0,47.0,Uzbekistan,"6,195","6,303","6,087","1,212","1,394","0,539","0,835","0,251","0,215","1,749"
2022.0,54.0,Uzbekistan,"6,014","6,130","5,899","1,227","1,347","0,375","0,740","0,260","0,208","1,856"
2021.0,53.0,Uzbekistan,"6,063","6,178","5,948","1,219","1,092","0,600","0,716","0,283","0,240","1,913"
2020.0,43.0,Uzbekistan,"6,179","6,312","6,045","0,769","1,027","0,528","0,716","0,391","0,271","2,477"
2019.0,38.0,Uzbekistan,"6,258","6,364","6,151","0,697","1,434","0,717","0,693","0,363","0,280","2,073"
2018.0,41.0,Uzbekistan,"6,174",,,,,,,,,
2017.0,44.0,Uzbekistan,"6,096",,,,,,,,,
2016.0,47.0,Uzbekistan,"5,971",,,,,,,,,
2015.0,49.0,Uzbekistan,"5,987",,,,,,,,,
2014.0,44.0,Uzbekistan,"6,003",,,,,,,,,
2012.0,60.0,Uzbekistan,"5,623",,,,,,,,,
2011.0,79.0,Uzbekistan,"5,225",,,,,,,,,
2024.0,143.0,Zimbabwe,"3,396","3,509","3,283","0,827","0,961","0,178","0,598","0,065","0,131","0,636"
2023.0,79.0,Venezuela,"5,607","5,725","5,489","0,000","1,321","0,491","0,518","0,192","0,086","2,998"
2022.0,88.0,Venezuela,"5,211","5,336","5,085","0,000","1,257","0,341","0,369","0,205","0,084","2,955"
2021.0,108.0,Venezuela,"4,925","5,051","4,800","0,000","0,968","0,578","0,283","0,225","0,082","2,790"
2020.0,108.0,Venezuela,"4,892","5,017","4,767","0,852","0,897","0,574","0,284","0,078","0,072","2,135"
2019.0,99.0,Venezuela,"5,053","5,179","4,927","0,770","1,349","0,767","0,272","0,087","0,064","1,745"
2018.0,108.0,Venezuela,"4,707",,,,,,,,,
2017.0,102.0,Venezuela,"4,806",,,,,,,,,
2016.0,82.0,Venezuela,"5,250",,,,,,,,,
2015.0,44.0,Venezuela,"6,084",,,,,,,,,
2014.0,23.0,Venezuela,"6,810",,,,,,,,,
2012.0,20.0,Venezuela,"7,039",,,,,,,,,
2011.0,19.0,Venezuela,"6,922",,,,,,,,,
2024.0,144.0,Malawi,"3,260","3,390","3,130","0,588","0,489","0,280","0,677","0,115","0,136","0,975"
2023.0,54.0,Viet Nam,"6,043","6,138","5,948","1,331","1,267","0,539","0,843","0,094","0,160","1,810"
2022.0,65.0,Viet Nam,"5,763","5,865","5,662","1,349","1,212","0,381","0,741","0,134","0,122","1,824"
2021.0,77.0,Viet Nam,"5,485","5,570","5,400","1,252","0,932","0,611","0,707","0,143","0,105","1,735"
2020.0,80.0,Viet Nam,"5,411","5,488","5,334","0,817","0,873","0,616","0,679","0,124","0,091","2,211"
2019.0,83.0,Viet Nam,"5,353","5,420","5,287","0,718","1,253","0,819","0,651","0,136","0,090","1,686"
2018.0,94.0,Viet Nam,"5,175",,,,,,,,,
2017.0,95.0,Viet Nam,"5,103",,,,,,,,,
2016.0,94.0,Viet Nam,"5,074",,,,,,,,,
2015.0,96.0,Viet Nam,"5,061",,,,,,,,,
2014.0,75.0,Viet Nam,"5,360",,,,,,,,,
2012.0,63.0,Viet Nam,"5,533",,,,,,,,,
2011.0,65.0,Viet Nam,"5,425",,,,,,,,,
2024.0,145.0,Lebanon,"3,188","3,277","3,098","1,223","0,984","0,440","0,279","0,071","0,041","0,150"
2023.0,133.0,Yemen,"3,561","3,714","3,408","0,671","1,281","0,293","0,362","0,080","0,113","0,760"
2021.0,132.0,Yemen,"4,197","4,384","4,010","0,691","1,043","0,384","0,330","0,090","0,098","1,561"
2020.0,142.0,Yemen,"3,658","3,794","3,521","0,329","0,831","0,272","0,268","0,092","0,089","1,776"
2019.0,146.0,Yemen,"3,527","3,634","3,421","0,393","1,177","0,415","0,244","0,095","0,087","1,116"
2018.0,151.0,Yemen,"3,380",,,,,,,,,
2017.0,152.0,Yemen,"3,355",,,,,,,,,
2016.0,146.0,Yemen,"3,593",,,,,,,,,
2015.0,147.0,Yemen,"3,724",,,,,,,,,
2014.0,136.0,Yemen,"4,077",,,,,,,,,
2012.0,142.0,Yemen,"4,054",,,,,,,,,
2011.0,123.0,Yemen,"4,454",,,,,,,,,
2024.0,146.0,Sierra Leone,"2,998","3,102","2,894","0,786","0,692","0,327","0,613","0,138","0,052","0,391"
2023.0,134.0,Zambia,"3,502","3,636","3,368","0,899","0,809","0,264","0,727","0,168","0,109","0,526"
2022.0,128.0,Zambia,"3,982","4,167","3,797","0,914","0,890","0,095","0,545","0,189","0,080","1,270"
2021.0,137.0,Zambia,"3,760","3,902","3,618","0,930","0,577","0,306","0,525","0,203","0,083","1,135"
2020.0,138.0,Zambia,"4,073","4,209","3,938","0,528","0,552","0,231","0,487","0,227","0,074","1,975"
2019.0,141.0,Zambia,"3,759","3,878","3,640","0,537","0,896","0,364","0,491","0,251","0,087","1,134"
2018.0,138.0,Zambia,"4,107",,,,,,,,,
2017.0,125.0,Zambia,"4,377",,,,,,,,,
2016.0,116.0,Zambia,"4,514",,,,,,,,,
2015.0,106.0,Zambia,"4,795",,,,,,,,,
2014.0,85.0,Zambia,"5,129",,,,,,,,,
2012.0,91.0,Zambia,"5,006",,,,,,,,,
2011.0,109.0,Zambia,"4,705",,,,,,,,,
2024.0,147.0,Afghanistan,"1,364","1,427","1,301","0,649","0,000","0,155","0,000","0,075","0,135","0,348"
2023.0,138.0,Zimbabwe,"3,341","3,457","3,226","0,748","0,850","0,232","0,487","0,096","0,131","0,797"
2022.0,134.0,Zimbabwe,"3,204","3,323","3,084","0,758","0,881","0,069","0,363","0,112","0,117","0,905"
2021.0,144.0,Zimbabwe,"2,995","3,110","2,880","0,947","0,690","0,270","0,329","0,106","0,105","0,548"
2020.0,149.0,Zimbabwe,"3,145","3,259","3,030","0,457","0,649","0,243","0,359","0,157","0,075","1,205"
2019.0,151.0,Zimbabwe,"3,299","3,414","3,184","0,426","1,048","0,375","0,377","0,151","0,081","0,841"
2018.0,146.0,Zimbabwe,"3,663",,,,,,,,,
2017.0,144.0,Zimbabwe,"3,692",,,,,,,,,
2016.0,138.0,Zimbabwe,"3,875",,,,,,,,,
2015.0,131.0,Zimbabwe,"4,193",,,,,,,,,
2014.0,115.0,Zimbabwe,"4,610",,,,,,,,,
2012.0,103.0,Zimbabwe,"4,827",,,,,,,,,
2011.0,142.0,Zimbabwe,"3,978",,,,,,,,,
