year;rank;country name;metric;value
2024.0;1.0;Finland;Ladder score;7.736
2023.0;143.0;Afghanistan;Ladder score;1.721
2022.0;137.0;Afghanistan;Ladder score;1.859
2021.0;146.0;Afghanistan;Ladder score;2.404
2020.0;150.0;Afghanistan;Ladder score;2.523
2019.0;153.0;Afghanistan;Ladder score;2.567
2018.0;154.0;Afghanistan;Ladder score;3.203
2017.0;145.0;Afghanistan;Ladder score;3.632
2016.0;141.0;Afghanistan;Ladder score;3.794
2015.0;154.0;Afghanistan;Ladder score;3.36
2014.0;153.0;Afghanistan;Ladder score;3.575
2012.0;143.0;Afghanistan;Ladder score;4.04
2011.0;131.0;Afghanistan;Ladder score;4.258
2024.0;2.0;Denmark;Ladder score;7.521
2023.0;87.0;Albania;Ladder score;5.304
2022.0;83.0;Albania;Ladder score;5.277
2021.0;90.0;Albania;Ladder score;5.199
2020.0;94.0;Albania;Ladder score;5.117
2019.0;105.0;Albania;Ladder score;4.883
2018.0;107.0;Albania;Ladder score;4.719
2017.0;112.0;Albania;Ladder score;4.586
2016.0;109.0;Albania;Ladder score;4.644
2015.0;109.0;Albania;Ladder score;4.655
2014.0;95.0;Albania;Ladder score;4.959
2012.0;62.0;Albania;Ladder score;5.55
2011.0;88.0;Albania;Ladder score;5.134
2024.0;3.0;Iceland;Ladder score;7.515
2023.0;85.0;Algeria;Ladder score;5.364
2022.0;81.0;Algeria;Ladder score;5.329
2021.0;96.0;Algeria;Ladder score;5.122
2020.0;110.0;Algeria;Ladder score;4.887
2019.0;100.0;Algeria;Ladder score;5.005
2018.0;88.0;Algeria;Ladder score;5.211
2017.0;84.0;Algeria;Ladder score;5.295
2016.0;53.0;Algeria;Ladder score;5.872
2015.0;38.0;Algeria;Ladder score;6.355
2014.0;68.0;Algeria;Ladder score;5.605
2012.0;73.0;Algeria;Ladder score;5.422
2011.0;71.0;Algeria;Ladder score;5.368
2017.0;142.0;Angola;Ladder score;3.795
2016.0;140.0;Angola;Ladder score;3.795
2015.0;141.0;Angola;Ladder score;3.866
2014.0;137.0;Angola;Ladder score;4.033
2012.0;61.0;Angola;Ladder score;5.589
2011.0;135.0;Angola;Ladder score;4.178
2024.0;4.0;Sweden;Ladder score;7.345
2023.0;48.0;Argentina;Ladder score;6.188
2022.0;52.0;Argentina;Ladder score;6.024
2021.0;57.0;Argentina;Ladder score;5.967
2020.0;58.0;Argentina;Ladder score;5.929
2019.0;55.0;Argentina;Ladder score;5.975
2018.0;47.0;Argentina;Ladder score;6.086
2017.0;29.0;Argentina;Ladder score;6.388
2016.0;24.0;Argentina;Ladder score;6.599
2015.0;26.0;Argentina;Ladder score;6.65
2014.0;30.0;Argentina;Ladder score;6.574
2012.0;29.0;Argentina;Ladder score;6.562
2011.0;39.0;Argentina;Ladder score;6.242
2024.0;5.0;Netherlands;Ladder score;7.306
2023.0;82.0;Armenia;Ladder score;5.455
2022.0;79.0;Armenia;Ladder score;5.342
2021.0;82.0;Armenia;Ladder score;5.399
2020.0;87.0;Armenia;Ladder score;5.283
2019.0;116.0;Armenia;Ladder score;4.677
2018.0;116.0;Armenia;Ladder score;4.559
2017.0;129.0;Armenia;Ladder score;4.321
2016.0;121.0;Armenia;Ladder score;4.376
2015.0;121.0;Armenia;Ladder score;4.36
2014.0;127.0;Armenia;Ladder score;4.35
2012.0;128.0;Armenia;Ladder score;4.316
2011.0;122.0;Armenia;Ladder score;4.474
2024.0;6.0;Costa Rica;Ladder score;7.274
2023.0;10.0;Australia;Ladder score;7.057
2022.0;12.0;Australia;Ladder score;7.095
2021.0;12.0;Australia;Ladder score;7.162
2020.0;12.0;Australia;Ladder score;7.183
2019.0;12.0;Australia;Ladder score;7.223
2018.0;11.0;Australia;Ladder score;7.228
2017.0;10.0;Australia;Ladder score;7.272
2016.0;9.0;Australia;Ladder score;7.284
2015.0;9.0;Australia;Ladder score;7.313
2014.0;10.0;Australia;Ladder score;7.284
2012.0;10.0;Australia;Ladder score;7.35
2011.0;9.0;Australia;Ladder score;7.345
2024.0;7.0;Norway;Ladder score;7.262
2023.0;14.0;Austria;Ladder score;6.905
2022.0;11.0;Austria;Ladder score;7.097
2021.0;11.0;Austria;Ladder score;7.163
2020.0;11.0;Austria;Ladder score;7.268
2019.0;9.0;Austria;Ladder score;7.294
2018.0;10.0;Austria;Ladder score;7.246
2017.0;12.0;Austria;Ladder score;7.139
2016.0;13.0;Austria;Ladder score;7.006
2015.0;12.0;Austria;Ladder score;7.119
2014.0;13.0;Austria;Ladder score;7.2
2012.0;8.0;Austria;Ladder score;7.369
2011.0;13.0;Austria;Ladder score;7.227
2024.0;8.0;Israel;Ladder score;7.234
2023.0;101.0;Azerbaijan;Ladder score;4.893
2021.0;92.0;Azerbaijan;Ladder score;5.173
2020.0;91.0;Azerbaijan;Ladder score;5.171
2019.0;89.0;Azerbaijan;Ladder score;5.165
2018.0;90.0;Azerbaijan;Ladder score;5.208
2017.0;87.0;Azerbaijan;Ladder score;5.201
2016.0;85.0;Azerbaijan;Ladder score;5.234
2015.0;81.0;Azerbaijan;Ladder score;5.291
2014.0;80.0;Azerbaijan;Ladder score;5.212
2012.0;116.0;Azerbaijan;Ladder score;4.604
2011.0;116.0;Azerbaijan;Ladder score;4.582
2024.0;9.0;Luxembourg;Ladder score;7.122
2023.0;62.0;Bahrain;Ladder score;5.959
2022.0;42.0;Bahrain;Ladder score;6.173
2021.0;21.0;Bahrain;Ladder score;6.647
2020.0;23.0;Bahrain;Ladder score;6.647
2019.0;40.0;Bahrain;Ladder score;6.227
2018.0;37.0;Bahrain;Ladder score;6.199
2017.0;43.0;Bahrain;Ladder score;6.105
2016.0;41.0;Bahrain;Ladder score;6.087
2015.0;42.0;Bahrain;Ladder score;6.218
2014.0;49.0;Bahrain;Ladder score;5.96
2012.0;79.0;Bahrain;Ladder score;5.312
2011.0;61.0;Bahrain;Ladder score;5.568
2024.0;10.0;Mexico;Ladder score;6.979
2023.0;129.0;Bangladesh;Ladder score;3.886
2022.0;118.0;Bangladesh;Ladder score;4.282
2021.0;94.0;Bangladesh;Ladder score;5.155
2020.0;102.0;Bangladesh;Ladder score;5.025
2019.0;107.0;Bangladesh;Ladder score;4.833
2018.0;125.0;Bangladesh;Ladder score;4.456
2017.0;115.0;Bangladesh;Ladder score;4.5
2016.0;110.0;Bangladesh;Ladder score;4.608
2015.0;110.0;Bangladesh;Ladder score;4.643
2014.0;109.0;Bangladesh;Ladder score;4.694
2012.0;108.0;Bangladesh;Ladder score;4.804
2011.0;104.0;Bangladesh;Ladder score;4.807
2021.0;65.0;Belarus;Ladder score;5.821
2020.0;76.0;Belarus;Ladder score;5.534
2019.0;75.0;Belarus;Ladder score;5.54
2018.0;81.0;Belarus;Ladder score;5.323
2017.0;73.0;Belarus;Ladder score;5.483
2016.0;67.0;Belarus;Ladder score;5.569
2015.0;61.0;Belarus;Ladder score;5.802
2014.0;59.0;Belarus;Ladder score;5.813
2012.0;66.0;Belarus;Ladder score;5.504
2011.0;62.0;Belarus;Ladder score;5.566
2024.0;11.0;Australia;Ladder score;6.974
2023.0;16.0;Belgium;Ladder score;6.894
2022.0;17.0;Belgium;Ladder score;6.859
2021.0;19.0;Belgium;Ladder score;6.805
2020.0;21.0;Belgium;Ladder score;6.834
2019.0;20.0;Belgium;Ladder score;6.864
2018.0;18.0;Belgium;Ladder score;6.923
2017.0;16.0;Belgium;Ladder score;6.927
2016.0;17.0;Belgium;Ladder score;6.891
2015.0;18.0;Belgium;Ladder score;6.929
2014.0;19.0;Belgium;Ladder score;6.937
2012.0;21.0;Belgium;Ladder score;6.967
2011.0;15.0;Belgium;Ladder score;7.113
2024.0;12.0;New Zealand;Ladder score;6.952
2017.0;49.0;Belize;Ladder score;5.956
2016.0;50.0;Belize;Ladder score;5.956
2015.0;52.0;Belize;Ladder score;5.956
2011.0;34.0;Belize;Ladder score;6.451
2024.0;13.0;Switzerland;Ladder score;6.935
2023.0;116.0;Benin;Ladder score;4.377
2022.0;116.0;Benin;Ladder score;4.374
2021.0;115.0;Benin;Ladder score;4.623
2020.0;100.0;Benin;Ladder score;5.045
2019.0;86.0;Benin;Ladder score;5.216
2018.0;102.0;Benin;Ladder score;4.883
2017.0;136.0;Benin;Ladder score;4.141
2016.0;143.0;Benin;Ladder score;3.657
2015.0;153.0;Benin;Ladder score;3.484
2014.0;155.0;Benin;Ladder score;3.34
2012.0;155.0;Benin;Ladder score;3.528
2011.0;155.0;Benin;Ladder score;3.493
2018.0;95.0;Bhutan;Ladder score;5.082
2017.0;97.0;Bhutan;Ladder score;5.082
2016.0;97.0;Bhutan;Ladder score;5.011
2015.0;84.0;Bhutan;Ladder score;5.196
2014.0;79.0;Bhutan;Ladder score;5.253
2024.0;14.0;Belgium;Ladder score;6.91
2023.0;73.0;Bolivia;Ladder score;5.784
2022.0;69.0;Bolivia;Ladder score;5.684
2021.0;71.0;Bolivia;Ladder score;5.6
2020.0;70.0;Bolivia;Ladder score;5.716
2019.0;65.0;Bolivia;Ladder score;5.747
2018.0;61.0;Bolivia;Ladder score;5.779
2017.0;62.0;Bolivia;Ladder score;5.752
2016.0;58.0;Bolivia;Ladder score;5.823
2015.0;59.0;Bolivia;Ladder score;5.822
2014.0;51.0;Bolivia;Ladder score;5.89
2012.0;50.0;Bolivia;Ladder score;5.857
2011.0;57.0;Bolivia;Ladder score;5.633
2024.0;15.0;Ireland;Ladder score;6.889
2023.0;65.0;Bosnia and Herzegovina;Ladder score;5.877
2022.0;71.0;Bosnia and Herzegovina;Ladder score;5.633
2021.0;67.0;Bosnia and Herzegovina;Ladder score;5.768
2020.0;65.0;Bosnia and Herzegovina;Ladder score;5.813
2019.0;69.0;Bosnia and Herzegovina;Ladder score;5.674
2018.0;78.0;Bosnia and Herzegovina;Ladder score;5.386
2017.0;93.0;Bosnia and Herzegovina;Ladder score;5.129
2016.0;90.0;Bosnia and Herzegovina;Ladder score;5.182
2015.0;87.0;Bosnia and Herzegovina;Ladder score;5.163
2014.0;96.0;Bosnia and Herzegovina;Ladder score;4.949
2012.0;107.0;Bosnia and Herzegovina;Ladder score;4.813
2011.0;99.0;Bosnia and Herzegovina;Ladder score;4.857
2024.0;16.0;Lithuania;Ladder score;6.829
2023.0;137.0;Botswana;Ladder score;3.383
2022.0;132.0;Botswana;Ladder score;3.435
2021.0;142.0;Botswana;Ladder score;3.471
2020.0;147.0;Botswana;Ladder score;3.467
2019.0;147.0;Botswana;Ladder score;3.479
2018.0;148.0;Botswana;Ladder score;3.488
2017.0;146.0;Botswana;Ladder score;3.59
2016.0;142.0;Botswana;Ladder score;3.766
2015.0;137.0;Botswana;Ladder score;3.974
2014.0;128.0;Botswana;Ladder score;4.332
2012.0;145.0;Botswana;Ladder score;3.97
2011.0;117.0;Botswana;Ladder score;4.581
2024.0;17.0;Austria;Ladder score;6.81
2023.0;44.0;Brazil;Ladder score;6.272
2022.0;49.0;Brazil;Ladder score;6.125
2021.0;38.0;Brazil;Ladder score;6.293
2020.0;36.0;Brazil;Ladder score;6.33
2019.0;32.0;Brazil;Ladder score;6.376
2018.0;32.0;Brazil;Ladder score;6.3
2017.0;28.0;Brazil;Ladder score;6.419
2016.0;22.0;Brazil;Ladder score;6.635
2015.0;17.0;Brazil;Ladder score;6.952
2014.0;16.0;Brazil;Ladder score;6.983
2012.0;24.0;Brazil;Ladder score;6.849
2011.0;25.0;Brazil;Ladder score;6.697
2024.0;18.0;Canada;Ladder score;6.803
2023.0;81.0;Bulgaria;Ladder score;5.463
2022.0;77.0;Bulgaria;Ladder score;5.466
2021.0;85.0;Bulgaria;Ladder score;5.371
2020.0;89.0;Bulgaria;Ladder score;5.266
2019.0;96.0;Bulgaria;Ladder score;5.102
2018.0;97.0;Bulgaria;Ladder score;5.011
2017.0;100.0;Bulgaria;Ladder score;4.933
2016.0;105.0;Bulgaria;Ladder score;4.714
2015.0;129.0;Bulgaria;Ladder score;4.217
2014.0;134.0;Bulgaria;Ladder score;4.218
2012.0;144.0;Bulgaria;Ladder score;3.981
2011.0;147.0;Bulgaria;Ladder score;3.889
2024.0;19.0;Slovenia;Ladder score;6.792
2023.0;110.0;Burkina Faso;Ladder score;4.548
2022.0;104.0;Burkina Faso;Ladder score;4.638
2021.0;113.0;Burkina Faso;Ladder score;4.67
2020.0;114.0;Burkina Faso;Ladder score;4.834
2019.0;112.0;Burkina Faso;Ladder score;4.769
2018.0;115.0;Burkina Faso;Ladder score;4.587
2017.0;121.0;Burkina Faso;Ladder score;4.424
2016.0;134.0;Burkina Faso;Ladder score;4.032
2015.0;145.0;Burkina Faso;Ladder score;3.739
2014.0;152.0;Burkina Faso;Ladder score;3.587
2012.0;131.0;Burkina Faso;Ladder score;4.259
2011.0;144.0;Burkina Faso;Ladder score;3.926
2020.0;141.0;Burundi;Ladder score;3.775
2019.0;140.0;Burundi;Ladder score;3.775
2018.0;145.0;Burundi;Ladder score;3.775
2017.0;156.0;Burundi;Ladder score;2.905
2016.0;154.0;Burundi;Ladder score;2.905
2015.0;157.0;Burundi;Ladder score;2.905
2014.0;157.0;Burundi;Ladder score;2.906
2012.0;153.0;Burundi;Ladder score;3.706
2011.0;152.0;Burundi;Ladder score;3.678
2024.0;20.0;Czechia;Ladder score;6.775
2023.0;119.0;Cambodia;Ladder score;4.341
2022.0;115.0;Cambodia;Ladder score;4.393
2021.0;114.0;Cambodia;Ladder score;4.64
2020.0;115.0;Cambodia;Ladder score;4.83
2019.0;106.0;Cambodia;Ladder score;4.848
2018.0;109.0;Cambodia;Ladder score;4.7
2017.0;120.0;Cambodia;Ladder score;4.433
2016.0;129.0;Cambodia;Ladder score;4.168
2015.0;140.0;Cambodia;Ladder score;3.907
2014.0;145.0;Cambodia;Ladder score;3.819
2012.0;140.0;Cambodia;Ladder score;4.067
2011.0;138.0;Cambodia;Ladder score;4.101
2024.0;21.0;United Arab Emirates;Ladder score;6.759
2023.0;104.0;Cameroon;Ladder score;4.874
2022.0;96.0;Cameroon;Ladder score;4.973
2021.0;102.0;Cameroon;Ladder score;5.048
2020.0;92.0;Cameroon;Ladder score;5.142
2019.0;98.0;Cameroon;Ladder score;5.085
2018.0;96.0;Cameroon;Ladder score;5.044
2017.0;99.0;Cameroon;Ladder score;4.975
2016.0;107.0;Cameroon;Ladder score;4.695
2015.0;114.0;Cameroon;Ladder score;4.513
2014.0;133.0;Cameroon;Ladder score;4.252
2012.0;122.0;Cameroon;Ladder score;4.42
2011.0;126.0;Cameroon;Ladder score;4.376
2024.0;22.0;Germany;Ladder score;6.753
2023.0;15.0;Canada;Ladder score;6.9
2022.0;13.0;Canada;Ladder score;6.961
2021.0;15.0;Canada;Ladder score;7.025
2020.0;15.0;Canada;Ladder score;7.103
2019.0;11.0;Canada;Ladder score;7.232
2018.0;9.0;Canada;Ladder score;7.278
2017.0;7.0;Canada;Ladder score;7.328
2016.0;7.0;Canada;Ladder score;7.316
2015.0;6.0;Canada;Ladder score;7.404
2014.0;5.0;Canada;Ladder score;7.427
2012.0;6.0;Canada;Ladder score;7.477
2011.0;5.0;Canada;Ladder score;7.499
2019.0;149.0;Central African Republic;Ladder score;3.476
2018.0;155.0;Central African Republic;Ladder score;3.083
2017.0;155.0;Central African Republic;Ladder score;3.083
2016.0;155.0;Central African Republic;Ladder score;2.693
2014.0;148.0;Central African Republic;Ladder score;3.678
2012.0;154.0;Central African Republic;Ladder score;3.623
2011.0;154.0;Central African Republic;Ladder score;3.568
2024.0;23.0;United Kingdom;Ladder score;6.728
2023.0;113.0;Chad;Ladder score;4.471
2022.0;114.0;Chad;Ladder score;4.397
2021.0;130.0;Chad;Ladder score;4.251
2020.0;129.0;Chad;Ladder score;4.355
2019.0;127.0;Chad;Ladder score;4.423
2018.0;132.0;Chad;Ladder score;4.35
2017.0;131.0;Chad;Ladder score;4.301
2016.0;137.0;Chad;Ladder score;3.936
2015.0;144.0;Chad;Ladder score;3.763
2014.0;149.0;Chad;Ladder score;3.667
2012.0;141.0;Chad;Ladder score;4.056
2011.0;145.0;Chad;Ladder score;3.919
2024.0;24.0;United States;Ladder score;6.724
2023.0;38.0;Chile;Ladder score;6.36
2022.0;35.0;Chile;Ladder score;6.334
2021.0;44.0;Chile;Ladder score;6.172
2020.0;44.0;Chile;Ladder score;6.172
2019.0;39.0;Chile;Ladder score;6.228
2018.0;26.0;Chile;Ladder score;6.444
2017.0;25.0;Chile;Ladder score;6.476
2016.0;20.0;Chile;Ladder score;6.652
2015.0;24.0;Chile;Ladder score;6.705
2014.0;27.0;Chile;Ladder score;6.67
2012.0;28.0;Chile;Ladder score;6.587
2011.0;43.0;Chile;Ladder score;6.128
2024.0;25.0;Belize;Ladder score;6.711
2023.0;60.0;China;Ladder score;5.973
2022.0;64.0;China;Ladder score;5.818
2021.0;72.0;China;Ladder score;5.585
2020.0;85.0;China;Ladder score;5.339
2019.0;94.0;China;Ladder score;5.124
2018.0;93.0;China;Ladder score;5.191
2017.0;86.0;China;Ladder score;5.246
2016.0;79.0;China;Ladder score;5.273
2015.0;83.0;China;Ladder score;5.245
2014.0;84.0;China;Ladder score;5.14
2012.0;93.0;China;Ladder score;4.978
2011.0;112.0;China;Ladder score;4.68
2024.0;26.0;Poland;Ladder score;6.673
2023.0;78.0;Colombia;Ladder score;5.695
2022.0;72.0;Colombia;Ladder score;5.63
2021.0;66.0;Colombia;Ladder score;5.781
2020.0;53.0;Colombia;Ladder score;6.012
2019.0;44.0;Colombia;Ladder score;6.163
2018.0;43.0;Colombia;Ladder score;6.125
2017.0;37.0;Colombia;Ladder score;6.26
2016.0;36.0;Colombia;Ladder score;6.357
2015.0;31.0;Colombia;Ladder score;6.481
2014.0;33.0;Colombia;Ladder score;6.477
2012.0;35.0;Colombia;Ladder score;6.416
2011.0;41.0;Colombia;Ladder score;6.202
2024.0;27.0;Taiwan Province of China;Ladder score;6.669
2023.0;132.0;Comoros;Ladder score;3.566
2022.0;130.0;Comoros;Ladder score;3.545
2021.0;116.0;Comoros;Ladder score;4.609
2020.0;132.0;Comoros;Ladder score;4.289
2019.0;134.0;Comoros;Ladder score;4.289
2018.0;142.0;Comoros;Ladder score;3.973
2015.0;138.0;Comoros;Ladder score;3.956
2014.0;140.0;Comoros;Ladder score;3.956
2012.0;149.0;Comoros;Ladder score;3.851
2011.0;151.0;Comoros;Ladder score;3.7
2024.0;28.0;Uruguay;Ladder score;6.661
2023.0;89.0;Congo;Ladder score;5.221
2022.0;86.0;Congo;Ladder score;5.267
2021.0;99.0;Congo;Ladder score;5.075
2020.0;84.0;Congo;Ladder score;5.342
2019.0;88.0;Congo;Ladder score;5.194
2018.0;103.0;Congo;Ladder score;4.812
2017.0;114.0;Congo;Ladder score;4.559
2016.0;124.0;Congo;Ladder score;4.291
2015.0;127.0;Congo;Ladder score;4.236
2014.0;139.0;Congo;Ladder score;3.989
2012.0;129.0;Congo;Ladder score;4.297
2011.0;148.0;Congo;Ladder score;3.82
2024.0;29.0;Kosovo;Ladder score;6.659
2023.0;12.0;Costa Rica;Ladder score;6.955
2022.0;23.0;Costa Rica;Ladder score;6.609
2021.0;23.0;Costa Rica;Ladder score;6.582
2020.0;17.0;Costa Rica;Ladder score;7.069
2019.0;15.0;Costa Rica;Ladder score;7.121
2018.0;12.0;Costa Rica;Ladder score;7.167
2017.0;13.0;Costa Rica;Ladder score;7.072
2016.0;12.0;Costa Rica;Ladder score;7.079
2015.0;14.0;Costa Rica;Ladder score;7.087
2014.0;12.0;Costa Rica;Ladder score;7.226
2012.0;12.0;Costa Rica;Ladder score;7.257
2011.0;12.0;Costa Rica;Ladder score;7.251
2024.0;30.0;Kuwait;Ladder score;6.629
2023.0;96.0;Côte d’Ivoire;Ladder score;5.08
2022.0;93.0;Côte d’Ivoire;Ladder score;5.053
2021.0;88.0;Côte d’Ivoire;Ladder score;5.235
2020.0;86.0;Côte d’Ivoire;Ladder score;5.306
2019.0;85.0;Côte d’Ivoire;Ladder score;5.233
2018.0;99.0;Côte d’Ivoire;Ladder score;4.944
2017.0;107.0;Côte d’Ivoire;Ladder score;4.671
2016.0;128.0;Côte d’Ivoire;Ladder score;4.18
2015.0;139.0;Côte d’Ivoire;Ladder score;3.916
2014.0;151.0;Côte d’Ivoire;Ladder score;3.655
2011.0;133.0;Côte d’Ivoire;Ladder score;4.197
2024.0;31.0;Serbia;Ladder score;6.606
2023.0;63.0;Croatia;Ladder score;5.942
2022.0;48.0;Croatia;Ladder score;6.125
2021.0;47.0;Croatia;Ladder score;6.125
2020.0;61.0;Croatia;Ladder score;5.882
2019.0;79.0;Croatia;Ladder score;5.505
2018.0;75.0;Croatia;Ladder score;5.432
2017.0;82.0;Croatia;Ladder score;5.321
2016.0;77.0;Croatia;Ladder score;5.293
2015.0;74.0;Croatia;Ladder score;5.488
2014.0;62.0;Croatia;Ladder score;5.759
2012.0;58.0;Croatia;Ladder score;5.661
2011.0;58.0;Croatia;Ladder score;5.623
2011.0;69.0;Cuba;Ladder score;5.418
2024.0;32.0;Saudi Arabia;Ladder score;6.6
2023.0;50.0;Cyprus;Ladder score;6.068
2022.0;46.0;Cyprus;Ladder score;6.13
2021.0;41.0;Cyprus;Ladder score;6.221
2020.0;40.0;Cyprus;Ladder score;6.223
2019.0;45.0;Cyprus;Ladder score;6.159
2018.0;49.0;Cyprus;Ladder score;6.046
2017.0;61.0;Cyprus;Ladder score;5.762
2016.0;65.0;Cyprus;Ladder score;5.621
2015.0;69.0;Cyprus;Ladder score;5.546
2014.0;67.0;Cyprus;Ladder score;5.689
2012.0;34.0;Cyprus;Ladder score;6.466
2011.0;35.0;Cyprus;Ladder score;6.416
2024.0;33.0;France;Ladder score;6.593
2023.0;18.0;Czechia;Ladder score;6.822
2022.0;18.0;Czechia;Ladder score;6.845
2021.0;18.0;Czechia;Ladder score;6.92
2020.0;19.0;Czechia;Ladder score;6.965
2019.0;19.0;Czechia;Ladder score;6.911
2018.0;20.0;Czechia;Ladder score;6.852
2017.0;21.0;Czechia;Ladder score;6.711
2016.0;23.0;Czechia;Ladder score;6.609
2015.0;27.0;Czechia;Ladder score;6.596
2014.0;31.0;Czechia;Ladder score;6.505
2012.0;39.0;Czechia;Ladder score;6.29
2011.0;36.0;Czechia;Ladder score;6.36
2024.0;34.0;Singapore;Ladder score;6.565
2023.0;2.0;Denmark;Ladder score;7.583
2022.0;2.0;Denmark;Ladder score;7.586
2021.0;2.0;Denmark;Ladder score;7.636
2020.0;3.0;Denmark;Ladder score;7.62
2019.0;2.0;Denmark;Ladder score;7.646
2018.0;2.0;Denmark;Ladder score;7.6
2017.0;3.0;Denmark;Ladder score;7.555
2016.0;2.0;Denmark;Ladder score;7.522
2015.0;1.0;Denmark;Ladder score;7.526
2014.0;3.0;Denmark;Ladder score;7.527
2012.0;1.0;Denmark;Ladder score;7.693
2011.0;1.0;Denmark;Ladder score;7.856
2014.0;126.0;Djibouti;Ladder score;4.369
2012.0;114.0;Djibouti;Ladder score;4.69
2011.0;95.0;Djibouti;Ladder score;4.957
2024.0;35.0;Romania;Ladder score;6.563
2023.0;69.0;Dominican Republic;Ladder score;5.823
2022.0;73.0;Dominican Republic;Ladder score;5.569
2021.0;69.0;Dominican Republic;Ladder score;5.737
2020.0;74.0;Dominican Republic;Ladder score;5.545
2019.0;68.0;Dominican Republic;Ladder score;5.689
2018.0;77.0;Dominican Republic;Ladder score;5.425
2017.0;83.0;Dominican Republic;Ladder score;5.302
2016.0;86.0;Dominican Republic;Ladder score;5.23
2015.0;89.0;Dominican Republic;Ladder score;5.155
2014.0;98.0;Dominican Republic;Ladder score;4.885
2012.0;95.0;Dominican Republic;Ladder score;4.963
2011.0;93.0;Dominican Republic;Ladder score;5.036
2024.0;36.0;Brazil;Ladder score;6.494
2023.0;139.0;DR Congo;Ladder score;3.295
2022.0;133.0;DR Congo;Ladder score;3.207
2019.0;131.0;DR Congo;Ladder score;4.311
2018.0;127.0;DR Congo;Ladder score;4.418
2017.0;132.0;DR Congo;Ladder score;4.245
2016.0;126.0;DR Congo;Ladder score;4.28
2015.0;125.0;DR Congo;Ladder score;4.272
2014.0;120.0;DR Congo;Ladder score;4.517
2012.0;117.0;DR Congo;Ladder score;4.578
2011.0;141.0;DR Congo;Ladder score;3.984
2024.0;37.0;El Salvador;Ladder score;6.492
2023.0;74.0;Ecuador;Ladder score;5.725
2022.0;74.0;Ecuador;Ladder score;5.559
2021.0;76.0;Ecuador;Ladder score;5.533
2020.0;67.0;Ecuador;Ladder score;5.764
2019.0;58.0;Ecuador;Ladder score;5.925
2018.0;50.0;Ecuador;Ladder score;6.028
2017.0;48.0;Ecuador;Ladder score;5.973
2016.0;44.0;Ecuador;Ladder score;6.008
2015.0;51.0;Ecuador;Ladder score;5.976
2014.0;48.0;Ecuador;Ladder score;5.975
2012.0;49.0;Ecuador;Ladder score;5.865
2011.0;66.0;Ecuador;Ladder score;5.425
2024.0;38.0;Spain;Ladder score;6.466
2023.0;127.0;Egypt;Ladder score;3.977
2022.0;121.0;Egypt;Ladder score;4.17
2021.0;129.0;Egypt;Ladder score;4.288
2020.0;133.0;Egypt;Ladder score;4.283
2019.0;138.0;Egypt;Ladder score;4.151
2018.0;137.0;Egypt;Ladder score;4.166
2017.0;122.0;Egypt;Ladder score;4.419
2016.0;104.0;Egypt;Ladder score;4.735
2015.0;120.0;Egypt;Ladder score;4.362
2014.0;135.0;Egypt;Ladder score;4.194
2012.0;130.0;Egypt;Ladder score;4.273
2011.0;101.0;Egypt;Ladder score;4.853
2024.0;39.0;Estonia;Ladder score;6.417
2023.0;33.0;El Salvador;Ladder score;6.469
2022.0;50.0;El Salvador;Ladder score;6.122
2021.0;49.0;El Salvador;Ladder score;6.12
2020.0;50.0;El Salvador;Ladder score;6.061
2019.0;34.0;El Salvador;Ladder score;6.348
2018.0;35.0;El Salvador;Ladder score;6.253
2017.0;40.0;El Salvador;Ladder score;6.167
2016.0;45.0;El Salvador;Ladder score;6.003
2015.0;46.0;El Salvador;Ladder score;6.068
2014.0;42.0;El Salvador;Ladder score;6.13
2012.0;52.0;El Salvador;Ladder score;5.809
2011.0;48.0;El Salvador;Ladder score;5.956
2024.0;40.0;Italy;Ladder score;6.415
2023.0;34.0;Estonia;Ladder score;6.448
2022.0;31.0;Estonia;Ladder score;6.455
2021.0;36.0;Estonia;Ladder score;6.341
2020.0;41.0;Estonia;Ladder score;6.189
2019.0;51.0;Estonia;Ladder score;6.022
2018.0;55.0;Estonia;Ladder score;5.893
2017.0;63.0;Estonia;Ladder score;5.739
2016.0;66.0;Estonia;Ladder score;5.611
2015.0;72.0;Estonia;Ladder score;5.517
2014.0;73.0;Estonia;Ladder score;5.429
2012.0;72.0;Estonia;Ladder score;5.426
2011.0;72.0;Estonia;Ladder score;5.33
2024.0;41.0;Panama;Ladder score;6.407
2023.0;135.0;Eswatini;Ladder score;3.502
2021.0;125.0;Eswatini;Ladder score;4.396
2024.0;42.0;Argentina;Ladder score;6.397
2023.0;130.0;Ethiopia;Ladder score;3.861
2022.0;124.0;Ethiopia;Ladder score;4.091
2021.0;131.0;Ethiopia;Ladder score;4.241
2020.0;134.0;Ethiopia;Ladder score;4.275
2019.0;136.0;Ethiopia;Ladder score;4.186
2018.0;134.0;Ethiopia;Ladder score;4.286
2017.0;127.0;Ethiopia;Ladder score;4.35
2016.0;119.0;Ethiopia;Ladder score;4.46
2015.0;115.0;Ethiopia;Ladder score;4.508
2014.0;122.0;Ethiopia;Ladder score;4.512
2012.0;119.0;Ethiopia;Ladder score;4.561
2011.0;139.0;Ethiopia;Ladder score;4.064
2024.0;43.0;Kazakhstan;Ladder score;6.378
2023.0;1.0;Finland;Ladder score;7.741
2022.0;1.0;Finland;Ladder score;7.804
2021.0;1.0;Finland;Ladder score;7.821
2020.0;2.0;Finland;Ladder score;7.842
2019.0;1.0;Finland;Ladder score;7.809
2018.0;1.0;Finland;Ladder score;7.769
2017.0;1.0;Finland;Ladder score;7.632
2016.0;5.0;Finland;Ladder score;7.469
2015.0;5.0;Finland;Ladder score;7.413
2014.0;6.0;Finland;Ladder score;7.406
2012.0;7.0;Finland;Ladder score;7.389
2011.0;2.0;Finland;Ladder score;7.579
2024.0;44.0;Guatemala;Ladder score;6.362
2023.0;27.0;France;Ladder score;6.609
2022.0;21.0;France;Ladder score;6.661
2021.0;20.0;France;Ladder score;6.687
2020.0;22.0;France;Ladder score;6.69
2019.0;23.0;France;Ladder score;6.664
2018.0;24.0;France;Ladder score;6.592
2017.0;23.0;France;Ladder score;6.489
2016.0;31.0;France;Ladder score;6.442
2015.0;32.0;France;Ladder score;6.478
2014.0;29.0;France;Ladder score;6.575
2012.0;25.0;France;Ladder score;6.764
2011.0;23.0;France;Ladder score;6.746
2024.0;45.0;Chile;Ladder score;6.361
2023.0;95.0;Gabon;Ladder score;5.106
2022.0;94.0;Gabon;Ladder score;5.035
2021.0;106.0;Gabon;Ladder score;4.958
2020.0;113.0;Gabon;Ladder score;4.852
2019.0;108.0;Gabon;Ladder score;4.829
2018.0;104.0;Gabon;Ladder score;4.799
2017.0;103.0;Gabon;Ladder score;4.758
2016.0;118.0;Gabon;Ladder score;4.465
2015.0;134.0;Gabon;Ladder score;4.121
2014.0;143.0;Gabon;Ladder score;3.896
2012.0;138.0;Gabon;Ladder score;4.114
2024.0;46.0;Viet Nam;Ladder score;6.352
2023.0;112.0;Gambia;Ladder score;4.485
2022.0;119.0;Gambia;Ladder score;4.279
2021.0;93.0;Gambia;Ladder score;5.164
2020.0;99.0;Gambia;Ladder score;5.051
2019.0;113.0;Gambia;Ladder score;4.751
2018.0;120.0;Gambia;Ladder score;4.516
2024.0;47.0;Nicaragua;Ladder score;6.33
2023.0;91.0;Georgia;Ladder score;5.185
2022.0;90.0;Georgia;Ladder score;5.109
2021.0;105.0;Georgia;Ladder score;4.973
2020.0;109.0;Georgia;Ladder score;4.891
2019.0;117.0;Georgia;Ladder score;4.673
2018.0;119.0;Georgia;Ladder score;4.519
2017.0;128.0;Georgia;Ladder score;4.34
2016.0;125.0;Georgia;Ladder score;4.286
2015.0;126.0;Georgia;Ladder score;4.252
2014.0;130.0;Georgia;Ladder score;4.297
2012.0;134.0;Georgia;Ladder score;4.187
2011.0;146.0;Georgia;Ladder score;3.892
2024.0;48.0;Malta;Ladder score;6.316
2023.0;24.0;Germany;Ladder score;6.719
2022.0;16.0;Germany;Ladder score;6.892
2021.0;14.0;Germany;Ladder score;7.034
2020.0;14.0;Germany;Ladder score;7.155
2019.0;17.0;Germany;Ladder score;7.076
2018.0;17.0;Germany;Ladder score;6.985
2017.0;15.0;Germany;Ladder score;6.965
2016.0;16.0;Germany;Ladder score;6.951
2015.0;16.0;Germany;Ladder score;6.994
2014.0;26.0;Germany;Ladder score;6.75
2012.0;26.0;Germany;Ladder score;6.672
2011.0;30.0;Germany;Ladder score;6.572
2024.0;49.0;Thailand;Ladder score;6.222
2023.0;120.0;Ghana;Ladder score;4.289
2022.0;107.0;Ghana;Ladder score;4.605
2021.0;111.0;Ghana;Ladder score;4.872
2020.0;96.0;Ghana;Ladder score;5.088
2019.0;91.0;Ghana;Ladder score;5.148
2018.0;98.0;Ghana;Ladder score;4.996
2017.0;108.0;Ghana;Ladder score;4.657
2016.0;131.0;Ghana;Ladder score;4.12
2015.0;124.0;Ghana;Ladder score;4.276
2014.0;114.0;Ghana;Ladder score;4.633
2012.0;86.0;Ghana;Ladder score;5.091
2011.0;108.0;Ghana;Ladder score;4.705
2024.0;50.0;Slovakia;Ladder score;6.221
2023.0;64.0;Greece;Ladder score;5.934
2022.0;58.0;Greece;Ladder score;5.931
2021.0;58.0;Greece;Ladder score;5.948
2020.0;69.0;Greece;Ladder score;5.723
2019.0;77.0;Greece;Ladder score;5.515
2018.0;82.0;Greece;Ladder score;5.287
2017.0;79.0;Greece;Ladder score;5.358
2016.0;87.0;Greece;Ladder score;5.227
2015.0;99.0;Greece;Ladder score;5.033
2014.0;102.0;Greece;Ladder score;4.857
2012.0;70.0;Greece;Ladder score;5.435
2011.0;42.0;Greece;Ladder score;6.133
2024.0;51.0;Latvia;Ladder score;6.207
2023.0;42.0;Guatemala;Ladder score;6.287
2022.0;43.0;Guatemala;Ladder score;6.15
2021.0;39.0;Guatemala;Ladder score;6.262
2020.0;31.0;Guatemala;Ladder score;6.435
2019.0;29.0;Guatemala;Ladder score;6.399
2018.0;27.0;Guatemala;Ladder score;6.436
2017.0;30.0;Guatemala;Ladder score;6.382
2016.0;29.0;Guatemala;Ladder score;6.454
2015.0;39.0;Guatemala;Ladder score;6.324
2014.0;43.0;Guatemala;Ladder score;6.123
2012.0;47.0;Guatemala;Ladder score;5.965
2011.0;37.0;Guatemala;Ladder score;6.277
2024.0;52.0;Oman;Ladder score;6.197
2023.0;97.0;Guinea;Ladder score;5.023
2022.0;91.0;Guinea;Ladder score;5.072
2021.0;109.0;Guinea;Ladder score;4.891
2020.0;103.0;Guinea;Ladder score;4.984
2019.0;102.0;Guinea;Ladder score;4.949
2018.0;118.0;Guinea;Ladder score;4.534
2017.0;140.0;Guinea;Ladder score;3.964
2016.0;149.0;Guinea;Ladder score;3.507
2015.0;151.0;Guinea;Ladder score;3.607
2014.0;150.0;Guinea;Ladder score;3.656
2012.0;150.0;Guinea;Ladder score;3.847
2011.0;136.0;Guinea;Ladder score;4.171
2011.0;45.0;Guyana;Ladder score;5.993
2020.0;144.0;Haiti;Ladder score;3.615
2019.0;142.0;Haiti;Ladder score;3.721
2018.0;147.0;Haiti;Ladder score;3.597
2017.0;148.0;Haiti;Ladder score;3.582
2016.0;145.0;Haiti;Ladder score;3.603
2015.0;136.0;Haiti;Ladder score;4.028
2014.0;119.0;Haiti;Ladder score;4.518
2012.0;126.0;Haiti;Ladder score;4.341
2011.0;150.0;Haiti;Ladder score;3.789
2024.0;53.0;Uzbekistan;Ladder score;6.193
2023.0;61.0;Honduras;Ladder score;5.968
2022.0;53.0;Honduras;Ladder score;6.023
2021.0;55.0;Honduras;Ladder score;6.022
2020.0;60.0;Honduras;Ladder score;5.919
2019.0;56.0;Honduras;Ladder score;5.953
2018.0;59.0;Honduras;Ladder score;5.86
2017.0;72.0;Honduras;Ladder score;5.504
2016.0;91.0;Honduras;Ladder score;5.181
2015.0;104.0;Honduras;Ladder score;4.871
2014.0;105.0;Honduras;Ladder score;4.788
2012.0;84.0;Honduras;Ladder score;5.142
2011.0;63.0;Honduras;Ladder score;5.564
2024.0;54.0;Paraguay;Ladder score;6.172
2023.0;86.0;Hong Kong SAR of China;Ladder score;5.316
2022.0;82.0;Hong Kong SAR of China;Ladder score;5.308
2021.0;81.0;Hong Kong SAR of China;Ladder score;5.425
2020.0;78.0;Hong Kong SAR of China;Ladder score;5.477
2019.0;78.0;Hong Kong SAR of China;Ladder score;5.51
2018.0;76.0;Hong Kong SAR of China;Ladder score;5.43
2017.0;76.0;Hong Kong SAR of China;Ladder score;5.43
2016.0;71.0;Hong Kong SAR of China;Ladder score;5.472
2015.0;75.0;Hong Kong SAR of China;Ladder score;5.458
2014.0;72.0;Hong Kong SAR of China;Ladder score;5.474
2012.0;64.0;Hong Kong SAR of China;Ladder score;5.523
2011.0;67.0;Hong Kong SAR of China;Ladder score;5.424
2024.0;55.0;Japan;Ladder score;6.147
2023.0;56.0;Hungary;Ladder score;6.017
2022.0;51.0;Hungary;Ladder score;6.041
2021.0;51.0;Hungary;Ladder score;6.086
2020.0;54.0;Hungary;Ladder score;5.992
2019.0;53.0;Hungary;Ladder score;6.0
2018.0;62.0;Hungary;Ladder score;5.758
2017.0;69.0;Hungary;Ladder score;5.62
2016.0;75.0;Hungary;Ladder score;5.324
2015.0;91.0;Hungary;Ladder score;5.145
2014.0;104.0;Hungary;Ladder score;4.8
2012.0;110.0;Hungary;Ladder score;4.775
2011.0;96.0;Hungary;Ladder score;4.943
2024.0;56.0;Bosnia and Herzegovina;Ladder score;6.136
2023.0;3.0;Iceland;Ladder score;7.525
2022.0;3.0;Iceland;Ladder score;7.53
2021.0;3.0;Iceland;Ladder score;7.557
2020.0;5.0;Iceland;Ladder score;7.554
2019.0;4.0;Iceland;Ladder score;7.504
2018.0;4.0;Iceland;Ladder score;7.494
2017.0;4.0;Iceland;Ladder score;7.495
2016.0;3.0;Iceland;Ladder score;7.504
2015.0;3.0;Iceland;Ladder score;7.501
2014.0;2.0;Iceland;Ladder score;7.561
2012.0;9.0;Iceland;Ladder score;7.355
2011.0;20.0;Iceland;Ladder score;6.888
2024.0;57.0;Philippines;Ladder score;6.107
2023.0;126.0;India;Ladder score;4.054
2022.0;126.0;India;Ladder score;4.036
2021.0;136.0;India;Ladder score;3.777
2020.0;140.0;India;Ladder score;3.819
2019.0;144.0;India;Ladder score;3.573
2018.0;140.0;India;Ladder score;4.015
2017.0;133.0;India;Ladder score;4.19
2016.0;122.0;India;Ladder score;4.315
2015.0;118.0;India;Ladder score;4.404
2014.0;117.0;India;Ladder score;4.565
2012.0;111.0;India;Ladder score;4.772
2011.0;94.0;India;Ladder score;4.975
2024.0;58.0;Republic of Korea;Ladder score;6.038
2023.0;80.0;Indonesia;Ladder score;5.568
2022.0;84.0;Indonesia;Ladder score;5.277
2021.0;87.0;Indonesia;Ladder score;5.24
2020.0;83.0;Indonesia;Ladder score;5.345
2019.0;84.0;Indonesia;Ladder score;5.286
2018.0;92.0;Indonesia;Ladder score;5.192
2017.0;96.0;Indonesia;Ladder score;5.093
2016.0;81.0;Indonesia;Ladder score;5.262
2015.0;79.0;Indonesia;Ladder score;5.314
2014.0;74.0;Indonesia;Ladder score;5.399
2012.0;76.0;Indonesia;Ladder score;5.348
2011.0;83.0;Indonesia;Ladder score;5.159
2024.0;59.0;Bahrain;Ladder score;6.03
2023.0;100.0;Iran;Ladder score;4.923
2022.0;101.0;Iran;Ladder score;4.876
2021.0;110.0;Iran;Ladder score;4.888
2020.0;119.0;Iran;Ladder score;4.721
2019.0;118.0;Iran;Ladder score;4.672
2018.0;117.0;Iran;Ladder score;4.548
2017.0;106.0;Iran;Ladder score;4.707
2016.0;108.0;Iran;Ladder score;4.692
2015.0;105.0;Iran;Ladder score;4.813
2014.0;110.0;Iran;Ladder score;4.686
2012.0;115.0;Iran;Ladder score;4.643
2011.0;84.0;Iran;Ladder score;5.149
2024.0;60.0;Portugal;Ladder score;6.013
2023.0;92.0;Iraq;Ladder score;5.166
2022.0;98.0;Iraq;Ladder score;4.941
2021.0;107.0;Iraq;Ladder score;4.941
2020.0;112.0;Iraq;Ladder score;4.854
2019.0;110.0;Iraq;Ladder score;4.785
2018.0;126.0;Iraq;Ladder score;4.437
2017.0;117.0;Iraq;Ladder score;4.456
2016.0;117.0;Iraq;Ladder score;4.497
2015.0;112.0;Iraq;Ladder score;4.575
2014.0;112.0;Iraq;Ladder score;4.677
2012.0;105.0;Iraq;Ladder score;4.817
2011.0;98.0;Iraq;Ladder score;4.882
2024.0;61.0;Colombia;Ladder score;6.004
2023.0;17.0;Ireland;Ladder score;6.838
2022.0;14.0;Ireland;Ladder score;6.911
2021.0;13.0;Ireland;Ladder score;7.041
2020.0;16.0;Ireland;Ladder score;7.085
2019.0;16.0;Ireland;Ladder score;7.094
2018.0;16.0;Ireland;Ladder score;7.021
2017.0;14.0;Ireland;Ladder score;6.977
2016.0;15.0;Ireland;Ladder score;6.977
2015.0;19.0;Ireland;Ladder score;6.907
2014.0;18.0;Ireland;Ladder score;6.94
2012.0;18.0;Ireland;Ladder score;7.076
2011.0;10.0;Ireland;Ladder score;7.284
2024.0;62.0;Ecuador;Ladder score;5.965
2023.0;5.0;Israel;Ladder score;7.341
2022.0;4.0;Israel;Ladder score;7.473
2021.0;9.0;Israel;Ladder score;7.364
2020.0;13.0;Israel;Ladder score;7.157
2019.0;14.0;Israel;Ladder score;7.129
2018.0;13.0;Israel;Ladder score;7.139
2017.0;11.0;Israel;Ladder score;7.19
2016.0;11.0;Israel;Ladder score;7.213
2015.0;11.0;Israel;Ladder score;7.267
2014.0;11.0;Israel;Ladder score;7.278
2012.0;11.0;Israel;Ladder score;7.301
2011.0;14.0;Israel;Ladder score;7.199
2024.0;63.0;Honduras;Ladder score;5.964
2023.0;41.0;Italy;Ladder score;6.324
2022.0;33.0;Italy;Ladder score;6.405
2021.0;31.0;Italy;Ladder score;6.467
2020.0;29.0;Italy;Ladder score;6.483
2019.0;30.0;Italy;Ladder score;6.387
2018.0;36.0;Italy;Ladder score;6.223
2017.0;47.0;Italy;Ladder score;6.0
2016.0;48.0;Italy;Ladder score;5.964
2015.0;50.0;Italy;Ladder score;5.977
2014.0;50.0;Italy;Ladder score;5.948
2012.0;45.0;Italy;Ladder score;6.021
2011.0;28.0;Italy;Ladder score;6.578
2024.0;64.0;Malaysia;Ladder score;5.955
2023.0;67.0;Jamaica;Ladder score;5.842
2022.0;68.0;Jamaica;Ladder score;5.703
2021.0;63.0;Jamaica;Ladder score;5.85
2020.0;38.0;Jamaica;Ladder score;6.309
2019.0;60.0;Jamaica;Ladder score;5.89
2018.0;56.0;Jamaica;Ladder score;5.89
2017.0;56.0;Jamaica;Ladder score;5.89
2016.0;76.0;Jamaica;Ladder score;5.311
2015.0;73.0;Jamaica;Ladder score;5.51
2014.0;65.0;Jamaica;Ladder score;5.709
2012.0;75.0;Jamaica;Ladder score;5.374
2011.0;40.0;Jamaica;Ladder score;6.208
2024.0;65.0;Peru;Ladder score;5.947
2023.0;51.0;Japan;Ladder score;6.06
2022.0;47.0;Japan;Ladder score;6.129
2021.0;54.0;Japan;Ladder score;6.039
2020.0;57.0;Japan;Ladder score;5.94
2019.0;62.0;Japan;Ladder score;5.871
2018.0;58.0;Japan;Ladder score;5.886
2017.0;54.0;Japan;Ladder score;5.915
2016.0;51.0;Japan;Ladder score;5.92
2015.0;53.0;Japan;Ladder score;5.921
2014.0;46.0;Japan;Ladder score;5.987
2012.0;43.0;Japan;Ladder score;6.064
2011.0;44.0;Japan;Ladder score;6.059
2024.0;66.0;Russian Federation;Ladder score;5.945
2023.0;125.0;Jordan;Ladder score;4.186
2022.0;123.0;Jordan;Ladder score;4.12
2021.0;134.0;Jordan;Ladder score;4.152
2020.0;128.0;Jordan;Ladder score;4.395
2019.0;119.0;Jordan;Ladder score;4.633
2018.0;101.0;Jordan;Ladder score;4.906
2017.0;90.0;Jordan;Ladder score;5.161
2016.0;74.0;Jordan;Ladder score;5.336
2015.0;80.0;Jordan;Ladder score;5.303
2014.0;82.0;Jordan;Ladder score;5.192
2012.0;74.0;Jordan;Ladder score;5.414
2011.0;54.0;Jordan;Ladder score;5.706
2024.0;67.0;Cyprus;Ladder score;5.942
2023.0;49.0;Kazakhstan;Ladder score;6.188
2022.0;44.0;Kazakhstan;Ladder score;6.144
2021.0;40.0;Kazakhstan;Ladder score;6.234
2020.0;46.0;Kazakhstan;Ladder score;6.152
2019.0;50.0;Kazakhstan;Ladder score;6.058
2018.0;60.0;Kazakhstan;Ladder score;5.809
2017.0;60.0;Kazakhstan;Ladder score;5.79
2016.0;60.0;Kazakhstan;Ladder score;5.819
2015.0;54.0;Kazakhstan;Ladder score;5.919
2014.0;54.0;Kazakhstan;Ladder score;5.855
2012.0;57.0;Kazakhstan;Ladder score;5.671
2011.0;59.0;Kazakhstan;Ladder score;5.594
2024.0;68.0;China;Ladder score;5.921
2023.0;114.0;Kenya;Ladder score;4.47
2022.0;111.0;Kenya;Ladder score;4.487
2021.0;119.0;Kenya;Ladder score;4.543
2020.0;122.0;Kenya;Ladder score;4.607
2019.0;121.0;Kenya;Ladder score;4.583
2018.0;121.0;Kenya;Ladder score;4.509
2017.0;124.0;Kenya;Ladder score;4.41
2016.0;112.0;Kenya;Ladder score;4.553
2015.0;122.0;Kenya;Ladder score;4.356
2014.0;125.0;Kenya;Ladder score;4.419
2012.0;123.0;Kenya;Ladder score;4.403
2011.0;134.0;Kenya;Ladder score;4.18
2024.0;69.0;Hungary;Ladder score;5.915
2023.0;29.0;Kosovo;Ladder score;6.561
2022.0;34.0;Kosovo;Ladder score;6.368
2021.0;32.0;Kosovo;Ladder score;6.455
2020.0;34.0;Kosovo;Ladder score;6.372
2019.0;35.0;Kosovo;Ladder score;6.325
2018.0;46.0;Kosovo;Ladder score;6.1
2017.0;66.0;Kosovo;Ladder score;5.662
2016.0;78.0;Kosovo;Ladder score;5.279
2015.0;77.0;Kosovo;Ladder score;5.401
2014.0;69.0;Kosovo;Ladder score;5.589
2012.0;83.0;Kosovo;Ladder score;5.222
2011.0;68.0;Kosovo;Ladder score;5.42
2024.0;70.0;Trinidad and Tobago;Ladder score;5.905
2023.0;13.0;Kuwait;Ladder score;6.951
2021.0;50.0;Kuwait;Ladder score;6.106
2020.0;48.0;Kuwait;Ladder score;6.106
2019.0;48.0;Kuwait;Ladder score;6.102
2018.0;51.0;Kuwait;Ladder score;6.021
2017.0;45.0;Kuwait;Ladder score;6.083
2016.0;39.0;Kuwait;Ladder score;6.105
2015.0;41.0;Kuwait;Ladder score;6.239
2014.0;39.0;Kuwait;Ladder score;6.295
2012.0;32.0;Kuwait;Ladder score;6.515
2011.0;29.0;Kuwait;Ladder score;6.574
2024.0;71.0;Montenegro;Ladder score;5.877
2023.0;75.0;Kyrgyzstan;Ladder score;5.714
2022.0;62.0;Kyrgyzstan;Ladder score;5.825
2021.0;64.0;Kyrgyzstan;Ladder score;5.828
2020.0;68.0;Kyrgyzstan;Ladder score;5.744
2019.0;74.0;Kyrgyzstan;Ladder score;5.542
2018.0;86.0;Kyrgyzstan;Ladder score;5.261
2017.0;92.0;Kyrgyzstan;Ladder score;5.131
2016.0;98.0;Kyrgyzstan;Ladder score;5.004
2015.0;85.0;Kyrgyzstan;Ladder score;5.185
2014.0;77.0;Kyrgyzstan;Ladder score;5.286
2012.0;89.0;Kyrgyzstan;Ladder score;5.042
2011.0;102.0;Kyrgyzstan;Ladder score;4.828
2024.0;72.0;Croatia;Ladder score;5.87
2023.0;94.0;Lao PDR;Ladder score;5.139
2022.0;89.0;Lao PDR;Ladder score;5.111
2021.0;95.0;Lao PDR;Ladder score;5.14
2020.0;101.0;Lao PDR;Ladder score;5.03
2019.0;104.0;Lao PDR;Ladder score;4.889
2018.0;105.0;Lao PDR;Ladder score;4.796
2017.0;110.0;Lao PDR;Ladder score;4.623
2015.0;102.0;Lao PDR;Ladder score;4.876
2014.0;99.0;Lao PDR;Ladder score;4.876
2012.0;109.0;Lao PDR;Ladder score;4.787
2011.0;82.0;Lao PDR;Ladder score;5.161
2024.0;73.0;Jamaica;Ladder score;5.87
2023.0;46.0;Latvia;Ladder score;6.234
2022.0;41.0;Latvia;Ladder score;6.213
2021.0;42.0;Latvia;Ladder score;6.18
2020.0;52.0;Latvia;Ladder score;6.032
2019.0;57.0;Latvia;Ladder score;5.95
2018.0;53.0;Latvia;Ladder score;5.94
2017.0;53.0;Latvia;Ladder score;5.933
2016.0;54.0;Latvia;Ladder score;5.85
2015.0;68.0;Latvia;Ladder score;5.56
2014.0;89.0;Latvia;Ladder score;5.098
2012.0;88.0;Latvia;Ladder score;5.046
2011.0;106.0;Latvia;Ladder score;4.762
2024.0;74.0;Bolivia;Ladder score;5.868
2023.0;142.0;Lebanon;Ladder score;2.707
2022.0;136.0;Lebanon;Ladder score;2.392
2021.0;145.0;Lebanon;Ladder score;2.955
2020.0;124.0;Lebanon;Ladder score;4.584
2019.0;111.0;Lebanon;Ladder score;4.772
2018.0;91.0;Lebanon;Ladder score;5.197
2017.0;88.0;Lebanon;Ladder score;5.199
2016.0;88.0;Lebanon;Ladder score;5.225
2015.0;93.0;Lebanon;Ladder score;5.129
2014.0;103.0;Lebanon;Ladder score;4.839
2012.0;97.0;Lebanon;Ladder score;4.931
2011.0;92.0;Lebanon;Ladder score;5.049
2024.0;75.0;Kyrgyzstan;Ladder score;5.858
2023.0;141.0;Lesotho;Ladder score;3.186
2021.0;141.0;Lesotho;Ladder score;3.512
2020.0;146.0;Lesotho;Ladder score;3.512
2019.0;143.0;Lesotho;Ladder score;3.653
2018.0;144.0;Lesotho;Ladder score;3.802
2017.0;141.0;Lesotho;Ladder score;3.808
2016.0;139.0;Lesotho;Ladder score;3.808
2014.0;97.0;Lesotho;Ladder score;4.898
2012.0;98.0;Lesotho;Ladder score;4.898
2024.0;76.0;Dominican Republic;Ladder score;5.846
2023.0;121.0;Liberia;Ladder score;4.269
2022.0;125.0;Liberia;Ladder score;4.042
2021.0;97.0;Liberia;Ladder score;5.122
2020.0;121.0;Liberia;Ladder score;4.625
2019.0;124.0;Liberia;Ladder score;4.558
2018.0;141.0;Liberia;Ladder score;3.975
2017.0;149.0;Liberia;Ladder score;3.495
2016.0;148.0;Liberia;Ladder score;3.533
2015.0;150.0;Liberia;Ladder score;3.622
2014.0;116.0;Liberia;Ladder score;4.571
2012.0;133.0;Liberia;Ladder score;4.196
2011.0;140.0;Liberia;Ladder score;4.04
2024.0;77.0;Mongolia;Ladder score;5.833
2023.0;66.0;Libya;Ladder score;5.866
2021.0;86.0;Libya;Ladder score;5.33
2020.0;81.0;Libya;Ladder score;5.41
2019.0;80.0;Libya;Ladder score;5.489
2018.0;72.0;Libya;Ladder score;5.525
2017.0;70.0;Libya;Ladder score;5.566
2016.0;68.0;Libya;Ladder score;5.525
2015.0;67.0;Libya;Ladder score;5.615
2014.0;63.0;Libya;Ladder score;5.754
2012.0;78.0;Libya;Ladder score;5.34
2011.0;81.0;Libya;Ladder score;5.178
2024.0;78.0;Mauritius;Ladder score;5.832
2023.0;19.0;Lithuania;Ladder score;6.818
2022.0;20.0;Lithuania;Ladder score;6.763
2021.0;34.0;Lithuania;Ladder score;6.446
2020.0;39.0;Lithuania;Ladder score;6.255
2019.0;41.0;Lithuania;Ladder score;6.215
2018.0;42.0;Lithuania;Ladder score;6.149
2017.0;50.0;Lithuania;Ladder score;5.952
2016.0;52.0;Lithuania;Ladder score;5.902
2015.0;60.0;Lithuania;Ladder score;5.813
2014.0;56.0;Lithuania;Ladder score;5.833
2012.0;71.0;Lithuania;Ladder score;5.426
2011.0;60.0;Lithuania;Ladder score;5.588
2024.0;79.0;Libya;Ladder score;5.82
2023.0;8.0;Luxembourg;Ladder score;7.122
2022.0;9.0;Luxembourg;Ladder score;7.228
2021.0;6.0;Luxembourg;Ladder score;7.404
2020.0;9.0;Luxembourg;Ladder score;7.324
2019.0;10.0;Luxembourg;Ladder score;7.238
2018.0;14.0;Luxembourg;Ladder score;7.09
2017.0;17.0;Luxembourg;Ladder score;6.91
2016.0;18.0;Luxembourg;Ladder score;6.863
2015.0;20.0;Luxembourg;Ladder score;6.871
2014.0;17.0;Luxembourg;Ladder score;6.946
2012.0;19.0;Luxembourg;Ladder score;7.054
2011.0;16.0;Luxembourg;Ladder score;7.051
2019.0;90.0;Macedonia;Ladder score;5.16
2024.0;80.0;Republic of Moldova;Ladder score;5.819
2023.0;123.0;Madagascar;Ladder score;4.228
2022.0;127.0;Madagascar;Ladder score;4.019
2021.0;128.0;Madagascar;Ladder score;4.339
2020.0;136.0;Madagascar;Ladder score;4.208
2019.0;137.0;Madagascar;Ladder score;4.166
2018.0;143.0;Madagascar;Ladder score;3.933
2017.0;143.0;Madagascar;Ladder score;3.774
2016.0;144.0;Madagascar;Ladder score;3.644
2015.0;148.0;Madagascar;Ladder score;3.695
2014.0;147.0;Madagascar;Ladder score;3.681
2012.0;146.0;Madagascar;Ladder score;3.966
2011.0;129.0;Madagascar;Ladder score;4.309
2024.0;81.0;Greece;Ladder score;5.776
2023.0;136.0;Malawi;Ladder score;3.421
2022.0;131.0;Malawi;Ladder score;3.495
2021.0;138.0;Malawi;Ladder score;3.75
2020.0;145.0;Malawi;Ladder score;3.6
2019.0;145.0;Malawi;Ladder score;3.538
2018.0;150.0;Malawi;Ladder score;3.41
2017.0;147.0;Malawi;Ladder score;3.587
2016.0;136.0;Malawi;Ladder score;3.97
2015.0;132.0;Malawi;Ladder score;4.156
2014.0;131.0;Malawi;Ladder score;4.292
2012.0;139.0;Malawi;Ladder score;4.113
2011.0;114.0;Malawi;Ladder score;4.624
2024.0;82.0;Venezuela;Ladder score;5.683
2023.0;59.0;Malaysia;Ladder score;5.975
2022.0;55.0;Malaysia;Ladder score;6.012
2021.0;70.0;Malaysia;Ladder score;5.711
2020.0;82.0;Malaysia;Ladder score;5.384
2019.0;82.0;Malaysia;Ladder score;5.384
2018.0;80.0;Malaysia;Ladder score;5.339
2017.0;35.0;Malaysia;Ladder score;6.322
2016.0;42.0;Malaysia;Ladder score;6.084
2015.0;47.0;Malaysia;Ladder score;6.005
2014.0;61.0;Malaysia;Ladder score;5.77
2012.0;56.0;Malaysia;Ladder score;5.76
2011.0;51.0;Malaysia;Ladder score;5.823
2020.0;90.0;Maldives;Ladder score;5.198
2019.0;87.0;Maldives;Ladder score;5.198
2024.0;83.0;Indonesia;Ladder score;5.617
2023.0;122.0;Mali;Ladder score;4.232
2022.0;120.0;Mali;Ladder score;4.198
2021.0;123.0;Mali;Ladder score;4.479
2020.0;118.0;Mali;Ladder score;4.723
2019.0;114.0;Mali;Ladder score;4.729
2018.0;128.0;Mali;Ladder score;4.39
2017.0;118.0;Mali;Ladder score;4.447
2016.0;127.0;Mali;Ladder score;4.19
2015.0;135.0;Mali;Ladder score;4.073
2014.0;138.0;Mali;Ladder score;3.995
2012.0;132.0;Mali;Ladder score;4.247
2011.0;143.0;Mali;Ladder score;3.967
2024.0;84.0;Algeria;Ladder score;5.571
2023.0;40.0;Malta;Ladder score;6.346
2022.0;37.0;Malta;Ladder score;6.3
2021.0;33.0;Malta;Ladder score;6.447
2020.0;24.0;Malta;Ladder score;6.602
2019.0;22.0;Malta;Ladder score;6.773
2018.0;22.0;Malta;Ladder score;6.726
2017.0;22.0;Malta;Ladder score;6.627
2016.0;27.0;Malta;Ladder score;6.527
2015.0;30.0;Malta;Ladder score;6.488
2014.0;37.0;Malta;Ladder score;6.302
2012.0;48.0;Malta;Ladder score;5.964
2011.0;47.0;Malta;Ladder score;5.96
2024.0;85.0;Bulgaria;Ladder score;5.554
2023.0;111.0;Mauritania;Ladder score;4.505
2022.0;103.0;Mauritania;Ladder score;4.724
2021.0;133.0;Mauritania;Ladder score;4.153
2020.0;135.0;Mauritania;Ladder score;4.227
2019.0;129.0;Mauritania;Ladder score;4.375
2018.0;122.0;Mauritania;Ladder score;4.49
2017.0;126.0;Mauritania;Ladder score;4.356
2016.0;123.0;Mauritania;Ladder score;4.292
2015.0;130.0;Mauritania;Ladder score;4.201
2014.0;124.0;Mauritania;Ladder score;4.436
2012.0;112.0;Mauritania;Ladder score;4.758
2011.0;113.0;Mauritania;Ladder score;4.643
2024.0;86.0;North Macedonia;Ladder score;5.503
2023.0;70.0;Mauritius;Ladder score;5.816
2022.0;59.0;Mauritius;Ladder score;5.902
2021.0;52.0;Mauritius;Ladder score;6.071
2020.0;51.0;Mauritius;Ladder score;6.049
2019.0;49.0;Mauritius;Ladder score;6.101
2018.0;57.0;Mauritius;Ladder score;5.888
2017.0;55.0;Mauritius;Ladder score;5.891
2016.0;64.0;Mauritius;Ladder score;5.629
2015.0;66.0;Mauritius;Ladder score;5.648
2014.0;71.0;Mauritius;Ladder score;5.477
2012.0;67.0;Mauritius;Ladder score;5.477
2011.0;64.0;Mauritius;Ladder score;5.477
2024.0;87.0;Armenia;Ladder score;5.494
2023.0;25.0;Mexico;Ladder score;6.678
2022.0;36.0;Mexico;Ladder score;6.33
2021.0;46.0;Mexico;Ladder score;6.128
2020.0;37.0;Mexico;Ladder score;6.317
2019.0;24.0;Mexico;Ladder score;6.465
2018.0;23.0;Mexico;Ladder score;6.595
2017.0;24.0;Mexico;Ladder score;6.488
2016.0;25.0;Mexico;Ladder score;6.578
2015.0;21.0;Mexico;Ladder score;6.778
2014.0;14.0;Mexico;Ladder score;7.187
2012.0;16.0;Mexico;Ladder score;7.088
2011.0;24.0;Mexico;Ladder score;6.74
2024.0;88.0;Hong Kong SAR of China;Ladder score;5.491
2023.0;77.0;Mongolia;Ladder score;5.696
2022.0;61.0;Mongolia;Ladder score;5.84
2021.0;68.0;Mongolia;Ladder score;5.761
2020.0;71.0;Mongolia;Ladder score;5.677
2019.0;81.0;Mongolia;Ladder score;5.456
2018.0;83.0;Mongolia;Ladder score;5.285
2017.0;94.0;Mongolia;Ladder score;5.125
2016.0;100.0;Mongolia;Ladder score;4.955
2015.0;101.0;Mongolia;Ladder score;4.907
2014.0;100.0;Mongolia;Ladder score;4.874
2012.0;102.0;Mongolia;Ladder score;4.834
2011.0;119.0;Mongolia;Ladder score;4.562
2024.0;89.0;Albania;Ladder score;5.411
2023.0;76.0;Montenegro;Ladder score;5.707
2022.0;67.0;Montenegro;Ladder score;5.722
2021.0;75.0;Montenegro;Ladder score;5.547
2020.0;73.0;Montenegro;Ladder score;5.581
2019.0;72.0;Montenegro;Ladder score;5.546
2018.0;73.0;Montenegro;Ladder score;5.523
2017.0;81.0;Montenegro;Ladder score;5.347
2016.0;83.0;Montenegro;Ladder score;5.237
2015.0;88.0;Montenegro;Ladder score;5.161
2014.0;83.0;Montenegro;Ladder score;5.192
2012.0;80.0;Montenegro;Ladder score;5.299
2011.0;86.0;Montenegro;Ladder score;5.147
2024.0;90.0;Tajikistan;Ladder score;5.411
2023.0;107.0;Morocco;Ladder score;4.795
2022.0;100.0;Morocco;Ladder score;4.903
2021.0;100.0;Morocco;Ladder score;5.06
2020.0;107.0;Morocco;Ladder score;4.918
2019.0;97.0;Morocco;Ladder score;5.095
2018.0;89.0;Morocco;Ladder score;5.208
2017.0;85.0;Morocco;Ladder score;5.254
2016.0;84.0;Morocco;Ladder score;5.235
2015.0;90.0;Morocco;Ladder score;5.151
2014.0;92.0;Morocco;Ladder score;5.013
2012.0;99.0;Morocco;Ladder score;4.885
2011.0;105.0;Morocco;Ladder score;4.793
2024.0;91.0;Georgia;Ladder score;5.4
2023.0;90.0;Mozambique;Ladder score;5.216
2022.0;97.0;Mozambique;Ladder score;4.954
2021.0;101.0;Mozambique;Ladder score;5.048
2020.0;116.0;Mozambique;Ladder score;4.794
2019.0;120.0;Mozambique;Ladder score;4.624
2018.0;123.0;Mozambique;Ladder score;4.466
2017.0;123.0;Mozambique;Ladder score;4.417
2016.0;113.0;Mozambique;Ladder score;4.55
2014.0;94.0;Mozambique;Ladder score;4.971
2012.0;94.0;Mozambique;Ladder score;4.971
2011.0;110.0;Mozambique;Ladder score;4.693
2024.0;92.0;Nepal;Ladder score;5.311
2023.0;118.0;Myanmar;Ladder score;4.354
2022.0;117.0;Myanmar;Ladder score;4.372
2021.0;126.0;Myanmar;Ladder score;4.394
2020.0;127.0;Myanmar;Ladder score;4.426
2019.0;133.0;Myanmar;Ladder score;4.308
2018.0;131.0;Myanmar;Ladder score;4.36
2017.0;130.0;Myanmar;Ladder score;4.308
2016.0;114.0;Myanmar;Ladder score;4.545
2015.0;119.0;Myanmar;Ladder score;4.395
2014.0;129.0;Myanmar;Ladder score;4.307
2012.0;121.0;Myanmar;Ladder score;4.439
2011.0;74.0;Myanmar;Ladder score;5.322
2024.0;93.0;Lao PDR;Ladder score;5.301
2023.0;106.0;Namibia;Ladder score;4.832
2022.0;105.0;Namibia;Ladder score;4.631
2021.0;124.0;Namibia;Ladder score;4.459
2020.0;125.0;Namibia;Ladder score;4.574
2019.0;122.0;Namibia;Ladder score;4.571
2018.0;113.0;Namibia;Ladder score;4.639
2017.0;119.0;Namibia;Ladder score;4.441
2016.0;111.0;Namibia;Ladder score;4.574
2015.0;113.0;Namibia;Ladder score;4.574
2011.0;97.0;Namibia;Ladder score;4.886
2024.0;94.0;Türkiye;Ladder score;5.262
2023.0;93.0;Nepal;Ladder score;5.158
2022.0;78.0;Nepal;Ladder score;5.36
2021.0;84.0;Nepal;Ladder score;5.377
2020.0;88.0;Nepal;Ladder score;5.269
2019.0;92.0;Nepal;Ladder score;5.137
2018.0;100.0;Nepal;Ladder score;4.913
2017.0;101.0;Nepal;Ladder score;4.88
2016.0;99.0;Nepal;Ladder score;4.962
2015.0;107.0;Nepal;Ladder score;4.793
2014.0;121.0;Nepal;Ladder score;4.514
2012.0;135.0;Nepal;Ladder score;4.156
2011.0;121.0;Nepal;Ladder score;4.474
2024.0;95.0;South Africa;Ladder score;5.213
2023.0;6.0;Netherlands;Ladder score;7.319
2022.0;5.0;Netherlands;Ladder score;7.403
2021.0;5.0;Netherlands;Ladder score;7.415
2020.0;6.0;Netherlands;Ladder score;7.464
2019.0;6.0;Netherlands;Ladder score;7.449
2018.0;5.0;Netherlands;Ladder score;7.488
2017.0;6.0;Netherlands;Ladder score;7.441
2016.0;6.0;Netherlands;Ladder score;7.377
2015.0;7.0;Netherlands;Ladder score;7.339
2014.0;7.0;Netherlands;Ladder score;7.378
2012.0;4.0;Netherlands;Ladder score;7.512
2011.0;4.0;Netherlands;Ladder score;7.512
2024.0;96.0;Mozambique;Ladder score;5.19
2023.0;11.0;New Zealand;Ladder score;7.029
2022.0;10.0;New Zealand;Ladder score;7.123
2021.0;10.0;New Zealand;Ladder score;7.2
2020.0;10.0;New Zealand;Ladder score;7.277
2019.0;8.0;New Zealand;Ladder score;7.3
2018.0;8.0;New Zealand;Ladder score;7.307
2017.0;8.0;New Zealand;Ladder score;7.324
2016.0;8.0;New Zealand;Ladder score;7.314
2015.0;8.0;New Zealand;Ladder score;7.334
2014.0;9.0;New Zealand;Ladder score;7.286
2012.0;13.0;New Zealand;Ladder score;7.221
2011.0;8.0;New Zealand;Ladder score;7.372
2024.0;97.0;Gabon;Ladder score;5.12
2023.0;43.0;Nicaragua;Ladder score;6.284
2022.0;40.0;Nicaragua;Ladder score;6.259
2021.0;45.0;Nicaragua;Ladder score;6.165
2020.0;56.0;Nicaragua;Ladder score;5.972
2019.0;46.0;Nicaragua;Ladder score;6.137
2018.0;45.0;Nicaragua;Ladder score;6.105
2017.0;41.0;Nicaragua;Ladder score;6.141
2016.0;43.0;Nicaragua;Ladder score;6.071
2015.0;48.0;Nicaragua;Ladder score;5.992
2014.0;57.0;Nicaragua;Ladder score;5.828
2012.0;65.0;Nicaragua;Ladder score;5.507
2011.0;89.0;Nicaragua;Ladder score;5.115
2024.0;98.0;Côte d’Ivoire;Ladder score;5.102
2023.0;109.0;Niger;Ladder score;4.556
2022.0;109.0;Niger;Ladder score;4.501
2021.0;104.0;Niger;Ladder score;5.003
2020.0;97.0;Niger;Ladder score;5.074
2019.0;103.0;Niger;Ladder score;4.91
2018.0;114.0;Niger;Ladder score;4.628
2017.0;134.0;Niger;Ladder score;4.166
2016.0;135.0;Niger;Ladder score;4.028
2015.0;142.0;Niger;Ladder score;3.856
2014.0;144.0;Niger;Ladder score;3.845
2012.0;136.0;Niger;Ladder score;4.152
2011.0;137.0;Niger;Ladder score;4.122
2024.0;99.0;Iran;Ladder score;5.093
2023.0;102.0;Nigeria;Ladder score;4.881
2022.0;95.0;Nigeria;Ladder score;4.981
2021.0;118.0;Nigeria;Ladder score;4.552
2020.0;117.0;Nigeria;Ladder score;4.759
2019.0;115.0;Nigeria;Ladder score;4.724
2018.0;85.0;Nigeria;Ladder score;5.265
2017.0;91.0;Nigeria;Ladder score;5.155
2016.0;95.0;Nigeria;Ladder score;5.074
2015.0;103.0;Nigeria;Ladder score;4.875
2014.0;78.0;Nigeria;Ladder score;5.268
2012.0;82.0;Nigeria;Ladder score;5.248
2011.0;100.0;Nigeria;Ladder score;4.856
2021.0;79.0;North Cyprus;Ladder score;5.467
2020.0;75.0;North Cyprus;Ladder score;5.536
2019.0;76.0;North Cyprus;Ladder score;5.536
2018.0;64.0;North Cyprus;Ladder score;5.718
2017.0;58.0;North Cyprus;Ladder score;5.835
2016.0;61.0;North Cyprus;Ladder score;5.81
2015.0;62.0;North Cyprus;Ladder score;5.771
2014.0;66.0;North Cyprus;Ladder score;5.695
2012.0;69.0;North Cyprus;Ladder score;5.463
2024.0;100.0;Congo;Ladder score;5.03
2023.0;84.0;North Macedonia;Ladder score;5.369
2022.0;87.0;North Macedonia;Ladder score;5.254
2021.0;89.0;North Macedonia;Ladder score;5.199
2020.0;95.0;North Macedonia;Ladder score;5.101
2018.0;84.0;North Macedonia;Ladder score;5.274
2017.0;89.0;North Macedonia;Ladder score;5.185
2016.0;92.0;North Macedonia;Ladder score;5.175
2015.0;95.0;North Macedonia;Ladder score;5.121
2014.0;93.0;North Macedonia;Ladder score;5.007
2012.0;118.0;North Macedonia;Ladder score;4.574
2011.0;127.0;North Macedonia;Ladder score;4.369
2024.0;101.0;Iraq;Ladder score;4.976
2023.0;7.0;Norway;Ladder score;7.302
2022.0;7.0;Norway;Ladder score;7.315
2021.0;8.0;Norway;Ladder score;7.365
2020.0;7.0;Norway;Ladder score;7.392
2019.0;5.0;Norway;Ladder score;7.488
2018.0;3.0;Norway;Ladder score;7.554
2017.0;2.0;Norway;Ladder score;7.594
2016.0;1.0;Norway;Ladder score;7.537
2015.0;4.0;Norway;Ladder score;7.498
2014.0;4.0;Norway;Ladder score;7.522
2012.0;2.0;Norway;Ladder score;7.655
2011.0;3.0;Norway;Ladder score;7.524
2024.0;102.0;Guinea;Ladder score;4.929
2014.0;22.0;Oman;Ladder score;6.853
2012.0;23.0;Oman;Ladder score;6.853
2024.0;103.0;Namibia;Ladder score;4.911
2023.0;108.0;Pakistan;Ladder score;4.657
2022.0;108.0;Pakistan;Ladder score;4.555
2021.0;121.0;Pakistan;Ladder score;4.516
2020.0;106.0;Pakistan;Ladder score;4.934
2019.0;66.0;Pakistan;Ladder score;5.693
2018.0;67.0;Pakistan;Ladder score;5.653
2017.0;75.0;Pakistan;Ladder score;5.472
2016.0;80.0;Pakistan;Ladder score;5.269
2015.0;92.0;Pakistan;Ladder score;5.132
2014.0;81.0;Pakistan;Ladder score;5.194
2012.0;81.0;Pakistan;Ladder score;5.292
2011.0;85.0;Pakistan;Ladder score;5.149
2024.0;104.0;Cameroon;Ladder score;4.887
2023.0;39.0;Panama;Ladder score;6.358
2022.0;38.0;Panama;Ladder score;6.265
2021.0;37.0;Panama;Ladder score;6.309
2020.0;42.0;Panama;Ladder score;6.18
2019.0;36.0;Panama;Ladder score;6.305
2018.0;31.0;Panama;Ladder score;6.321
2017.0;27.0;Panama;Ladder score;6.43
2016.0;30.0;Panama;Ladder score;6.452
2015.0;25.0;Panama;Ladder score;6.701
2014.0;25.0;Panama;Ladder score;6.786
2012.0;15.0;Panama;Ladder score;7.143
2011.0;21.0;Panama;Ladder score;6.863
2024.0;105.0;Nigeria;Ladder score;4.885
2023.0;57.0;Paraguay;Ladder score;5.977
2022.0;66.0;Paraguay;Ladder score;5.738
2021.0;73.0;Paraguay;Ladder score;5.578
2020.0;72.0;Paraguay;Ladder score;5.653
2019.0;67.0;Paraguay;Ladder score;5.692
2018.0;63.0;Paraguay;Ladder score;5.743
2017.0;64.0;Paraguay;Ladder score;5.681
2016.0;70.0;Paraguay;Ladder score;5.493
2015.0;70.0;Paraguay;Ladder score;5.538
2014.0;53.0;Paraguay;Ladder score;5.878
2012.0;54.0;Paraguay;Ladder score;5.779
2011.0;70.0;Paraguay;Ladder score;5.398
2024.0;106.0;Azerbaijan;Ladder score;4.875
2023.0;68.0;Peru;Ladder score;5.841
2022.0;75.0;Peru;Ladder score;5.526
2021.0;74.0;Peru;Ladder score;5.559
2020.0;64.0;Peru;Ladder score;5.84
2019.0;63.0;Peru;Ladder score;5.797
2018.0;65.0;Peru;Ladder score;5.697
2017.0;65.0;Peru;Ladder score;5.663
2016.0;63.0;Peru;Ladder score;5.715
2015.0;64.0;Peru;Ladder score;5.743
2014.0;58.0;Peru;Ladder score;5.824
2012.0;55.0;Peru;Ladder score;5.776
2011.0;77.0;Peru;Ladder score;5.258
2024.0;107.0;Senegal;Ladder score;4.856
2023.0;53.0;Philippines;Ladder score;6.048
2022.0;76.0;Philippines;Ladder score;5.523
2021.0;60.0;Philippines;Ladder score;5.904
2020.0;62.0;Philippines;Ladder score;5.88
2019.0;52.0;Philippines;Ladder score;6.006
2018.0;69.0;Philippines;Ladder score;5.631
2017.0;71.0;Philippines;Ladder score;5.524
2016.0;72.0;Philippines;Ladder score;5.43
2015.0;82.0;Philippines;Ladder score;5.279
2014.0;90.0;Philippines;Ladder score;5.073
2012.0;92.0;Philippines;Ladder score;4.985
2011.0;103.0;Philippines;Ladder score;4.825
2024.0;108.0;State of Palestine;Ladder score;4.78
2023.0;35.0;Poland;Ladder score;6.442
2022.0;39.0;Poland;Ladder score;6.26
2021.0;48.0;Poland;Ladder score;6.123
2020.0;45.0;Poland;Ladder score;6.166
2019.0;43.0;Poland;Ladder score;6.186
2018.0;40.0;Poland;Ladder score;6.182
2017.0;42.0;Poland;Ladder score;6.123
2016.0;46.0;Poland;Ladder score;5.973
2015.0;57.0;Poland;Ladder score;5.835
2014.0;60.0;Poland;Ladder score;5.791
2012.0;51.0;Poland;Ladder score;5.822
2011.0;53.0;Poland;Ladder score;5.803
2024.0;109.0;Pakistan;Ladder score;4.768
2023.0;55.0;Portugal;Ladder score;6.03
2022.0;56.0;Portugal;Ladder score;5.968
2021.0;56.0;Portugal;Ladder score;6.016
2020.0;59.0;Portugal;Ladder score;5.929
2019.0;59.0;Portugal;Ladder score;5.911
2018.0;66.0;Portugal;Ladder score;5.693
2017.0;77.0;Portugal;Ladder score;5.41
2016.0;89.0;Portugal;Ladder score;5.195
2015.0;94.0;Portugal;Ladder score;5.123
2014.0;88.0;Portugal;Ladder score;5.102
2012.0;85.0;Portugal;Ladder score;5.101
2011.0;73.0;Portugal;Ladder score;5.327
2015.0;15.0;Puerto Rico;Ladder score;7.039
2011.0;27.0;Puerto Rico;Ladder score;6.593
2018.0;29.0;Qatar;Ladder score;6.374
2017.0;32.0;Qatar;Ladder score;6.374
2016.0;35.0;Qatar;Ladder score;6.375
2015.0;36.0;Qatar;Ladder score;6.375
2014.0;28.0;Qatar;Ladder score;6.611
2012.0;27.0;Qatar;Ladder score;6.666
2011.0;31.0;Qatar;Ladder score;6.569
2024.0;110.0;Niger;Ladder score;4.725
2023.0;52.0;Republic of Korea;Ladder score;6.058
2022.0;57.0;Republic of Korea;Ladder score;5.951
2021.0;59.0;Republic of Korea;Ladder score;5.935
2020.0;63.0;Republic of Korea;Ladder score;5.845
2019.0;61.0;Republic of Korea;Ladder score;5.872
2018.0;54.0;Republic of Korea;Ladder score;5.895
2017.0;57.0;Republic of Korea;Ladder score;5.875
2016.0;55.0;Republic of Korea;Ladder score;5.838
2015.0;58.0;Republic of Korea;Ladder score;5.835
2014.0;47.0;Republic of Korea;Ladder score;5.984
2012.0;41.0;Republic of Korea;Ladder score;6.267
2011.0;56.0;Republic of Korea;Ladder score;5.643
2024.0;111.0;Ukraine;Ladder score;4.68
2023.0;71.0;Republic of Moldova;Ladder score;5.816
2022.0;63.0;Republic of Moldova;Ladder score;5.819
2021.0;62.0;Republic of Moldova;Ladder score;5.857
2020.0;66.0;Republic of Moldova;Ladder score;5.766
2019.0;70.0;Republic of Moldova;Ladder score;5.608
2018.0;71.0;Republic of Moldova;Ladder score;5.529
2017.0;67.0;Republic of Moldova;Ladder score;5.64
2016.0;56.0;Republic of Moldova;Ladder score;5.838
2015.0;55.0;Republic of Moldova;Ladder score;5.897
2014.0;52.0;Republic of Moldova;Ladder score;5.889
2012.0;53.0;Republic of Moldova;Ladder score;5.791
2011.0;75.0;Republic of Moldova;Ladder score;5.305
2024.0;112.0;Morocco;Ladder score;4.622
2023.0;32.0;Romania;Ladder score;6.491
2022.0;24.0;Romania;Ladder score;6.589
2021.0;28.0;Romania;Ladder score;6.477
2020.0;47.0;Romania;Ladder score;6.14
2019.0;47.0;Romania;Ladder score;6.124
2018.0;48.0;Romania;Ladder score;6.07
2017.0;52.0;Romania;Ladder score;5.945
2016.0;57.0;Romania;Ladder score;5.825
2015.0;71.0;Romania;Ladder score;5.528
2014.0;86.0;Romania;Ladder score;5.124
2012.0;90.0;Romania;Ladder score;5.033
2011.0;80.0;Romania;Ladder score;5.178
2024.0;113.0;Tunisia;Ladder score;4.552
2023.0;72.0;Russian Federation;Ladder score;5.785
2022.0;70.0;Russian Federation;Ladder score;5.661
2021.0;80.0;Russian Federation;Ladder score;5.459
2020.0;77.0;Russian Federation;Ladder score;5.477
2019.0;73.0;Russian Federation;Ladder score;5.546
2018.0;68.0;Russian Federation;Ladder score;5.648
2017.0;59.0;Russian Federation;Ladder score;5.81
2016.0;49.0;Russian Federation;Ladder score;5.963
2015.0;56.0;Russian Federation;Ladder score;5.856
2014.0;64.0;Russian Federation;Ladder score;5.716
2012.0;68.0;Russian Federation;Ladder score;5.464
2011.0;76.0;Russian Federation;Ladder score;5.284
2021.0;143.0;Rwanda;Ladder score;3.268
2020.0;148.0;Rwanda;Ladder score;3.415
2019.0;150.0;Rwanda;Ladder score;3.312
2018.0;152.0;Rwanda;Ladder score;3.334
2017.0;151.0;Rwanda;Ladder score;3.408
2016.0;151.0;Rwanda;Ladder score;3.471
2015.0;152.0;Rwanda;Ladder score;3.515
2014.0;154.0;Rwanda;Ladder score;3.465
2012.0;152.0;Rwanda;Ladder score;3.715
2011.0;132.0;Rwanda;Ladder score;4.204
2024.0;114.0;Mauritania;Ladder score;4.542
2023.0;28.0;Saudi Arabia;Ladder score;6.594
2022.0;30.0;Saudi Arabia;Ladder score;6.463
2021.0;25.0;Saudi Arabia;Ladder score;6.523
2020.0;27.0;Saudi Arabia;Ladder score;6.494
2019.0;27.0;Saudi Arabia;Ladder score;6.406
2018.0;28.0;Saudi Arabia;Ladder score;6.375
2017.0;33.0;Saudi Arabia;Ladder score;6.371
2016.0;37.0;Saudi Arabia;Ladder score;6.344
2015.0;34.0;Saudi Arabia;Ladder score;6.379
2014.0;35.0;Saudi Arabia;Ladder score;6.411
2012.0;33.0;Saudi Arabia;Ladder score;6.48
2011.0;26.0;Saudi Arabia;Ladder score;6.597
2024.0;115.0;Kenya;Ladder score;4.51
2023.0;99.0;Senegal;Ladder score;4.969
2022.0;102.0;Senegal;Ladder score;4.855
2021.0;103.0;Senegal;Ladder score;5.046
2020.0;93.0;Senegal;Ladder score;5.132
2019.0;101.0;Senegal;Ladder score;4.981
2018.0;111.0;Senegal;Ladder score;4.681
2017.0;109.0;Senegal;Ladder score;4.631
2016.0;115.0;Senegal;Ladder score;4.535
2015.0;128.0;Senegal;Ladder score;4.219
2014.0;142.0;Senegal;Ladder score;3.904
2012.0;147.0;Senegal;Ladder score;3.959
2011.0;125.0;Senegal;Ladder score;4.414
2024.0;116.0;Uganda;Ladder score;4.461
2023.0;37.0;Serbia;Ladder score;6.411
2022.0;45.0;Serbia;Ladder score;6.144
2021.0;43.0;Serbia;Ladder score;6.178
2020.0;49.0;Serbia;Ladder score;6.078
2019.0;64.0;Serbia;Ladder score;5.778
2018.0;70.0;Serbia;Ladder score;5.603
2017.0;78.0;Serbia;Ladder score;5.398
2016.0;73.0;Serbia;Ladder score;5.395
2015.0;86.0;Serbia;Ladder score;5.177
2014.0;87.0;Serbia;Ladder score;5.123
2012.0;106.0;Serbia;Ladder score;4.813
2011.0;118.0;Serbia;Ladder score;4.564
2024.0;117.0;Gambia;Ladder score;4.423
2023.0;140.0;Sierra Leone;Ladder score;3.245
2022.0;135.0;Sierra Leone;Ladder score;3.138
2021.0;140.0;Sierra Leone;Ladder score;3.574
2020.0;139.0;Sierra Leone;Ladder score;3.849
2019.0;139.0;Sierra Leone;Ladder score;3.926
2018.0;129.0;Sierra Leone;Ladder score;4.374
2017.0;113.0;Sierra Leone;Ladder score;4.571
2016.0;106.0;Sierra Leone;Ladder score;4.709
2015.0;111.0;Sierra Leone;Ladder score;4.635
2014.0;123.0;Sierra Leone;Ladder score;4.507
2012.0;127.0;Sierra Leone;Ladder score;4.318
2011.0;153.0;Sierra Leone;Ladder score;3.586
2024.0;118.0;India;Ladder score;4.389
2023.0;30.0;Singapore;Ladder score;6.523
2022.0;25.0;Singapore;Ladder score;6.587
2021.0;27.0;Singapore;Ladder score;6.48
2020.0;33.0;Singapore;Ladder score;6.377
2019.0;31.0;Singapore;Ladder score;6.377
2018.0;34.0;Singapore;Ladder score;6.262
2017.0;34.0;Singapore;Ladder score;6.343
2016.0;26.0;Singapore;Ladder score;6.572
2015.0;22.0;Singapore;Ladder score;6.739
2014.0;24.0;Singapore;Ladder score;6.798
2012.0;30.0;Singapore;Ladder score;6.546
2011.0;33.0;Singapore;Ladder score;6.549
2024.0;119.0;Chad;Ladder score;4.384
2023.0;45.0;Slovakia;Ladder score;6.257
2022.0;29.0;Slovakia;Ladder score;6.469
2021.0;35.0;Slovakia;Ladder score;6.391
2020.0;35.0;Slovakia;Ladder score;6.331
2019.0;37.0;Slovakia;Ladder score;6.281
2018.0;38.0;Slovakia;Ladder score;6.198
2017.0;39.0;Slovakia;Ladder score;6.173
2016.0;40.0;Slovakia;Ladder score;6.098
2015.0;45.0;Slovakia;Ladder score;6.078
2014.0;45.0;Slovakia;Ladder score;5.995
2012.0;46.0;Slovakia;Ladder score;5.969
2011.0;55.0;Slovakia;Ladder score;5.657
2024.0;120.0;Burkina Faso;Ladder score;4.383
2023.0;21.0;Slovenia;Ladder score;6.743
2022.0;22.0;Slovenia;Ladder score;6.65
2021.0;22.0;Slovenia;Ladder score;6.63
2020.0;30.0;Slovenia;Ladder score;6.461
2019.0;33.0;Slovenia;Ladder score;6.363
2018.0;44.0;Slovenia;Ladder score;6.118
2017.0;51.0;Slovenia;Ladder score;5.948
2016.0;62.0;Slovenia;Ladder score;5.758
2015.0;63.0;Slovenia;Ladder score;5.768
2014.0;55.0;Slovenia;Ladder score;5.848
2012.0;44.0;Slovenia;Ladder score;6.06
2011.0;49.0;Slovenia;Ladder score;5.922
2024.0;121.0;Benin;Ladder score;4.357
2018.0;112.0;Somalia;Ladder score;4.668
2017.0;98.0;Somalia;Ladder score;4.982
2016.0;93.0;Somalia;Ladder score;5.151
2015.0;76.0;Somalia;Ladder score;5.44
2015.0;97.0;Somaliland Region;Ladder score;5.057
2014.0;91.0;Somaliland Region;Ladder score;5.057
2012.0;101.0;Somaliland Region;Ladder score;4.847
2011.0;111.0;Somaliland Region;Ladder score;4.691
2024.0;122.0;Somalia;Ladder score;4.347
2023.0;83.0;South Africa;Ladder score;5.422
2022.0;85.0;South Africa;Ladder score;5.275
2021.0;91.0;South Africa;Ladder score;5.194
2020.0;104.0;South Africa;Ladder score;4.956
2019.0;109.0;South Africa;Ladder score;4.814
2018.0;106.0;South Africa;Ladder score;4.722
2017.0;105.0;South Africa;Ladder score;4.724
2016.0;101.0;South Africa;Ladder score;4.829
2015.0;116.0;South Africa;Ladder score;4.459
2014.0;113.0;South Africa;Ladder score;4.642
2012.0;96.0;South Africa;Ladder score;4.963
2011.0;90.0;South Africa;Ladder score;5.101
2019.0;152.0;South Sudan;Ladder score;2.817
2018.0;156.0;South Sudan;Ladder score;2.853
2017.0;154.0;South Sudan;Ladder score;3.254
2016.0;147.0;South Sudan;Ladder score;3.591
2015.0;143.0;South Sudan;Ladder score;3.832
2024.0;123.0;Mali;Ladder score;4.345
2023.0;36.0;Spain;Ladder score;6.421
2022.0;32.0;Spain;Ladder score;6.436
2021.0;29.0;Spain;Ladder score;6.476
2020.0;28.0;Spain;Ladder score;6.491
2019.0;28.0;Spain;Ladder score;6.401
2018.0;30.0;Spain;Ladder score;6.354
2017.0;36.0;Spain;Ladder score;6.31
2016.0;34.0;Spain;Ladder score;6.403
2015.0;37.0;Spain;Ladder score;6.361
2014.0;36.0;Spain;Ladder score;6.329
2012.0;38.0;Spain;Ladder score;6.322
2011.0;22.0;Spain;Ladder score;6.761
2024.0;124.0;Cambodia;Ladder score;4.341
2023.0;128.0;Sri Lanka;Ladder score;3.898
2022.0;112.0;Sri Lanka;Ladder score;4.442
2021.0;127.0;Sri Lanka;Ladder score;4.362
2020.0;130.0;Sri Lanka;Ladder score;4.325
2019.0;130.0;Sri Lanka;Ladder score;4.327
2018.0;120.0;Sri Lanka;Ladder score;4.366
2017.0;116.0;Sri Lanka;Ladder score;4.471
2016.0;120.0;Sri Lanka;Ladder score;4.44
2015.0;117.0;Sri Lanka;Ladder score;4.415
2014.0;132.0;Sri Lanka;Ladder score;4.271
2012.0;137.0;Sri Lanka;Ladder score;4.151
2011.0;130.0;Sri Lanka;Ladder score;4.26
2024.0;125.0;Ghana;Ladder score;4.34
2023.0;103.0;State of Palestine;Ladder score;4.879
2022.0;99.0;State of Palestine;Ladder score;4.908
2021.0;122.0;State of Palestine;Ladder score;4.483
2020.0;126.0;State of Palestine;Ladder score;4.517
2019.0;125.0;State of Palestine;Ladder score;4.553
2018.0;110.0;State of Palestine;Ladder score;4.696
2017.0;104.0;State of Palestine;Ladder score;4.743
2016.0;103.0;State of Palestine;Ladder score;4.775
2015.0;108.0;State of Palestine;Ladder score;4.754
2014.0;108.0;State of Palestine;Ladder score;4.715
2012.0;113.0;State of Palestine;Ladder score;4.7
2011.0;120.0;State of Palestine;Ladder score;4.555
2017.0;137.0;Sudan;Ladder score;4.139
2016.0;130.0;Sudan;Ladder score;4.139
2015.0;133.0;Sudan;Ladder score;4.139
2014.0;118.0;Sudan;Ladder score;4.55
2012.0;124.0;Sudan;Ladder score;4.401
2011.0;124.0;Sudan;Ladder score;4.424
2015.0;40.0;Suriname;Ladder score;6.269
2014.0;40.0;Suriname;Ladder score;6.269
2012.0;40.0;Suriname;Ladder score;6.269
2020.0;131.0;Swaziland;Ladder score;4.308
2019.0;132.0;Swaziland;Ladder score;4.308
2018.0;135.0;Swaziland;Ladder score;4.212
2014.0;101.0;Swaziland;Ladder score;4.867
2012.0;100.0;Swaziland;Ladder score;4.867
2024.0;126.0;Myanmar;Ladder score;4.321
2023.0;4.0;Sweden;Ladder score;7.344
2022.0;6.0;Sweden;Ladder score;7.395
2021.0;7.0;Sweden;Ladder score;7.384
2020.0;8.0;Sweden;Ladder score;7.363
2019.0;7.0;Sweden;Ladder score;7.353
2018.0;7.0;Sweden;Ladder score;7.343
2017.0;9.0;Sweden;Ladder score;7.314
2016.0;10.0;Sweden;Ladder score;7.284
2015.0;10.0;Sweden;Ladder score;7.291
2014.0;8.0;Sweden;Ladder score;7.364
2012.0;5.0;Sweden;Ladder score;7.48
2011.0;7.0;Sweden;Ladder score;7.379
2024.0;127.0;Togo;Ladder score;4.315
2023.0;9.0;Switzerland;Ladder score;7.06
2022.0;8.0;Switzerland;Ladder score;7.24
2021.0;4.0;Switzerland;Ladder score;7.512
2020.0;4.0;Switzerland;Ladder score;7.571
2019.0;3.0;Switzerland;Ladder score;7.56
2018.0;6.0;Switzerland;Ladder score;7.48
2017.0;5.0;Switzerland;Ladder score;7.487
2016.0;4.0;Switzerland;Ladder score;7.494
2015.0;2.0;Switzerland;Ladder score;7.509
2014.0;1.0;Switzerland;Ladder score;7.587
2012.0;3.0;Switzerland;Ladder score;7.65
2011.0;6.0;Switzerland;Ladder score;7.499
2018.0;149.0;Syria;Ladder score;3.462
2017.0;150.0;Syria;Ladder score;3.462
2016.0;152.0;Syria;Ladder score;3.462
2015.0;156.0;Syria;Ladder score;3.069
2014.0;156.0;Syria;Ladder score;3.006
2012.0;148.0;Syria;Ladder score;3.892
2011.0;107.0;Syria;Ladder score;4.735
2024.0;128.0;Jordan;Ladder score;4.31
2023.0;31.0;Taiwan Province of China;Ladder score;6.503
2022.0;27.0;Taiwan Province of China;Ladder score;6.535
2021.0;26.0;Taiwan Province of China;Ladder score;6.512
2020.0;25.0;Taiwan Province of China;Ladder score;6.584
2019.0;25.0;Taiwan Province of China;Ladder score;6.455
2018.0;25.0;Taiwan Province of China;Ladder score;6.446
2017.0;26.0;Taiwan Province of China;Ladder score;6.441
2016.0;33.0;Taiwan Province of China;Ladder score;6.422
2015.0;35.0;Taiwan Province of China;Ladder score;6.379
2014.0;38.0;Taiwan Province of China;Ladder score;6.298
2012.0;42.0;Taiwan Province of China;Ladder score;6.221
2011.0;46.0;Taiwan Province of China;Ladder score;5.988
2024.0;129.0;Liberia;Ladder score;4.277
2023.0;88.0;Tajikistan;Ladder score;5.281
2022.0;80.0;Tajikistan;Ladder score;5.33
2021.0;83.0;Tajikistan;Ladder score;5.377
2020.0;79.0;Tajikistan;Ladder score;5.466
2019.0;71.0;Tajikistan;Ladder score;5.556
2018.0;74.0;Tajikistan;Ladder score;5.467
2017.0;80.0;Tajikistan;Ladder score;5.352
2016.0;96.0;Tajikistan;Ladder score;5.041
2015.0;100.0;Tajikistan;Ladder score;4.996
2014.0;106.0;Tajikistan;Ladder score;4.786
2012.0;125.0;Tajikistan;Ladder score;4.38
2011.0;115.0;Tajikistan;Ladder score;4.614
2024.0;130.0;Madagascar;Ladder score;4.157
2023.0;131.0;Tanzania;Ladder score;3.781
2022.0;129.0;Tanzania;Ladder score;3.694
2021.0;139.0;Tanzania;Ladder score;3.702
2020.0;143.0;Tanzania;Ladder score;3.623
2019.0;148.0;Tanzania;Ladder score;3.476
2018.0;153.0;Tanzania;Ladder score;3.231
2017.0;153.0;Tanzania;Ladder score;3.303
2016.0;153.0;Tanzania;Ladder score;3.349
2015.0;149.0;Tanzania;Ladder score;3.666
2014.0;146.0;Tanzania;Ladder score;3.781
2012.0;151.0;Tanzania;Ladder score;3.77
2011.0;149.0;Tanzania;Ladder score;3.8
2024.0;131.0;Zambia;Ladder score;3.912
2023.0;58.0;Thailand;Ladder score;5.976
2022.0;60.0;Thailand;Ladder score;5.843
2021.0;61.0;Thailand;Ladder score;5.891
2020.0;55.0;Thailand;Ladder score;5.985
2019.0;54.0;Thailand;Ladder score;5.999
2018.0;52.0;Thailand;Ladder score;6.008
2017.0;46.0;Thailand;Ladder score;6.072
2016.0;32.0;Thailand;Ladder score;6.424
2015.0;33.0;Thailand;Ladder score;6.474
2014.0;34.0;Thailand;Ladder score;6.455
2012.0;36.0;Thailand;Ladder score;6.371
2011.0;52.0;Thailand;Ladder score;5.804
2024.0;132.0;Ethiopia;Ladder score;3.898
2023.0;124.0;Togo;Ladder score;4.214
2022.0;122.0;Togo;Ladder score;4.137
2021.0;135.0;Togo;Ladder score;4.112
2020.0;137.0;Togo;Ladder score;4.107
2019.0;135.0;Togo;Ladder score;4.187
2018.0;139.0;Togo;Ladder score;4.085
2017.0;139.0;Togo;Ladder score;3.999
2016.0;150.0;Togo;Ladder score;3.495
2015.0;155.0;Togo;Ladder score;3.303
2014.0;158.0;Togo;Ladder score;2.839
2012.0;156.0;Togo;Ladder score;2.936
2011.0;156.0;Togo;Ladder score;3.007
2024.0;133.0;Sri Lanka;Ladder score;3.891
2019.0;42.0;Trinidad and Tobago;Ladder score;6.192
2018.0;39.0;Trinidad and Tobago;Ladder score;6.192
2017.0;38.0;Trinidad and Tobago;Ladder score;6.192
2016.0;38.0;Trinidad and Tobago;Ladder score;6.168
2015.0;43.0;Trinidad and Tobago;Ladder score;6.168
2014.0;41.0;Trinidad and Tobago;Ladder score;6.168
2012.0;31.0;Trinidad and Tobago;Ladder score;6.519
2011.0;38.0;Trinidad and Tobago;Ladder score;6.263
2024.0;134.0;Bangladesh;Ladder score;3.851
2023.0;115.0;Tunisia;Ladder score;4.422
2022.0;110.0;Tunisia;Ladder score;4.497
2021.0;120.0;Tunisia;Ladder score;4.516
2020.0;123.0;Tunisia;Ladder score;4.596
2019.0;128.0;Tunisia;Ladder score;4.392
2018.0;124.0;Tunisia;Ladder score;4.461
2017.0;111.0;Tunisia;Ladder score;4.592
2016.0;102.0;Tunisia;Ladder score;4.805
2015.0;98.0;Tunisia;Ladder score;5.045
2014.0;107.0;Tunisia;Ladder score;4.739
2012.0;104.0;Tunisia;Ladder score;4.826
2011.0;87.0;Tunisia;Ladder score;5.141
2024.0;135.0;Egypt;Ladder score;3.817
2023.0;98.0;Türkiye;Ladder score;4.975
2022.0;106.0;Türkiye;Ladder score;4.614
2021.0;112.0;Türkiye;Ladder score;4.744
2020.0;105.0;Türkiye;Ladder score;4.948
2019.0;93.0;Türkiye;Ladder score;5.132
2018.0;79.0;Türkiye;Ladder score;5.373
2017.0;74.0;Türkiye;Ladder score;5.483
2016.0;69.0;Türkiye;Ladder score;5.5
2015.0;78.0;Türkiye;Ladder score;5.389
2014.0;76.0;Türkiye;Ladder score;5.332
2012.0;77.0;Türkiye;Ladder score;5.345
2011.0;78.0;Türkiye;Ladder score;5.234
2021.0;78.0;Turkmenistan;Ladder score;5.474
2020.0;98.0;Turkmenistan;Ladder score;5.066
2019.0;95.0;Turkmenistan;Ladder score;5.119
2018.0;87.0;Turkmenistan;Ladder score;5.247
2017.0;68.0;Turkmenistan;Ladder score;5.636
2016.0;59.0;Turkmenistan;Ladder score;5.822
2015.0;65.0;Turkmenistan;Ladder score;5.658
2014.0;70.0;Turkmenistan;Ladder score;5.548
2012.0;59.0;Turkmenistan;Ladder score;5.628
2011.0;32.0;Turkmenistan;Ladder score;6.568
2024.0;136.0;Tanzania;Ladder score;3.8
2023.0;117.0;Uganda;Ladder score;4.372
2022.0;113.0;Uganda;Ladder score;4.432
2021.0;117.0;Uganda;Ladder score;4.603
2020.0;120.0;Uganda;Ladder score;4.636
2019.0;126.0;Uganda;Ladder score;4.432
2018.0;136.0;Uganda;Ladder score;4.189
2017.0;135.0;Uganda;Ladder score;4.161
2016.0;133.0;Uganda;Ladder score;4.081
2015.0;146.0;Uganda;Ladder score;3.739
2014.0;141.0;Uganda;Ladder score;3.931
2012.0;120.0;Uganda;Ladder score;4.443
2011.0;128.0;Uganda;Ladder score;4.313
2024.0;137.0;Eswatini;Ladder score;3.774
2023.0;105.0;Ukraine;Ladder score;4.873
2022.0;92.0;Ukraine;Ladder score;5.071
2021.0;98.0;Ukraine;Ladder score;5.084
2020.0;111.0;Ukraine;Ladder score;4.875
2019.0;123.0;Ukraine;Ladder score;4.561
2018.0;133.0;Ukraine;Ladder score;4.332
2017.0;138.0;Ukraine;Ladder score;4.103
2016.0;132.0;Ukraine;Ladder score;4.096
2015.0;123.0;Ukraine;Ladder score;4.324
2014.0;111.0;Ukraine;Ladder score;4.681
2012.0;87.0;Ukraine;Ladder score;5.057
2011.0;91.0;Ukraine;Ladder score;5.089
2024.0;138.0;Lesotho;Ladder score;3.757
2023.0;22.0;United Arab Emirates;Ladder score;6.733
2022.0;26.0;United Arab Emirates;Ladder score;6.571
2021.0;24.0;United Arab Emirates;Ladder score;6.576
2020.0;26.0;United Arab Emirates;Ladder score;6.561
2019.0;21.0;United Arab Emirates;Ladder score;6.791
2018.0;21.0;United Arab Emirates;Ladder score;6.825
2017.0;20.0;United Arab Emirates;Ladder score;6.774
2016.0;21.0;United Arab Emirates;Ladder score;6.648
2015.0;28.0;United Arab Emirates;Ladder score;6.573
2014.0;20.0;United Arab Emirates;Ladder score;6.901
2012.0;14.0;United Arab Emirates;Ladder score;7.144
2011.0;17.0;United Arab Emirates;Ladder score;6.977
2024.0;139.0;Comoros;Ladder score;3.754
2023.0;20.0;United Kingdom;Ladder score;6.749
2022.0;19.0;United Kingdom;Ladder score;6.796
2021.0;17.0;United Kingdom;Ladder score;6.943
2020.0;18.0;United Kingdom;Ladder score;7.064
2019.0;13.0;United Kingdom;Ladder score;7.165
2018.0;15.0;United Kingdom;Ladder score;7.054
2017.0;19.0;United Kingdom;Ladder score;6.814
2016.0;19.0;United Kingdom;Ladder score;6.714
2015.0;23.0;United Kingdom;Ladder score;6.725
2014.0;21.0;United Kingdom;Ladder score;6.867
2012.0;22.0;United Kingdom;Ladder score;6.883
2011.0;18.0;United Kingdom;Ladder score;6.936
2024.0;140.0;Yemen;Ladder score;3.561
2023.0;23.0;United States;Ladder score;6.725
2022.0;15.0;United States;Ladder score;6.894
2021.0;16.0;United States;Ladder score;6.977
2020.0;20.0;United States;Ladder score;6.951
2019.0;18.0;United States;Ladder score;6.94
2018.0;19.0;United States;Ladder score;6.892
2017.0;18.0;United States;Ladder score;6.886
2016.0;14.0;United States;Ladder score;6.993
2015.0;13.0;United States;Ladder score;7.104
2014.0;15.0;United States;Ladder score;7.119
2012.0;17.0;United States;Ladder score;7.082
2011.0;11.0;United States;Ladder score;7.27
2024.0;141.0;DR Congo;Ladder score;3.469
2023.0;26.0;Uruguay;Ladder score;6.611
2022.0;28.0;Uruguay;Ladder score;6.494
2021.0;30.0;Uruguay;Ladder score;6.474
2020.0;32.0;Uruguay;Ladder score;6.431
2019.0;26.0;Uruguay;Ladder score;6.44
2018.0;33.0;Uruguay;Ladder score;6.293
2017.0;31.0;Uruguay;Ladder score;6.379
2016.0;28.0;Uruguay;Ladder score;6.454
2015.0;29.0;Uruguay;Ladder score;6.545
2014.0;32.0;Uruguay;Ladder score;6.485
2012.0;37.0;Uruguay;Ladder score;6.355
2011.0;50.0;Uruguay;Ladder score;5.898
2024.0;142.0;Botswana;Ladder score;3.438
2023.0;47.0;Uzbekistan;Ladder score;6.195
2022.0;54.0;Uzbekistan;Ladder score;6.014
2021.0;53.0;Uzbekistan;Ladder score;6.063
2020.0;43.0;Uzbekistan;Ladder score;6.179
2019.0;38.0;Uzbekistan;Ladder score;6.258
2018.0;41.0;Uzbekistan;Ladder score;6.174
2017.0;44.0;Uzbekistan;Ladder score;6.096
2016.0;47.0;Uzbekistan;Ladder score;5.971
2015.0;49.0;Uzbekistan;Ladder score;5.987
2014.0;44.0;Uzbekistan;Ladder score;6.003
2012.0;60.0;Uzbekistan;Ladder score;5.623
2011.0;79.0;Uzbekistan;Ladder score;5.225
2024.0;143.0;Zimbabwe;Ladder score;3.396
2023.0;79.0;Venezuela;Ladder score;5.607
2022.0;88.0;Venezuela;Ladder score;5.211
2021.0;108.0;Venezuela;Ladder score;4.925
2020.0;108.0;Venezuela;Ladder score;4.892
2019.0;99.0;Venezuela;Ladder score;5.053
2018.0;108.0;Venezuela;Ladder score;4.707
2017.0;102.0;Venezuela;Ladder score;4.806
2016.0;82.0;Venezuela;Ladder score;5.25
2015.0;44.0;Venezuela;Ladder score;6.084
2014.0;23.0;Venezuela;Ladder score;6.81
2012.0;20.0;Venezuela;Ladder score;7.039
2011.0;19.0;Venezuela;Ladder score;6.922
2024.0;144.0;Malawi;Ladder score;3.26
2023.0;54.0;Viet Nam;Ladder score;6.043
2022.0;65.0;Viet Nam;Ladder score;5.763
2021.0;77.0;Viet Nam;Ladder score;5.485
2020.0;80.0;Viet Nam;Ladder score;5.411
2019.0;83.0;Viet Nam;Ladder score;5.353
2018.0;94.0;Viet Nam;Ladder score;5.175
2017.0;95.0;Viet Nam;Ladder score;5.103
2016.0;94.0;Viet Nam;Ladder score;5.074
2015.0;96.0;Viet Nam;Ladder score;5.061
2014.0;75.0;Viet Nam;Ladder score;5.36
2012.0;63.0;Viet Nam;Ladder score;5.533
2011.0;65.0;Viet Nam;Ladder score;5.425
2024.0;145.0;Lebanon;Ladder score;3.188
2023.0;133.0;Yemen;Ladder score;3.561
2021.0;132.0;Yemen;Ladder score;4.197
2020.0;142.0;Yemen;Ladder score;3.658
2019.0;146.0;Yemen;Ladder score;3.527
2018.0;151.0;Yemen;Ladder score;3.38
2017.0;152.0;Yemen;Ladder score;3.355
2016.0;146.0;Yemen;Ladder score;3.593
2015.0;147.0;Yemen;Ladder score;3.724
2014.0;136.0;Yemen;Ladder score;4.077
2012.0;142.0;Yemen;Ladder score;4.054
2011.0;123.0;Yemen;Ladder score;4.454
2024.0;146.0;Sierra Leone;Ladder score;2.998
2023.0;134.0;Zambia;Ladder score;3.502
2022.0;128.0;Zambia;Ladder score;3.982
2021.0;137.0;Zambia;Ladder score;3.76
2020.0;138.0;Zambia;Ladder score;4.073
2019.0;141.0;Zambia;Ladder score;3.759
2018.0;138.0;Zambia;Ladder score;4.107
2017.0;125.0;Zambia;Ladder score;4.377
2016.0;116.0;Zambia;Ladder score;4.514
2015.0;106.0;Zambia;Ladder score;4.795
2014.0;85.0;Zambia;Ladder score;5.129
2012.0;91.0;Zambia;Ladder score;5.006
2011.0;109.0;Zambia;Ladder score;4.705
2024.0;147.0;Afghanistan;Ladder score;1.364
2023.0;138.0;Zimbabwe;Ladder score;3.341
2022.0;134.0;Zimbabwe;Ladder score;3.204
2021.0;144.0;Zimbabwe;Ladder score;2.995
2020.0;149.0;Zimbabwe;Ladder score;3.145
2019.0;151.0;Zimbabwe;Ladder score;3.299
2018.0;146.0;Zimbabwe;Ladder score;3.663
2017.0;144.0;Zimbabwe;Ladder score;3.692
2016.0;138.0;Zimbabwe;Ladder score;3.875
2015.0;131.0;Zimbabwe;Ladder score;4.193
2014.0;115.0;Zimbabwe;Ladder score;4.61
2012.0;103.0;Zimbabwe;Ladder score;4.827
2011.0;142.0;Zimbabwe;Ladder score;3.978
2024.0;1.0;Finland;Explained by: Log GDP per capita;1.749
2023.0;143.0;Afghanistan;Explained by: Log GDP per capita;0.628
2022.0;137.0;Afghanistan;Explained by: Log GDP per capita;0.645
2021.0;146.0;Afghanistan;Explained by: Log GDP per capita;0.758
2020.0;150.0;Afghanistan;Explained by: Log GDP per capita;0.37
2019.0;153.0;Afghanistan;Explained by: Log GDP per capita;0.301
2018.0;154.0;Afghanistan;Explained by: Log GDP per capita;
2017.0;145.0;Afghanistan;Explained by: Log GDP per capita;
2016.0;141.0;Afghanistan;Explained by: Log GDP per capita;
2015.0;154.0;Afghanistan;Explained by: Log GDP per capita;
2014.0;153.0;Afghanistan;Explained by: Log GDP per capita;
2012.0;143.0;Afghanistan;Explained by: Log GDP per capita;
2011.0;131.0;Afghanistan;Explained by: Log GDP per capita;
2024.0;2.0;Denmark;Explained by: Log GDP per capita;1.825
2023.0;87.0;Albania;Explained by: Log GDP per capita;1.438
2022.0;83.0;Albania;Explained by: Log GDP per capita;1.449
2021.0;90.0;Albania;Explained by: Log GDP per capita;1.439
2020.0;94.0;Albania;Explained by: Log GDP per capita;1.008
2019.0;105.0;Albania;Explained by: Log GDP per capita;0.907
2018.0;107.0;Albania;Explained by: Log GDP per capita;
2017.0;112.0;Albania;Explained by: Log GDP per capita;
2016.0;109.0;Albania;Explained by: Log GDP per capita;
2015.0;109.0;Albania;Explained by: Log GDP per capita;
2014.0;95.0;Albania;Explained by: Log GDP per capita;
2012.0;62.0;Albania;Explained by: Log GDP per capita;
2011.0;88.0;Albania;Explained by: Log GDP per capita;
2024.0;3.0;Iceland;Explained by: Log GDP per capita;1.799
2023.0;85.0;Algeria;Explained by: Log GDP per capita;1.324
2022.0;81.0;Algeria;Explained by: Log GDP per capita;1.353
2021.0;96.0;Algeria;Explained by: Log GDP per capita;1.363
2020.0;110.0;Algeria;Explained by: Log GDP per capita;0.946
2019.0;100.0;Algeria;Explained by: Log GDP per capita;0.944
2018.0;88.0;Algeria;Explained by: Log GDP per capita;
2017.0;84.0;Algeria;Explained by: Log GDP per capita;
2016.0;53.0;Algeria;Explained by: Log GDP per capita;
2015.0;38.0;Algeria;Explained by: Log GDP per capita;
2014.0;68.0;Algeria;Explained by: Log GDP per capita;
2012.0;73.0;Algeria;Explained by: Log GDP per capita;
2011.0;71.0;Algeria;Explained by: Log GDP per capita;
2017.0;142.0;Angola;Explained by: Log GDP per capita;
2016.0;140.0;Angola;Explained by: Log GDP per capita;
2015.0;141.0;Angola;Explained by: Log GDP per capita;
2014.0;137.0;Angola;Explained by: Log GDP per capita;
2012.0;61.0;Angola;Explained by: Log GDP per capita;
2011.0;135.0;Angola;Explained by: Log GDP per capita;
2024.0;4.0;Sweden;Explained by: Log GDP per capita;1.783
2023.0;48.0;Argentina;Explained by: Log GDP per capita;1.562
2022.0;52.0;Argentina;Explained by: Log GDP per capita;1.59
2021.0;57.0;Argentina;Explained by: Log GDP per capita;1.592
2020.0;58.0;Argentina;Explained by: Log GDP per capita;1.162
2019.0;55.0;Argentina;Explained by: Log GDP per capita;1.028
2018.0;47.0;Argentina;Explained by: Log GDP per capita;
2017.0;29.0;Argentina;Explained by: Log GDP per capita;
2016.0;24.0;Argentina;Explained by: Log GDP per capita;
2015.0;26.0;Argentina;Explained by: Log GDP per capita;
2014.0;30.0;Argentina;Explained by: Log GDP per capita;
2012.0;29.0;Argentina;Explained by: Log GDP per capita;
2011.0;39.0;Argentina;Explained by: Log GDP per capita;
2024.0;5.0;Netherlands;Explained by: Log GDP per capita;1.822
2023.0;82.0;Armenia;Explained by: Log GDP per capita;1.444
2022.0;79.0;Armenia;Explained by: Log GDP per capita;1.466
2021.0;82.0;Armenia;Explained by: Log GDP per capita;1.434
2020.0;87.0;Armenia;Explained by: Log GDP per capita;0.996
2019.0;116.0;Armenia;Explained by: Log GDP per capita;0.808
2018.0;116.0;Armenia;Explained by: Log GDP per capita;
2017.0;129.0;Armenia;Explained by: Log GDP per capita;
2016.0;121.0;Armenia;Explained by: Log GDP per capita;
2015.0;121.0;Armenia;Explained by: Log GDP per capita;
2014.0;127.0;Armenia;Explained by: Log GDP per capita;
2012.0;128.0;Armenia;Explained by: Log GDP per capita;
2011.0;122.0;Armenia;Explained by: Log GDP per capita;
2024.0;6.0;Costa Rica;Explained by: Log GDP per capita;1.492
2023.0;10.0;Australia;Explained by: Log GDP per capita;1.854
2022.0;12.0;Australia;Explained by: Log GDP per capita;1.899
2021.0;12.0;Australia;Explained by: Log GDP per capita;1.9
2020.0;12.0;Australia;Explained by: Log GDP per capita;1.453
2019.0;12.0;Australia;Explained by: Log GDP per capita;1.31
2018.0;11.0;Australia;Explained by: Log GDP per capita;
2017.0;10.0;Australia;Explained by: Log GDP per capita;
2016.0;9.0;Australia;Explained by: Log GDP per capita;
2015.0;9.0;Australia;Explained by: Log GDP per capita;
2014.0;10.0;Australia;Explained by: Log GDP per capita;
2012.0;10.0;Australia;Explained by: Log GDP per capita;
2011.0;9.0;Australia;Explained by: Log GDP per capita;
2024.0;7.0;Norway;Explained by: Log GDP per capita;1.902
2023.0;14.0;Austria;Explained by: Log GDP per capita;1.885
2022.0;11.0;Austria;Explained by: Log GDP per capita;1.927
2021.0;11.0;Austria;Explained by: Log GDP per capita;1.931
2020.0;11.0;Austria;Explained by: Log GDP per capita;1.492
2019.0;9.0;Austria;Explained by: Log GDP per capita;1.317
2018.0;10.0;Austria;Explained by: Log GDP per capita;
2017.0;12.0;Austria;Explained by: Log GDP per capita;
2016.0;13.0;Austria;Explained by: Log GDP per capita;
2015.0;12.0;Austria;Explained by: Log GDP per capita;
2014.0;13.0;Austria;Explained by: Log GDP per capita;
2012.0;8.0;Austria;Explained by: Log GDP per capita;
2011.0;13.0;Austria;Explained by: Log GDP per capita;
2024.0;8.0;Israel;Explained by: Log GDP per capita;1.695
2023.0;101.0;Azerbaijan;Explained by: Log GDP per capita;1.433
2021.0;92.0;Azerbaijan;Explained by: Log GDP per capita;1.458
2020.0;91.0;Azerbaijan;Explained by: Log GDP per capita;1.025
2019.0;89.0;Azerbaijan;Explained by: Log GDP per capita;0.99
2018.0;90.0;Azerbaijan;Explained by: Log GDP per capita;
2017.0;87.0;Azerbaijan;Explained by: Log GDP per capita;
2016.0;85.0;Azerbaijan;Explained by: Log GDP per capita;
2015.0;81.0;Azerbaijan;Explained by: Log GDP per capita;
2014.0;80.0;Azerbaijan;Explained by: Log GDP per capita;
2012.0;116.0;Azerbaijan;Explained by: Log GDP per capita;
2011.0;116.0;Azerbaijan;Explained by: Log GDP per capita;
2024.0;9.0;Luxembourg;Explained by: Log GDP per capita;2.028
2023.0;62.0;Bahrain;Explained by: Log GDP per capita;
2022.0;42.0;Bahrain;Explained by: Log GDP per capita;1.883
2021.0;21.0;Bahrain;Explained by: Log GDP per capita;1.854
2020.0;23.0;Bahrain;Explained by: Log GDP per capita;1.409
2019.0;40.0;Bahrain;Explained by: Log GDP per capita;1.297
2018.0;37.0;Bahrain;Explained by: Log GDP per capita;
2017.0;43.0;Bahrain;Explained by: Log GDP per capita;
2016.0;41.0;Bahrain;Explained by: Log GDP per capita;
2015.0;42.0;Bahrain;Explained by: Log GDP per capita;
2014.0;49.0;Bahrain;Explained by: Log GDP per capita;
2012.0;79.0;Bahrain;Explained by: Log GDP per capita;
2011.0;61.0;Bahrain;Explained by: Log GDP per capita;
2024.0;10.0;Mexico;Explained by: Log GDP per capita;1.435
2023.0;129.0;Bangladesh;Explained by: Log GDP per capita;1.122
2022.0;118.0;Bangladesh;Explained by: Log GDP per capita;1.133
2021.0;94.0;Bangladesh;Explained by: Log GDP per capita;1.06
2020.0;102.0;Bangladesh;Explained by: Log GDP per capita;0.635
2019.0;107.0;Bangladesh;Explained by: Log GDP per capita;0.556
2018.0;125.0;Bangladesh;Explained by: Log GDP per capita;
2017.0;115.0;Bangladesh;Explained by: Log GDP per capita;
2016.0;110.0;Bangladesh;Explained by: Log GDP per capita;
2015.0;110.0;Bangladesh;Explained by: Log GDP per capita;
2014.0;109.0;Bangladesh;Explained by: Log GDP per capita;
2012.0;108.0;Bangladesh;Explained by: Log GDP per capita;
2011.0;104.0;Bangladesh;Explained by: Log GDP per capita;
2021.0;65.0;Belarus;Explained by: Log GDP per capita;1.562
2020.0;76.0;Belarus;Explained by: Log GDP per capita;1.124
2019.0;75.0;Belarus;Explained by: Log GDP per capita;1.019
2018.0;81.0;Belarus;Explained by: Log GDP per capita;
2017.0;73.0;Belarus;Explained by: Log GDP per capita;
2016.0;67.0;Belarus;Explained by: Log GDP per capita;
2015.0;61.0;Belarus;Explained by: Log GDP per capita;
2014.0;59.0;Belarus;Explained by: Log GDP per capita;
2012.0;66.0;Belarus;Explained by: Log GDP per capita;
2011.0;62.0;Belarus;Explained by: Log GDP per capita;
2024.0;11.0;Australia;Explained by: Log GDP per capita;1.767
2023.0;16.0;Belgium;Explained by: Log GDP per capita;1.868
2022.0;17.0;Belgium;Explained by: Log GDP per capita;1.907
2021.0;19.0;Belgium;Explained by: Log GDP per capita;1.907
2020.0;21.0;Belgium;Explained by: Log GDP per capita;1.463
2019.0;20.0;Belgium;Explained by: Log GDP per capita;1.296
2018.0;18.0;Belgium;Explained by: Log GDP per capita;
2017.0;16.0;Belgium;Explained by: Log GDP per capita;
2016.0;17.0;Belgium;Explained by: Log GDP per capita;
2015.0;18.0;Belgium;Explained by: Log GDP per capita;
2014.0;19.0;Belgium;Explained by: Log GDP per capita;
2012.0;21.0;Belgium;Explained by: Log GDP per capita;
2011.0;15.0;Belgium;Explained by: Log GDP per capita;
2024.0;12.0;New Zealand;Explained by: Log GDP per capita;1.698
2017.0;49.0;Belize;Explained by: Log GDP per capita;
2016.0;50.0;Belize;Explained by: Log GDP per capita;
2015.0;52.0;Belize;Explained by: Log GDP per capita;
2011.0;34.0;Belize;Explained by: Log GDP per capita;
2024.0;13.0;Switzerland;Explained by: Log GDP per capita;1.87
2023.0;116.0;Benin;Explained by: Log GDP per capita;0.914
2022.0;116.0;Benin;Explained by: Log GDP per capita;0.924
2021.0;115.0;Benin;Explained by: Log GDP per capita;0.932
2020.0;100.0;Benin;Explained by: Log GDP per capita;0.507
2019.0;86.0;Benin;Explained by: Log GDP per capita;0.366
2018.0;102.0;Benin;Explained by: Log GDP per capita;
2017.0;136.0;Benin;Explained by: Log GDP per capita;
2016.0;143.0;Benin;Explained by: Log GDP per capita;
2015.0;153.0;Benin;Explained by: Log GDP per capita;
2014.0;155.0;Benin;Explained by: Log GDP per capita;
2012.0;155.0;Benin;Explained by: Log GDP per capita;
2011.0;155.0;Benin;Explained by: Log GDP per capita;
2018.0;95.0;Bhutan;Explained by: Log GDP per capita;
2017.0;97.0;Bhutan;Explained by: Log GDP per capita;
2016.0;97.0;Bhutan;Explained by: Log GDP per capita;
2015.0;84.0;Bhutan;Explained by: Log GDP per capita;
2014.0;79.0;Bhutan;Explained by: Log GDP per capita;
2024.0;14.0;Belgium;Explained by: Log GDP per capita;1.783
2023.0;73.0;Bolivia;Explained by: Log GDP per capita;1.217
2022.0;69.0;Bolivia;Explained by: Log GDP per capita;1.24
2021.0;71.0;Bolivia;Explained by: Log GDP per capita;1.256
2020.0;70.0;Bolivia;Explained by: Log GDP per capita;0.842
2019.0;65.0;Bolivia;Explained by: Log GDP per capita;0.731
2018.0;61.0;Bolivia;Explained by: Log GDP per capita;
2017.0;62.0;Bolivia;Explained by: Log GDP per capita;
2016.0;58.0;Bolivia;Explained by: Log GDP per capita;
2015.0;59.0;Bolivia;Explained by: Log GDP per capita;
2014.0;51.0;Bolivia;Explained by: Log GDP per capita;
2012.0;50.0;Bolivia;Explained by: Log GDP per capita;
2011.0;57.0;Bolivia;Explained by: Log GDP per capita;
2024.0;15.0;Ireland;Explained by: Log GDP per capita;1.988
2023.0;65.0;Bosnia and Herzegovina;Explained by: Log GDP per capita;1.465
2022.0;71.0;Bosnia and Herzegovina;Explained by: Log GDP per capita;1.467
2021.0;67.0;Bosnia and Herzegovina;Explained by: Log GDP per capita;1.468
2020.0;65.0;Bosnia and Herzegovina;Explained by: Log GDP per capita;1.032
2019.0;69.0;Bosnia and Herzegovina;Explained by: Log GDP per capita;0.918
2018.0;78.0;Bosnia and Herzegovina;Explained by: Log GDP per capita;
2017.0;93.0;Bosnia and Herzegovina;Explained by: Log GDP per capita;
2016.0;90.0;Bosnia and Herzegovina;Explained by: Log GDP per capita;
2015.0;87.0;Bosnia and Herzegovina;Explained by: Log GDP per capita;
2014.0;96.0;Bosnia and Herzegovina;Explained by: Log GDP per capita;
2012.0;107.0;Bosnia and Herzegovina;Explained by: Log GDP per capita;
2011.0;99.0;Bosnia and Herzegovina;Explained by: Log GDP per capita;
2024.0;16.0;Lithuania;Explained by: Log GDP per capita;1.684
2023.0;137.0;Botswana;Explained by: Log GDP per capita;1.445
2022.0;132.0;Botswana;Explained by: Log GDP per capita;1.471
2021.0;142.0;Botswana;Explained by: Log GDP per capita;1.503
2020.0;147.0;Botswana;Explained by: Log GDP per capita;1.099
2019.0;147.0;Botswana;Explained by: Log GDP per capita;0.998
2018.0;148.0;Botswana;Explained by: Log GDP per capita;
2017.0;146.0;Botswana;Explained by: Log GDP per capita;
2016.0;142.0;Botswana;Explained by: Log GDP per capita;
2015.0;137.0;Botswana;Explained by: Log GDP per capita;
2014.0;128.0;Botswana;Explained by: Log GDP per capita;
2012.0;145.0;Botswana;Explained by: Log GDP per capita;
2011.0;117.0;Botswana;Explained by: Log GDP per capita;
2024.0;17.0;Austria;Explained by: Log GDP per capita;1.791
2023.0;44.0;Brazil;Explained by: Log GDP per capita;1.43
2022.0;49.0;Brazil;Explained by: Log GDP per capita;1.454
2021.0;38.0;Brazil;Explained by: Log GDP per capita;1.462
2020.0;36.0;Brazil;Explained by: Log GDP per capita;1.028
2019.0;32.0;Brazil;Explained by: Log GDP per capita;0.953
2018.0;32.0;Brazil;Explained by: Log GDP per capita;
2017.0;28.0;Brazil;Explained by: Log GDP per capita;
2016.0;22.0;Brazil;Explained by: Log GDP per capita;
2015.0;17.0;Brazil;Explained by: Log GDP per capita;
2014.0;16.0;Brazil;Explained by: Log GDP per capita;
2012.0;24.0;Brazil;Explained by: Log GDP per capita;
2011.0;25.0;Brazil;Explained by: Log GDP per capita;
2024.0;18.0;Canada;Explained by: Log GDP per capita;1.749
2023.0;81.0;Bulgaria;Explained by: Log GDP per capita;1.629
2022.0;77.0;Bulgaria;Explained by: Log GDP per capita;1.635
2021.0;85.0;Bulgaria;Explained by: Log GDP per capita;1.625
2020.0;89.0;Bulgaria;Explained by: Log GDP per capita;1.181
2019.0;96.0;Bulgaria;Explained by: Log GDP per capita;1.047
2018.0;97.0;Bulgaria;Explained by: Log GDP per capita;
2017.0;100.0;Bulgaria;Explained by: Log GDP per capita;
2016.0;105.0;Bulgaria;Explained by: Log GDP per capita;
2015.0;129.0;Bulgaria;Explained by: Log GDP per capita;
2014.0;134.0;Bulgaria;Explained by: Log GDP per capita;
2012.0;144.0;Bulgaria;Explained by: Log GDP per capita;
2011.0;147.0;Bulgaria;Explained by: Log GDP per capita;
2024.0;19.0;Slovenia;Explained by: Log GDP per capita;1.692
2023.0;110.0;Burkina Faso;Explained by: Log GDP per capita;0.756
2022.0;104.0;Burkina Faso;Explained by: Log GDP per capita;0.768
2021.0;113.0;Burkina Faso;Explained by: Log GDP per capita;0.779
2020.0;114.0;Burkina Faso;Explained by: Log GDP per capita;0.364
2019.0;112.0;Burkina Faso;Explained by: Log GDP per capita;0.302
2018.0;115.0;Burkina Faso;Explained by: Log GDP per capita;
2017.0;121.0;Burkina Faso;Explained by: Log GDP per capita;
2016.0;134.0;Burkina Faso;Explained by: Log GDP per capita;
2015.0;145.0;Burkina Faso;Explained by: Log GDP per capita;
2014.0;152.0;Burkina Faso;Explained by: Log GDP per capita;
2012.0;131.0;Burkina Faso;Explained by: Log GDP per capita;
2011.0;144.0;Burkina Faso;Explained by: Log GDP per capita;
2020.0;141.0;Burundi;Explained by: Log GDP per capita;0.0
2019.0;140.0;Burundi;Explained by: Log GDP per capita;0.0
2018.0;145.0;Burundi;Explained by: Log GDP per capita;
2017.0;156.0;Burundi;Explained by: Log GDP per capita;
2016.0;154.0;Burundi;Explained by: Log GDP per capita;
2015.0;157.0;Burundi;Explained by: Log GDP per capita;
2014.0;157.0;Burundi;Explained by: Log GDP per capita;
2012.0;153.0;Burundi;Explained by: Log GDP per capita;
2011.0;152.0;Burundi;Explained by: Log GDP per capita;
2024.0;20.0;Czechia;Explained by: Log GDP per capita;1.692
2023.0;119.0;Cambodia;Explained by: Log GDP per capita;1.011
2022.0;115.0;Cambodia;Explained by: Log GDP per capita;1.025
2021.0;114.0;Cambodia;Explained by: Log GDP per capita;1.019
2020.0;115.0;Cambodia;Explained by: Log GDP per capita;0.603
2019.0;106.0;Cambodia;Explained by: Log GDP per capita;0.545
2018.0;109.0;Cambodia;Explained by: Log GDP per capita;
2017.0;120.0;Cambodia;Explained by: Log GDP per capita;
2016.0;129.0;Cambodia;Explained by: Log GDP per capita;
2015.0;140.0;Cambodia;Explained by: Log GDP per capita;
2014.0;145.0;Cambodia;Explained by: Log GDP per capita;
2012.0;140.0;Cambodia;Explained by: Log GDP per capita;
2011.0;138.0;Cambodia;Explained by: Log GDP per capita;
2024.0;21.0;United Arab Emirates;Explained by: Log GDP per capita;1.812
2023.0;104.0;Cameroon;Explained by: Log GDP per capita;0.943
2022.0;96.0;Cameroon;Explained by: Log GDP per capita;0.965
2021.0;102.0;Cameroon;Explained by: Log GDP per capita;0.968
2020.0;92.0;Cameroon;Explained by: Log GDP per capita;0.543
2019.0;98.0;Cameroon;Explained by: Log GDP per capita;0.504
2018.0;96.0;Cameroon;Explained by: Log GDP per capita;
2017.0;99.0;Cameroon;Explained by: Log GDP per capita;
2016.0;107.0;Cameroon;Explained by: Log GDP per capita;
2015.0;114.0;Cameroon;Explained by: Log GDP per capita;
2014.0;133.0;Cameroon;Explained by: Log GDP per capita;
2012.0;122.0;Cameroon;Explained by: Log GDP per capita;
2011.0;126.0;Cameroon;Explained by: Log GDP per capita;
2024.0;22.0;Germany;Explained by: Log GDP per capita;1.785
2023.0;15.0;Canada;Explained by: Log GDP per capita;1.84
2022.0;13.0;Canada;Explained by: Log GDP per capita;1.881
2021.0;15.0;Canada;Explained by: Log GDP per capita;1.886
2020.0;15.0;Canada;Explained by: Log GDP per capita;1.447
2019.0;11.0;Canada;Explained by: Log GDP per capita;1.302
2018.0;9.0;Canada;Explained by: Log GDP per capita;
2017.0;7.0;Canada;Explained by: Log GDP per capita;
2016.0;7.0;Canada;Explained by: Log GDP per capita;
2015.0;6.0;Canada;Explained by: Log GDP per capita;
2014.0;5.0;Canada;Explained by: Log GDP per capita;
2012.0;6.0;Canada;Explained by: Log GDP per capita;
2011.0;5.0;Canada;Explained by: Log GDP per capita;
2019.0;149.0;Central African Republic;Explained by: Log GDP per capita;0.041
2018.0;155.0;Central African Republic;Explained by: Log GDP per capita;
2017.0;155.0;Central African Republic;Explained by: Log GDP per capita;
2016.0;155.0;Central African Republic;Explained by: Log GDP per capita;
2014.0;148.0;Central African Republic;Explained by: Log GDP per capita;
2012.0;154.0;Central African Republic;Explained by: Log GDP per capita;
2011.0;154.0;Central African Republic;Explained by: Log GDP per capita;
2024.0;23.0;United Kingdom;Explained by: Log GDP per capita;1.725
2023.0;113.0;Chad;Explained by: Log GDP per capita;0.603
2022.0;114.0;Chad;Explained by: Log GDP per capita;0.622
2021.0;130.0;Chad;Explained by: Log GDP per capita;0.662
2020.0;129.0;Chad;Explained by: Log GDP per capita;0.255
2019.0;127.0;Chad;Explained by: Log GDP per capita;0.302
2018.0;132.0;Chad;Explained by: Log GDP per capita;
2017.0;131.0;Chad;Explained by: Log GDP per capita;
2016.0;137.0;Chad;Explained by: Log GDP per capita;
2015.0;144.0;Chad;Explained by: Log GDP per capita;
2014.0;149.0;Chad;Explained by: Log GDP per capita;
2012.0;141.0;Chad;Explained by: Log GDP per capita;
2011.0;145.0;Chad;Explained by: Log GDP per capita;
2024.0;24.0;United States;Explained by: Log GDP per capita;1.839
2023.0;38.0;Chile;Explained by: Log GDP per capita;1.616
2022.0;35.0;Chile;Explained by: Log GDP per capita;1.645
2021.0;44.0;Chile;Explained by: Log GDP per capita;1.651
2020.0;44.0;Chile;Explained by: Log GDP per capita;1.2
2019.0;39.0;Chile;Explained by: Log GDP per capita;1.097
2018.0;26.0;Chile;Explained by: Log GDP per capita;
2017.0;25.0;Chile;Explained by: Log GDP per capita;
2016.0;20.0;Chile;Explained by: Log GDP per capita;
2015.0;24.0;Chile;Explained by: Log GDP per capita;
2014.0;27.0;Chile;Explained by: Log GDP per capita;
2012.0;28.0;Chile;Explained by: Log GDP per capita;
2011.0;43.0;Chile;Explained by: Log GDP per capita;
2024.0;25.0;Belize;Explained by: Log GDP per capita;1.256
2023.0;60.0;China;Explained by: Log GDP per capita;1.497
2022.0;64.0;China;Explained by: Log GDP per capita;1.51
2021.0;72.0;China;Explained by: Log GDP per capita;1.508
2020.0;85.0;China;Explained by: Log GDP per capita;1.061
2019.0;94.0;China;Explained by: Log GDP per capita;0.991
2018.0;93.0;China;Explained by: Log GDP per capita;
2017.0;86.0;China;Explained by: Log GDP per capita;
2016.0;79.0;China;Explained by: Log GDP per capita;
2015.0;83.0;China;Explained by: Log GDP per capita;
2014.0;84.0;China;Explained by: Log GDP per capita;
2012.0;93.0;China;Explained by: Log GDP per capita;
2011.0;112.0;China;Explained by: Log GDP per capita;
2024.0;26.0;Poland;Explained by: Log GDP per capita;1.666
2023.0;78.0;Colombia;Explained by: Log GDP per capita;1.437
2022.0;72.0;Colombia;Explained by: Log GDP per capita;1.455
2021.0;66.0;Colombia;Explained by: Log GDP per capita;1.452
2020.0;53.0;Colombia;Explained by: Log GDP per capita;1.021
2019.0;44.0;Colombia;Explained by: Log GDP per capita;0.932
2018.0;43.0;Colombia;Explained by: Log GDP per capita;
2017.0;37.0;Colombia;Explained by: Log GDP per capita;
2016.0;36.0;Colombia;Explained by: Log GDP per capita;
2015.0;31.0;Colombia;Explained by: Log GDP per capita;
2014.0;33.0;Colombia;Explained by: Log GDP per capita;
2012.0;35.0;Colombia;Explained by: Log GDP per capita;
2011.0;41.0;Colombia;Explained by: Log GDP per capita;
2024.0;27.0;Taiwan Province of China;Explained by: Log GDP per capita;1.73
2023.0;132.0;Comoros;Explained by: Log GDP per capita;0.896
2022.0;130.0;Comoros;Explained by: Log GDP per capita;0.914
2021.0;116.0;Comoros;Explained by: Log GDP per capita;0.899
2020.0;132.0;Comoros;Explained by: Log GDP per capita;0.488
2019.0;134.0;Comoros;Explained by: Log GDP per capita;0.416
2018.0;142.0;Comoros;Explained by: Log GDP per capita;
2015.0;138.0;Comoros;Explained by: Log GDP per capita;
2014.0;140.0;Comoros;Explained by: Log GDP per capita;
2012.0;149.0;Comoros;Explained by: Log GDP per capita;
2011.0;151.0;Comoros;Explained by: Log GDP per capita;
2024.0;28.0;Uruguay;Explained by: Log GDP per capita;1.554
2023.0;89.0;Congo;Explained by: Log GDP per capita;0.892
2022.0;86.0;Congo;Explained by: Log GDP per capita;0.921
2021.0;99.0;Congo;Explained by: Log GDP per capita;0.95
2020.0;84.0;Congo;Explained by: Log GDP per capita;0.518
2019.0;88.0;Congo;Explained by: Log GDP per capita;0.634
2018.0;103.0;Congo;Explained by: Log GDP per capita;
2017.0;114.0;Congo;Explained by: Log GDP per capita;
2016.0;124.0;Congo;Explained by: Log GDP per capita;
2015.0;127.0;Congo;Explained by: Log GDP per capita;
2014.0;139.0;Congo;Explained by: Log GDP per capita;
2012.0;129.0;Congo;Explained by: Log GDP per capita;
2011.0;148.0;Congo;Explained by: Log GDP per capita;
2024.0;29.0;Kosovo;Explained by: Log GDP per capita;1.281
2023.0;12.0;Costa Rica;Explained by: Log GDP per capita;1.561
2022.0;23.0;Costa Rica;Explained by: Log GDP per capita;1.587
2021.0;23.0;Costa Rica;Explained by: Log GDP per capita;1.584
2020.0;17.0;Costa Rica;Explained by: Log GDP per capita;1.134
2019.0;15.0;Costa Rica;Explained by: Log GDP per capita;0.981
2018.0;12.0;Costa Rica;Explained by: Log GDP per capita;
2017.0;13.0;Costa Rica;Explained by: Log GDP per capita;
2016.0;12.0;Costa Rica;Explained by: Log GDP per capita;
2015.0;14.0;Costa Rica;Explained by: Log GDP per capita;
2014.0;12.0;Costa Rica;Explained by: Log GDP per capita;
2012.0;12.0;Costa Rica;Explained by: Log GDP per capita;
2011.0;12.0;Costa Rica;Explained by: Log GDP per capita;
2024.0;30.0;Kuwait;Explained by: Log GDP per capita;1.691
2023.0;96.0;Côte d’Ivoire;Explained by: Log GDP per capita;1.08
2022.0;93.0;Côte d’Ivoire;Explained by: Log GDP per capita;1.094
2021.0;88.0;Côte d’Ivoire;Explained by: Log GDP per capita;1.094
2020.0;86.0;Côte d’Ivoire;Explained by: Log GDP per capita;0.669
2019.0;85.0;Côte d’Ivoire;Explained by: Log GDP per capita;0.537
2018.0;99.0;Côte d’Ivoire;Explained by: Log GDP per capita;
2017.0;107.0;Côte d’Ivoire;Explained by: Log GDP per capita;
2016.0;128.0;Côte d’Ivoire;Explained by: Log GDP per capita;
2015.0;139.0;Côte d’Ivoire;Explained by: Log GDP per capita;
2014.0;151.0;Côte d’Ivoire;Explained by: Log GDP per capita;
2011.0;133.0;Côte d’Ivoire;Explained by: Log GDP per capita;
2024.0;31.0;Serbia;Explained by: Log GDP per capita;1.489
2023.0;63.0;Croatia;Explained by: Log GDP per capita;1.71
2022.0;48.0;Croatia;Explained by: Log GDP per capita;1.727
2021.0;47.0;Croatia;Explained by: Log GDP per capita;1.705
2020.0;61.0;Croatia;Explained by: Log GDP per capita;1.251
2019.0;79.0;Croatia;Explained by: Log GDP per capita;1.109
2018.0;75.0;Croatia;Explained by: Log GDP per capita;
2017.0;82.0;Croatia;Explained by: Log GDP per capita;
2016.0;77.0;Croatia;Explained by: Log GDP per capita;
2015.0;74.0;Croatia;Explained by: Log GDP per capita;
2014.0;62.0;Croatia;Explained by: Log GDP per capita;
2012.0;58.0;Croatia;Explained by: Log GDP per capita;
2011.0;58.0;Croatia;Explained by: Log GDP per capita;
2011.0;69.0;Cuba;Explained by: Log GDP per capita;
2024.0;32.0;Saudi Arabia;Explained by: Log GDP per capita;1.743
2023.0;50.0;Cyprus;Explained by: Log GDP per capita;1.794
2022.0;46.0;Cyprus;Explained by: Log GDP per capita;1.824
2021.0;41.0;Cyprus;Explained by: Log GDP per capita;1.815
2020.0;40.0;Cyprus;Explained by: Log GDP per capita;1.377
2019.0;45.0;Cyprus;Explained by: Log GDP per capita;1.213
2018.0;49.0;Cyprus;Explained by: Log GDP per capita;
2017.0;61.0;Cyprus;Explained by: Log GDP per capita;
2016.0;65.0;Cyprus;Explained by: Log GDP per capita;
2015.0;69.0;Cyprus;Explained by: Log GDP per capita;
2014.0;67.0;Cyprus;Explained by: Log GDP per capita;
2012.0;34.0;Cyprus;Explained by: Log GDP per capita;
2011.0;35.0;Cyprus;Explained by: Log GDP per capita;
2024.0;33.0;France;Explained by: Log GDP per capita;1.733
2023.0;18.0;Czechia;Explained by: Log GDP per capita;1.783
2022.0;18.0;Czechia;Explained by: Log GDP per capita;1.823
2021.0;18.0;Czechia;Explained by: Log GDP per capita;1.815
2020.0;19.0;Czechia;Explained by: Log GDP per capita;1.37
2019.0;19.0;Czechia;Explained by: Log GDP per capita;1.212
2018.0;20.0;Czechia;Explained by: Log GDP per capita;
2017.0;21.0;Czechia;Explained by: Log GDP per capita;
2016.0;23.0;Czechia;Explained by: Log GDP per capita;
2015.0;27.0;Czechia;Explained by: Log GDP per capita;
2014.0;31.0;Czechia;Explained by: Log GDP per capita;
2012.0;39.0;Czechia;Explained by: Log GDP per capita;
2011.0;36.0;Czechia;Explained by: Log GDP per capita;
2024.0;34.0;Singapore;Explained by: Log GDP per capita;2.022
2023.0;2.0;Denmark;Explained by: Log GDP per capita;1.908
2022.0;2.0;Denmark;Explained by: Log GDP per capita;1.949
2021.0;2.0;Denmark;Explained by: Log GDP per capita;1.953
2020.0;3.0;Denmark;Explained by: Log GDP per capita;1.502
2019.0;2.0;Denmark;Explained by: Log GDP per capita;1.327
2018.0;2.0;Denmark;Explained by: Log GDP per capita;
2017.0;3.0;Denmark;Explained by: Log GDP per capita;
2016.0;2.0;Denmark;Explained by: Log GDP per capita;
2015.0;1.0;Denmark;Explained by: Log GDP per capita;
2014.0;3.0;Denmark;Explained by: Log GDP per capita;
2012.0;1.0;Denmark;Explained by: Log GDP per capita;
2011.0;1.0;Denmark;Explained by: Log GDP per capita;
2014.0;126.0;Djibouti;Explained by: Log GDP per capita;
2012.0;114.0;Djibouti;Explained by: Log GDP per capita;
2011.0;95.0;Djibouti;Explained by: Log GDP per capita;
2024.0;35.0;Romania;Explained by: Log GDP per capita;1.636
2023.0;69.0;Dominican Republic;Explained by: Log GDP per capita;1.517
2022.0;73.0;Dominican Republic;Explained by: Log GDP per capita;1.536
2021.0;69.0;Dominican Republic;Explained by: Log GDP per capita;1.538
2020.0;74.0;Dominican Republic;Explained by: Log GDP per capita;1.106
2019.0;68.0;Dominican Republic;Explained by: Log GDP per capita;0.983
2018.0;77.0;Dominican Republic;Explained by: Log GDP per capita;
2017.0;83.0;Dominican Republic;Explained by: Log GDP per capita;
2016.0;86.0;Dominican Republic;Explained by: Log GDP per capita;
2015.0;89.0;Dominican Republic;Explained by: Log GDP per capita;
2014.0;98.0;Dominican Republic;Explained by: Log GDP per capita;
2012.0;95.0;Dominican Republic;Explained by: Log GDP per capita;
2011.0;93.0;Dominican Republic;Explained by: Log GDP per capita;
2024.0;36.0;Brazil;Explained by: Log GDP per capita;1.391
2023.0;139.0;DR Congo;Explained by: Log GDP per capita;0.534
2022.0;133.0;DR Congo;Explained by: Log GDP per capita;0.531
2019.0;131.0;DR Congo;Explained by: Log GDP per capita;0.062
2018.0;127.0;DR Congo;Explained by: Log GDP per capita;
2017.0;132.0;DR Congo;Explained by: Log GDP per capita;
2016.0;126.0;DR Congo;Explained by: Log GDP per capita;
2015.0;125.0;DR Congo;Explained by: Log GDP per capita;
2014.0;120.0;DR Congo;Explained by: Log GDP per capita;
2012.0;117.0;DR Congo;Explained by: Log GDP per capita;
2011.0;141.0;DR Congo;Explained by: Log GDP per capita;
2024.0;37.0;El Salvador;Explained by: Log GDP per capita;1.222
2023.0;74.0;Ecuador;Explained by: Log GDP per capita;1.315
2022.0;74.0;Ecuador;Explained by: Log GDP per capita;1.343
2021.0;76.0;Ecuador;Explained by: Log GDP per capita;1.352
2020.0;67.0;Ecuador;Explained by: Log GDP per capita;0.935
2019.0;58.0;Ecuador;Explained by: Log GDP per capita;0.853
2018.0;50.0;Ecuador;Explained by: Log GDP per capita;
2017.0;48.0;Ecuador;Explained by: Log GDP per capita;
2016.0;44.0;Ecuador;Explained by: Log GDP per capita;
2015.0;51.0;Ecuador;Explained by: Log GDP per capita;
2014.0;48.0;Ecuador;Explained by: Log GDP per capita;
2012.0;49.0;Ecuador;Explained by: Log GDP per capita;
2011.0;66.0;Ecuador;Explained by: Log GDP per capita;
2024.0;38.0;Spain;Explained by: Log GDP per capita;1.69
2023.0;127.0;Egypt;Explained by: Log GDP per capita;1.37
2022.0;121.0;Egypt;Explained by: Log GDP per capita;1.377
2021.0;129.0;Egypt;Explained by: Log GDP per capita;1.388
2020.0;133.0;Egypt;Explained by: Log GDP per capita;0.954
2019.0;138.0;Egypt;Explained by: Log GDP per capita;0.875
2018.0;137.0;Egypt;Explained by: Log GDP per capita;
2017.0;122.0;Egypt;Explained by: Log GDP per capita;
2016.0;104.0;Egypt;Explained by: Log GDP per capita;
2015.0;120.0;Egypt;Explained by: Log GDP per capita;
2014.0;135.0;Egypt;Explained by: Log GDP per capita;
2012.0;130.0;Egypt;Explained by: Log GDP per capita;
2011.0;101.0;Egypt;Explained by: Log GDP per capita;
2024.0;39.0;Estonia;Explained by: Log GDP per capita;1.65
2023.0;33.0;El Salvador;Explained by: Log GDP per capita;1.265
2022.0;50.0;El Salvador;Explained by: Log GDP per capita;1.278
2021.0;49.0;El Salvador;Explained by: Log GDP per capita;1.265
2020.0;50.0;El Salvador;Explained by: Log GDP per capita;0.845
2019.0;34.0;El Salvador;Explained by: Log GDP per capita;0.749
2018.0;35.0;El Salvador;Explained by: Log GDP per capita;
2017.0;40.0;El Salvador;Explained by: Log GDP per capita;
2016.0;45.0;El Salvador;Explained by: Log GDP per capita;
2015.0;46.0;El Salvador;Explained by: Log GDP per capita;
2014.0;42.0;El Salvador;Explained by: Log GDP per capita;
2012.0;52.0;El Salvador;Explained by: Log GDP per capita;
2011.0;48.0;El Salvador;Explained by: Log GDP per capita;
2024.0;40.0;Italy;Explained by: Log GDP per capita;1.724
2023.0;34.0;Estonia;Explained by: Log GDP per capita;1.752
2022.0;31.0;Estonia;Explained by: Log GDP per capita;1.798
2021.0;36.0;Estonia;Explained by: Log GDP per capita;1.793
2020.0;41.0;Estonia;Explained by: Log GDP per capita;1.344
2019.0;51.0;Estonia;Explained by: Log GDP per capita;1.192
2018.0;55.0;Estonia;Explained by: Log GDP per capita;
2017.0;63.0;Estonia;Explained by: Log GDP per capita;
2016.0;66.0;Estonia;Explained by: Log GDP per capita;
2015.0;72.0;Estonia;Explained by: Log GDP per capita;
2014.0;73.0;Estonia;Explained by: Log GDP per capita;
2012.0;72.0;Estonia;Explained by: Log GDP per capita;
2011.0;72.0;Estonia;Explained by: Log GDP per capita;
2024.0;41.0;Panama;Explained by: Log GDP per capita;1.594
2023.0;135.0;Eswatini;Explained by: Log GDP per capita;1.255
2021.0;125.0;Eswatini;Explained by: Log GDP per capita;1.274
2024.0;42.0;Argentina;Explained by: Log GDP per capita;1.504
2023.0;130.0;Ethiopia;Explained by: Log GDP per capita;0.792
2022.0;124.0;Ethiopia;Explained by: Log GDP per capita;0.793
2021.0;131.0;Ethiopia;Explained by: Log GDP per capita;0.788
2020.0;134.0;Ethiopia;Explained by: Log GDP per capita;0.37
2019.0;136.0;Ethiopia;Explained by: Log GDP per capita;0.315
2018.0;134.0;Ethiopia;Explained by: Log GDP per capita;
2017.0;127.0;Ethiopia;Explained by: Log GDP per capita;
2016.0;119.0;Ethiopia;Explained by: Log GDP per capita;
2015.0;115.0;Ethiopia;Explained by: Log GDP per capita;
2014.0;122.0;Ethiopia;Explained by: Log GDP per capita;
2012.0;119.0;Ethiopia;Explained by: Log GDP per capita;
2011.0;139.0;Ethiopia;Explained by: Log GDP per capita;
2024.0;43.0;Kazakhstan;Explained by: Log GDP per capita;1.586
2023.0;1.0;Finland;Explained by: Log GDP per capita;1.844
2022.0;1.0;Finland;Explained by: Log GDP per capita;1.888
2021.0;1.0;Finland;Explained by: Log GDP per capita;1.892
2020.0;2.0;Finland;Explained by: Log GDP per capita;1.446
2019.0;1.0;Finland;Explained by: Log GDP per capita;1.285
2018.0;1.0;Finland;Explained by: Log GDP per capita;
2017.0;1.0;Finland;Explained by: Log GDP per capita;
2016.0;5.0;Finland;Explained by: Log GDP per capita;
2015.0;5.0;Finland;Explained by: Log GDP per capita;
2014.0;6.0;Finland;Explained by: Log GDP per capita;
2012.0;7.0;Finland;Explained by: Log GDP per capita;
2011.0;2.0;Finland;Explained by: Log GDP per capita;
2024.0;44.0;Guatemala;Explained by: Log GDP per capita;1.249
2023.0;27.0;France;Explained by: Log GDP per capita;1.818
2022.0;21.0;France;Explained by: Log GDP per capita;1.856
2021.0;20.0;France;Explained by: Log GDP per capita;1.863
2020.0;22.0;France;Explained by: Log GDP per capita;1.421
2019.0;23.0;France;Explained by: Log GDP per capita;1.268
2018.0;24.0;France;Explained by: Log GDP per capita;
2017.0;23.0;France;Explained by: Log GDP per capita;
2016.0;31.0;France;Explained by: Log GDP per capita;
2015.0;32.0;France;Explained by: Log GDP per capita;
2014.0;29.0;France;Explained by: Log GDP per capita;
2012.0;25.0;France;Explained by: Log GDP per capita;
2011.0;23.0;France;Explained by: Log GDP per capita;
2024.0;45.0;Chile;Explained by: Log GDP per capita;1.537
2023.0;95.0;Gabon;Explained by: Log GDP per capita;1.403
2022.0;94.0;Gabon;Explained by: Log GDP per capita;1.438
2021.0;106.0;Gabon;Explained by: Log GDP per capita;1.459
2020.0;113.0;Gabon;Explained by: Log GDP per capita;1.037
2019.0;108.0;Gabon;Explained by: Log GDP per capita;0.988
2018.0;104.0;Gabon;Explained by: Log GDP per capita;
2017.0;103.0;Gabon;Explained by: Log GDP per capita;
2016.0;118.0;Gabon;Explained by: Log GDP per capita;
2015.0;134.0;Gabon;Explained by: Log GDP per capita;
2014.0;143.0;Gabon;Explained by: Log GDP per capita;
2012.0;138.0;Gabon;Explained by: Log GDP per capita;
2024.0;46.0;Viet Nam;Explained by: Log GDP per capita;1.278
2023.0;112.0;Gambia;Explained by: Log GDP per capita;0.75
2022.0;119.0;Gambia;Explained by: Log GDP per capita;0.761
2021.0;93.0;Gambia;Explained by: Log GDP per capita;0.785
2020.0;99.0;Gambia;Explained by: Log GDP per capita;0.367
2019.0;113.0;Gambia;Explained by: Log GDP per capita;0.257
2018.0;120.0;Gambia;Explained by: Log GDP per capita;
2024.0;47.0;Nicaragua;Explained by: Log GDP per capita;1.084
2023.0;91.0;Georgia;Explained by: Log GDP per capita;1.467
2022.0;90.0;Georgia;Explained by: Log GDP per capita;1.477
2021.0;105.0;Georgia;Explained by: Log GDP per capita;1.467
2020.0;109.0;Georgia;Explained by: Log GDP per capita;1.03
2019.0;117.0;Georgia;Explained by: Log GDP per capita;0.847
2018.0;119.0;Georgia;Explained by: Log GDP per capita;
2017.0;128.0;Georgia;Explained by: Log GDP per capita;
2016.0;125.0;Georgia;Explained by: Log GDP per capita;
2015.0;126.0;Georgia;Explained by: Log GDP per capita;
2014.0;130.0;Georgia;Explained by: Log GDP per capita;
2012.0;134.0;Georgia;Explained by: Log GDP per capita;
2011.0;146.0;Georgia;Explained by: Log GDP per capita;
2024.0;48.0;Malta;Explained by: Log GDP per capita;1.76
2023.0;24.0;Germany;Explained by: Log GDP per capita;1.871
2022.0;16.0;Germany;Explained by: Log GDP per capita;1.919
2021.0;14.0;Germany;Explained by: Log GDP per capita;1.924
2020.0;14.0;Germany;Explained by: Log GDP per capita;1.48
2019.0;17.0;Germany;Explained by: Log GDP per capita;1.314
2018.0;17.0;Germany;Explained by: Log GDP per capita;
2017.0;15.0;Germany;Explained by: Log GDP per capita;
2016.0;16.0;Germany;Explained by: Log GDP per capita;
2015.0;16.0;Germany;Explained by: Log GDP per capita;
2014.0;26.0;Germany;Explained by: Log GDP per capita;
2012.0;26.0;Germany;Explained by: Log GDP per capita;
2011.0;30.0;Germany;Explained by: Log GDP per capita;
2024.0;49.0;Thailand;Explained by: Log GDP per capita;1.426
2023.0;120.0;Ghana;Explained by: Log GDP per capita;1.077
2022.0;107.0;Ghana;Explained by: Log GDP per capita;1.101
2021.0;111.0;Ghana;Explained by: Log GDP per capita;1.112
2020.0;96.0;Ghana;Explained by: Log GDP per capita;0.68
2019.0;91.0;Ghana;Explained by: Log GDP per capita;0.576
2018.0;98.0;Ghana;Explained by: Log GDP per capita;
2017.0;108.0;Ghana;Explained by: Log GDP per capita;
2016.0;131.0;Ghana;Explained by: Log GDP per capita;
2015.0;124.0;Ghana;Explained by: Log GDP per capita;
2014.0;114.0;Ghana;Explained by: Log GDP per capita;
2012.0;86.0;Ghana;Explained by: Log GDP per capita;
2011.0;108.0;Ghana;Explained by: Log GDP per capita;
2024.0;50.0;Slovakia;Explained by: Log GDP per capita;1.629
2023.0;64.0;Greece;Explained by: Log GDP per capita;1.684
2022.0;58.0;Greece;Explained by: Log GDP per capita;1.708
2021.0;58.0;Greece;Explained by: Log GDP per capita;1.703
2020.0;69.0;Greece;Explained by: Log GDP per capita;1.273
2019.0;77.0;Greece;Explained by: Log GDP per capita;1.128
2018.0;82.0;Greece;Explained by: Log GDP per capita;
2017.0;79.0;Greece;Explained by: Log GDP per capita;
2016.0;87.0;Greece;Explained by: Log GDP per capita;
2015.0;99.0;Greece;Explained by: Log GDP per capita;
2014.0;102.0;Greece;Explained by: Log GDP per capita;
2012.0;70.0;Greece;Explained by: Log GDP per capita;
2011.0;42.0;Greece;Explained by: Log GDP per capita;
2024.0;51.0;Latvia;Explained by: Log GDP per capita;1.619
2023.0;42.0;Guatemala;Explained by: Log GDP per capita;1.26
2022.0;43.0;Guatemala;Explained by: Log GDP per capita;1.287
2021.0;39.0;Guatemala;Explained by: Log GDP per capita;1.274
2020.0;31.0;Guatemala;Explained by: Log GDP per capita;0.845
2019.0;29.0;Guatemala;Explained by: Log GDP per capita;0.754
2018.0;27.0;Guatemala;Explained by: Log GDP per capita;
2017.0;30.0;Guatemala;Explained by: Log GDP per capita;
2016.0;29.0;Guatemala;Explained by: Log GDP per capita;
2015.0;39.0;Guatemala;Explained by: Log GDP per capita;
2014.0;43.0;Guatemala;Explained by: Log GDP per capita;
2012.0;47.0;Guatemala;Explained by: Log GDP per capita;
2011.0;37.0;Guatemala;Explained by: Log GDP per capita;
2024.0;52.0;Oman;Explained by: Log GDP per capita;1.603
2023.0;97.0;Guinea;Explained by: Log GDP per capita;0.831
2022.0;91.0;Guinea;Explained by: Log GDP per capita;0.844
2021.0;109.0;Guinea;Explained by: Log GDP per capita;0.848
2020.0;103.0;Guinea;Explained by: Log GDP per capita;0.42
2019.0;102.0;Guinea;Explained by: Log GDP per capita;0.39
2018.0;118.0;Guinea;Explained by: Log GDP per capita;
2017.0;140.0;Guinea;Explained by: Log GDP per capita;
2016.0;149.0;Guinea;Explained by: Log GDP per capita;
2015.0;151.0;Guinea;Explained by: Log GDP per capita;
2014.0;150.0;Guinea;Explained by: Log GDP per capita;
2012.0;150.0;Guinea;Explained by: Log GDP per capita;
2011.0;136.0;Guinea;Explained by: Log GDP per capita;
2011.0;45.0;Guyana;Explained by: Log GDP per capita;
2020.0;144.0;Haiti;Explained by: Log GDP per capita;0.294
2019.0;142.0;Haiti;Explained by: Log GDP per capita;0.285
2018.0;147.0;Haiti;Explained by: Log GDP per capita;
2017.0;148.0;Haiti;Explained by: Log GDP per capita;
2016.0;145.0;Haiti;Explained by: Log GDP per capita;
2015.0;136.0;Haiti;Explained by: Log GDP per capita;
2014.0;119.0;Haiti;Explained by: Log GDP per capita;
2012.0;126.0;Haiti;Explained by: Log GDP per capita;
2011.0;150.0;Haiti;Explained by: Log GDP per capita;
2024.0;53.0;Uzbekistan;Explained by: Log GDP per capita;1.179
2023.0;61.0;Honduras;Explained by: Log GDP per capita;1.091
2022.0;53.0;Honduras;Explained by: Log GDP per capita;1.115
2021.0;55.0;Honduras;Explained by: Log GDP per capita;1.111
2020.0;60.0;Honduras;Explained by: Log GDP per capita;0.703
2019.0;56.0;Honduras;Explained by: Log GDP per capita;0.599
2018.0;59.0;Honduras;Explained by: Log GDP per capita;
2017.0;72.0;Honduras;Explained by: Log GDP per capita;
2016.0;91.0;Honduras;Explained by: Log GDP per capita;
2015.0;104.0;Honduras;Explained by: Log GDP per capita;
2014.0;105.0;Honduras;Explained by: Log GDP per capita;
2012.0;84.0;Honduras;Explained by: Log GDP per capita;
2011.0;63.0;Honduras;Explained by: Log GDP per capita;
2024.0;54.0;Paraguay;Explained by: Log GDP per capita;1.329
2023.0;86.0;Hong Kong SAR of China;Explained by: Log GDP per capita;1.909
2022.0;82.0;Hong Kong SAR of China;Explained by: Log GDP per capita;1.951
2021.0;81.0;Hong Kong SAR of China;Explained by: Log GDP per capita;1.957
2020.0;78.0;Hong Kong SAR of China;Explained by: Log GDP per capita;1.525
2019.0;78.0;Hong Kong SAR of China;Explained by: Log GDP per capita;1.377
2018.0;76.0;Hong Kong SAR of China;Explained by: Log GDP per capita;
2017.0;76.0;Hong Kong SAR of China;Explained by: Log GDP per capita;
2016.0;71.0;Hong Kong SAR of China;Explained by: Log GDP per capita;
2015.0;75.0;Hong Kong SAR of China;Explained by: Log GDP per capita;
2014.0;72.0;Hong Kong SAR of China;Explained by: Log GDP per capita;
2012.0;64.0;Hong Kong SAR of China;Explained by: Log GDP per capita;
2011.0;67.0;Hong Kong SAR of China;Explained by: Log GDP per capita;
2024.0;55.0;Japan;Explained by: Log GDP per capita;1.678
2023.0;56.0;Hungary;Explained by: Log GDP per capita;1.722
2022.0;51.0;Hungary;Explained by: Log GDP per capita;1.754
2021.0;51.0;Hungary;Explained by: Log GDP per capita;1.748
2020.0;54.0;Hungary;Explained by: Log GDP per capita;1.301
2019.0;53.0;Hungary;Explained by: Log GDP per capita;1.164
2018.0;62.0;Hungary;Explained by: Log GDP per capita;
2017.0;69.0;Hungary;Explained by: Log GDP per capita;
2016.0;75.0;Hungary;Explained by: Log GDP per capita;
2015.0;91.0;Hungary;Explained by: Log GDP per capita;
2014.0;104.0;Hungary;Explained by: Log GDP per capita;
2012.0;110.0;Hungary;Explained by: Log GDP per capita;
2011.0;96.0;Hungary;Explained by: Log GDP per capita;
2024.0;56.0;Bosnia and Herzegovina;Explained by: Log GDP per capita;1.405
2023.0;3.0;Iceland;Explained by: Log GDP per capita;1.881
2022.0;3.0;Iceland;Explained by: Log GDP per capita;1.926
2021.0;3.0;Iceland;Explained by: Log GDP per capita;1.936
2020.0;5.0;Iceland;Explained by: Log GDP per capita;1.482
2019.0;4.0;Iceland;Explained by: Log GDP per capita;1.327
2018.0;4.0;Iceland;Explained by: Log GDP per capita;
2017.0;4.0;Iceland;Explained by: Log GDP per capita;
2016.0;3.0;Iceland;Explained by: Log GDP per capita;
2015.0;3.0;Iceland;Explained by: Log GDP per capita;
2014.0;2.0;Iceland;Explained by: Log GDP per capita;
2012.0;9.0;Iceland;Explained by: Log GDP per capita;
2011.0;20.0;Iceland;Explained by: Log GDP per capita;
2024.0;57.0;Philippines;Explained by: Log GDP per capita;1.177
2023.0;126.0;India;Explained by: Log GDP per capita;1.166
2022.0;126.0;India;Explained by: Log GDP per capita;1.159
2021.0;136.0;India;Explained by: Log GDP per capita;1.167
2020.0;140.0;India;Explained by: Log GDP per capita;0.741
2019.0;144.0;India;Explained by: Log GDP per capita;0.731
2018.0;140.0;India;Explained by: Log GDP per capita;
2017.0;133.0;India;Explained by: Log GDP per capita;
2016.0;122.0;India;Explained by: Log GDP per capita;
2015.0;118.0;India;Explained by: Log GDP per capita;
2014.0;117.0;India;Explained by: Log GDP per capita;
2012.0;111.0;India;Explained by: Log GDP per capita;
2011.0;94.0;India;Explained by: Log GDP per capita;
2024.0;58.0;Republic of Korea;Explained by: Log GDP per capita;1.709
2023.0;80.0;Indonesia;Explained by: Log GDP per capita;1.361
2022.0;84.0;Indonesia;Explained by: Log GDP per capita;1.384
2021.0;87.0;Indonesia;Explained by: Log GDP per capita;1.382
2020.0;83.0;Indonesia;Explained by: Log GDP per capita;0.954
2019.0;84.0;Indonesia;Explained by: Log GDP per capita;0.892
2018.0;92.0;Indonesia;Explained by: Log GDP per capita;
2017.0;96.0;Indonesia;Explained by: Log GDP per capita;
2016.0;81.0;Indonesia;Explained by: Log GDP per capita;
2015.0;79.0;Indonesia;Explained by: Log GDP per capita;
2014.0;74.0;Indonesia;Explained by: Log GDP per capita;
2012.0;76.0;Indonesia;Explained by: Log GDP per capita;
2011.0;83.0;Indonesia;Explained by: Log GDP per capita;
2024.0;59.0;Bahrain;Explained by: Log GDP per capita;1.752
2023.0;100.0;Iran;Explained by: Log GDP per capita;1.435
2022.0;101.0;Iran;Explained by: Log GDP per capita;1.465
2021.0;110.0;Iran;Explained by: Log GDP per capita;1.41
2020.0;119.0;Iran;Explained by: Log GDP per capita;1.03
2019.0;118.0;Iran;Explained by: Log GDP per capita;1.029
2018.0;117.0;Iran;Explained by: Log GDP per capita;
2017.0;106.0;Iran;Explained by: Log GDP per capita;
2016.0;108.0;Iran;Explained by: Log GDP per capita;
2015.0;105.0;Iran;Explained by: Log GDP per capita;
2014.0;110.0;Iran;Explained by: Log GDP per capita;
2012.0;115.0;Iran;Explained by: Log GDP per capita;
2011.0;84.0;Iran;Explained by: Log GDP per capita;
2024.0;60.0;Portugal;Explained by: Log GDP per capita;1.646
2023.0;92.0;Iraq;Explained by: Log GDP per capita;1.249
2022.0;98.0;Iraq;Explained by: Log GDP per capita;1.281
2021.0;107.0;Iraq;Explained by: Log GDP per capita;1.289
2020.0;112.0;Iraq;Explained by: Log GDP per capita;0.91
2019.0;110.0;Iraq;Explained by: Log GDP per capita;0.982
2018.0;126.0;Iraq;Explained by: Log GDP per capita;
2017.0;117.0;Iraq;Explained by: Log GDP per capita;
2016.0;117.0;Iraq;Explained by: Log GDP per capita;
2015.0;112.0;Iraq;Explained by: Log GDP per capita;
2014.0;112.0;Iraq;Explained by: Log GDP per capita;
2012.0;105.0;Iraq;Explained by: Log GDP per capita;
2011.0;98.0;Iraq;Explained by: Log GDP per capita;
2024.0;61.0;Colombia;Explained by: Log GDP per capita;1.38
2023.0;17.0;Ireland;Explained by: Log GDP per capita;2.129
2022.0;14.0;Ireland;Explained by: Log GDP per capita;2.152
2021.0;13.0;Ireland;Explained by: Log GDP per capita;2.129
2020.0;16.0;Ireland;Explained by: Log GDP per capita;1.644
2019.0;16.0;Ireland;Explained by: Log GDP per capita;1.447
2018.0;16.0;Ireland;Explained by: Log GDP per capita;
2017.0;14.0;Ireland;Explained by: Log GDP per capita;
2016.0;15.0;Ireland;Explained by: Log GDP per capita;
2015.0;19.0;Ireland;Explained by: Log GDP per capita;
2014.0;18.0;Ireland;Explained by: Log GDP per capita;
2012.0;18.0;Ireland;Explained by: Log GDP per capita;
2011.0;10.0;Ireland;Explained by: Log GDP per capita;
2024.0;62.0;Ecuador;Explained by: Log GDP per capita;1.299
2023.0;5.0;Israel;Explained by: Log GDP per capita;1.803
2022.0;4.0;Israel;Explained by: Log GDP per capita;1.833
2021.0;9.0;Israel;Explained by: Log GDP per capita;1.826
2020.0;13.0;Israel;Explained by: Log GDP per capita;1.376
2019.0;14.0;Israel;Explained by: Log GDP per capita;1.216
2018.0;13.0;Israel;Explained by: Log GDP per capita;
2017.0;11.0;Israel;Explained by: Log GDP per capita;
2016.0;11.0;Israel;Explained by: Log GDP per capita;
2015.0;11.0;Israel;Explained by: Log GDP per capita;
2014.0;11.0;Israel;Explained by: Log GDP per capita;
2012.0;11.0;Israel;Explained by: Log GDP per capita;
2011.0;14.0;Israel;Explained by: Log GDP per capita;
2024.0;63.0;Honduras;Explained by: Log GDP per capita;1.036
2023.0;41.0;Italy;Explained by: Log GDP per capita;1.8
2022.0;33.0;Italy;Explained by: Log GDP per capita;1.832
2021.0;31.0;Italy;Explained by: Log GDP per capita;1.834
2020.0;29.0;Italy;Explained by: Log GDP per capita;1.393
2019.0;30.0;Italy;Explained by: Log GDP per capita;1.236
2018.0;36.0;Italy;Explained by: Log GDP per capita;
2017.0;47.0;Italy;Explained by: Log GDP per capita;
2016.0;48.0;Italy;Explained by: Log GDP per capita;
2015.0;50.0;Italy;Explained by: Log GDP per capita;
2014.0;50.0;Italy;Explained by: Log GDP per capita;
2012.0;45.0;Italy;Explained by: Log GDP per capita;
2011.0;28.0;Italy;Explained by: Log GDP per capita;
2024.0;64.0;Malaysia;Explained by: Log GDP per capita;1.571
2023.0;67.0;Jamaica;Explained by: Log GDP per capita;1.28
2022.0;68.0;Jamaica;Explained by: Log GDP per capita;1.305
2021.0;63.0;Jamaica;Explained by: Log GDP per capita;1.296
2020.0;38.0;Jamaica;Explained by: Log GDP per capita;0.891
2019.0;60.0;Jamaica;Explained by: Log GDP per capita;0.779
2018.0;56.0;Jamaica;Explained by: Log GDP per capita;
2017.0;56.0;Jamaica;Explained by: Log GDP per capita;
2016.0;76.0;Jamaica;Explained by: Log GDP per capita;
2015.0;73.0;Jamaica;Explained by: Log GDP per capita;
2014.0;65.0;Jamaica;Explained by: Log GDP per capita;
2012.0;75.0;Jamaica;Explained by: Log GDP per capita;
2011.0;40.0;Jamaica;Explained by: Log GDP per capita;
2024.0;65.0;Peru;Explained by: Log GDP per capita;1.323
2023.0;51.0;Japan;Explained by: Log GDP per capita;1.786
2022.0;47.0;Japan;Explained by: Log GDP per capita;1.825
2021.0;54.0;Japan;Explained by: Log GDP per capita;1.835
2020.0;57.0;Japan;Explained by: Log GDP per capita;1.389
2019.0;62.0;Japan;Explained by: Log GDP per capita;1.267
2018.0;58.0;Japan;Explained by: Log GDP per capita;
2017.0;54.0;Japan;Explained by: Log GDP per capita;
2016.0;51.0;Japan;Explained by: Log GDP per capita;
2015.0;53.0;Japan;Explained by: Log GDP per capita;
2014.0;46.0;Japan;Explained by: Log GDP per capita;
2012.0;43.0;Japan;Explained by: Log GDP per capita;
2011.0;44.0;Japan;Explained by: Log GDP per capita;
2024.0;66.0;Russian Federation;Explained by: Log GDP per capita;1.63
2023.0;125.0;Jordan;Explained by: Log GDP per capita;1.262
2022.0;123.0;Jordan;Explained by: Log GDP per capita;1.292
2021.0;134.0;Jordan;Explained by: Log GDP per capita;1.324
2020.0;128.0;Jordan;Explained by: Log GDP per capita;0.89
2019.0;119.0;Jordan;Explained by: Log GDP per capita;0.785
2018.0;101.0;Jordan;Explained by: Log GDP per capita;
2017.0;90.0;Jordan;Explained by: Log GDP per capita;
2016.0;74.0;Jordan;Explained by: Log GDP per capita;
2015.0;80.0;Jordan;Explained by: Log GDP per capita;
2014.0;82.0;Jordan;Explained by: Log GDP per capita;
2012.0;74.0;Jordan;Explained by: Log GDP per capita;
2011.0;54.0;Jordan;Explained by: Log GDP per capita;
2024.0;67.0;Cyprus;Explained by: Log GDP per capita;1.72
2023.0;49.0;Kazakhstan;Explained by: Log GDP per capita;1.622
2022.0;44.0;Kazakhstan;Explained by: Log GDP per capita;1.664
2021.0;40.0;Kazakhstan;Explained by: Log GDP per capita;1.668
2020.0;46.0;Kazakhstan;Explained by: Log GDP per capita;1.23
2019.0;50.0;Kazakhstan;Explained by: Log GDP per capita;1.123
2018.0;60.0;Kazakhstan;Explained by: Log GDP per capita;
2017.0;60.0;Kazakhstan;Explained by: Log GDP per capita;
2016.0;60.0;Kazakhstan;Explained by: Log GDP per capita;
2015.0;54.0;Kazakhstan;Explained by: Log GDP per capita;
2014.0;54.0;Kazakhstan;Explained by: Log GDP per capita;
2012.0;57.0;Kazakhstan;Explained by: Log GDP per capita;
2011.0;59.0;Kazakhstan;Explained by: Log GDP per capita;
2024.0;68.0;China;Explained by: Log GDP per capita;1.445
2023.0;114.0;Kenya;Explained by: Log GDP per capita;1.037
2022.0;111.0;Kenya;Explained by: Log GDP per capita;1.051
2021.0;119.0;Kenya;Explained by: Log GDP per capita;1.032
2020.0;122.0;Kenya;Explained by: Log GDP per capita;0.603
2019.0;121.0;Kenya;Explained by: Log GDP per capita;0.476
2018.0;121.0;Kenya;Explained by: Log GDP per capita;
2017.0;124.0;Kenya;Explained by: Log GDP per capita;
2016.0;112.0;Kenya;Explained by: Log GDP per capita;
2015.0;122.0;Kenya;Explained by: Log GDP per capita;
2014.0;125.0;Kenya;Explained by: Log GDP per capita;
2012.0;123.0;Kenya;Explained by: Log GDP per capita;
2011.0;134.0;Kenya;Explained by: Log GDP per capita;
2024.0;69.0;Hungary;Explained by: Log GDP per capita;1.638
2023.0;29.0;Kosovo;Explained by: Log GDP per capita;1.364
2022.0;34.0;Kosovo;Explained by: Log GDP per capita;1.374
2021.0;32.0;Kosovo;Explained by: Log GDP per capita;1.362
2020.0;34.0;Kosovo;Explained by: Log GDP per capita;0.937
2019.0;35.0;Kosovo;Explained by: Log GDP per capita;0.84
2018.0;46.0;Kosovo;Explained by: Log GDP per capita;
2017.0;66.0;Kosovo;Explained by: Log GDP per capita;
2016.0;78.0;Kosovo;Explained by: Log GDP per capita;
2015.0;77.0;Kosovo;Explained by: Log GDP per capita;
2014.0;69.0;Kosovo;Explained by: Log GDP per capita;
2012.0;83.0;Kosovo;Explained by: Log GDP per capita;
2011.0;68.0;Kosovo;Explained by: Log GDP per capita;
2024.0;70.0;Trinidad and Tobago;Explained by: Log GDP per capita;1.549
2023.0;13.0;Kuwait;Explained by: Log GDP per capita;1.845
2021.0;50.0;Kuwait;Explained by: Log GDP per capita;1.904
2020.0;48.0;Kuwait;Explained by: Log GDP per capita;1.461
2019.0;48.0;Kuwait;Explained by: Log GDP per capita;1.425
2018.0;51.0;Kuwait;Explained by: Log GDP per capita;
2017.0;45.0;Kuwait;Explained by: Log GDP per capita;
2016.0;39.0;Kuwait;Explained by: Log GDP per capita;
2015.0;41.0;Kuwait;Explained by: Log GDP per capita;
2014.0;39.0;Kuwait;Explained by: Log GDP per capita;
2012.0;32.0;Kuwait;Explained by: Log GDP per capita;
2011.0;29.0;Kuwait;Explained by: Log GDP per capita;
2024.0;71.0;Montenegro;Explained by: Log GDP per capita;1.507
2023.0;75.0;Kyrgyzstan;Explained by: Log GDP per capita;1.054
2022.0;62.0;Kyrgyzstan;Explained by: Log GDP per capita;1.061
2021.0;64.0;Kyrgyzstan;Explained by: Log GDP per capita;1.069
2020.0;68.0;Kyrgyzstan;Explained by: Log GDP per capita;0.665
2019.0;74.0;Kyrgyzstan;Explained by: Log GDP per capita;0.513
2018.0;86.0;Kyrgyzstan;Explained by: Log GDP per capita;
2017.0;92.0;Kyrgyzstan;Explained by: Log GDP per capita;
2016.0;98.0;Kyrgyzstan;Explained by: Log GDP per capita;
2015.0;85.0;Kyrgyzstan;Explained by: Log GDP per capita;
2014.0;77.0;Kyrgyzstan;Explained by: Log GDP per capita;
2012.0;89.0;Kyrgyzstan;Explained by: Log GDP per capita;
2011.0;102.0;Kyrgyzstan;Explained by: Log GDP per capita;
2024.0;72.0;Croatia;Explained by: Log GDP per capita;1.644
2023.0;94.0;Lao PDR;Explained by: Log GDP per capita;1.208
2022.0;89.0;Lao PDR;Explained by: Log GDP per capita;1.232
2021.0;95.0;Lao PDR;Explained by: Log GDP per capita;1.239
2020.0;101.0;Lao PDR;Explained by: Log GDP per capita;0.808
2019.0;104.0;Lao PDR;Explained by: Log GDP per capita;0.715
2018.0;105.0;Lao PDR;Explained by: Log GDP per capita;
2017.0;110.0;Lao PDR;Explained by: Log GDP per capita;
2015.0;102.0;Lao PDR;Explained by: Log GDP per capita;
2014.0;99.0;Lao PDR;Explained by: Log GDP per capita;
2012.0;109.0;Lao PDR;Explained by: Log GDP per capita;
2011.0;82.0;Lao PDR;Explained by: Log GDP per capita;
2024.0;73.0;Jamaica;Explained by: Log GDP per capita;1.182
2023.0;46.0;Latvia;Explained by: Log GDP per capita;1.7
2022.0;41.0;Latvia;Explained by: Log GDP per capita;1.737
2021.0;42.0;Latvia;Explained by: Log GDP per capita;1.732
2020.0;52.0;Latvia;Explained by: Log GDP per capita;1.285
2019.0;57.0;Latvia;Explained by: Log GDP per capita;1.141
2018.0;53.0;Latvia;Explained by: Log GDP per capita;
2017.0;53.0;Latvia;Explained by: Log GDP per capita;
2016.0;54.0;Latvia;Explained by: Log GDP per capita;
2015.0;68.0;Latvia;Explained by: Log GDP per capita;
2014.0;89.0;Latvia;Explained by: Log GDP per capita;
2012.0;88.0;Latvia;Explained by: Log GDP per capita;
2011.0;106.0;Latvia;Explained by: Log GDP per capita;
2024.0;74.0;Bolivia;Explained by: Log GDP per capita;1.173
2023.0;142.0;Lebanon;Explained by: Log GDP per capita;1.377
2022.0;136.0;Lebanon;Explained by: Log GDP per capita;1.417
2021.0;145.0;Lebanon;Explained by: Log GDP per capita;1.392
2020.0;124.0;Lebanon;Explained by: Log GDP per capita;1.045
2019.0;111.0;Lebanon;Explained by: Log GDP per capita;0.889
2018.0;91.0;Lebanon;Explained by: Log GDP per capita;
2017.0;88.0;Lebanon;Explained by: Log GDP per capita;
2016.0;88.0;Lebanon;Explained by: Log GDP per capita;
2015.0;93.0;Lebanon;Explained by: Log GDP per capita;
2014.0;103.0;Lebanon;Explained by: Log GDP per capita;
2012.0;97.0;Lebanon;Explained by: Log GDP per capita;
2011.0;92.0;Lebanon;Explained by: Log GDP per capita;
2024.0;75.0;Kyrgyzstan;Explained by: Log GDP per capita;1.032
2023.0;141.0;Lesotho;Explained by: Log GDP per capita;0.771
2021.0;141.0;Lesotho;Explained by: Log GDP per capita;0.839
2020.0;146.0;Lesotho;Explained by: Log GDP per capita;0.451
2019.0;143.0;Lesotho;Explained by: Log GDP per capita;0.455
2018.0;144.0;Lesotho;Explained by: Log GDP per capita;
2017.0;141.0;Lesotho;Explained by: Log GDP per capita;
2016.0;139.0;Lesotho;Explained by: Log GDP per capita;
2014.0;97.0;Lesotho;Explained by: Log GDP per capita;
2012.0;98.0;Lesotho;Explained by: Log GDP per capita;
2024.0;76.0;Dominican Republic;Explained by: Log GDP per capita;1.457
2023.0;121.0;Liberia;Explained by: Log GDP per capita;0.619
2022.0;125.0;Liberia;Explained by: Log GDP per capita;0.628
2021.0;97.0;Liberia;Explained by: Log GDP per capita;0.636
2020.0;121.0;Liberia;Explained by: Log GDP per capita;0.228
2019.0;124.0;Liberia;Explained by: Log GDP per capita;0.174
2018.0;141.0;Liberia;Explained by: Log GDP per capita;
2017.0;149.0;Liberia;Explained by: Log GDP per capita;
2016.0;148.0;Liberia;Explained by: Log GDP per capita;
2015.0;150.0;Liberia;Explained by: Log GDP per capita;
2014.0;116.0;Liberia;Explained by: Log GDP per capita;
2012.0;133.0;Liberia;Explained by: Log GDP per capita;
2011.0;140.0;Liberia;Explained by: Log GDP per capita;
2024.0;77.0;Mongolia;Explained by: Log GDP per capita;1.336
2023.0;66.0;Libya;Explained by: Log GDP per capita;1.526
2021.0;86.0;Libya;Explained by: Log GDP per capita;1.476
2020.0;81.0;Libya;Explained by: Log GDP per capita;1.044
2019.0;80.0;Libya;Explained by: Log GDP per capita;1.022
2018.0;72.0;Libya;Explained by: Log GDP per capita;
2017.0;70.0;Libya;Explained by: Log GDP per capita;
2016.0;68.0;Libya;Explained by: Log GDP per capita;
2015.0;67.0;Libya;Explained by: Log GDP per capita;
2014.0;63.0;Libya;Explained by: Log GDP per capita;
2012.0;78.0;Libya;Explained by: Log GDP per capita;
2011.0;81.0;Libya;Explained by: Log GDP per capita;
2024.0;78.0;Mauritius;Explained by: Log GDP per capita;1.499
2023.0;19.0;Lithuania;Explained by: Log GDP per capita;1.766
2022.0;20.0;Lithuania;Explained by: Log GDP per capita;1.808
2021.0;34.0;Lithuania;Explained by: Log GDP per capita;1.804
2020.0;39.0;Lithuania;Explained by: Log GDP per capita;1.35
2019.0;41.0;Lithuania;Explained by: Log GDP per capita;1.194
2018.0;42.0;Lithuania;Explained by: Log GDP per capita;
2017.0;50.0;Lithuania;Explained by: Log GDP per capita;
2016.0;52.0;Lithuania;Explained by: Log GDP per capita;
2015.0;60.0;Lithuania;Explained by: Log GDP per capita;
2014.0;56.0;Lithuania;Explained by: Log GDP per capita;
2012.0;71.0;Lithuania;Explained by: Log GDP per capita;
2011.0;60.0;Lithuania;Explained by: Log GDP per capita;
2024.0;79.0;Libya;Explained by: Log GDP per capita;1.247
2023.0;8.0;Luxembourg;Explained by: Log GDP per capita;2.141
2022.0;9.0;Luxembourg;Explained by: Log GDP per capita;2.2
2021.0;6.0;Luxembourg;Explained by: Log GDP per capita;2.209
2020.0;9.0;Luxembourg;Explained by: Log GDP per capita;1.751
2019.0;10.0;Luxembourg;Explained by: Log GDP per capita;1.537
2018.0;14.0;Luxembourg;Explained by: Log GDP per capita;
2017.0;17.0;Luxembourg;Explained by: Log GDP per capita;
2016.0;18.0;Luxembourg;Explained by: Log GDP per capita;
2015.0;20.0;Luxembourg;Explained by: Log GDP per capita;
2014.0;17.0;Luxembourg;Explained by: Log GDP per capita;
2012.0;19.0;Luxembourg;Explained by: Log GDP per capita;
2011.0;16.0;Luxembourg;Explained by: Log GDP per capita;
2019.0;90.0;Macedonia;Explained by: Log GDP per capita;0.935
2024.0;80.0;Republic of Moldova;Explained by: Log GDP per capita;1.332
2023.0;123.0;Madagascar;Explained by: Log GDP per capita;0.628
2022.0;127.0;Madagascar;Explained by: Log GDP per capita;0.632
2021.0;128.0;Madagascar;Explained by: Log GDP per capita;0.67
2020.0;136.0;Madagascar;Explained by: Log GDP per capita;0.266
2019.0;137.0;Madagascar;Explained by: Log GDP per capita;0.245
2018.0;143.0;Madagascar;Explained by: Log GDP per capita;
2017.0;143.0;Madagascar;Explained by: Log GDP per capita;
2016.0;144.0;Madagascar;Explained by: Log GDP per capita;
2015.0;148.0;Madagascar;Explained by: Log GDP per capita;
2014.0;147.0;Madagascar;Explained by: Log GDP per capita;
2012.0;146.0;Madagascar;Explained by: Log GDP per capita;
2011.0;129.0;Madagascar;Explained by: Log GDP per capita;
2024.0;81.0;Greece;Explained by: Log GDP per capita;1.608
2023.0;136.0;Malawi;Explained by: Log GDP per capita;0.617
2022.0;131.0;Malawi;Explained by: Log GDP per capita;0.637
2021.0;138.0;Malawi;Explained by: Log GDP per capita;0.648
2020.0;145.0;Malawi;Explained by: Log GDP per capita;0.113
2019.0;145.0;Malawi;Explained by: Log GDP per capita;0.177
2018.0;150.0;Malawi;Explained by: Log GDP per capita;
2017.0;147.0;Malawi;Explained by: Log GDP per capita;
2016.0;136.0;Malawi;Explained by: Log GDP per capita;
2015.0;132.0;Malawi;Explained by: Log GDP per capita;
2014.0;131.0;Malawi;Explained by: Log GDP per capita;
2012.0;139.0;Malawi;Explained by: Log GDP per capita;
2011.0;114.0;Malawi;Explained by: Log GDP per capita;
2024.0;82.0;Venezuela;Explained by: Log GDP per capita;0.0
2023.0;59.0;Malaysia;Explained by: Log GDP per capita;1.646
2022.0;55.0;Malaysia;Explained by: Log GDP per capita;1.665
2021.0;70.0;Malaysia;Explained by: Log GDP per capita;1.689
2020.0;82.0;Malaysia;Explained by: Log GDP per capita;1.259
2019.0;82.0;Malaysia;Explained by: Log GDP per capita;1.168
2018.0;80.0;Malaysia;Explained by: Log GDP per capita;
2017.0;35.0;Malaysia;Explained by: Log GDP per capita;
2016.0;42.0;Malaysia;Explained by: Log GDP per capita;
2015.0;47.0;Malaysia;Explained by: Log GDP per capita;
2014.0;61.0;Malaysia;Explained by: Log GDP per capita;
2012.0;56.0;Malaysia;Explained by: Log GDP per capita;
2011.0;51.0;Malaysia;Explained by: Log GDP per capita;
2020.0;90.0;Maldives;Explained by: Log GDP per capita;1.115
2019.0;87.0;Maldives;Explained by: Log GDP per capita;0.938
2024.0;83.0;Indonesia;Explained by: Log GDP per capita;1.288
2023.0;122.0;Mali;Explained by: Log GDP per capita;0.747
2022.0;120.0;Mali;Explained by: Log GDP per capita;0.763
2021.0;123.0;Mali;Explained by: Log GDP per capita;0.792
2020.0;118.0;Mali;Explained by: Log GDP per capita;0.387
2019.0;114.0;Mali;Explained by: Log GDP per capita;0.352
2018.0;128.0;Mali;Explained by: Log GDP per capita;
2017.0;118.0;Mali;Explained by: Log GDP per capita;
2016.0;127.0;Mali;Explained by: Log GDP per capita;
2015.0;135.0;Mali;Explained by: Log GDP per capita;
2014.0;138.0;Mali;Explained by: Log GDP per capita;
2012.0;132.0;Mali;Explained by: Log GDP per capita;
2011.0;143.0;Mali;Explained by: Log GDP per capita;
2024.0;84.0;Algeria;Explained by: Log GDP per capita;1.315
2023.0;40.0;Malta;Explained by: Log GDP per capita;1.827
2022.0;37.0;Malta;Explained by: Log GDP per capita;1.841
2021.0;33.0;Malta;Explained by: Log GDP per capita;1.838
2020.0;24.0;Malta;Explained by: Log GDP per capita;1.411
2019.0;22.0;Malta;Explained by: Log GDP per capita;1.253
2018.0;22.0;Malta;Explained by: Log GDP per capita;
2017.0;22.0;Malta;Explained by: Log GDP per capita;
2016.0;27.0;Malta;Explained by: Log GDP per capita;
2015.0;30.0;Malta;Explained by: Log GDP per capita;
2014.0;37.0;Malta;Explained by: Log GDP per capita;
2012.0;48.0;Malta;Explained by: Log GDP per capita;
2011.0;47.0;Malta;Explained by: Log GDP per capita;
2024.0;85.0;Bulgaria;Explained by: Log GDP per capita;1.573
2023.0;111.0;Mauritania;Explained by: Log GDP per capita;1.078
2022.0;103.0;Mauritania;Explained by: Log GDP per capita;1.099
2021.0;133.0;Mauritania;Explained by: Log GDP per capita;1.1
2020.0;135.0;Mauritania;Explained by: Log GDP per capita;0.666
2019.0;129.0;Mauritania;Explained by: Log GDP per capita;0.54
2018.0;122.0;Mauritania;Explained by: Log GDP per capita;
2017.0;126.0;Mauritania;Explained by: Log GDP per capita;
2016.0;123.0;Mauritania;Explained by: Log GDP per capita;
2015.0;130.0;Mauritania;Explained by: Log GDP per capita;
2014.0;124.0;Mauritania;Explained by: Log GDP per capita;
2012.0;112.0;Mauritania;Explained by: Log GDP per capita;
2011.0;113.0;Mauritania;Explained by: Log GDP per capita;
2024.0;86.0;North Macedonia;Explained by: Log GDP per capita;1.458
2023.0;70.0;Mauritius;Explained by: Log GDP per capita;1.57
2022.0;59.0;Mauritius;Explained by: Log GDP per capita;1.589
2021.0;52.0;Mauritius;Explained by: Log GDP per capita;1.591
2020.0;51.0;Mauritius;Explained by: Log GDP per capita;1.178
2019.0;49.0;Mauritius;Explained by: Log GDP per capita;1.074
2018.0;57.0;Mauritius;Explained by: Log GDP per capita;
2017.0;55.0;Mauritius;Explained by: Log GDP per capita;
2016.0;64.0;Mauritius;Explained by: Log GDP per capita;
2015.0;66.0;Mauritius;Explained by: Log GDP per capita;
2014.0;71.0;Mauritius;Explained by: Log GDP per capita;
2012.0;67.0;Mauritius;Explained by: Log GDP per capita;
2011.0;64.0;Mauritius;Explained by: Log GDP per capita;
2024.0;87.0;Armenia;Explained by: Log GDP per capita;1.391
2023.0;25.0;Mexico;Explained by: Log GDP per capita;1.521
2022.0;36.0;Mexico;Explained by: Log GDP per capita;1.55
2021.0;46.0;Mexico;Explained by: Log GDP per capita;1.552
2020.0;37.0;Mexico;Explained by: Log GDP per capita;1.126
2019.0;24.0;Mexico;Explained by: Log GDP per capita;1.024
2018.0;23.0;Mexico;Explained by: Log GDP per capita;
2017.0;24.0;Mexico;Explained by: Log GDP per capita;
2016.0;25.0;Mexico;Explained by: Log GDP per capita;
2015.0;21.0;Mexico;Explained by: Log GDP per capita;
2014.0;14.0;Mexico;Explained by: Log GDP per capita;
2012.0;16.0;Mexico;Explained by: Log GDP per capita;
2011.0;24.0;Mexico;Explained by: Log GDP per capita;
2024.0;88.0;Hong Kong SAR of China;Explained by: Log GDP per capita;1.79
2023.0;77.0;Mongolia;Explained by: Log GDP per capita;1.353
2022.0;61.0;Mongolia;Explained by: Log GDP per capita;1.379
2021.0;68.0;Mongolia;Explained by: Log GDP per capita;1.393
2020.0;71.0;Mongolia;Explained by: Log GDP per capita;0.966
2019.0;81.0;Mongolia;Explained by: Log GDP per capita;0.905
2018.0;83.0;Mongolia;Explained by: Log GDP per capita;
2017.0;94.0;Mongolia;Explained by: Log GDP per capita;
2016.0;100.0;Mongolia;Explained by: Log GDP per capita;
2015.0;101.0;Mongolia;Explained by: Log GDP per capita;
2014.0;100.0;Mongolia;Explained by: Log GDP per capita;
2012.0;102.0;Mongolia;Explained by: Log GDP per capita;
2011.0;119.0;Mongolia;Explained by: Log GDP per capita;
2024.0;89.0;Albania;Explained by: Log GDP per capita;1.371
2023.0;76.0;Montenegro;Explained by: Log GDP per capita;1.571
2022.0;67.0;Montenegro;Explained by: Log GDP per capita;1.537
2021.0;75.0;Montenegro;Explained by: Log GDP per capita;1.573
2020.0;73.0;Montenegro;Explained by: Log GDP per capita;1.155
2019.0;72.0;Montenegro;Explained by: Log GDP per capita;1.01
2018.0;73.0;Montenegro;Explained by: Log GDP per capita;
2017.0;81.0;Montenegro;Explained by: Log GDP per capita;
2016.0;83.0;Montenegro;Explained by: Log GDP per capita;
2015.0;88.0;Montenegro;Explained by: Log GDP per capita;
2014.0;83.0;Montenegro;Explained by: Log GDP per capita;
2012.0;80.0;Montenegro;Explained by: Log GDP per capita;
2011.0;86.0;Montenegro;Explained by: Log GDP per capita;
2024.0;90.0;Tajikistan;Explained by: Log GDP per capita;0.914
2023.0;107.0;Morocco;Explained by: Log GDP per capita;1.213
2022.0;100.0;Morocco;Explained by: Log GDP per capita;1.236
2021.0;100.0;Morocco;Explained by: Log GDP per capita;1.208
2020.0;107.0;Morocco;Explained by: Log GDP per capita;0.792
2019.0;97.0;Morocco;Explained by: Log GDP per capita;0.759
2018.0;89.0;Morocco;Explained by: Log GDP per capita;
2017.0;85.0;Morocco;Explained by: Log GDP per capita;
2016.0;84.0;Morocco;Explained by: Log GDP per capita;
2015.0;90.0;Morocco;Explained by: Log GDP per capita;
2014.0;92.0;Morocco;Explained by: Log GDP per capita;
2012.0;99.0;Morocco;Explained by: Log GDP per capita;
2011.0;105.0;Morocco;Explained by: Log GDP per capita;
2024.0;91.0;Georgia;Explained by: Log GDP per capita;1.444
2023.0;90.0;Mozambique;Explained by: Log GDP per capita;0.56
2022.0;97.0;Mozambique;Explained by: Log GDP per capita;0.57
2021.0;101.0;Mozambique;Explained by: Log GDP per capita;0.578
2020.0;116.0;Mozambique;Explained by: Log GDP per capita;0.183
2019.0;120.0;Mozambique;Explained by: Log GDP per capita;0.179
2018.0;123.0;Mozambique;Explained by: Log GDP per capita;
2017.0;123.0;Mozambique;Explained by: Log GDP per capita;
2016.0;113.0;Mozambique;Explained by: Log GDP per capita;
2014.0;94.0;Mozambique;Explained by: Log GDP per capita;
2012.0;94.0;Mozambique;Explained by: Log GDP per capita;
2011.0;110.0;Mozambique;Explained by: Log GDP per capita;
2024.0;92.0;Nepal;Explained by: Log GDP per capita;0.944
2023.0;118.0;Myanmar;Explained by: Log GDP per capita;0.978
2022.0;117.0;Myanmar;Explained by: Log GDP per capita;1.032
2021.0;126.0;Myanmar;Explained by: Log GDP per capita;1.038
2020.0;127.0;Myanmar;Explained by: Log GDP per capita;0.666
2019.0;133.0;Myanmar;Explained by: Log GDP per capita;0.678
2018.0;131.0;Myanmar;Explained by: Log GDP per capita;
2017.0;130.0;Myanmar;Explained by: Log GDP per capita;
2016.0;114.0;Myanmar;Explained by: Log GDP per capita;
2015.0;119.0;Myanmar;Explained by: Log GDP per capita;
2014.0;129.0;Myanmar;Explained by: Log GDP per capita;
2012.0;121.0;Myanmar;Explained by: Log GDP per capita;
2011.0;74.0;Myanmar;Explained by: Log GDP per capita;
2024.0;93.0;Lao PDR;Explained by: Log GDP per capita;1.122
2023.0;106.0;Namibia;Explained by: Log GDP per capita;1.266
2022.0;105.0;Namibia;Explained by: Log GDP per capita;1.289
2021.0;124.0;Namibia;Explained by: Log GDP per capita;1.292
2020.0;125.0;Namibia;Explained by: Log GDP per capita;0.882
2019.0;122.0;Namibia;Explained by: Log GDP per capita;0.84
2018.0;113.0;Namibia;Explained by: Log GDP per capita;
2017.0;119.0;Namibia;Explained by: Log GDP per capita;
2016.0;111.0;Namibia;Explained by: Log GDP per capita;
2015.0;113.0;Namibia;Explained by: Log GDP per capita;
2011.0;97.0;Namibia;Explained by: Log GDP per capita;
2024.0;94.0;Türkiye;Explained by: Log GDP per capita;1.582
2023.0;93.0;Nepal;Explained by: Log GDP per capita;0.965
2022.0;78.0;Nepal;Explained by: Log GDP per capita;0.979
2021.0;84.0;Nepal;Explained by: Log GDP per capita;0.984
2020.0;88.0;Nepal;Explained by: Log GDP per capita;0.519
2019.0;92.0;Nepal;Explained by: Log GDP per capita;0.444
2018.0;100.0;Nepal;Explained by: Log GDP per capita;
2017.0;101.0;Nepal;Explained by: Log GDP per capita;
2016.0;99.0;Nepal;Explained by: Log GDP per capita;
2015.0;107.0;Nepal;Explained by: Log GDP per capita;
2014.0;121.0;Nepal;Explained by: Log GDP per capita;
2012.0;135.0;Nepal;Explained by: Log GDP per capita;
2011.0;121.0;Nepal;Explained by: Log GDP per capita;
2024.0;95.0;South Africa;Explained by: Log GDP per capita;1.283
2023.0;6.0;Netherlands;Explained by: Log GDP per capita;1.901
2022.0;5.0;Netherlands;Explained by: Log GDP per capita;1.942
2021.0;5.0;Netherlands;Explained by: Log GDP per capita;1.945
2020.0;6.0;Netherlands;Explained by: Log GDP per capita;1.501
2019.0;6.0;Netherlands;Explained by: Log GDP per capita;1.339
2018.0;5.0;Netherlands;Explained by: Log GDP per capita;
2017.0;6.0;Netherlands;Explained by: Log GDP per capita;
2016.0;6.0;Netherlands;Explained by: Log GDP per capita;
2015.0;7.0;Netherlands;Explained by: Log GDP per capita;
2014.0;7.0;Netherlands;Explained by: Log GDP per capita;
2012.0;4.0;Netherlands;Explained by: Log GDP per capita;
2011.0;4.0;Netherlands;Explained by: Log GDP per capita;
2024.0;96.0;Mozambique;Explained by: Log GDP per capita;0.559
2023.0;11.0;New Zealand;Explained by: Log GDP per capita;1.81
2022.0;10.0;New Zealand;Explained by: Log GDP per capita;1.842
2021.0;10.0;New Zealand;Explained by: Log GDP per capita;1.852
2020.0;10.0;New Zealand;Explained by: Log GDP per capita;1.4
2019.0;8.0;New Zealand;Explained by: Log GDP per capita;1.242
2018.0;8.0;New Zealand;Explained by: Log GDP per capita;
2017.0;8.0;New Zealand;Explained by: Log GDP per capita;
2016.0;8.0;New Zealand;Explained by: Log GDP per capita;
2015.0;8.0;New Zealand;Explained by: Log GDP per capita;
2014.0;9.0;New Zealand;Explained by: Log GDP per capita;
2012.0;13.0;New Zealand;Explained by: Log GDP per capita;
2011.0;8.0;New Zealand;Explained by: Log GDP per capita;
2024.0;97.0;Gabon;Explained by: Log GDP per capita;1.386
2023.0;43.0;Nicaragua;Explained by: Log GDP per capita;1.097
2022.0;40.0;Nicaragua;Explained by: Log GDP per capita;1.109
2021.0;45.0;Nicaragua;Explained by: Log GDP per capita;1.105
2020.0;56.0;Nicaragua;Explained by: Log GDP per capita;0.693
2019.0;46.0;Nicaragua;Explained by: Log GDP per capita;0.62
2018.0;45.0;Nicaragua;Explained by: Log GDP per capita;
2017.0;41.0;Nicaragua;Explained by: Log GDP per capita;
2016.0;43.0;Nicaragua;Explained by: Log GDP per capita;
2015.0;48.0;Nicaragua;Explained by: Log GDP per capita;
2014.0;57.0;Nicaragua;Explained by: Log GDP per capita;
2012.0;65.0;Nicaragua;Explained by: Log GDP per capita;
2011.0;89.0;Nicaragua;Explained by: Log GDP per capita;
2024.0;98.0;Côte d’Ivoire;Explained by: Log GDP per capita;1.038
2023.0;109.0;Niger;Explained by: Log GDP per capita;0.573
2022.0;109.0;Niger;Explained by: Log GDP per capita;0.561
2021.0;104.0;Niger;Explained by: Log GDP per capita;0.57
2020.0;97.0;Niger;Explained by: Log GDP per capita;0.162
2019.0;103.0;Niger;Explained by: Log GDP per capita;0.108
2018.0;114.0;Niger;Explained by: Log GDP per capita;
2017.0;134.0;Niger;Explained by: Log GDP per capita;
2016.0;135.0;Niger;Explained by: Log GDP per capita;
2015.0;142.0;Niger;Explained by: Log GDP per capita;
2014.0;144.0;Niger;Explained by: Log GDP per capita;
2012.0;136.0;Niger;Explained by: Log GDP per capita;
2011.0;137.0;Niger;Explained by: Log GDP per capita;
2024.0;99.0;Iran;Explained by: Log GDP per capita;1.33
2023.0;102.0;Nigeria;Explained by: Log GDP per capita;1.042
2022.0;95.0;Nigeria;Explained by: Log GDP per capita;1.065
2021.0;118.0;Nigeria;Explained by: Log GDP per capita;1.079
2020.0;117.0;Nigeria;Explained by: Log GDP per capita;0.663
2019.0;115.0;Nigeria;Explained by: Log GDP per capita;0.646
2018.0;85.0;Nigeria;Explained by: Log GDP per capita;
2017.0;91.0;Nigeria;Explained by: Log GDP per capita;
2016.0;95.0;Nigeria;Explained by: Log GDP per capita;
2015.0;103.0;Nigeria;Explained by: Log GDP per capita;
2014.0;78.0;Nigeria;Explained by: Log GDP per capita;
2012.0;82.0;Nigeria;Explained by: Log GDP per capita;
2011.0;100.0;Nigeria;Explained by: Log GDP per capita;
2021.0;79.0;North Cyprus;Explained by: Log GDP per capita;1.815
2020.0;75.0;North Cyprus;Explained by: Log GDP per capita;1.377
2019.0;76.0;North Cyprus;Explained by: Log GDP per capita;1.213
2018.0;64.0;North Cyprus;Explained by: Log GDP per capita;
2017.0;58.0;North Cyprus;Explained by: Log GDP per capita;
2016.0;61.0;North Cyprus;Explained by: Log GDP per capita;
2015.0;62.0;North Cyprus;Explained by: Log GDP per capita;
2014.0;66.0;North Cyprus;Explained by: Log GDP per capita;
2012.0;69.0;North Cyprus;Explained by: Log GDP per capita;
2024.0;100.0;Congo;Explained by: Log GDP per capita;1.023
2023.0;84.0;North Macedonia;Explained by: Log GDP per capita;1.475
2022.0;87.0;North Macedonia;Explained by: Log GDP per capita;1.498
2021.0;89.0;North Macedonia;Explained by: Log GDP per capita;1.505
2020.0;95.0;North Macedonia;Explained by: Log GDP per capita;1.068
2018.0;84.0;North Macedonia;Explained by: Log GDP per capita;
2017.0;89.0;North Macedonia;Explained by: Log GDP per capita;
2016.0;92.0;North Macedonia;Explained by: Log GDP per capita;
2015.0;95.0;North Macedonia;Explained by: Log GDP per capita;
2014.0;93.0;North Macedonia;Explained by: Log GDP per capita;
2012.0;118.0;North Macedonia;Explained by: Log GDP per capita;
2011.0;127.0;North Macedonia;Explained by: Log GDP per capita;
2024.0;101.0;Iraq;Explained by: Log GDP per capita;1.261
2023.0;7.0;Norway;Explained by: Log GDP per capita;1.952
2022.0;7.0;Norway;Explained by: Log GDP per capita;1.994
2021.0;8.0;Norway;Explained by: Log GDP per capita;1.997
2020.0;7.0;Norway;Explained by: Log GDP per capita;1.543
2019.0;5.0;Norway;Explained by: Log GDP per capita;1.424
2018.0;3.0;Norway;Explained by: Log GDP per capita;
2017.0;2.0;Norway;Explained by: Log GDP per capita;
2016.0;1.0;Norway;Explained by: Log GDP per capita;
2015.0;4.0;Norway;Explained by: Log GDP per capita;
2014.0;4.0;Norway;Explained by: Log GDP per capita;
2012.0;2.0;Norway;Explained by: Log GDP per capita;
2011.0;3.0;Norway;Explained by: Log GDP per capita;
2024.0;102.0;Guinea;Explained by: Log GDP per capita;0.873
2014.0;22.0;Oman;Explained by: Log GDP per capita;
2012.0;23.0;Oman;Explained by: Log GDP per capita;
2024.0;103.0;Namibia;Explained by: Log GDP per capita;1.182
2023.0;108.0;Pakistan;Explained by: Log GDP per capita;1.069
2022.0;108.0;Pakistan;Explained by: Log GDP per capita;1.081
2021.0;121.0;Pakistan;Explained by: Log GDP per capita;1.049
2020.0;106.0;Pakistan;Explained by: Log GDP per capita;0.637
2019.0;66.0;Pakistan;Explained by: Log GDP per capita;0.617
2018.0;67.0;Pakistan;Explained by: Log GDP per capita;
2017.0;75.0;Pakistan;Explained by: Log GDP per capita;
2016.0;80.0;Pakistan;Explained by: Log GDP per capita;
2015.0;92.0;Pakistan;Explained by: Log GDP per capita;
2014.0;81.0;Pakistan;Explained by: Log GDP per capita;
2012.0;81.0;Pakistan;Explained by: Log GDP per capita;
2011.0;85.0;Pakistan;Explained by: Log GDP per capita;
2024.0;104.0;Cameroon;Explained by: Log GDP per capita;0.944
2023.0;39.0;Panama;Explained by: Log GDP per capita;1.702
2022.0;38.0;Panama;Explained by: Log GDP per capita;1.714
2021.0;37.0;Panama;Explained by: Log GDP per capita;1.715
2020.0;42.0;Panama;Explained by: Log GDP per capita;1.298
2019.0;36.0;Panama;Explained by: Log GDP per capita;1.098
2018.0;31.0;Panama;Explained by: Log GDP per capita;
2017.0;27.0;Panama;Explained by: Log GDP per capita;
2016.0;30.0;Panama;Explained by: Log GDP per capita;
2015.0;25.0;Panama;Explained by: Log GDP per capita;
2014.0;25.0;Panama;Explained by: Log GDP per capita;
2012.0;15.0;Panama;Explained by: Log GDP per capita;
2011.0;21.0;Panama;Explained by: Log GDP per capita;
2024.0;105.0;Nigeria;Explained by: Log GDP per capita;0.989
2023.0;57.0;Paraguay;Explained by: Log GDP per capita;1.398
2022.0;66.0;Paraguay;Explained by: Log GDP per capita;1.428
2021.0;73.0;Paraguay;Explained by: Log GDP per capita;1.409
2020.0;72.0;Paraguay;Explained by: Log GDP per capita;0.983
2019.0;67.0;Paraguay;Explained by: Log GDP per capita;0.898
2018.0;63.0;Paraguay;Explained by: Log GDP per capita;
2017.0;64.0;Paraguay;Explained by: Log GDP per capita;
2016.0;70.0;Paraguay;Explained by: Log GDP per capita;
2015.0;70.0;Paraguay;Explained by: Log GDP per capita;
2014.0;53.0;Paraguay;Explained by: Log GDP per capita;
2012.0;54.0;Paraguay;Explained by: Log GDP per capita;
2011.0;70.0;Paraguay;Explained by: Log GDP per capita;
2024.0;106.0;Azerbaijan;Explained by: Log GDP per capita;1.428
2023.0;68.0;Peru;Explained by: Log GDP per capita;1.371
2022.0;75.0;Peru;Explained by: Log GDP per capita;1.39
2021.0;74.0;Peru;Explained by: Log GDP per capita;1.397
2020.0;64.0;Peru;Explained by: Log GDP per capita;0.986
2019.0;63.0;Peru;Explained by: Log GDP per capita;0.919
2018.0;65.0;Peru;Explained by: Log GDP per capita;
2017.0;65.0;Peru;Explained by: Log GDP per capita;
2016.0;63.0;Peru;Explained by: Log GDP per capita;
2015.0;64.0;Peru;Explained by: Log GDP per capita;
2014.0;58.0;Peru;Explained by: Log GDP per capita;
2012.0;55.0;Peru;Explained by: Log GDP per capita;
2011.0;77.0;Peru;Explained by: Log GDP per capita;
2024.0;107.0;Senegal;Explained by: Log GDP per capita;0.907
2023.0;53.0;Philippines;Explained by: Log GDP per capita;1.232
2022.0;76.0;Philippines;Explained by: Log GDP per capita;1.238
2021.0;60.0;Philippines;Explained by: Log GDP per capita;1.268
2020.0;62.0;Philippines;Explained by: Log GDP per capita;0.853
2019.0;52.0;Philippines;Explained by: Log GDP per capita;0.775
2018.0;69.0;Philippines;Explained by: Log GDP per capita;
2017.0;71.0;Philippines;Explained by: Log GDP per capita;
2016.0;72.0;Philippines;Explained by: Log GDP per capita;
2015.0;82.0;Philippines;Explained by: Log GDP per capita;
2014.0;90.0;Philippines;Explained by: Log GDP per capita;
2012.0;92.0;Philippines;Explained by: Log GDP per capita;
2011.0;103.0;Philippines;Explained by: Log GDP per capita;
2024.0;108.0;State of Palestine;Explained by: Log GDP per capita;1.047
2023.0;35.0;Poland;Explained by: Log GDP per capita;1.738
2022.0;39.0;Poland;Explained by: Log GDP per capita;1.767
2021.0;48.0;Poland;Explained by: Log GDP per capita;1.758
2020.0;45.0;Poland;Explained by: Log GDP per capita;1.309
2019.0;43.0;Poland;Explained by: Log GDP per capita;1.169
2018.0;40.0;Poland;Explained by: Log GDP per capita;
2017.0;42.0;Poland;Explained by: Log GDP per capita;
2016.0;46.0;Poland;Explained by: Log GDP per capita;
2015.0;57.0;Poland;Explained by: Log GDP per capita;
2014.0;60.0;Poland;Explained by: Log GDP per capita;
2012.0;51.0;Poland;Explained by: Log GDP per capita;
2011.0;53.0;Poland;Explained by: Log GDP per capita;
2024.0;109.0;Pakistan;Explained by: Log GDP per capita;0.982
2023.0;55.0;Portugal;Explained by: Log GDP per capita;1.728
2022.0;56.0;Portugal;Explained by: Log GDP per capita;1.758
2021.0;56.0;Portugal;Explained by: Log GDP per capita;1.76
2020.0;59.0;Portugal;Explained by: Log GDP per capita;1.323
2019.0;59.0;Portugal;Explained by: Log GDP per capita;1.169
2018.0;66.0;Portugal;Explained by: Log GDP per capita;
2017.0;77.0;Portugal;Explained by: Log GDP per capita;
2016.0;89.0;Portugal;Explained by: Log GDP per capita;
2015.0;94.0;Portugal;Explained by: Log GDP per capita;
2014.0;88.0;Portugal;Explained by: Log GDP per capita;
2012.0;85.0;Portugal;Explained by: Log GDP per capita;
2011.0;73.0;Portugal;Explained by: Log GDP per capita;
2015.0;15.0;Puerto Rico;Explained by: Log GDP per capita;
2011.0;27.0;Puerto Rico;Explained by: Log GDP per capita;
2018.0;29.0;Qatar;Explained by: Log GDP per capita;
2017.0;32.0;Qatar;Explained by: Log GDP per capita;
2016.0;35.0;Qatar;Explained by: Log GDP per capita;
2015.0;36.0;Qatar;Explained by: Log GDP per capita;
2014.0;28.0;Qatar;Explained by: Log GDP per capita;
2012.0;27.0;Qatar;Explained by: Log GDP per capita;
2011.0;31.0;Qatar;Explained by: Log GDP per capita;
2024.0;110.0;Niger;Explained by: Log GDP per capita;0.606
2023.0;52.0;Republic of Korea;Explained by: Log GDP per capita;1.815
2022.0;57.0;Republic of Korea;Explained by: Log GDP per capita;1.853
2021.0;59.0;Republic of Korea;Explained by: Log GDP per capita;1.851
2020.0;63.0;Republic of Korea;Explained by: Log GDP per capita;1.403
2019.0;61.0;Republic of Korea;Explained by: Log GDP per capita;1.245
2018.0;54.0;Republic of Korea;Explained by: Log GDP per capita;
2017.0;57.0;Republic of Korea;Explained by: Log GDP per capita;
2016.0;55.0;Republic of Korea;Explained by: Log GDP per capita;
2015.0;58.0;Republic of Korea;Explained by: Log GDP per capita;
2014.0;47.0;Republic of Korea;Explained by: Log GDP per capita;
2012.0;41.0;Republic of Korea;Explained by: Log GDP per capita;
2011.0;56.0;Republic of Korea;Explained by: Log GDP per capita;
2024.0;111.0;Ukraine;Explained by: Log GDP per capita;1.328
2023.0;71.0;Republic of Moldova;Explained by: Log GDP per capita;1.385
2022.0;63.0;Republic of Moldova;Explained by: Log GDP per capita;1.425
2021.0;62.0;Republic of Moldova;Explained by: Log GDP per capita;1.417
2020.0;66.0;Republic of Moldova;Explained by: Log GDP per capita;0.985
2019.0;70.0;Republic of Moldova;Explained by: Log GDP per capita;0.708
2018.0;71.0;Republic of Moldova;Explained by: Log GDP per capita;
2017.0;67.0;Republic of Moldova;Explained by: Log GDP per capita;
2016.0;56.0;Republic of Moldova;Explained by: Log GDP per capita;
2015.0;55.0;Republic of Moldova;Explained by: Log GDP per capita;
2014.0;52.0;Republic of Moldova;Explained by: Log GDP per capita;
2012.0;53.0;Republic of Moldova;Explained by: Log GDP per capita;
2011.0;75.0;Republic of Moldova;Explained by: Log GDP per capita;
2024.0;112.0;Morocco;Explained by: Log GDP per capita;1.139
2023.0;32.0;Romania;Explained by: Log GDP per capita;1.699
2022.0;24.0;Romania;Explained by: Log GDP per capita;1.726
2021.0;28.0;Romania;Explained by: Log GDP per capita;1.719
2020.0;47.0;Romania;Explained by: Log GDP per capita;1.275
2019.0;47.0;Romania;Explained by: Log GDP per capita;1.12
2018.0;48.0;Romania;Explained by: Log GDP per capita;
2017.0;52.0;Romania;Explained by: Log GDP per capita;
2016.0;57.0;Romania;Explained by: Log GDP per capita;
2015.0;71.0;Romania;Explained by: Log GDP per capita;
2014.0;86.0;Romania;Explained by: Log GDP per capita;
2012.0;90.0;Romania;Explained by: Log GDP per capita;
2011.0;80.0;Romania;Explained by: Log GDP per capita;
2024.0;113.0;Tunisia;Explained by: Log GDP per capita;1.257
2023.0;72.0;Russian Federation;Explained by: Log GDP per capita;1.642
2022.0;70.0;Russian Federation;Explained by: Log GDP per capita;1.68
2021.0;80.0;Russian Federation;Explained by: Log GDP per capita;1.685
2020.0;77.0;Russian Federation;Explained by: Log GDP per capita;1.241
2019.0;73.0;Russian Federation;Explained by: Log GDP per capita;1.127
2018.0;68.0;Russian Federation;Explained by: Log GDP per capita;
2017.0;59.0;Russian Federation;Explained by: Log GDP per capita;
2016.0;49.0;Russian Federation;Explained by: Log GDP per capita;
2015.0;56.0;Russian Federation;Explained by: Log GDP per capita;
2014.0;64.0;Russian Federation;Explained by: Log GDP per capita;
2012.0;68.0;Russian Federation;Explained by: Log GDP per capita;
2011.0;76.0;Russian Federation;Explained by: Log GDP per capita;
2021.0;143.0;Rwanda;Explained by: Log GDP per capita;0.785
2020.0;148.0;Rwanda;Explained by: Log GDP per capita;0.364
2019.0;150.0;Rwanda;Explained by: Log GDP per capita;0.343
2018.0;152.0;Rwanda;Explained by: Log GDP per capita;
2017.0;151.0;Rwanda;Explained by: Log GDP per capita;
2016.0;151.0;Rwanda;Explained by: Log GDP per capita;
2015.0;152.0;Rwanda;Explained by: Log GDP per capita;
2014.0;154.0;Rwanda;Explained by: Log GDP per capita;
2012.0;152.0;Rwanda;Explained by: Log GDP per capita;
2011.0;132.0;Rwanda;Explained by: Log GDP per capita;
2024.0;114.0;Mauritania;Explained by: Log GDP per capita;1.023
2023.0;28.0;Saudi Arabia;Explained by: Log GDP per capita;1.842
2022.0;30.0;Saudi Arabia;Explained by: Log GDP per capita;1.861
2021.0;25.0;Saudi Arabia;Explained by: Log GDP per capita;1.87
2020.0;27.0;Saudi Arabia;Explained by: Log GDP per capita;1.435
2019.0;27.0;Saudi Arabia;Explained by: Log GDP per capita;1.334
2018.0;28.0;Saudi Arabia;Explained by: Log GDP per capita;
2017.0;33.0;Saudi Arabia;Explained by: Log GDP per capita;
2016.0;37.0;Saudi Arabia;Explained by: Log GDP per capita;
2015.0;34.0;Saudi Arabia;Explained by: Log GDP per capita;
2014.0;35.0;Saudi Arabia;Explained by: Log GDP per capita;
2012.0;33.0;Saudi Arabia;Explained by: Log GDP per capita;
2011.0;26.0;Saudi Arabia;Explained by: Log GDP per capita;
2024.0;115.0;Kenya;Explained by: Log GDP per capita;0.994
2023.0;99.0;Senegal;Explained by: Log GDP per capita;0.927
2022.0;102.0;Senegal;Explained by: Log GDP per capita;0.943
2021.0;103.0;Senegal;Explained by: Log GDP per capita;0.933
2020.0;93.0;Senegal;Explained by: Log GDP per capita;0.518
2019.0;101.0;Senegal;Explained by: Log GDP per capita;0.504
2018.0;111.0;Senegal;Explained by: Log GDP per capita;
2017.0;109.0;Senegal;Explained by: Log GDP per capita;
2016.0;115.0;Senegal;Explained by: Log GDP per capita;
2015.0;128.0;Senegal;Explained by: Log GDP per capita;
2014.0;142.0;Senegal;Explained by: Log GDP per capita;
2012.0;147.0;Senegal;Explained by: Log GDP per capita;
2011.0;125.0;Senegal;Explained by: Log GDP per capita;
2024.0;116.0;Uganda;Explained by: Log GDP per capita;0.762
2023.0;37.0;Serbia;Explained by: Log GDP per capita;1.538
2022.0;45.0;Serbia;Explained by: Log GDP per capita;1.552
2021.0;43.0;Serbia;Explained by: Log GDP per capita;1.55
2020.0;49.0;Serbia;Explained by: Log GDP per capita;1.101
2019.0;64.0;Serbia;Explained by: Log GDP per capita;0.988
2018.0;70.0;Serbia;Explained by: Log GDP per capita;
2017.0;78.0;Serbia;Explained by: Log GDP per capita;
2016.0;73.0;Serbia;Explained by: Log GDP per capita;
2015.0;86.0;Serbia;Explained by: Log GDP per capita;
2014.0;87.0;Serbia;Explained by: Log GDP per capita;
2012.0;106.0;Serbia;Explained by: Log GDP per capita;
2011.0;118.0;Serbia;Explained by: Log GDP per capita;
2024.0;117.0;Gambia;Explained by: Log GDP per capita;0.778
2023.0;140.0;Sierra Leone;Explained by: Log GDP per capita;0.654
2022.0;135.0;Sierra Leone;Explained by: Log GDP per capita;0.67
2021.0;140.0;Sierra Leone;Explained by: Log GDP per capita;0.686
2020.0;139.0;Sierra Leone;Explained by: Log GDP per capita;0.279
2019.0;139.0;Sierra Leone;Explained by: Log GDP per capita;0.241
2018.0;129.0;Sierra Leone;Explained by: Log GDP per capita;
2017.0;113.0;Sierra Leone;Explained by: Log GDP per capita;
2016.0;106.0;Sierra Leone;Explained by: Log GDP per capita;
2015.0;111.0;Sierra Leone;Explained by: Log GDP per capita;
2014.0;123.0;Sierra Leone;Explained by: Log GDP per capita;
2012.0;127.0;Sierra Leone;Explained by: Log GDP per capita;
2011.0;153.0;Sierra Leone;Explained by: Log GDP per capita;
2024.0;118.0;India;Explained by: Log GDP per capita;1.149
2023.0;30.0;Singapore;Explained by: Log GDP per capita;2.118
2022.0;25.0;Singapore;Explained by: Log GDP per capita;2.168
2021.0;27.0;Singapore;Explained by: Log GDP per capita;2.149
2020.0;33.0;Singapore;Explained by: Log GDP per capita;1.695
2019.0;31.0;Singapore;Explained by: Log GDP per capita;1.52
2018.0;34.0;Singapore;Explained by: Log GDP per capita;
2017.0;34.0;Singapore;Explained by: Log GDP per capita;
2016.0;26.0;Singapore;Explained by: Log GDP per capita;
2015.0;22.0;Singapore;Explained by: Log GDP per capita;
2014.0;24.0;Singapore;Explained by: Log GDP per capita;
2012.0;30.0;Singapore;Explained by: Log GDP per capita;
2011.0;33.0;Singapore;Explained by: Log GDP per capita;
2024.0;119.0;Chad;Explained by: Log GDP per capita;0.592
2023.0;45.0;Slovakia;Explained by: Log GDP per capita;1.706
2022.0;29.0;Slovakia;Explained by: Log GDP per capita;1.731
2021.0;35.0;Slovakia;Explained by: Log GDP per capita;1.736
2020.0;35.0;Slovakia;Explained by: Log GDP per capita;1.304
2019.0;37.0;Slovakia;Explained by: Log GDP per capita;1.195
2018.0;38.0;Slovakia;Explained by: Log GDP per capita;
2017.0;39.0;Slovakia;Explained by: Log GDP per capita;
2016.0;40.0;Slovakia;Explained by: Log GDP per capita;
2015.0;45.0;Slovakia;Explained by: Log GDP per capita;
2014.0;45.0;Slovakia;Explained by: Log GDP per capita;
2012.0;46.0;Slovakia;Explained by: Log GDP per capita;
2011.0;55.0;Slovakia;Explained by: Log GDP per capita;
2024.0;120.0;Burkina Faso;Explained by: Log GDP per capita;0.724
2023.0;21.0;Slovenia;Explained by: Log GDP per capita;1.786
2022.0;22.0;Slovenia;Explained by: Log GDP per capita;1.815
2021.0;22.0;Slovenia;Explained by: Log GDP per capita;1.81
2020.0;30.0;Slovenia;Explained by: Log GDP per capita;1.36
2019.0;33.0;Slovenia;Explained by: Log GDP per capita;1.209
2018.0;44.0;Slovenia;Explained by: Log GDP per capita;
2017.0;51.0;Slovenia;Explained by: Log GDP per capita;
2016.0;62.0;Slovenia;Explained by: Log GDP per capita;
2015.0;63.0;Slovenia;Explained by: Log GDP per capita;
2014.0;55.0;Slovenia;Explained by: Log GDP per capita;
2012.0;44.0;Slovenia;Explained by: Log GDP per capita;
2011.0;49.0;Slovenia;Explained by: Log GDP per capita;
2024.0;121.0;Benin;Explained by: Log GDP per capita;0.855
2018.0;112.0;Somalia;Explained by: Log GDP per capita;
2017.0;98.0;Somalia;Explained by: Log GDP per capita;
2016.0;93.0;Somalia;Explained by: Log GDP per capita;
2015.0;76.0;Somalia;Explained by: Log GDP per capita;
2015.0;97.0;Somaliland Region;Explained by: Log GDP per capita;
2014.0;91.0;Somaliland Region;Explained by: Log GDP per capita;
2012.0;101.0;Somaliland Region;Explained by: Log GDP per capita;
2011.0;111.0;Somaliland Region;Explained by: Log GDP per capita;
2024.0;122.0;Somalia;Explained by: Log GDP per capita;0.535
2023.0;83.0;South Africa;Explained by: Log GDP per capita;1.389
2022.0;85.0;South Africa;Explained by: Log GDP per capita;1.417
2021.0;91.0;South Africa;Explained by: Log GDP per capita;1.425
2020.0;104.0;South Africa;Explained by: Log GDP per capita;0.967
2019.0;109.0;South Africa;Explained by: Log GDP per capita;0.902
2018.0;106.0;South Africa;Explained by: Log GDP per capita;
2017.0;105.0;South Africa;Explained by: Log GDP per capita;
2016.0;101.0;South Africa;Explained by: Log GDP per capita;
2015.0;116.0;South Africa;Explained by: Log GDP per capita;
2014.0;113.0;South Africa;Explained by: Log GDP per capita;
2012.0;96.0;South Africa;Explained by: Log GDP per capita;
2011.0;90.0;South Africa;Explained by: Log GDP per capita;
2019.0;152.0;South Sudan;Explained by: Log GDP per capita;0.289
2018.0;156.0;South Sudan;Explained by: Log GDP per capita;
2017.0;154.0;South Sudan;Explained by: Log GDP per capita;
2016.0;147.0;South Sudan;Explained by: Log GDP per capita;
2015.0;143.0;South Sudan;Explained by: Log GDP per capita;
2024.0;123.0;Mali;Explained by: Log GDP per capita;0.709
2023.0;36.0;Spain;Explained by: Log GDP per capita;1.766
2022.0;32.0;Spain;Explained by: Log GDP per capita;1.798
2021.0;29.0;Spain;Explained by: Log GDP per capita;1.808
2020.0;28.0;Spain;Explained by: Log GDP per capita;1.375
2019.0;28.0;Spain;Explained by: Log GDP per capita;1.231
2018.0;30.0;Spain;Explained by: Log GDP per capita;
2017.0;36.0;Spain;Explained by: Log GDP per capita;
2016.0;34.0;Spain;Explained by: Log GDP per capita;
2015.0;37.0;Spain;Explained by: Log GDP per capita;
2014.0;36.0;Spain;Explained by: Log GDP per capita;
2012.0;38.0;Spain;Explained by: Log GDP per capita;
2011.0;22.0;Spain;Explained by: Log GDP per capita;
2024.0;124.0;Cambodia;Explained by: Log GDP per capita;1.049
2023.0;128.0;Sri Lanka;Explained by: Log GDP per capita;1.361
2022.0;112.0;Sri Lanka;Explained by: Log GDP per capita;1.422
2021.0;127.0;Sri Lanka;Explained by: Log GDP per capita;1.415
2020.0;130.0;Sri Lanka;Explained by: Log GDP per capita;0.99
2019.0;130.0;Sri Lanka;Explained by: Log GDP per capita;0.898
2018.0;120.0;Sri Lanka;Explained by: Log GDP per capita;
2017.0;116.0;Sri Lanka;Explained by: Log GDP per capita;
2016.0;120.0;Sri Lanka;Explained by: Log GDP per capita;
2015.0;117.0;Sri Lanka;Explained by: Log GDP per capita;
2014.0;132.0;Sri Lanka;Explained by: Log GDP per capita;
2012.0;137.0;Sri Lanka;Explained by: Log GDP per capita;
2011.0;130.0;Sri Lanka;Explained by: Log GDP per capita;
2024.0;125.0;Ghana;Explained by: Log GDP per capita;1.053
2023.0;103.0;State of Palestine;Explained by: Log GDP per capita;
2022.0;99.0;State of Palestine;Explained by: Log GDP per capita;1.144
2021.0;122.0;State of Palestine;Explained by: Log GDP per capita;1.148
2020.0;126.0;State of Palestine;Explained by: Log GDP per capita;0.646
2019.0;125.0;State of Palestine;Explained by: Log GDP per capita;0.588
2018.0;110.0;State of Palestine;Explained by: Log GDP per capita;
2017.0;104.0;State of Palestine;Explained by: Log GDP per capita;
2016.0;103.0;State of Palestine;Explained by: Log GDP per capita;
2015.0;108.0;State of Palestine;Explained by: Log GDP per capita;
2014.0;108.0;State of Palestine;Explained by: Log GDP per capita;
2012.0;113.0;State of Palestine;Explained by: Log GDP per capita;
2011.0;120.0;State of Palestine;Explained by: Log GDP per capita;
2017.0;137.0;Sudan;Explained by: Log GDP per capita;
2016.0;130.0;Sudan;Explained by: Log GDP per capita;
2015.0;133.0;Sudan;Explained by: Log GDP per capita;
2014.0;118.0;Sudan;Explained by: Log GDP per capita;
2012.0;124.0;Sudan;Explained by: Log GDP per capita;
2011.0;124.0;Sudan;Explained by: Log GDP per capita;
2015.0;40.0;Suriname;Explained by: Log GDP per capita;
2014.0;40.0;Suriname;Explained by: Log GDP per capita;
2012.0;40.0;Suriname;Explained by: Log GDP per capita;
2020.0;131.0;Swaziland;Explained by: Log GDP per capita;0.849
2019.0;132.0;Swaziland;Explained by: Log GDP per capita;0.828
2018.0;135.0;Swaziland;Explained by: Log GDP per capita;
2014.0;101.0;Swaziland;Explained by: Log GDP per capita;
2012.0;100.0;Swaziland;Explained by: Log GDP per capita;
2024.0;126.0;Myanmar;Explained by: Log GDP per capita;0.975
2023.0;4.0;Sweden;Explained by: Log GDP per capita;1.878
2022.0;6.0;Sweden;Explained by: Log GDP per capita;1.921
2021.0;7.0;Sweden;Explained by: Log GDP per capita;1.92
2020.0;8.0;Sweden;Explained by: Log GDP per capita;1.478
2019.0;7.0;Sweden;Explained by: Log GDP per capita;1.322
2018.0;7.0;Sweden;Explained by: Log GDP per capita;
2017.0;9.0;Sweden;Explained by: Log GDP per capita;
2016.0;10.0;Sweden;Explained by: Log GDP per capita;
2015.0;10.0;Sweden;Explained by: Log GDP per capita;
2014.0;8.0;Sweden;Explained by: Log GDP per capita;
2012.0;5.0;Sweden;Explained by: Log GDP per capita;
2011.0;7.0;Sweden;Explained by: Log GDP per capita;
2024.0;127.0;Togo;Explained by: Log GDP per capita;0.757
2023.0;9.0;Switzerland;Explained by: Log GDP per capita;1.97
2022.0;8.0;Switzerland;Explained by: Log GDP per capita;2.022
2021.0;4.0;Switzerland;Explained by: Log GDP per capita;2.026
2020.0;4.0;Switzerland;Explained by: Log GDP per capita;1.566
2019.0;3.0;Switzerland;Explained by: Log GDP per capita;1.391
2018.0;6.0;Switzerland;Explained by: Log GDP per capita;
2017.0;5.0;Switzerland;Explained by: Log GDP per capita;
2016.0;4.0;Switzerland;Explained by: Log GDP per capita;
2015.0;2.0;Switzerland;Explained by: Log GDP per capita;
2014.0;1.0;Switzerland;Explained by: Log GDP per capita;
2012.0;3.0;Switzerland;Explained by: Log GDP per capita;
2011.0;6.0;Switzerland;Explained by: Log GDP per capita;
2018.0;149.0;Syria;Explained by: Log GDP per capita;
2017.0;150.0;Syria;Explained by: Log GDP per capita;
2016.0;152.0;Syria;Explained by: Log GDP per capita;
2015.0;156.0;Syria;Explained by: Log GDP per capita;
2014.0;156.0;Syria;Explained by: Log GDP per capita;
2012.0;148.0;Syria;Explained by: Log GDP per capita;
2011.0;107.0;Syria;Explained by: Log GDP per capita;
2024.0;128.0;Jordan;Explained by: Log GDP per capita;1.158
2023.0;31.0;Taiwan Province of China;Explained by: Log GDP per capita;1.842
2022.0;27.0;Taiwan Province of China;Explained by: Log GDP per capita;1.89
2021.0;26.0;Taiwan Province of China;Explained by: Log GDP per capita;1.897
2020.0;25.0;Taiwan Province of China;Explained by: Log GDP per capita;1.48
2019.0;25.0;Taiwan Province of China;Explained by: Log GDP per capita;1.327
2018.0;25.0;Taiwan Province of China;Explained by: Log GDP per capita;
2017.0;26.0;Taiwan Province of China;Explained by: Log GDP per capita;
2016.0;33.0;Taiwan Province of China;Explained by: Log GDP per capita;
2015.0;35.0;Taiwan Province of China;Explained by: Log GDP per capita;
2014.0;38.0;Taiwan Province of China;Explained by: Log GDP per capita;
2012.0;42.0;Taiwan Province of China;Explained by: Log GDP per capita;
2011.0;46.0;Taiwan Province of China;Explained by: Log GDP per capita;
2024.0;129.0;Liberia;Explained by: Log GDP per capita;0.582
2023.0;88.0;Tajikistan;Explained by: Log GDP per capita;
2022.0;80.0;Tajikistan;Explained by: Log GDP per capita;0.972
2021.0;83.0;Tajikistan;Explained by: Log GDP per capita;0.966
2020.0;79.0;Tajikistan;Explained by: Log GDP per capita;0.508
2019.0;71.0;Tajikistan;Explained by: Log GDP per capita;0.475
2018.0;74.0;Tajikistan;Explained by: Log GDP per capita;
2017.0;80.0;Tajikistan;Explained by: Log GDP per capita;
2016.0;96.0;Tajikistan;Explained by: Log GDP per capita;
2015.0;100.0;Tajikistan;Explained by: Log GDP per capita;
2014.0;106.0;Tajikistan;Explained by: Log GDP per capita;
2012.0;125.0;Tajikistan;Explained by: Log GDP per capita;
2011.0;115.0;Tajikistan;Explained by: Log GDP per capita;
2024.0;130.0;Madagascar;Explained by: Log GDP per capita;0.588
2023.0;131.0;Tanzania;Explained by: Log GDP per capita;0.82
2022.0;129.0;Tanzania;Explained by: Log GDP per capita;0.836
2021.0;139.0;Tanzania;Explained by: Log GDP per capita;0.848
2020.0;143.0;Tanzania;Explained by: Log GDP per capita;0.433
2019.0;148.0;Tanzania;Explained by: Log GDP per capita;0.457
2018.0;153.0;Tanzania;Explained by: Log GDP per capita;
2017.0;153.0;Tanzania;Explained by: Log GDP per capita;
2016.0;153.0;Tanzania;Explained by: Log GDP per capita;
2015.0;149.0;Tanzania;Explained by: Log GDP per capita;
2014.0;146.0;Tanzania;Explained by: Log GDP per capita;
2012.0;151.0;Tanzania;Explained by: Log GDP per capita;
2011.0;149.0;Tanzania;Explained by: Log GDP per capita;
2024.0;131.0;Zambia;Explained by: Log GDP per capita;0.848
2023.0;58.0;Thailand;Explained by: Log GDP per capita;1.484
2022.0;60.0;Thailand;Explained by: Log GDP per capita;1.515
2021.0;61.0;Thailand;Explained by: Log GDP per capita;1.535
2020.0;55.0;Thailand;Explained by: Log GDP per capita;1.107
2019.0;54.0;Thailand;Explained by: Log GDP per capita;1.007
2018.0;52.0;Thailand;Explained by: Log GDP per capita;
2017.0;46.0;Thailand;Explained by: Log GDP per capita;
2016.0;32.0;Thailand;Explained by: Log GDP per capita;
2015.0;33.0;Thailand;Explained by: Log GDP per capita;
2014.0;34.0;Thailand;Explained by: Log GDP per capita;
2012.0;36.0;Thailand;Explained by: Log GDP per capita;
2011.0;52.0;Thailand;Explained by: Log GDP per capita;
2024.0;132.0;Ethiopia;Explained by: Log GDP per capita;0.757
2023.0;124.0;Togo;Explained by: Log GDP per capita;0.758
2022.0;122.0;Togo;Explained by: Log GDP per capita;0.77
2021.0;135.0;Togo;Explained by: Log GDP per capita;0.771
2020.0;137.0;Togo;Explained by: Log GDP per capita;0.254
2019.0;135.0;Togo;Explained by: Log GDP per capita;0.268
2018.0;139.0;Togo;Explained by: Log GDP per capita;
2017.0;139.0;Togo;Explained by: Log GDP per capita;
2016.0;150.0;Togo;Explained by: Log GDP per capita;
2015.0;155.0;Togo;Explained by: Log GDP per capita;
2014.0;158.0;Togo;Explained by: Log GDP per capita;
2012.0;156.0;Togo;Explained by: Log GDP per capita;
2011.0;156.0;Togo;Explained by: Log GDP per capita;
2024.0;133.0;Sri Lanka;Explained by: Log GDP per capita;1.271
2019.0;42.0;Trinidad and Tobago;Explained by: Log GDP per capita;1.168
2018.0;39.0;Trinidad and Tobago;Explained by: Log GDP per capita;
2017.0;38.0;Trinidad and Tobago;Explained by: Log GDP per capita;
2016.0;38.0;Trinidad and Tobago;Explained by: Log GDP per capita;
2015.0;43.0;Trinidad and Tobago;Explained by: Log GDP per capita;
2014.0;41.0;Trinidad and Tobago;Explained by: Log GDP per capita;
2012.0;31.0;Trinidad and Tobago;Explained by: Log GDP per capita;
2011.0;38.0;Trinidad and Tobago;Explained by: Log GDP per capita;
2024.0;134.0;Bangladesh;Explained by: Log GDP per capita;1.116
2023.0;115.0;Tunisia;Explained by: Log GDP per capita;1.306
2022.0;110.0;Tunisia;Explained by: Log GDP per capita;1.333
2021.0;120.0;Tunisia;Explained by: Log GDP per capita;1.35
2020.0;123.0;Tunisia;Explained by: Log GDP per capita;0.919
2019.0;128.0;Tunisia;Explained by: Log GDP per capita;0.875
2018.0;124.0;Tunisia;Explained by: Log GDP per capita;
2017.0;111.0;Tunisia;Explained by: Log GDP per capita;
2016.0;102.0;Tunisia;Explained by: Log GDP per capita;
2015.0;98.0;Tunisia;Explained by: Log GDP per capita;
2014.0;107.0;Tunisia;Explained by: Log GDP per capita;
2012.0;104.0;Tunisia;Explained by: Log GDP per capita;
2011.0;87.0;Tunisia;Explained by: Log GDP per capita;
2024.0;135.0;Egypt;Explained by: Log GDP per capita;1.347
2023.0;98.0;Türkiye;Explained by: Log GDP per capita;1.702
2022.0;106.0;Türkiye;Explained by: Log GDP per capita;1.714
2021.0;112.0;Türkiye;Explained by: Log GDP per capita;1.707
2020.0;105.0;Türkiye;Explained by: Log GDP per capita;1.26
2019.0;93.0;Türkiye;Explained by: Log GDP per capita;1.127
2018.0;79.0;Türkiye;Explained by: Log GDP per capita;
2017.0;74.0;Türkiye;Explained by: Log GDP per capita;
2016.0;69.0;Türkiye;Explained by: Log GDP per capita;
2015.0;78.0;Türkiye;Explained by: Log GDP per capita;
2014.0;76.0;Türkiye;Explained by: Log GDP per capita;
2012.0;77.0;Türkiye;Explained by: Log GDP per capita;
2011.0;78.0;Türkiye;Explained by: Log GDP per capita;
2021.0;78.0;Turkmenistan;Explained by: Log GDP per capita;1.484
2020.0;98.0;Turkmenistan;Explained by: Log GDP per capita;1.046
2019.0;95.0;Turkmenistan;Explained by: Log GDP per capita;1.009
2018.0;87.0;Turkmenistan;Explained by: Log GDP per capita;
2017.0;68.0;Turkmenistan;Explained by: Log GDP per capita;
2016.0;59.0;Turkmenistan;Explained by: Log GDP per capita;
2015.0;65.0;Turkmenistan;Explained by: Log GDP per capita;
2014.0;70.0;Turkmenistan;Explained by: Log GDP per capita;
2012.0;59.0;Turkmenistan;Explained by: Log GDP per capita;
2011.0;32.0;Turkmenistan;Explained by: Log GDP per capita;
2024.0;136.0;Tanzania;Explained by: Log GDP per capita;0.847
2023.0;117.0;Uganda;Explained by: Log GDP per capita;0.772
2022.0;113.0;Uganda;Explained by: Log GDP per capita;0.785
2021.0;117.0;Uganda;Explained by: Log GDP per capita;0.777
2020.0;120.0;Uganda;Explained by: Log GDP per capita;0.364
2019.0;126.0;Uganda;Explained by: Log GDP per capita;0.312
2018.0;136.0;Uganda;Explained by: Log GDP per capita;
2017.0;135.0;Uganda;Explained by: Log GDP per capita;
2016.0;133.0;Uganda;Explained by: Log GDP per capita;
2015.0;146.0;Uganda;Explained by: Log GDP per capita;
2014.0;141.0;Uganda;Explained by: Log GDP per capita;
2012.0;120.0;Uganda;Explained by: Log GDP per capita;
2011.0;128.0;Uganda;Explained by: Log GDP per capita;
2024.0;137.0;Eswatini;Explained by: Log GDP per capita;1.183
2023.0;105.0;Ukraine;Explained by: Log GDP per capita;1.35
2022.0;92.0;Ukraine;Explained by: Log GDP per capita;1.358
2021.0;98.0;Ukraine;Explained by: Log GDP per capita;1.411
2020.0;111.0;Ukraine;Explained by: Log GDP per capita;0.979
2019.0;123.0;Ukraine;Explained by: Log GDP per capita;0.78
2018.0;133.0;Ukraine;Explained by: Log GDP per capita;
2017.0;138.0;Ukraine;Explained by: Log GDP per capita;
2016.0;132.0;Ukraine;Explained by: Log GDP per capita;
2015.0;123.0;Ukraine;Explained by: Log GDP per capita;
2014.0;111.0;Ukraine;Explained by: Log GDP per capita;
2012.0;87.0;Ukraine;Explained by: Log GDP per capita;
2011.0;91.0;Ukraine;Explained by: Log GDP per capita;
2024.0;138.0;Lesotho;Explained by: Log GDP per capita;0.737
2023.0;22.0;United Arab Emirates;Explained by: Log GDP per capita;1.983
2022.0;26.0;United Arab Emirates;Explained by: Log GDP per capita;2.015
2021.0;24.0;United Arab Emirates;Explained by: Log GDP per capita;1.998
2020.0;26.0;United Arab Emirates;Explained by: Log GDP per capita;1.555
2019.0;21.0;United Arab Emirates;Explained by: Log GDP per capita;1.431
2018.0;21.0;United Arab Emirates;Explained by: Log GDP per capita;
2017.0;20.0;United Arab Emirates;Explained by: Log GDP per capita;
2016.0;21.0;United Arab Emirates;Explained by: Log GDP per capita;
2015.0;28.0;United Arab Emirates;Explained by: Log GDP per capita;
2014.0;20.0;United Arab Emirates;Explained by: Log GDP per capita;
2012.0;14.0;United Arab Emirates;Explained by: Log GDP per capita;
2011.0;17.0;United Arab Emirates;Explained by: Log GDP per capita;
2024.0;139.0;Comoros;Explained by: Log GDP per capita;0.835
2023.0;20.0;United Kingdom;Explained by: Log GDP per capita;1.822
2022.0;19.0;United Kingdom;Explained by: Log GDP per capita;1.857
2021.0;17.0;United Kingdom;Explained by: Log GDP per capita;1.867
2020.0;18.0;United Kingdom;Explained by: Log GDP per capita;1.423
2019.0;13.0;United Kingdom;Explained by: Log GDP per capita;1.273
2018.0;15.0;United Kingdom;Explained by: Log GDP per capita;
2017.0;19.0;United Kingdom;Explained by: Log GDP per capita;
2016.0;19.0;United Kingdom;Explained by: Log GDP per capita;
2015.0;23.0;United Kingdom;Explained by: Log GDP per capita;
2014.0;21.0;United Kingdom;Explained by: Log GDP per capita;
2012.0;22.0;United Kingdom;Explained by: Log GDP per capita;
2011.0;18.0;United Kingdom;Explained by: Log GDP per capita;
2024.0;140.0;Yemen;Explained by: Log GDP per capita;0.631
2023.0;23.0;United States;Explained by: Log GDP per capita;1.939
2022.0;15.0;United States;Explained by: Log GDP per capita;1.98
2021.0;16.0;United States;Explained by: Log GDP per capita;1.982
2020.0;20.0;United States;Explained by: Log GDP per capita;1.533
2019.0;18.0;United States;Explained by: Log GDP per capita;1.374
2018.0;19.0;United States;Explained by: Log GDP per capita;
2017.0;18.0;United States;Explained by: Log GDP per capita;
2016.0;14.0;United States;Explained by: Log GDP per capita;
2015.0;13.0;United States;Explained by: Log GDP per capita;
2014.0;15.0;United States;Explained by: Log GDP per capita;
2012.0;17.0;United States;Explained by: Log GDP per capita;
2011.0;11.0;United States;Explained by: Log GDP per capita;
2024.0;141.0;DR Congo;Explained by: Log GDP per capita;0.544
2023.0;26.0;Uruguay;Explained by: Log GDP per capita;1.596
2022.0;28.0;Uruguay;Explained by: Log GDP per capita;1.617
2021.0;30.0;Uruguay;Explained by: Log GDP per capita;1.615
2020.0;32.0;Uruguay;Explained by: Log GDP per capita;1.164
2019.0;26.0;Uruguay;Explained by: Log GDP per capita;1.071
2018.0;33.0;Uruguay;Explained by: Log GDP per capita;
2017.0;31.0;Uruguay;Explained by: Log GDP per capita;
2016.0;28.0;Uruguay;Explained by: Log GDP per capita;
2015.0;29.0;Uruguay;Explained by: Log GDP per capita;
2014.0;32.0;Uruguay;Explained by: Log GDP per capita;
2012.0;37.0;Uruguay;Explained by: Log GDP per capita;
2011.0;50.0;Uruguay;Explained by: Log GDP per capita;
2024.0;142.0;Botswana;Explained by: Log GDP per capita;1.388
2023.0;47.0;Uzbekistan;Explained by: Log GDP per capita;1.212
2022.0;54.0;Uzbekistan;Explained by: Log GDP per capita;1.227
2021.0;53.0;Uzbekistan;Explained by: Log GDP per capita;1.219
2020.0;43.0;Uzbekistan;Explained by: Log GDP per capita;0.769
2019.0;38.0;Uzbekistan;Explained by: Log GDP per capita;0.697
2018.0;41.0;Uzbekistan;Explained by: Log GDP per capita;
2017.0;44.0;Uzbekistan;Explained by: Log GDP per capita;
2016.0;47.0;Uzbekistan;Explained by: Log GDP per capita;
2015.0;49.0;Uzbekistan;Explained by: Log GDP per capita;
2014.0;44.0;Uzbekistan;Explained by: Log GDP per capita;
2012.0;60.0;Uzbekistan;Explained by: Log GDP per capita;
2011.0;79.0;Uzbekistan;Explained by: Log GDP per capita;
2024.0;143.0;Zimbabwe;Explained by: Log GDP per capita;0.827
2023.0;79.0;Venezuela;Explained by: Log GDP per capita;0.0
2022.0;88.0;Venezuela;Explained by: Log GDP per capita;0.0
2021.0;108.0;Venezuela;Explained by: Log GDP per capita;0.0
2020.0;108.0;Venezuela;Explained by: Log GDP per capita;0.852
2019.0;99.0;Venezuela;Explained by: Log GDP per capita;0.77
2018.0;108.0;Venezuela;Explained by: Log GDP per capita;
2017.0;102.0;Venezuela;Explained by: Log GDP per capita;
2016.0;82.0;Venezuela;Explained by: Log GDP per capita;
2015.0;44.0;Venezuela;Explained by: Log GDP per capita;
2014.0;23.0;Venezuela;Explained by: Log GDP per capita;
2012.0;20.0;Venezuela;Explained by: Log GDP per capita;
2011.0;19.0;Venezuela;Explained by: Log GDP per capita;
2024.0;144.0;Malawi;Explained by: Log GDP per capita;0.588
2023.0;54.0;Viet Nam;Explained by: Log GDP per capita;1.331
2022.0;65.0;Viet Nam;Explained by: Log GDP per capita;1.349
2021.0;77.0;Viet Nam;Explained by: Log GDP per capita;1.252
2020.0;80.0;Viet Nam;Explained by: Log GDP per capita;0.817
2019.0;83.0;Viet Nam;Explained by: Log GDP per capita;0.718
2018.0;94.0;Viet Nam;Explained by: Log GDP per capita;
2017.0;95.0;Viet Nam;Explained by: Log GDP per capita;
2016.0;94.0;Viet Nam;Explained by: Log GDP per capita;
2015.0;96.0;Viet Nam;Explained by: Log GDP per capita;
2014.0;75.0;Viet Nam;Explained by: Log GDP per capita;
2012.0;63.0;Viet Nam;Explained by: Log GDP per capita;
2011.0;65.0;Viet Nam;Explained by: Log GDP per capita;
2024.0;145.0;Lebanon;Explained by: Log GDP per capita;1.223
2023.0;133.0;Yemen;Explained by: Log GDP per capita;0.671
2021.0;132.0;Yemen;Explained by: Log GDP per capita;0.691
2020.0;142.0;Yemen;Explained by: Log GDP per capita;0.329
2019.0;146.0;Yemen;Explained by: Log GDP per capita;0.393
2018.0;151.0;Yemen;Explained by: Log GDP per capita;
2017.0;152.0;Yemen;Explained by: Log GDP per capita;
2016.0;146.0;Yemen;Explained by: Log GDP per capita;
2015.0;147.0;Yemen;Explained by: Log GDP per capita;
2014.0;136.0;Yemen;Explained by: Log GDP per capita;
2012.0;142.0;Yemen;Explained by: Log GDP per capita;
2011.0;123.0;Yemen;Explained by: Log GDP per capita;
2024.0;146.0;Sierra Leone;Explained by: Log GDP per capita;0.786
2023.0;134.0;Zambia;Explained by: Log GDP per capita;0.899
2022.0;128.0;Zambia;Explained by: Log GDP per capita;0.914
2021.0;137.0;Zambia;Explained by: Log GDP per capita;0.93
2020.0;138.0;Zambia;Explained by: Log GDP per capita;0.528
2019.0;141.0;Zambia;Explained by: Log GDP per capita;0.537
2018.0;138.0;Zambia;Explained by: Log GDP per capita;
2017.0;125.0;Zambia;Explained by: Log GDP per capita;
2016.0;116.0;Zambia;Explained by: Log GDP per capita;
2015.0;106.0;Zambia;Explained by: Log GDP per capita;
2014.0;85.0;Zambia;Explained by: Log GDP per capita;
2012.0;91.0;Zambia;Explained by: Log GDP per capita;
2011.0;109.0;Zambia;Explained by: Log GDP per capita;
2024.0;147.0;Afghanistan;Explained by: Log GDP per capita;0.649
2023.0;138.0;Zimbabwe;Explained by: Log GDP per capita;0.748
2022.0;134.0;Zimbabwe;Explained by: Log GDP per capita;0.758
2021.0;144.0;Zimbabwe;Explained by: Log GDP per capita;0.947
2020.0;149.0;Zimbabwe;Explained by: Log GDP per capita;0.457
2019.0;151.0;Zimbabwe;Explained by: Log GDP per capita;0.426
2018.0;146.0;Zimbabwe;Explained by: Log GDP per capita;
2017.0;144.0;Zimbabwe;Explained by: Log GDP per capita;
2016.0;138.0;Zimbabwe;Explained by: Log GDP per capita;
2015.0;131.0;Zimbabwe;Explained by: Log GDP per capita;
2014.0;115.0;Zimbabwe;Explained by: Log GDP per capita;
2012.0;103.0;Zimbabwe;Explained by: Log GDP per capita;
2011.0;142.0;Zimbabwe;Explained by: Log GDP per capita;
2024.0;1.0;Finland;Explained by: Social support;1.783
2023.0;143.0;Afghanistan;Explained by: Social support;0.0
2022.0;137.0;Afghanistan;Explained by: Social support;0.0
2021.0;146.0;Afghanistan;Explained by: Social support;0.0
2020.0;150.0;Afghanistan;Explained by: Social support;0.0
2019.0;153.0;Afghanistan;Explained by: Social support;0.356
2018.0;154.0;Afghanistan;Explained by: Social support;
2017.0;145.0;Afghanistan;Explained by: Social support;
2016.0;141.0;Afghanistan;Explained by: Social support;
2015.0;154.0;Afghanistan;Explained by: Social support;
2014.0;153.0;Afghanistan;Explained by: Social support;
2012.0;143.0;Afghanistan;Explained by: Social support;
2011.0;131.0;Afghanistan;Explained by: Social support;
2024.0;2.0;Denmark;Explained by: Social support;1.748
2023.0;87.0;Albania;Explained by: Social support;0.924
2022.0;83.0;Albania;Explained by: Social support;0.951
2021.0;90.0;Albania;Explained by: Social support;0.646
2020.0;94.0;Albania;Explained by: Social support;0.529
2019.0;105.0;Albania;Explained by: Social support;0.83
2018.0;107.0;Albania;Explained by: Social support;
2017.0;112.0;Albania;Explained by: Social support;
2016.0;109.0;Albania;Explained by: Social support;
2015.0;109.0;Albania;Explained by: Social support;
2014.0;95.0;Albania;Explained by: Social support;
2012.0;62.0;Albania;Explained by: Social support;
2011.0;88.0;Albania;Explained by: Social support;
2024.0;3.0;Iceland;Explained by: Social support;1.84
2023.0;85.0;Algeria;Explained by: Social support;1.191
2022.0;81.0;Algeria;Explained by: Social support;1.298
2021.0;96.0;Algeria;Explained by: Social support;0.97
2020.0;110.0;Algeria;Explained by: Social support;0.765
2019.0;100.0;Algeria;Explained by: Social support;1.143
2018.0;88.0;Algeria;Explained by: Social support;
2017.0;84.0;Algeria;Explained by: Social support;
2016.0;53.0;Algeria;Explained by: Social support;
2015.0;38.0;Algeria;Explained by: Social support;
2014.0;68.0;Algeria;Explained by: Social support;
2012.0;73.0;Algeria;Explained by: Social support;
2011.0;71.0;Algeria;Explained by: Social support;
2017.0;142.0;Angola;Explained by: Social support;
2016.0;140.0;Angola;Explained by: Social support;
2015.0;141.0;Angola;Explained by: Social support;
2014.0;137.0;Angola;Explained by: Social support;
2012.0;61.0;Angola;Explained by: Social support;
2011.0;135.0;Angola;Explained by: Social support;
2024.0;4.0;Sweden;Explained by: Social support;1.698
2023.0;48.0;Argentina;Explained by: Social support;1.381
2022.0;52.0;Argentina;Explained by: Social support;1.388
2021.0;57.0;Argentina;Explained by: Social support;1.102
2020.0;58.0;Argentina;Explained by: Social support;0.98
2019.0;55.0;Argentina;Explained by: Social support;1.373
2018.0;47.0;Argentina;Explained by: Social support;
2017.0;29.0;Argentina;Explained by: Social support;
2016.0;24.0;Argentina;Explained by: Social support;
2015.0;26.0;Argentina;Explained by: Social support;
2014.0;30.0;Argentina;Explained by: Social support;
2012.0;29.0;Argentina;Explained by: Social support;
2011.0;39.0;Argentina;Explained by: Social support;
2024.0;5.0;Netherlands;Explained by: Social support;1.667
2023.0;82.0;Armenia;Explained by: Social support;1.154
2022.0;79.0;Armenia;Explained by: Social support;1.134
2021.0;82.0;Armenia;Explained by: Social support;0.82
2020.0;87.0;Armenia;Explained by: Social support;0.758
2019.0;116.0;Armenia;Explained by: Social support;1.035
2018.0;116.0;Armenia;Explained by: Social support;
2017.0;129.0;Armenia;Explained by: Social support;
2016.0;121.0;Armenia;Explained by: Social support;
2015.0;121.0;Armenia;Explained by: Social support;
2014.0;127.0;Armenia;Explained by: Social support;
2012.0;128.0;Armenia;Explained by: Social support;
2011.0;122.0;Armenia;Explained by: Social support;
2024.0;6.0;Costa Rica;Explained by: Social support;1.6
2023.0;10.0;Australia;Explained by: Social support;1.461
2022.0;12.0;Australia;Explained by: Social support;1.497
2021.0;12.0;Australia;Explained by: Social support;1.203
2020.0;12.0;Australia;Explained by: Social support;1.076
2019.0;12.0;Australia;Explained by: Social support;1.477
2018.0;11.0;Australia;Explained by: Social support;
2017.0;10.0;Australia;Explained by: Social support;
2016.0;9.0;Australia;Explained by: Social support;
2015.0;9.0;Australia;Explained by: Social support;
2014.0;10.0;Australia;Explained by: Social support;
2012.0;10.0;Australia;Explained by: Social support;
2011.0;9.0;Australia;Explained by: Social support;
2024.0;7.0;Norway;Explained by: Social support;1.711
2023.0;14.0;Austria;Explained by: Social support;1.336
2022.0;11.0;Austria;Explained by: Social support;1.382
2021.0;11.0;Austria;Explained by: Social support;1.165
2020.0;11.0;Austria;Explained by: Social support;1.062
2019.0;9.0;Austria;Explained by: Social support;1.437
2018.0;10.0;Austria;Explained by: Social support;
2017.0;12.0;Austria;Explained by: Social support;
2016.0;13.0;Austria;Explained by: Social support;
2015.0;12.0;Austria;Explained by: Social support;
2014.0;13.0;Austria;Explained by: Social support;
2012.0;8.0;Austria;Explained by: Social support;
2011.0;13.0;Austria;Explained by: Social support;
2024.0;8.0;Israel;Explained by: Social support;1.743
2023.0;101.0;Azerbaijan;Explained by: Social support;0.876
2021.0;92.0;Azerbaijan;Explained by: Social support;1.093
2020.0;91.0;Azerbaijan;Explained by: Social support;0.841
2019.0;89.0;Azerbaijan;Explained by: Social support;1.181
2018.0;90.0;Azerbaijan;Explained by: Social support;
2017.0;87.0;Azerbaijan;Explained by: Social support;
2016.0;85.0;Azerbaijan;Explained by: Social support;
2015.0;81.0;Azerbaijan;Explained by: Social support;
2014.0;80.0;Azerbaijan;Explained by: Social support;
2012.0;116.0;Azerbaijan;Explained by: Social support;
2011.0;116.0;Azerbaijan;Explained by: Social support;
2024.0;9.0;Luxembourg;Explained by: Social support;1.558
2023.0;62.0;Bahrain;Explained by: Social support;
2022.0;42.0;Bahrain;Explained by: Social support;1.269
2021.0;21.0;Bahrain;Explained by: Social support;1.029
2020.0;23.0;Bahrain;Explained by: Social support;0.899
2019.0;40.0;Bahrain;Explained by: Social support;1.315
2018.0;37.0;Bahrain;Explained by: Social support;
2017.0;43.0;Bahrain;Explained by: Social support;
2016.0;41.0;Bahrain;Explained by: Social support;
2015.0;42.0;Bahrain;Explained by: Social support;
2014.0;49.0;Bahrain;Explained by: Social support;
2012.0;79.0;Bahrain;Explained by: Social support;
2011.0;61.0;Bahrain;Explained by: Social support;
2024.0;10.0;Mexico;Explained by: Social support;1.504
2023.0;129.0;Bangladesh;Explained by: Social support;0.249
2022.0;118.0;Bangladesh;Explained by: Social support;0.513
2021.0;94.0;Bangladesh;Explained by: Social support;0.614
2020.0;102.0;Bangladesh;Explained by: Social support;0.52
2019.0;107.0;Bangladesh;Explained by: Social support;0.869
2018.0;125.0;Bangladesh;Explained by: Social support;
2017.0;115.0;Bangladesh;Explained by: Social support;
2016.0;110.0;Bangladesh;Explained by: Social support;
2015.0;110.0;Bangladesh;Explained by: Social support;
2014.0;109.0;Bangladesh;Explained by: Social support;
2012.0;108.0;Bangladesh;Explained by: Social support;
2011.0;104.0;Bangladesh;Explained by: Social support;
2021.0;65.0;Belarus;Explained by: Social support;1.157
2020.0;76.0;Belarus;Explained by: Social support;1.007
2019.0;75.0;Belarus;Explained by: Social support;1.387
2018.0;81.0;Belarus;Explained by: Social support;
2017.0;73.0;Belarus;Explained by: Social support;
2016.0;67.0;Belarus;Explained by: Social support;
2015.0;61.0;Belarus;Explained by: Social support;
2014.0;59.0;Belarus;Explained by: Social support;
2012.0;66.0;Belarus;Explained by: Social support;
2011.0;62.0;Belarus;Explained by: Social support;
2024.0;11.0;Australia;Explained by: Social support;1.647
2023.0;16.0;Belgium;Explained by: Social support;1.44
2022.0;17.0;Belgium;Explained by: Social support;1.449
2021.0;19.0;Belgium;Explained by: Social support;1.106
2020.0;21.0;Belgium;Explained by: Social support;0.998
2019.0;20.0;Belgium;Explained by: Social support;1.399
2018.0;18.0;Belgium;Explained by: Social support;
2017.0;16.0;Belgium;Explained by: Social support;
2016.0;17.0;Belgium;Explained by: Social support;
2015.0;18.0;Belgium;Explained by: Social support;
2014.0;19.0;Belgium;Explained by: Social support;
2012.0;21.0;Belgium;Explained by: Social support;
2011.0;15.0;Belgium;Explained by: Social support;
2024.0;12.0;New Zealand;Explained by: Social support;1.712
2017.0;49.0;Belize;Explained by: Social support;
2016.0;50.0;Belize;Explained by: Social support;
2015.0;52.0;Belize;Explained by: Social support;
2011.0;34.0;Belize;Explained by: Social support;
2024.0;13.0;Switzerland;Explained by: Social support;1.622
2023.0;116.0;Benin;Explained by: Social support;0.128
2022.0;116.0;Benin;Explained by: Social support;0.242
2021.0;115.0;Benin;Explained by: Social support;0.064
2020.0;100.0;Benin;Explained by: Social support;0.058
2019.0;86.0;Benin;Explained by: Social support;0.352
2018.0;102.0;Benin;Explained by: Social support;
2017.0;136.0;Benin;Explained by: Social support;
2016.0;143.0;Benin;Explained by: Social support;
2015.0;153.0;Benin;Explained by: Social support;
2014.0;155.0;Benin;Explained by: Social support;
2012.0;155.0;Benin;Explained by: Social support;
2011.0;155.0;Benin;Explained by: Social support;
2018.0;95.0;Bhutan;Explained by: Social support;
2017.0;97.0;Bhutan;Explained by: Social support;
2016.0;97.0;Bhutan;Explained by: Social support;
2015.0;84.0;Bhutan;Explained by: Social support;
2014.0;79.0;Bhutan;Explained by: Social support;
2024.0;14.0;Belgium;Explained by: Social support;1.646
2023.0;73.0;Bolivia;Explained by: Social support;1.179
2022.0;69.0;Bolivia;Explained by: Social support;1.187
2021.0;71.0;Bolivia;Explained by: Social support;0.88
2020.0;70.0;Bolivia;Explained by: Social support;0.782
2019.0;65.0;Bolivia;Explained by: Social support;1.142
2018.0;61.0;Bolivia;Explained by: Social support;
2017.0;62.0;Bolivia;Explained by: Social support;
2016.0;58.0;Bolivia;Explained by: Social support;
2015.0;59.0;Bolivia;Explained by: Social support;
2014.0;51.0;Bolivia;Explained by: Social support;
2012.0;50.0;Bolivia;Explained by: Social support;
2011.0;57.0;Bolivia;Explained by: Social support;
2024.0;15.0;Ireland;Explained by: Social support;1.659
2023.0;65.0;Bosnia and Herzegovina;Explained by: Social support;1.318
2022.0;71.0;Bosnia and Herzegovina;Explained by: Social support;1.361
2021.0;67.0;Bosnia and Herzegovina;Explained by: Social support;1.068
2020.0;65.0;Bosnia and Herzegovina;Explained by: Social support;0.919
2019.0;69.0;Bosnia and Herzegovina;Explained by: Social support;1.204
2018.0;78.0;Bosnia and Herzegovina;Explained by: Social support;
2017.0;93.0;Bosnia and Herzegovina;Explained by: Social support;
2016.0;90.0;Bosnia and Herzegovina;Explained by: Social support;
2015.0;87.0;Bosnia and Herzegovina;Explained by: Social support;
2014.0;96.0;Bosnia and Herzegovina;Explained by: Social support;
2012.0;107.0;Bosnia and Herzegovina;Explained by: Social support;
2011.0;99.0;Bosnia and Herzegovina;Explained by: Social support;
2024.0;16.0;Lithuania;Explained by: Social support;1.699
2023.0;137.0;Botswana;Explained by: Social support;0.969
2022.0;132.0;Botswana;Explained by: Social support;1.041
2021.0;142.0;Botswana;Explained by: Social support;0.815
2020.0;147.0;Botswana;Explained by: Social support;0.724
2019.0;147.0;Botswana;Explained by: Social support;1.086
2018.0;148.0;Botswana;Explained by: Social support;
2017.0;146.0;Botswana;Explained by: Social support;
2016.0;142.0;Botswana;Explained by: Social support;
2015.0;137.0;Botswana;Explained by: Social support;
2014.0;128.0;Botswana;Explained by: Social support;
2012.0;145.0;Botswana;Explained by: Social support;
2011.0;117.0;Botswana;Explained by: Social support;
2024.0;17.0;Austria;Explained by: Social support;1.592
2023.0;44.0;Brazil;Explained by: Social support;1.269
2022.0;49.0;Brazil;Explained by: Social support;1.25
2021.0;38.0;Brazil;Explained by: Social support;1.044
2020.0;36.0;Brazil;Explained by: Social support;0.944
2019.0;32.0;Brazil;Explained by: Social support;1.363
2018.0;32.0;Brazil;Explained by: Social support;
2017.0;28.0;Brazil;Explained by: Social support;
2016.0;22.0;Brazil;Explained by: Social support;
2015.0;17.0;Brazil;Explained by: Social support;
2014.0;16.0;Brazil;Explained by: Social support;
2012.0;24.0;Brazil;Explained by: Social support;
2011.0;25.0;Brazil;Explained by: Social support;
2024.0;18.0;Canada;Explained by: Social support;1.647
2023.0;81.0;Bulgaria;Explained by: Social support;1.469
2022.0;77.0;Bulgaria;Explained by: Social support;1.457
2021.0;85.0;Bulgaria;Explained by: Social support;1.163
2020.0;89.0;Bulgaria;Explained by: Social support;1.055
2019.0;96.0;Bulgaria;Explained by: Social support;1.461
2018.0;97.0;Bulgaria;Explained by: Social support;
2017.0;100.0;Bulgaria;Explained by: Social support;
2016.0;105.0;Bulgaria;Explained by: Social support;
2015.0;129.0;Bulgaria;Explained by: Social support;
2014.0;134.0;Bulgaria;Explained by: Social support;
2012.0;144.0;Bulgaria;Explained by: Social support;
2011.0;147.0;Bulgaria;Explained by: Social support;
2024.0;19.0;Slovenia;Explained by: Social support;1.718
2023.0;110.0;Burkina Faso;Explained by: Social support;0.685
2022.0;104.0;Burkina Faso;Explained by: Social support;0.814
2021.0;113.0;Burkina Faso;Explained by: Social support;0.565
2020.0;114.0;Burkina Faso;Explained by: Social support;0.472
2019.0;112.0;Burkina Faso;Explained by: Social support;0.929
2018.0;115.0;Burkina Faso;Explained by: Social support;
2017.0;121.0;Burkina Faso;Explained by: Social support;
2016.0;134.0;Burkina Faso;Explained by: Social support;
2015.0;145.0;Burkina Faso;Explained by: Social support;
2014.0;152.0;Burkina Faso;Explained by: Social support;
2012.0;131.0;Burkina Faso;Explained by: Social support;
2011.0;144.0;Burkina Faso;Explained by: Social support;
2020.0;141.0;Burundi;Explained by: Social support;0.062
2019.0;140.0;Burundi;Explained by: Social support;0.404
2018.0;145.0;Burundi;Explained by: Social support;
2017.0;156.0;Burundi;Explained by: Social support;
2016.0;154.0;Burundi;Explained by: Social support;
2015.0;157.0;Burundi;Explained by: Social support;
2014.0;157.0;Burundi;Explained by: Social support;
2012.0;153.0;Burundi;Explained by: Social support;
2011.0;152.0;Burundi;Explained by: Social support;
2024.0;20.0;Czechia;Explained by: Social support;1.716
2023.0;119.0;Cambodia;Explained by: Social support;1.019
2022.0;115.0;Cambodia;Explained by: Social support;1.024
2021.0;114.0;Cambodia;Explained by: Social support;0.732
2020.0;115.0;Cambodia;Explained by: Social support;0.68
2019.0;106.0;Cambodia;Explained by: Social support;1.071
2018.0;109.0;Cambodia;Explained by: Social support;
2017.0;120.0;Cambodia;Explained by: Social support;
2016.0;129.0;Cambodia;Explained by: Social support;
2015.0;140.0;Cambodia;Explained by: Social support;
2014.0;145.0;Cambodia;Explained by: Social support;
2012.0;140.0;Cambodia;Explained by: Social support;
2011.0;138.0;Cambodia;Explained by: Social support;
2024.0;21.0;United Arab Emirates;Explained by: Social support;1.294
2023.0;104.0;Cameroon;Explained by: Social support;0.856
2022.0;96.0;Cameroon;Explained by: Social support;0.871
2021.0;102.0;Cameroon;Explained by: Social support;0.672
2020.0;92.0;Cameroon;Explained by: Social support;0.556
2019.0;98.0;Cameroon;Explained by: Social support;0.9
2018.0;96.0;Cameroon;Explained by: Social support;
2017.0;99.0;Cameroon;Explained by: Social support;
2016.0;107.0;Cameroon;Explained by: Social support;
2015.0;114.0;Cameroon;Explained by: Social support;
2014.0;133.0;Cameroon;Explained by: Social support;
2012.0;122.0;Cameroon;Explained by: Social support;
2011.0;126.0;Cameroon;Explained by: Social support;
2024.0;22.0;Germany;Explained by: Social support;1.625
2023.0;15.0;Canada;Explained by: Social support;1.459
2022.0;13.0;Canada;Explained by: Social support;1.484
2021.0;15.0;Canada;Explained by: Social support;1.188
2020.0;15.0;Canada;Explained by: Social support;1.044
2019.0;11.0;Canada;Explained by: Social support;1.435
2018.0;9.0;Canada;Explained by: Social support;
2017.0;7.0;Canada;Explained by: Social support;
2016.0;7.0;Canada;Explained by: Social support;
2015.0;6.0;Canada;Explained by: Social support;
2014.0;5.0;Canada;Explained by: Social support;
2012.0;6.0;Canada;Explained by: Social support;
2011.0;5.0;Canada;Explained by: Social support;
2019.0;149.0;Central African Republic;Explained by: Social support;0.0
2018.0;155.0;Central African Republic;Explained by: Social support;
2017.0;155.0;Central African Republic;Explained by: Social support;
2016.0;155.0;Central African Republic;Explained by: Social support;
2014.0;148.0;Central African Republic;Explained by: Social support;
2012.0;154.0;Central African Republic;Explained by: Social support;
2011.0;154.0;Central African Republic;Explained by: Social support;
2024.0;23.0;United Kingdom;Explained by: Social support;1.562
2023.0;113.0;Chad;Explained by: Social support;0.805
2022.0;114.0;Chad;Explained by: Social support;0.962
2021.0;130.0;Chad;Explained by: Social support;0.506
2020.0;129.0;Chad;Explained by: Social support;0.353
2019.0;127.0;Chad;Explained by: Social support;0.739
2018.0;132.0;Chad;Explained by: Social support;
2017.0;131.0;Chad;Explained by: Social support;
2016.0;137.0;Chad;Explained by: Social support;
2015.0;144.0;Chad;Explained by: Social support;
2014.0;149.0;Chad;Explained by: Social support;
2012.0;141.0;Chad;Explained by: Social support;
2011.0;145.0;Chad;Explained by: Social support;
2024.0;24.0;United States;Explained by: Social support;1.614
2023.0;38.0;Chile;Explained by: Social support;1.369
2022.0;35.0;Chile;Explained by: Social support;1.384
2021.0;44.0;Chile;Explained by: Social support;1.08
2020.0;44.0;Chile;Explained by: Social support;0.946
2019.0;39.0;Chile;Explained by: Social support;1.323
2018.0;26.0;Chile;Explained by: Social support;
2017.0;25.0;Chile;Explained by: Social support;
2016.0;20.0;Chile;Explained by: Social support;
2015.0;24.0;Chile;Explained by: Social support;
2014.0;27.0;Chile;Explained by: Social support;
2012.0;28.0;Chile;Explained by: Social support;
2011.0;43.0;Chile;Explained by: Social support;
2024.0;25.0;Belize;Explained by: Social support;1.54
2023.0;60.0;China;Explained by: Social support;1.239
2022.0;64.0;China;Explained by: Social support;1.249
2021.0;72.0;China;Explained by: Social support;0.958
2020.0;85.0;China;Explained by: Social support;0.785
2019.0;94.0;China;Explained by: Social support;1.132
2018.0;93.0;China;Explained by: Social support;
2017.0;86.0;China;Explained by: Social support;
2016.0;79.0;China;Explained by: Social support;
2015.0;83.0;China;Explained by: Social support;
2014.0;84.0;China;Explained by: Social support;
2012.0;93.0;China;Explained by: Social support;
2011.0;112.0;China;Explained by: Social support;
2024.0;26.0;Poland;Explained by: Social support;1.595
2023.0;78.0;Colombia;Explained by: Social support;1.241
2022.0;72.0;Colombia;Explained by: Social support;1.213
2021.0;66.0;Colombia;Explained by: Social support;0.929
2020.0;53.0;Colombia;Explained by: Social support;0.866
2019.0;44.0;Colombia;Explained by: Social support;1.334
2018.0;43.0;Colombia;Explained by: Social support;
2017.0;37.0;Colombia;Explained by: Social support;
2016.0;36.0;Colombia;Explained by: Social support;
2015.0;31.0;Colombia;Explained by: Social support;
2014.0;33.0;Colombia;Explained by: Social support;
2012.0;35.0;Colombia;Explained by: Social support;
2011.0;41.0;Colombia;Explained by: Social support;
2024.0;27.0;Taiwan Province of China;Explained by: Social support;1.583
2023.0;132.0;Comoros;Explained by: Social support;0.328
2022.0;130.0;Comoros;Explained by: Social support;0.327
2021.0;116.0;Comoros;Explained by: Social support;0.476
2020.0;132.0;Comoros;Explained by: Social support;0.367
2019.0;134.0;Comoros;Explained by: Social support;0.723
2018.0;142.0;Comoros;Explained by: Social support;
2015.0;138.0;Comoros;Explained by: Social support;
2014.0;140.0;Comoros;Explained by: Social support;
2012.0;149.0;Comoros;Explained by: Social support;
2011.0;151.0;Comoros;Explained by: Social support;
2024.0;28.0;Uruguay;Explained by: Social support;1.654
2023.0;89.0;Congo;Explained by: Social support;0.622
2022.0;86.0;Congo;Explained by: Social support;0.665
2021.0;99.0;Congo;Explained by: Social support;0.405
2020.0;84.0;Congo;Explained by: Social support;0.392
2019.0;88.0;Congo;Explained by: Social support;0.758
2018.0;103.0;Congo;Explained by: Social support;
2017.0;114.0;Congo;Explained by: Social support;
2016.0;124.0;Congo;Explained by: Social support;
2015.0;127.0;Congo;Explained by: Social support;
2014.0;139.0;Congo;Explained by: Social support;
2012.0;129.0;Congo;Explained by: Social support;
2011.0;148.0;Congo;Explained by: Social support;
2024.0;29.0;Kosovo;Explained by: Social support;1.454
2023.0;12.0;Costa Rica;Explained by: Social support;1.373
2022.0;23.0;Costa Rica;Explained by: Social support;1.34
2021.0;23.0;Costa Rica;Explained by: Social support;1.054
2020.0;17.0;Costa Rica;Explained by: Social support;0.966
2019.0;15.0;Costa Rica;Explained by: Social support;1.375
2018.0;12.0;Costa Rica;Explained by: Social support;
2017.0;13.0;Costa Rica;Explained by: Social support;
2016.0;12.0;Costa Rica;Explained by: Social support;
2015.0;14.0;Costa Rica;Explained by: Social support;
2014.0;12.0;Costa Rica;Explained by: Social support;
2012.0;12.0;Costa Rica;Explained by: Social support;
2011.0;12.0;Costa Rica;Explained by: Social support;
2024.0;30.0;Kuwait;Explained by: Social support;1.481
2023.0;96.0;Côte d’Ivoire;Explained by: Social support;0.578
2022.0;93.0;Côte d’Ivoire;Explained by: Social support;0.584
2021.0;88.0;Côte d’Ivoire;Explained by: Social support;0.442
2020.0;86.0;Côte d’Ivoire;Explained by: Social support;0.409
2019.0;85.0;Côte d’Ivoire;Explained by: Social support;0.8
2018.0;99.0;Côte d’Ivoire;Explained by: Social support;
2017.0;107.0;Côte d’Ivoire;Explained by: Social support;
2016.0;128.0;Côte d’Ivoire;Explained by: Social support;
2015.0;139.0;Côte d’Ivoire;Explained by: Social support;
2014.0;151.0;Côte d’Ivoire;Explained by: Social support;
2011.0;133.0;Côte d’Ivoire;Explained by: Social support;
2024.0;31.0;Serbia;Explained by: Social support;1.62
2023.0;63.0;Croatia;Explained by: Social support;1.445
2022.0;48.0;Croatia;Explained by: Social support;1.455
2021.0;47.0;Croatia;Explained by: Social support;1.183
2020.0;61.0;Croatia;Explained by: Social support;1.039
2019.0;79.0;Croatia;Explained by: Social support;1.311
2018.0;75.0;Croatia;Explained by: Social support;
2017.0;82.0;Croatia;Explained by: Social support;
2016.0;77.0;Croatia;Explained by: Social support;
2015.0;74.0;Croatia;Explained by: Social support;
2014.0;62.0;Croatia;Explained by: Social support;
2012.0;58.0;Croatia;Explained by: Social support;
2011.0;58.0;Croatia;Explained by: Social support;
2011.0;69.0;Cuba;Explained by: Social support;
2024.0;32.0;Saudi Arabia;Explained by: Social support;1.566
2023.0;50.0;Cyprus;Explained by: Social support;1.217
2022.0;46.0;Cyprus;Explained by: Social support;1.224
2021.0;41.0;Cyprus;Explained by: Social support;0.909
2020.0;40.0;Cyprus;Explained by: Social support;0.765
2019.0;45.0;Cyprus;Explained by: Social support;1.149
2018.0;49.0;Cyprus;Explained by: Social support;
2017.0;61.0;Cyprus;Explained by: Social support;
2016.0;65.0;Cyprus;Explained by: Social support;
2015.0;69.0;Cyprus;Explained by: Social support;
2014.0;67.0;Cyprus;Explained by: Social support;
2012.0;34.0;Cyprus;Explained by: Social support;
2011.0;35.0;Cyprus;Explained by: Social support;
2024.0;33.0;France;Explained by: Social support;1.535
2023.0;18.0;Czechia;Explained by: Social support;1.511
2022.0;18.0;Czechia;Explained by: Social support;1.544
2021.0;18.0;Czechia;Explained by: Social support;1.26
2020.0;19.0;Czechia;Explained by: Social support;1.09
2019.0;19.0;Czechia;Explained by: Social support;1.405
2018.0;20.0;Czechia;Explained by: Social support;
2017.0;21.0;Czechia;Explained by: Social support;
2016.0;23.0;Czechia;Explained by: Social support;
2015.0;27.0;Czechia;Explained by: Social support;
2014.0;31.0;Czechia;Explained by: Social support;
2012.0;39.0;Czechia;Explained by: Social support;
2011.0;36.0;Czechia;Explained by: Social support;
2024.0;34.0;Singapore;Explained by: Social support;1.565
2023.0;2.0;Denmark;Explained by: Social support;1.52
2022.0;2.0;Denmark;Explained by: Social support;1.548
2021.0;2.0;Denmark;Explained by: Social support;1.243
2020.0;3.0;Denmark;Explained by: Social support;1.108
2019.0;2.0;Denmark;Explained by: Social support;1.503
2018.0;2.0;Denmark;Explained by: Social support;
2017.0;3.0;Denmark;Explained by: Social support;
2016.0;2.0;Denmark;Explained by: Social support;
2015.0;1.0;Denmark;Explained by: Social support;
2014.0;3.0;Denmark;Explained by: Social support;
2012.0;1.0;Denmark;Explained by: Social support;
2011.0;1.0;Denmark;Explained by: Social support;
2014.0;126.0;Djibouti;Explained by: Social support;
2012.0;114.0;Djibouti;Explained by: Social support;
2011.0;95.0;Djibouti;Explained by: Social support;
2024.0;35.0;Romania;Explained by: Social support;1.401
2023.0;69.0;Dominican Republic;Explained by: Social support;1.272
2022.0;73.0;Dominican Republic;Explained by: Social support;1.227
2021.0;69.0;Dominican Republic;Explained by: Social support;1.003
2020.0;74.0;Dominican Republic;Explained by: Social support;0.879
2019.0;68.0;Dominican Republic;Explained by: Social support;1.329
2018.0;77.0;Dominican Republic;Explained by: Social support;
2017.0;83.0;Dominican Republic;Explained by: Social support;
2016.0;86.0;Dominican Republic;Explained by: Social support;
2015.0;89.0;Dominican Republic;Explained by: Social support;
2014.0;98.0;Dominican Republic;Explained by: Social support;
2012.0;95.0;Dominican Republic;Explained by: Social support;
2011.0;93.0;Dominican Republic;Explained by: Social support;
2024.0;36.0;Brazil;Explained by: Social support;1.519
2023.0;139.0;DR Congo;Explained by: Social support;0.665
2022.0;133.0;DR Congo;Explained by: Social support;0.784
2019.0;131.0;DR Congo;Explained by: Social support;0.833
2018.0;127.0;DR Congo;Explained by: Social support;
2017.0;132.0;DR Congo;Explained by: Social support;
2016.0;126.0;DR Congo;Explained by: Social support;
2015.0;125.0;DR Congo;Explained by: Social support;
2014.0;120.0;DR Congo;Explained by: Social support;
2012.0;117.0;DR Congo;Explained by: Social support;
2011.0;141.0;DR Congo;Explained by: Social support;
2024.0;37.0;El Salvador;Explained by: Social support;1.228
2023.0;74.0;Ecuador;Explained by: Social support;1.151
2022.0;74.0;Ecuador;Explained by: Social support;1.173
2021.0;76.0;Ecuador;Explained by: Social support;0.879
2020.0;67.0;Ecuador;Explained by: Social support;0.806
2019.0;58.0;Ecuador;Explained by: Social support;1.221
2018.0;50.0;Ecuador;Explained by: Social support;
2017.0;48.0;Ecuador;Explained by: Social support;
2016.0;44.0;Ecuador;Explained by: Social support;
2015.0;51.0;Ecuador;Explained by: Social support;
2014.0;48.0;Ecuador;Explained by: Social support;
2012.0;49.0;Ecuador;Explained by: Social support;
2011.0;66.0;Ecuador;Explained by: Social support;
2024.0;38.0;Spain;Explained by: Social support;1.685
2023.0;127.0;Egypt;Explained by: Social support;0.996
2022.0;121.0;Egypt;Explained by: Social support;0.972
2021.0;129.0;Egypt;Explained by: Social support;0.732
2020.0;133.0;Egypt;Explained by: Social support;0.647
2019.0;138.0;Egypt;Explained by: Social support;0.983
2018.0;137.0;Egypt;Explained by: Social support;
2017.0;122.0;Egypt;Explained by: Social support;
2016.0;104.0;Egypt;Explained by: Social support;
2015.0;120.0;Egypt;Explained by: Social support;
2014.0;135.0;Egypt;Explained by: Social support;
2012.0;130.0;Egypt;Explained by: Social support;
2011.0;101.0;Egypt;Explained by: Social support;
2024.0;39.0;Estonia;Explained by: Social support;1.716
2023.0;33.0;El Salvador;Explained by: Social support;1.08
2022.0;50.0;El Salvador;Explained by: Social support;1.044
2021.0;49.0;El Salvador;Explained by: Social support;0.768
2020.0;50.0;El Salvador;Explained by: Social support;0.675
2019.0;34.0;El Salvador;Explained by: Social support;1.149
2018.0;35.0;El Salvador;Explained by: Social support;
2017.0;40.0;El Salvador;Explained by: Social support;
2016.0;45.0;El Salvador;Explained by: Social support;
2015.0;46.0;El Salvador;Explained by: Social support;
2014.0;42.0;El Salvador;Explained by: Social support;
2012.0;52.0;El Salvador;Explained by: Social support;
2011.0;48.0;El Salvador;Explained by: Social support;
2024.0;40.0;Italy;Explained by: Social support;1.526
2023.0;34.0;Estonia;Explained by: Social support;1.527
2022.0;31.0;Estonia;Explained by: Social support;1.526
2021.0;36.0;Estonia;Explained by: Social support;1.232
2020.0;41.0;Estonia;Explained by: Social support;1.079
2019.0;51.0;Estonia;Explained by: Social support;1.453
2018.0;55.0;Estonia;Explained by: Social support;
2017.0;63.0;Estonia;Explained by: Social support;
2016.0;66.0;Estonia;Explained by: Social support;
2015.0;72.0;Estonia;Explained by: Social support;
2014.0;73.0;Estonia;Explained by: Social support;
2012.0;72.0;Estonia;Explained by: Social support;
2011.0;72.0;Estonia;Explained by: Social support;
2024.0;41.0;Panama;Explained by: Social support;1.6
2023.0;135.0;Eswatini;Explained by: Social support;0.925
2021.0;125.0;Eswatini;Explained by: Social support;0.786
2024.0;42.0;Argentina;Explained by: Social support;1.622
2023.0;130.0;Ethiopia;Explained by: Social support;0.915
2022.0;124.0;Ethiopia;Explained by: Social support;1.114
2021.0;131.0;Ethiopia;Explained by: Social support;0.809
2020.0;134.0;Ethiopia;Explained by: Social support;0.679
2019.0;136.0;Ethiopia;Explained by: Social support;1.001
2018.0;134.0;Ethiopia;Explained by: Social support;
2017.0;127.0;Ethiopia;Explained by: Social support;
2016.0;119.0;Ethiopia;Explained by: Social support;
2015.0;115.0;Ethiopia;Explained by: Social support;
2014.0;122.0;Ethiopia;Explained by: Social support;
2012.0;119.0;Ethiopia;Explained by: Social support;
2011.0;139.0;Ethiopia;Explained by: Social support;
2024.0;43.0;Kazakhstan;Explained by: Social support;1.688
2023.0;1.0;Finland;Explained by: Social support;1.572
2022.0;1.0;Finland;Explained by: Social support;1.585
2021.0;1.0;Finland;Explained by: Social support;1.258
2020.0;2.0;Finland;Explained by: Social support;1.106
2019.0;1.0;Finland;Explained by: Social support;1.5
2018.0;1.0;Finland;Explained by: Social support;
2017.0;1.0;Finland;Explained by: Social support;
2016.0;5.0;Finland;Explained by: Social support;
2015.0;5.0;Finland;Explained by: Social support;
2014.0;6.0;Finland;Explained by: Social support;
2012.0;7.0;Finland;Explained by: Social support;
2011.0;2.0;Finland;Explained by: Social support;
2024.0;44.0;Guatemala;Explained by: Social support;1.33
2023.0;27.0;France;Explained by: Social support;1.348
2022.0;21.0;France;Explained by: Social support;1.433
2021.0;20.0;France;Explained by: Social support;1.219
2020.0;22.0;France;Explained by: Social support;1.081
2019.0;23.0;France;Explained by: Social support;1.459
2018.0;24.0;France;Explained by: Social support;
2017.0;23.0;France;Explained by: Social support;
2016.0;31.0;France;Explained by: Social support;
2015.0;32.0;France;Explained by: Social support;
2014.0;29.0;France;Explained by: Social support;
2012.0;25.0;France;Explained by: Social support;
2011.0;23.0;France;Explained by: Social support;
2024.0;45.0;Chile;Explained by: Social support;1.577
2023.0;95.0;Gabon;Explained by: Social support;1.038
2022.0;94.0;Gabon;Explained by: Social support;1.021
2021.0;106.0;Gabon;Explained by: Social support;0.738
2020.0;113.0;Gabon;Explained by: Social support;0.707
2019.0;108.0;Gabon;Explained by: Social support;1.106
2018.0;104.0;Gabon;Explained by: Social support;
2017.0;103.0;Gabon;Explained by: Social support;
2016.0;118.0;Gabon;Explained by: Social support;
2015.0;134.0;Gabon;Explained by: Social support;
2014.0;143.0;Gabon;Explained by: Social support;
2012.0;138.0;Gabon;Explained by: Social support;
2024.0;46.0;Viet Nam;Explained by: Social support;1.533
2023.0;112.0;Gambia;Explained by: Social support;0.684
2022.0;119.0;Gambia;Explained by: Social support;0.614
2021.0;93.0;Gambia;Explained by: Social support;0.621
2020.0;99.0;Gambia;Explained by: Social support;0.511
2019.0;113.0;Gambia;Explained by: Social support;0.883
2018.0;120.0;Gambia;Explained by: Social support;
2024.0;47.0;Nicaragua;Explained by: Social support;1.47
2023.0;91.0;Georgia;Explained by: Social support;0.99
2022.0;90.0;Georgia;Explained by: Social support;0.947
2021.0;105.0;Georgia;Explained by: Social support;0.612
2020.0;109.0;Georgia;Explained by: Social support;0.47
2019.0;117.0;Georgia;Explained by: Social support;0.731
2018.0;119.0;Georgia;Explained by: Social support;
2017.0;128.0;Georgia;Explained by: Social support;
2016.0;125.0;Georgia;Explained by: Social support;
2015.0;126.0;Georgia;Explained by: Social support;
2014.0;130.0;Georgia;Explained by: Social support;
2012.0;134.0;Georgia;Explained by: Social support;
2011.0;146.0;Georgia;Explained by: Social support;
2024.0;48.0;Malta;Explained by: Social support;1.671
2023.0;24.0;Germany;Explained by: Social support;1.39
2022.0;16.0;Germany;Explained by: Social support;1.401
2021.0;14.0;Germany;Explained by: Social support;1.088
2020.0;14.0;Germany;Explained by: Social support;0.993
2019.0;17.0;Germany;Explained by: Social support;1.369
2018.0;17.0;Germany;Explained by: Social support;
2017.0;15.0;Germany;Explained by: Social support;
2016.0;16.0;Germany;Explained by: Social support;
2015.0;16.0;Germany;Explained by: Social support;
2014.0;26.0;Germany;Explained by: Social support;
2012.0;26.0;Germany;Explained by: Social support;
2011.0;30.0;Germany;Explained by: Social support;
2024.0;49.0;Thailand;Explained by: Social support;1.551
2023.0;120.0;Ghana;Explained by: Social support;0.747
2022.0;107.0;Ghana;Explained by: Social support;0.756
2021.0;111.0;Ghana;Explained by: Social support;0.595
2020.0;96.0;Ghana;Explained by: Social support;0.595
2019.0;91.0;Ghana;Explained by: Social support;0.966
2018.0;98.0;Ghana;Explained by: Social support;
2017.0;108.0;Ghana;Explained by: Social support;
2016.0;131.0;Ghana;Explained by: Social support;
2015.0;124.0;Ghana;Explained by: Social support;
2014.0;114.0;Ghana;Explained by: Social support;
2012.0;86.0;Ghana;Explained by: Social support;
2011.0;108.0;Ghana;Explained by: Social support;
2024.0;50.0;Slovakia;Explained by: Social support;1.762
2023.0;64.0;Greece;Explained by: Social support;1.276
2022.0;58.0;Greece;Explained by: Social support;1.247
2021.0;58.0;Greece;Explained by: Social support;0.98
2020.0;69.0;Greece;Explained by: Social support;0.811
2019.0;77.0;Greece;Explained by: Social support;1.169
2018.0;82.0;Greece;Explained by: Social support;
2017.0;79.0;Greece;Explained by: Social support;
2016.0;87.0;Greece;Explained by: Social support;
2015.0;99.0;Greece;Explained by: Social support;
2014.0;102.0;Greece;Explained by: Social support;
2012.0;70.0;Greece;Explained by: Social support;
2011.0;42.0;Greece;Explained by: Social support;
2024.0;51.0;Latvia;Explained by: Social support;1.711
2023.0;42.0;Guatemala;Explained by: Social support;1.169
2022.0;43.0;Guatemala;Explained by: Social support;1.188
2021.0;39.0;Guatemala;Explained by: Social support;0.831
2020.0;31.0;Guatemala;Explained by: Social support;0.79
2019.0;29.0;Guatemala;Explained by: Social support;1.174
2018.0;27.0;Guatemala;Explained by: Social support;
2017.0;30.0;Guatemala;Explained by: Social support;
2016.0;29.0;Guatemala;Explained by: Social support;
2015.0;39.0;Guatemala;Explained by: Social support;
2014.0;43.0;Guatemala;Explained by: Social support;
2012.0;47.0;Guatemala;Explained by: Social support;
2011.0;37.0;Guatemala;Explained by: Social support;
2024.0;52.0;Oman;Explained by: Social support;1.411
2023.0;97.0;Guinea;Explained by: Social support;0.622
2022.0;91.0;Guinea;Explained by: Social support;0.776
2021.0;109.0;Guinea;Explained by: Social support;0.566
2020.0;103.0;Guinea;Explained by: Social support;0.399
2019.0;102.0;Guinea;Explained by: Social support;0.751
2018.0;118.0;Guinea;Explained by: Social support;
2017.0;140.0;Guinea;Explained by: Social support;
2016.0;149.0;Guinea;Explained by: Social support;
2015.0;151.0;Guinea;Explained by: Social support;
2014.0;150.0;Guinea;Explained by: Social support;
2012.0;150.0;Guinea;Explained by: Social support;
2011.0;136.0;Guinea;Explained by: Social support;
2011.0;45.0;Guyana;Explained by: Social support;
2020.0;144.0;Haiti;Explained by: Social support;0.173
2019.0;142.0;Haiti;Explained by: Social support;0.647
2018.0;147.0;Haiti;Explained by: Social support;
2017.0;148.0;Haiti;Explained by: Social support;
2016.0;145.0;Haiti;Explained by: Social support;
2015.0;136.0;Haiti;Explained by: Social support;
2014.0;119.0;Haiti;Explained by: Social support;
2012.0;126.0;Haiti;Explained by: Social support;
2011.0;150.0;Haiti;Explained by: Social support;
2024.0;53.0;Uzbekistan;Explained by: Social support;1.615
2023.0;61.0;Honduras;Explained by: Social support;1.035
2022.0;53.0;Honduras;Explained by: Social support;1.072
2021.0;55.0;Honduras;Explained by: Social support;0.885
2020.0;60.0;Honduras;Explained by: Social support;0.787
2019.0;56.0;Honduras;Explained by: Social support;1.187
2018.0;59.0;Honduras;Explained by: Social support;
2017.0;72.0;Honduras;Explained by: Social support;
2016.0;91.0;Honduras;Explained by: Social support;
2015.0;104.0;Honduras;Explained by: Social support;
2014.0;105.0;Honduras;Explained by: Social support;
2012.0;84.0;Honduras;Explained by: Social support;
2011.0;63.0;Honduras;Explained by: Social support;
2024.0;54.0;Paraguay;Explained by: Social support;1.615
2023.0;86.0;Hong Kong SAR of China;Explained by: Social support;1.184
2022.0;82.0;Hong Kong SAR of China;Explained by: Social support;1.201
2021.0;81.0;Hong Kong SAR of China;Explained by: Social support;0.954
2020.0;78.0;Hong Kong SAR of China;Explained by: Social support;0.841
2019.0;78.0;Hong Kong SAR of China;Explained by: Social support;1.244
2018.0;76.0;Hong Kong SAR of China;Explained by: Social support;
2017.0;76.0;Hong Kong SAR of China;Explained by: Social support;
2016.0;71.0;Hong Kong SAR of China;Explained by: Social support;
2015.0;75.0;Hong Kong SAR of China;Explained by: Social support;
2014.0;72.0;Hong Kong SAR of China;Explained by: Social support;
2012.0;64.0;Hong Kong SAR of China;Explained by: Social support;
2011.0;67.0;Hong Kong SAR of China;Explained by: Social support;
2024.0;55.0;Japan;Explained by: Social support;1.55
2023.0;56.0;Hungary;Explained by: Social support;1.528
2022.0;51.0;Hungary;Explained by: Social support;1.519
2021.0;51.0;Hungary;Explained by: Social support;1.233
2020.0;54.0;Hungary;Explained by: Social support;1.083
2019.0;53.0;Hungary;Explained by: Social support;1.423
2018.0;62.0;Hungary;Explained by: Social support;
2017.0;69.0;Hungary;Explained by: Social support;
2016.0;75.0;Hungary;Explained by: Social support;
2015.0;91.0;Hungary;Explained by: Social support;
2014.0;104.0;Hungary;Explained by: Social support;
2012.0;110.0;Hungary;Explained by: Social support;
2011.0;96.0;Hungary;Explained by: Social support;
2024.0;56.0;Bosnia and Herzegovina;Explained by: Social support;1.545
2023.0;3.0;Iceland;Explained by: Social support;1.617
2022.0;3.0;Iceland;Explained by: Social support;1.62
2021.0;3.0;Iceland;Explained by: Social support;1.32
2020.0;5.0;Iceland;Explained by: Social support;1.172
2019.0;4.0;Iceland;Explained by: Social support;1.548
2018.0;4.0;Iceland;Explained by: Social support;
2017.0;4.0;Iceland;Explained by: Social support;
2016.0;3.0;Iceland;Explained by: Social support;
2015.0;3.0;Iceland;Explained by: Social support;
2014.0;2.0;Iceland;Explained by: Social support;
2012.0;9.0;Iceland;Explained by: Social support;
2011.0;20.0;Iceland;Explained by: Social support;
2024.0;57.0;Philippines;Explained by: Social support;1.385
2023.0;126.0;India;Explained by: Social support;0.653
2022.0;126.0;India;Explained by: Social support;0.674
2021.0;136.0;India;Explained by: Social support;0.376
2020.0;140.0;India;Explained by: Social support;0.316
2019.0;144.0;India;Explained by: Social support;0.644
2018.0;140.0;India;Explained by: Social support;
2017.0;133.0;India;Explained by: Social support;
2016.0;122.0;India;Explained by: Social support;
2015.0;118.0;India;Explained by: Social support;
2014.0;117.0;India;Explained by: Social support;
2012.0;111.0;India;Explained by: Social support;
2011.0;94.0;India;Explained by: Social support;
2024.0;58.0;Republic of Korea;Explained by: Social support;1.357
2023.0;80.0;Indonesia;Explained by: Social support;1.184
2022.0;84.0;Indonesia;Explained by: Social support;1.169
2021.0;87.0;Indonesia;Explained by: Social support;0.883
2020.0;83.0;Indonesia;Explained by: Social support;0.786
2019.0;84.0;Indonesia;Explained by: Social support;1.155
2018.0;92.0;Indonesia;Explained by: Social support;
2017.0;96.0;Indonesia;Explained by: Social support;
2016.0;81.0;Indonesia;Explained by: Social support;
2015.0;79.0;Indonesia;Explained by: Social support;
2014.0;74.0;Indonesia;Explained by: Social support;
2012.0;76.0;Indonesia;Explained by: Social support;
2011.0;83.0;Indonesia;Explained by: Social support;
2024.0;59.0;Bahrain;Explained by: Social support;1.391
2023.0;100.0;Iran;Explained by: Social support;1.136
2022.0;101.0;Iran;Explained by: Social support;1.102
2021.0;110.0;Iran;Explained by: Social support;0.741
2020.0;119.0;Iran;Explained by: Social support;0.557
2019.0;118.0;Iran;Explained by: Social support;0.886
2018.0;117.0;Iran;Explained by: Social support;
2017.0;106.0;Iran;Explained by: Social support;
2016.0;108.0;Iran;Explained by: Social support;
2015.0;105.0;Iran;Explained by: Social support;
2014.0;110.0;Iran;Explained by: Social support;
2012.0;115.0;Iran;Explained by: Social support;
2011.0;84.0;Iran;Explained by: Social support;
2024.0;60.0;Portugal;Explained by: Social support;1.56
2023.0;92.0;Iraq;Explained by: Social support;0.996
2022.0;98.0;Iraq;Explained by: Social support;0.953
2021.0;107.0;Iraq;Explained by: Social support;0.682
2020.0;112.0;Iraq;Explained by: Social support;0.638
2019.0;110.0;Iraq;Explained by: Social support;1.011
2018.0;126.0;Iraq;Explained by: Social support;
2017.0;117.0;Iraq;Explained by: Social support;
2016.0;117.0;Iraq;Explained by: Social support;
2015.0;112.0;Iraq;Explained by: Social support;
2014.0;112.0;Iraq;Explained by: Social support;
2012.0;105.0;Iraq;Explained by: Social support;
2011.0;98.0;Iraq;Explained by: Social support;
2024.0;61.0;Colombia;Explained by: Social support;1.513
2023.0;17.0;Ireland;Explained by: Social support;1.39
2022.0;14.0;Ireland;Explained by: Social support;1.425
2021.0;13.0;Ireland;Explained by: Social support;1.166
2020.0;16.0;Ireland;Explained by: Social support;1.092
2019.0;16.0;Ireland;Explained by: Social support;1.471
2018.0;16.0;Ireland;Explained by: Social support;
2017.0;14.0;Ireland;Explained by: Social support;
2016.0;15.0;Ireland;Explained by: Social support;
2015.0;19.0;Ireland;Explained by: Social support;
2014.0;18.0;Ireland;Explained by: Social support;
2012.0;18.0;Ireland;Explained by: Social support;
2011.0;10.0;Ireland;Explained by: Social support;
2024.0;62.0;Ecuador;Explained by: Social support;1.32
2023.0;5.0;Israel;Explained by: Social support;1.513
2022.0;4.0;Israel;Explained by: Social support;1.521
2021.0;9.0;Israel;Explained by: Social support;1.221
2020.0;13.0;Israel;Explained by: Social support;1.074
2019.0;14.0;Israel;Explained by: Social support;1.403
2018.0;13.0;Israel;Explained by: Social support;
2017.0;11.0;Israel;Explained by: Social support;
2016.0;11.0;Israel;Explained by: Social support;
2015.0;11.0;Israel;Explained by: Social support;
2014.0;11.0;Israel;Explained by: Social support;
2012.0;11.0;Israel;Explained by: Social support;
2011.0;14.0;Israel;Explained by: Social support;
2024.0;63.0;Honduras;Explained by: Social support;1.187
2023.0;41.0;Italy;Explained by: Social support;1.328
2022.0;33.0;Italy;Explained by: Social support;1.365
2021.0;31.0;Italy;Explained by: Social support;1.052
2020.0;29.0;Italy;Explained by: Social support;0.94
2019.0;30.0;Italy;Explained by: Social support;1.347
2018.0;36.0;Italy;Explained by: Social support;
2017.0;47.0;Italy;Explained by: Social support;
2016.0;48.0;Italy;Explained by: Social support;
2015.0;50.0;Italy;Explained by: Social support;
2014.0;50.0;Italy;Explained by: Social support;
2012.0;45.0;Italy;Explained by: Social support;
2011.0;28.0;Italy;Explained by: Social support;
2024.0;64.0;Malaysia;Explained by: Social support;1.315
2023.0;67.0;Jamaica;Explained by: Social support;1.324
2022.0;68.0;Jamaica;Explained by: Social support;1.329
2021.0;63.0;Jamaica;Explained by: Social support;1.045
2020.0;38.0;Jamaica;Explained by: Social support;0.932
2019.0;60.0;Jamaica;Explained by: Social support;1.408
2018.0;56.0;Jamaica;Explained by: Social support;
2017.0;56.0;Jamaica;Explained by: Social support;
2016.0;76.0;Jamaica;Explained by: Social support;
2015.0;73.0;Jamaica;Explained by: Social support;
2014.0;65.0;Jamaica;Explained by: Social support;
2012.0;75.0;Jamaica;Explained by: Social support;
2011.0;40.0;Jamaica;Explained by: Social support;
2024.0;65.0;Peru;Explained by: Social support;1.364
2023.0;51.0;Japan;Explained by: Social support;1.354
2022.0;47.0;Japan;Explained by: Social support;1.396
2021.0;54.0;Japan;Explained by: Social support;1.089
2020.0;57.0;Japan;Explained by: Social support;0.949
2019.0;62.0;Japan;Explained by: Social support;1.332
2018.0;58.0;Japan;Explained by: Social support;
2017.0;54.0;Japan;Explained by: Social support;
2016.0;51.0;Japan;Explained by: Social support;
2015.0;53.0;Japan;Explained by: Social support;
2014.0;46.0;Japan;Explained by: Social support;
2012.0;43.0;Japan;Explained by: Social support;
2011.0;44.0;Japan;Explained by: Social support;
2024.0;66.0;Russian Federation;Explained by: Social support;1.549
2023.0;125.0;Jordan;Explained by: Social support;0.983
2022.0;123.0;Jordan;Explained by: Social support;0.98
2021.0;134.0;Jordan;Explained by: Social support;0.724
2020.0;128.0;Jordan;Explained by: Social support;0.685
2019.0;119.0;Jordan;Explained by: Social support;1.14
2018.0;101.0;Jordan;Explained by: Social support;
2017.0;90.0;Jordan;Explained by: Social support;
2016.0;74.0;Jordan;Explained by: Social support;
2015.0;80.0;Jordan;Explained by: Social support;
2014.0;82.0;Jordan;Explained by: Social support;
2012.0;74.0;Jordan;Explained by: Social support;
2011.0;54.0;Jordan;Explained by: Social support;
2024.0;67.0;Cyprus;Explained by: Social support;1.348
2023.0;49.0;Kazakhstan;Explained by: Social support;1.457
2022.0;44.0;Kazakhstan;Explained by: Social support;1.491
2021.0;40.0;Kazakhstan;Explained by: Social support;1.22
2020.0;46.0;Kazakhstan;Explained by: Social support;1.103
2019.0;50.0;Kazakhstan;Explained by: Social support;1.453
2018.0;60.0;Kazakhstan;Explained by: Social support;
2017.0;60.0;Kazakhstan;Explained by: Social support;
2016.0;60.0;Kazakhstan;Explained by: Social support;
2015.0;54.0;Kazakhstan;Explained by: Social support;
2014.0;54.0;Kazakhstan;Explained by: Social support;
2012.0;57.0;Kazakhstan;Explained by: Social support;
2011.0;59.0;Kazakhstan;Explained by: Social support;
2024.0;68.0;China;Explained by: Social support;1.307
2023.0;114.0;Kenya;Explained by: Social support;0.895
2022.0;111.0;Kenya;Explained by: Social support;0.881
2021.0;119.0;Kenya;Explained by: Social support;0.605
2020.0;122.0;Kenya;Explained by: Social support;0.508
2019.0;121.0;Kenya;Explained by: Social support;0.905
2018.0;121.0;Kenya;Explained by: Social support;
2017.0;124.0;Kenya;Explained by: Social support;
2016.0;112.0;Kenya;Explained by: Social support;
2015.0;122.0;Kenya;Explained by: Social support;
2014.0;125.0;Kenya;Explained by: Social support;
2012.0;123.0;Kenya;Explained by: Social support;
2011.0;134.0;Kenya;Explained by: Social support;
2024.0;69.0;Hungary;Explained by: Social support;1.742
2023.0;29.0;Kosovo;Explained by: Social support;1.277
2022.0;34.0;Kosovo;Explained by: Social support;1.269
2021.0;32.0;Kosovo;Explained by: Social support;0.949
2020.0;34.0;Kosovo;Explained by: Social support;0.807
2019.0;35.0;Kosovo;Explained by: Social support;1.184
2018.0;46.0;Kosovo;Explained by: Social support;
2017.0;66.0;Kosovo;Explained by: Social support;
2016.0;78.0;Kosovo;Explained by: Social support;
2015.0;77.0;Kosovo;Explained by: Social support;
2014.0;69.0;Kosovo;Explained by: Social support;
2012.0;83.0;Kosovo;Explained by: Social support;
2011.0;68.0;Kosovo;Explained by: Social support;
2024.0;70.0;Trinidad and Tobago;Explained by: Social support;1.532
2023.0;13.0;Kuwait;Explained by: Social support;1.364
2021.0;50.0;Kuwait;Explained by: Social support;0.983
2020.0;48.0;Kuwait;Explained by: Social support;0.857
2019.0;48.0;Kuwait;Explained by: Social support;1.245
2018.0;51.0;Kuwait;Explained by: Social support;
2017.0;45.0;Kuwait;Explained by: Social support;
2016.0;39.0;Kuwait;Explained by: Social support;
2015.0;41.0;Kuwait;Explained by: Social support;
2014.0;39.0;Kuwait;Explained by: Social support;
2012.0;32.0;Kuwait;Explained by: Social support;
2011.0;29.0;Kuwait;Explained by: Social support;
2024.0;71.0;Montenegro;Explained by: Social support;1.551
2023.0;75.0;Kyrgyzstan;Explained by: Social support;1.477
2022.0;62.0;Kyrgyzstan;Explained by: Social support;1.439
2021.0;64.0;Kyrgyzstan;Explained by: Social support;1.109
2020.0;68.0;Kyrgyzstan;Explained by: Social support;0.971
2019.0;74.0;Kyrgyzstan;Explained by: Social support;1.341
2018.0;86.0;Kyrgyzstan;Explained by: Social support;
2017.0;92.0;Kyrgyzstan;Explained by: Social support;
2016.0;98.0;Kyrgyzstan;Explained by: Social support;
2015.0;85.0;Kyrgyzstan;Explained by: Social support;
2014.0;77.0;Kyrgyzstan;Explained by: Social support;
2012.0;89.0;Kyrgyzstan;Explained by: Social support;
2011.0;102.0;Kyrgyzstan;Explained by: Social support;
2024.0;72.0;Croatia;Explained by: Social support;1.673
2023.0;94.0;Lao PDR;Explained by: Social support;0.846
2022.0;89.0;Lao PDR;Explained by: Social support;0.853
2021.0;95.0;Lao PDR;Explained by: Social support;0.654
2020.0;101.0;Lao PDR;Explained by: Social support;0.598
2019.0;104.0;Lao PDR;Explained by: Social support;0.987
2018.0;105.0;Lao PDR;Explained by: Social support;
2017.0;110.0;Lao PDR;Explained by: Social support;
2015.0;102.0;Lao PDR;Explained by: Social support;
2014.0;99.0;Lao PDR;Explained by: Social support;
2012.0;109.0;Lao PDR;Explained by: Social support;
2011.0;82.0;Lao PDR;Explained by: Social support;
2024.0;73.0;Jamaica;Explained by: Social support;1.545
2023.0;46.0;Latvia;Explained by: Social support;1.508
2022.0;41.0;Latvia;Explained by: Social support;1.505
2021.0;42.0;Latvia;Explained by: Social support;1.221
2020.0;52.0;Latvia;Explained by: Social support;1.047
2019.0;57.0;Latvia;Explained by: Social support;1.414
2018.0;53.0;Latvia;Explained by: Social support;
2017.0;53.0;Latvia;Explained by: Social support;
2016.0;54.0;Latvia;Explained by: Social support;
2015.0;68.0;Latvia;Explained by: Social support;
2014.0;89.0;Latvia;Explained by: Social support;
2012.0;88.0;Latvia;Explained by: Social support;
2011.0;106.0;Latvia;Explained by: Social support;
2024.0;74.0;Bolivia;Explained by: Social support;1.356
2023.0;142.0;Lebanon;Explained by: Social support;0.577
2022.0;136.0;Lebanon;Explained by: Social support;0.476
2021.0;145.0;Lebanon;Explained by: Social support;0.498
2020.0;124.0;Lebanon;Explained by: Social support;0.868
2019.0;111.0;Lebanon;Explained by: Social support;1.192
2018.0;91.0;Lebanon;Explained by: Social support;
2017.0;88.0;Lebanon;Explained by: Social support;
2016.0;88.0;Lebanon;Explained by: Social support;
2015.0;93.0;Lebanon;Explained by: Social support;
2014.0;103.0;Lebanon;Explained by: Social support;
2012.0;97.0;Lebanon;Explained by: Social support;
2011.0;92.0;Lebanon;Explained by: Social support;
2024.0;75.0;Kyrgyzstan;Explained by: Social support;1.715
2023.0;141.0;Lesotho;Explained by: Social support;0.851
2021.0;141.0;Lesotho;Explained by: Social support;0.848
2020.0;146.0;Lesotho;Explained by: Social support;0.731
2019.0;143.0;Lesotho;Explained by: Social support;1.089
2018.0;144.0;Lesotho;Explained by: Social support;
2017.0;141.0;Lesotho;Explained by: Social support;
2016.0;139.0;Lesotho;Explained by: Social support;
2014.0;97.0;Lesotho;Explained by: Social support;
2012.0;98.0;Lesotho;Explained by: Social support;
2024.0;76.0;Dominican Republic;Explained by: Social support;1.5
2023.0;121.0;Liberia;Explained by: Social support;0.673
2022.0;125.0;Liberia;Explained by: Social support;0.644
2021.0;97.0;Liberia;Explained by: Social support;0.67
2020.0;121.0;Liberia;Explained by: Social support;0.58
2019.0;124.0;Liberia;Explained by: Social support;0.921
2018.0;141.0;Liberia;Explained by: Social support;
2017.0;149.0;Liberia;Explained by: Social support;
2016.0;148.0;Liberia;Explained by: Social support;
2015.0;150.0;Liberia;Explained by: Social support;
2014.0;116.0;Liberia;Explained by: Social support;
2012.0;133.0;Liberia;Explained by: Social support;
2011.0;140.0;Liberia;Explained by: Social support;
2024.0;77.0;Mongolia;Explained by: Social support;1.731
2023.0;66.0;Libya;Explained by: Social support;1.1
2021.0;86.0;Libya;Explained by: Social support;0.943
2020.0;81.0;Libya;Explained by: Social support;0.821
2019.0;80.0;Libya;Explained by: Social support;1.196
2018.0;72.0;Libya;Explained by: Social support;
2017.0;70.0;Libya;Explained by: Social support;
2016.0;68.0;Libya;Explained by: Social support;
2015.0;67.0;Libya;Explained by: Social support;
2014.0;63.0;Libya;Explained by: Social support;
2012.0;78.0;Libya;Explained by: Social support;
2011.0;81.0;Libya;Explained by: Social support;
2024.0;78.0;Mauritius;Explained by: Social support;1.521
2023.0;19.0;Lithuania;Explained by: Social support;1.454
2022.0;20.0;Lithuania;Explained by: Social support;1.511
2021.0;34.0;Lithuania;Explained by: Social support;1.204
2020.0;39.0;Lithuania;Explained by: Social support;1.065
2019.0;41.0;Lithuania;Explained by: Social support;1.433
2018.0;42.0;Lithuania;Explained by: Social support;
2017.0;50.0;Lithuania;Explained by: Social support;
2016.0;52.0;Lithuania;Explained by: Social support;
2015.0;60.0;Lithuania;Explained by: Social support;
2014.0;56.0;Lithuania;Explained by: Social support;
2012.0;71.0;Lithuania;Explained by: Social support;
2011.0;60.0;Lithuania;Explained by: Social support;
2024.0;79.0;Libya;Explained by: Social support;1.309
2023.0;8.0;Luxembourg;Explained by: Social support;1.355
2022.0;9.0;Luxembourg;Explained by: Social support;1.357
2021.0;6.0;Luxembourg;Explained by: Social support;1.155
2020.0;9.0;Luxembourg;Explained by: Social support;1.003
2019.0;10.0;Luxembourg;Explained by: Social support;1.388
2018.0;14.0;Luxembourg;Explained by: Social support;
2017.0;17.0;Luxembourg;Explained by: Social support;
2016.0;18.0;Luxembourg;Explained by: Social support;
2015.0;20.0;Luxembourg;Explained by: Social support;
2014.0;17.0;Luxembourg;Explained by: Social support;
2012.0;19.0;Luxembourg;Explained by: Social support;
2011.0;16.0;Luxembourg;Explained by: Social support;
2019.0;90.0;Macedonia;Explained by: Social support;1.183
2024.0;80.0;Republic of Moldova;Explained by: Social support;1.43
2023.0;123.0;Madagascar;Explained by: Social support;0.823
2022.0;127.0;Madagascar;Explained by: Social support;0.779
2021.0;128.0;Madagascar;Explained by: Social support;0.645
2020.0;136.0;Madagascar;Explained by: Social support;0.503
2019.0;137.0;Madagascar;Explained by: Social support;0.824
2018.0;143.0;Madagascar;Explained by: Social support;
2017.0;143.0;Madagascar;Explained by: Social support;
2016.0;144.0;Madagascar;Explained by: Social support;
2015.0;148.0;Madagascar;Explained by: Social support;
2014.0;147.0;Madagascar;Explained by: Social support;
2012.0;146.0;Madagascar;Explained by: Social support;
2011.0;129.0;Madagascar;Explained by: Social support;
2024.0;81.0;Greece;Explained by: Social support;1.438
2023.0;136.0;Malawi;Explained by: Social support;0.41
2022.0;131.0;Malawi;Explained by: Social support;0.479
2021.0;138.0;Malawi;Explained by: Social support;0.279
2020.0;145.0;Malawi;Explained by: Social support;0.168
2019.0;145.0;Malawi;Explained by: Social support;0.53
2018.0;150.0;Malawi;Explained by: Social support;
2017.0;147.0;Malawi;Explained by: Social support;
2016.0;136.0;Malawi;Explained by: Social support;
2015.0;132.0;Malawi;Explained by: Social support;
2014.0;131.0;Malawi;Explained by: Social support;
2012.0;139.0;Malawi;Explained by: Social support;
2011.0;114.0;Malawi;Explained by: Social support;
2024.0;82.0;Venezuela;Explained by: Social support;1.493
2023.0;59.0;Malaysia;Explained by: Social support;1.143
2022.0;55.0;Malaysia;Explained by: Social support;1.155
2021.0;70.0;Malaysia;Explained by: Social support;0.938
2020.0;82.0;Malaysia;Explained by: Social support;0.797
2019.0;82.0;Malaysia;Explained by: Social support;1.174
2018.0;80.0;Malaysia;Explained by: Social support;
2017.0;35.0;Malaysia;Explained by: Social support;
2016.0;42.0;Malaysia;Explained by: Social support;
2015.0;47.0;Malaysia;Explained by: Social support;
2014.0;61.0;Malaysia;Explained by: Social support;
2012.0;56.0;Malaysia;Explained by: Social support;
2011.0;51.0;Malaysia;Explained by: Social support;
2020.0;90.0;Maldives;Explained by: Social support;1.015
2019.0;87.0;Maldives;Explained by: Social support;1.402
2024.0;83.0;Indonesia;Explained by: Social support;1.372
2023.0;122.0;Mali;Explained by: Social support;0.688
2022.0;120.0;Mali;Explained by: Social support;0.637
2021.0;123.0;Mali;Explained by: Social support;0.483
2020.0;118.0;Mali;Explained by: Social support;0.59
2019.0;114.0;Mali;Explained by: Social support;0.973
2018.0;128.0;Mali;Explained by: Social support;
2017.0;118.0;Mali;Explained by: Social support;
2016.0;127.0;Mali;Explained by: Social support;
2015.0;135.0;Mali;Explained by: Social support;
2014.0;138.0;Mali;Explained by: Social support;
2012.0;132.0;Mali;Explained by: Social support;
2011.0;143.0;Mali;Explained by: Social support;
2024.0;84.0;Algeria;Explained by: Social support;1.363
2023.0;40.0;Malta;Explained by: Social support;1.444
2022.0;37.0;Malta;Explained by: Social support;1.468
2021.0;33.0;Malta;Explained by: Social support;1.169
2020.0;24.0;Malta;Explained by: Social support;1.055
2019.0;22.0;Malta;Explained by: Social support;1.443
2018.0;22.0;Malta;Explained by: Social support;
2017.0;22.0;Malta;Explained by: Social support;
2016.0;27.0;Malta;Explained by: Social support;
2015.0;30.0;Malta;Explained by: Social support;
2014.0;37.0;Malta;Explained by: Social support;
2012.0;48.0;Malta;Explained by: Social support;
2011.0;47.0;Malta;Explained by: Social support;
2024.0;85.0;Bulgaria;Explained by: Social support;1.725
2023.0;111.0;Mauritania;Explained by: Social support;0.705
2022.0;103.0;Mauritania;Explained by: Social support;0.764
2021.0;133.0;Mauritania;Explained by: Social support;0.865
2020.0;135.0;Mauritania;Explained by: Social support;0.749
2019.0;129.0;Mauritania;Explained by: Social support;1.113
2018.0;122.0;Mauritania;Explained by: Social support;
2017.0;126.0;Mauritania;Explained by: Social support;
2016.0;123.0;Mauritania;Explained by: Social support;
2015.0;130.0;Mauritania;Explained by: Social support;
2014.0;124.0;Mauritania;Explained by: Social support;
2012.0;112.0;Mauritania;Explained by: Social support;
2011.0;113.0;Mauritania;Explained by: Social support;
2024.0;86.0;North Macedonia;Explained by: Social support;1.537
2023.0;70.0;Mauritius;Explained by: Social support;1.358
2022.0;59.0;Mauritius;Explained by: Social support;1.382
2021.0;52.0;Mauritius;Explained by: Social support;1.116
2020.0;51.0;Mauritius;Explained by: Social support;0.996
2019.0;49.0;Mauritius;Explained by: Social support;1.396
2018.0;57.0;Mauritius;Explained by: Social support;
2017.0;55.0;Mauritius;Explained by: Social support;
2016.0;64.0;Mauritius;Explained by: Social support;
2015.0;66.0;Mauritius;Explained by: Social support;
2014.0;71.0;Mauritius;Explained by: Social support;
2012.0;67.0;Mauritius;Explained by: Social support;
2011.0;64.0;Mauritius;Explained by: Social support;
2024.0;87.0;Armenia;Explained by: Social support;1.349
2023.0;25.0;Mexico;Explained by: Social support;1.241
2022.0;36.0;Mexico;Explained by: Social support;1.169
2021.0;46.0;Mexico;Explained by: Social support;0.886
2020.0;37.0;Mexico;Explained by: Social support;0.83
2019.0;24.0;Mexico;Explained by: Social support;1.226
2018.0;23.0;Mexico;Explained by: Social support;
2017.0;24.0;Mexico;Explained by: Social support;
2016.0;25.0;Mexico;Explained by: Social support;
2015.0;21.0;Mexico;Explained by: Social support;
2014.0;14.0;Mexico;Explained by: Social support;
2012.0;16.0;Mexico;Explained by: Social support;
2011.0;24.0;Mexico;Explained by: Social support;
2024.0;88.0;Hong Kong SAR of China;Explained by: Social support;1.41
2023.0;77.0;Mongolia;Explained by: Social support;1.511
2022.0;61.0;Mongolia;Explained by: Social support;1.494
2021.0;68.0;Mongolia;Explained by: Social support;1.197
2020.0;71.0;Mongolia;Explained by: Social support;1.065
2019.0;81.0;Mongolia;Explained by: Social support;1.459
2018.0;83.0;Mongolia;Explained by: Social support;
2017.0;94.0;Mongolia;Explained by: Social support;
2016.0;100.0;Mongolia;Explained by: Social support;
2015.0;101.0;Mongolia;Explained by: Social support;
2014.0;100.0;Mongolia;Explained by: Social support;
2012.0;102.0;Mongolia;Explained by: Social support;
2011.0;119.0;Mongolia;Explained by: Social support;
2024.0;89.0;Albania;Explained by: Social support;1.122
2023.0;76.0;Montenegro;Explained by: Social support;1.318
2022.0;67.0;Montenegro;Explained by: Social support;1.385
2021.0;75.0;Montenegro;Explained by: Social support;1.023
2020.0;73.0;Montenegro;Explained by: Social support;0.891
2019.0;72.0;Montenegro;Explained by: Social support;1.266
2018.0;73.0;Montenegro;Explained by: Social support;
2017.0;81.0;Montenegro;Explained by: Social support;
2016.0;83.0;Montenegro;Explained by: Social support;
2015.0;88.0;Montenegro;Explained by: Social support;
2014.0;83.0;Montenegro;Explained by: Social support;
2012.0;80.0;Montenegro;Explained by: Social support;
2011.0;86.0;Montenegro;Explained by: Social support;
2024.0;90.0;Tajikistan;Explained by: Social support;1.555
2023.0;107.0;Morocco;Explained by: Social support;0.471
2022.0;100.0;Morocco;Explained by: Social support;0.535
2021.0;100.0;Morocco;Explained by: Social support;0.268
2020.0;107.0;Morocco;Explained by: Social support;0.219
2019.0;97.0;Morocco;Explained by: Social support;0.645
2018.0;89.0;Morocco;Explained by: Social support;
2017.0;85.0;Morocco;Explained by: Social support;
2016.0;84.0;Morocco;Explained by: Social support;
2015.0;90.0;Morocco;Explained by: Social support;
2014.0;92.0;Morocco;Explained by: Social support;
2012.0;99.0;Morocco;Explained by: Social support;
2011.0;105.0;Morocco;Explained by: Social support;
2024.0;91.0;Georgia;Explained by: Social support;1.275
2023.0;90.0;Mozambique;Explained by: Social support;0.883
2022.0;97.0;Mozambique;Explained by: Social support;0.885
2021.0;101.0;Mozambique;Explained by: Social support;0.66
2020.0;116.0;Mozambique;Explained by: Social support;0.634
2019.0;120.0;Mozambique;Explained by: Social support;0.955
2018.0;123.0;Mozambique;Explained by: Social support;
2017.0;123.0;Mozambique;Explained by: Social support;
2016.0;113.0;Mozambique;Explained by: Social support;
2014.0;94.0;Mozambique;Explained by: Social support;
2012.0;94.0;Mozambique;Explained by: Social support;
2011.0;110.0;Mozambique;Explained by: Social support;
2024.0;92.0;Nepal;Explained by: Social support;1.21
2023.0;118.0;Myanmar;Explained by: Social support;0.988
2022.0;117.0;Myanmar;Explained by: Social support;1.125
2021.0;126.0;Myanmar;Explained by: Social support;0.829
2020.0;127.0;Myanmar;Explained by: Social support;0.713
2019.0;133.0;Myanmar;Explained by: Social support;1.098
2018.0;131.0;Myanmar;Explained by: Social support;
2017.0;130.0;Myanmar;Explained by: Social support;
2016.0;114.0;Myanmar;Explained by: Social support;
2015.0;119.0;Myanmar;Explained by: Social support;
2014.0;129.0;Myanmar;Explained by: Social support;
2012.0;121.0;Myanmar;Explained by: Social support;
2011.0;74.0;Myanmar;Explained by: Social support;
2024.0;93.0;Lao PDR;Explained by: Social support;1.01
2023.0;106.0;Namibia;Explained by: Social support;1.212
2022.0;105.0;Namibia;Explained by: Social support;1.126
2021.0;124.0;Namibia;Explained by: Social support;0.877
2020.0;125.0;Namibia;Explained by: Social support;0.801
2019.0;122.0;Namibia;Explained by: Social support;1.246
2018.0;113.0;Namibia;Explained by: Social support;
2017.0;119.0;Namibia;Explained by: Social support;
2016.0;111.0;Namibia;Explained by: Social support;
2015.0;113.0;Namibia;Explained by: Social support;
2011.0;97.0;Namibia;Explained by: Social support;
2024.0;94.0;Türkiye;Explained by: Social support;1.444
2023.0;93.0;Nepal;Explained by: Social support;0.99
2022.0;78.0;Nepal;Explained by: Social support;1.027
2021.0;84.0;Nepal;Explained by: Social support;0.784
2020.0;88.0;Nepal;Explained by: Social support;0.702
2019.0;92.0;Nepal;Explained by: Social support;1.101
2018.0;100.0;Nepal;Explained by: Social support;
2017.0;101.0;Nepal;Explained by: Social support;
2016.0;99.0;Nepal;Explained by: Social support;
2015.0;107.0;Nepal;Explained by: Social support;
2014.0;121.0;Nepal;Explained by: Social support;
2012.0;135.0;Nepal;Explained by: Social support;
2011.0;121.0;Nepal;Explained by: Social support;
2024.0;95.0;South Africa;Explained by: Social support;1.465
2023.0;6.0;Netherlands;Explained by: Social support;1.462
2022.0;5.0;Netherlands;Explained by: Social support;1.488
2021.0;5.0;Netherlands;Explained by: Social support;1.206
2020.0;6.0;Netherlands;Explained by: Social support;1.079
2019.0;6.0;Netherlands;Explained by: Social support;1.464
2018.0;5.0;Netherlands;Explained by: Social support;
2017.0;6.0;Netherlands;Explained by: Social support;
2016.0;6.0;Netherlands;Explained by: Social support;
2015.0;7.0;Netherlands;Explained by: Social support;
2014.0;7.0;Netherlands;Explained by: Social support;
2012.0;4.0;Netherlands;Explained by: Social support;
2011.0;4.0;Netherlands;Explained by: Social support;
2024.0;96.0;Mozambique;Explained by: Social support;1.131
2023.0;11.0;New Zealand;Explained by: Social support;1.527
2022.0;10.0;New Zealand;Explained by: Social support;1.544
2021.0;10.0;New Zealand;Explained by: Social support;1.235
2020.0;10.0;New Zealand;Explained by: Social support;1.094
2019.0;8.0;New Zealand;Explained by: Social support;1.487
2018.0;8.0;New Zealand;Explained by: Social support;
2017.0;8.0;New Zealand;Explained by: Social support;
2016.0;8.0;New Zealand;Explained by: Social support;
2015.0;8.0;New Zealand;Explained by: Social support;
2014.0;9.0;New Zealand;Explained by: Social support;
2012.0;13.0;New Zealand;Explained by: Social support;
2011.0;8.0;New Zealand;Explained by: Social support;
2024.0;97.0;Gabon;Explained by: Social support;1.224
2023.0;43.0;Nicaragua;Explained by: Social support;1.263
2022.0;40.0;Nicaragua;Explained by: Social support;1.292
2021.0;45.0;Nicaragua;Explained by: Social support;1.029
2020.0;56.0;Nicaragua;Explained by: Social support;0.904
2019.0;46.0;Nicaragua;Explained by: Social support;1.271
2018.0;45.0;Nicaragua;Explained by: Social support;
2017.0;41.0;Nicaragua;Explained by: Social support;
2016.0;43.0;Nicaragua;Explained by: Social support;
2015.0;48.0;Nicaragua;Explained by: Social support;
2014.0;57.0;Nicaragua;Explained by: Social support;
2012.0;65.0;Nicaragua;Explained by: Social support;
2011.0;89.0;Nicaragua;Explained by: Social support;
2024.0;98.0;Côte d’Ivoire;Explained by: Social support;0.76
2023.0;109.0;Niger;Explained by: Social support;0.677
2022.0;109.0;Niger;Explained by: Social support;0.628
2021.0;104.0;Niger;Explained by: Social support;0.56
2020.0;97.0;Niger;Explained by: Social support;0.402
2019.0;103.0;Niger;Explained by: Social support;0.704
2018.0;114.0;Niger;Explained by: Social support;
2017.0;134.0;Niger;Explained by: Social support;
2016.0;135.0;Niger;Explained by: Social support;
2015.0;142.0;Niger;Explained by: Social support;
2014.0;144.0;Niger;Explained by: Social support;
2012.0;136.0;Niger;Explained by: Social support;
2011.0;137.0;Niger;Explained by: Social support;
2024.0;99.0;Iran;Explained by: Social support;1.367
2023.0;102.0;Nigeria;Explained by: Social support;1.075
2022.0;95.0;Nigeria;Explained by: Social support;1.007
2021.0;118.0;Nigeria;Explained by: Social support;0.732
2020.0;117.0;Nigeria;Explained by: Social support;0.625
2019.0;115.0;Nigeria;Explained by: Social support;0.987
2018.0;85.0;Nigeria;Explained by: Social support;
2017.0;91.0;Nigeria;Explained by: Social support;
2016.0;95.0;Nigeria;Explained by: Social support;
2015.0;103.0;Nigeria;Explained by: Social support;
2014.0;78.0;Nigeria;Explained by: Social support;
2012.0;82.0;Nigeria;Explained by: Social support;
2011.0;100.0;Nigeria;Explained by: Social support;
2021.0;79.0;North Cyprus;Explained by: Social support;0.888
2020.0;75.0;North Cyprus;Explained by: Social support;0.806
2019.0;76.0;North Cyprus;Explained by: Social support;1.183
2018.0;64.0;North Cyprus;Explained by: Social support;
2017.0;58.0;North Cyprus;Explained by: Social support;
2016.0;61.0;North Cyprus;Explained by: Social support;
2015.0;62.0;North Cyprus;Explained by: Social support;
2014.0;66.0;North Cyprus;Explained by: Social support;
2012.0;69.0;North Cyprus;Explained by: Social support;
2024.0;100.0;Congo;Explained by: Social support;0.796
2023.0;84.0;North Macedonia;Explained by: Social support;1.277
2022.0;87.0;North Macedonia;Explained by: Social support;1.171
2021.0;89.0;North Macedonia;Explained by: Social support;0.863
2020.0;95.0;North Macedonia;Explained by: Social support;0.772
2018.0;84.0;North Macedonia;Explained by: Social support;
2017.0;89.0;North Macedonia;Explained by: Social support;
2016.0;92.0;North Macedonia;Explained by: Social support;
2015.0;95.0;North Macedonia;Explained by: Social support;
2014.0;93.0;North Macedonia;Explained by: Social support;
2012.0;118.0;North Macedonia;Explained by: Social support;
2011.0;127.0;North Macedonia;Explained by: Social support;
2024.0;101.0;Iraq;Explained by: Social support;1.275
2023.0;7.0;Norway;Explained by: Social support;1.517
2022.0;7.0;Norway;Explained by: Social support;1.521
2021.0;8.0;Norway;Explained by: Social support;1.239
2020.0;7.0;Norway;Explained by: Social support;1.108
2019.0;5.0;Norway;Explained by: Social support;1.495
2018.0;3.0;Norway;Explained by: Social support;
2017.0;2.0;Norway;Explained by: Social support;
2016.0;1.0;Norway;Explained by: Social support;
2015.0;4.0;Norway;Explained by: Social support;
2014.0;4.0;Norway;Explained by: Social support;
2012.0;2.0;Norway;Explained by: Social support;
2011.0;3.0;Norway;Explained by: Social support;
2024.0;102.0;Guinea;Explained by: Social support;0.791
2014.0;22.0;Oman;Explained by: Social support;
2012.0;23.0;Oman;Explained by: Social support;
2024.0;103.0;Namibia;Explained by: Social support;1.482
2023.0;108.0;Pakistan;Explained by: Social support;0.6
2022.0;108.0;Pakistan;Explained by: Social support;0.657
2021.0;121.0;Pakistan;Explained by: Social support;0.413
2020.0;106.0;Pakistan;Explained by: Social support;0.423
2019.0;66.0;Pakistan;Explained by: Social support;0.873
2018.0;67.0;Pakistan;Explained by: Social support;
2017.0;75.0;Pakistan;Explained by: Social support;
2016.0;80.0;Pakistan;Explained by: Social support;
2015.0;92.0;Pakistan;Explained by: Social support;
2014.0;81.0;Pakistan;Explained by: Social support;
2012.0;81.0;Pakistan;Explained by: Social support;
2011.0;85.0;Pakistan;Explained by: Social support;
2024.0;104.0;Cameroon;Explained by: Social support;0.986
2023.0;39.0;Panama;Explained by: Social support;1.392
2022.0;38.0;Panama;Explained by: Social support;1.402
2021.0;37.0;Panama;Explained by: Social support;1.107
2020.0;42.0;Panama;Explained by: Social support;0.976
2019.0;36.0;Panama;Explained by: Social support;1.376
2018.0;31.0;Panama;Explained by: Social support;
2017.0;27.0;Panama;Explained by: Social support;
2016.0;30.0;Panama;Explained by: Social support;
2015.0;25.0;Panama;Explained by: Social support;
2014.0;25.0;Panama;Explained by: Social support;
2012.0;15.0;Panama;Explained by: Social support;
2011.0;21.0;Panama;Explained by: Social support;
2024.0;105.0;Nigeria;Explained by: Social support;1.245
2023.0;57.0;Paraguay;Explained by: Social support;1.408
2022.0;66.0;Paraguay;Explained by: Social support;1.427
2021.0;73.0;Paraguay;Explained by: Social support;1.13
2020.0;72.0;Paraguay;Explained by: Social support;0.97
2019.0;67.0;Paraguay;Explained by: Social support;1.368
2018.0;63.0;Paraguay;Explained by: Social support;
2017.0;64.0;Paraguay;Explained by: Social support;
2016.0;70.0;Paraguay;Explained by: Social support;
2015.0;70.0;Paraguay;Explained by: Social support;
2014.0;53.0;Paraguay;Explained by: Social support;
2012.0;54.0;Paraguay;Explained by: Social support;
2011.0;70.0;Paraguay;Explained by: Social support;
2024.0;106.0;Azerbaijan;Explained by: Social support;1.03
2023.0;68.0;Peru;Explained by: Social support;1.18
2022.0;75.0;Peru;Explained by: Social support;1.153
2021.0;74.0;Peru;Explained by: Social support;0.865
2020.0;64.0;Peru;Explained by: Social support;0.833
2019.0;63.0;Peru;Explained by: Social support;1.208
2018.0;65.0;Peru;Explained by: Social support;
2017.0;65.0;Peru;Explained by: Social support;
2016.0;63.0;Peru;Explained by: Social support;
2015.0;64.0;Peru;Explained by: Social support;
2014.0;58.0;Peru;Explained by: Social support;
2012.0;55.0;Peru;Explained by: Social support;
2011.0;77.0;Peru;Explained by: Social support;
2024.0;107.0;Senegal;Explained by: Social support;0.977
2023.0;53.0;Philippines;Explained by: Social support;1.146
2022.0;76.0;Philippines;Explained by: Social support;1.108
2021.0;60.0;Philippines;Explained by: Social support;0.912
2020.0;62.0;Philippines;Explained by: Social support;0.828
2019.0;52.0;Philippines;Explained by: Social support;1.245
2018.0;69.0;Philippines;Explained by: Social support;
2017.0;71.0;Philippines;Explained by: Social support;
2016.0;72.0;Philippines;Explained by: Social support;
2015.0;82.0;Philippines;Explained by: Social support;
2014.0;90.0;Philippines;Explained by: Social support;
2012.0;92.0;Philippines;Explained by: Social support;
2011.0;103.0;Philippines;Explained by: Social support;
2024.0;108.0;State of Palestine;Explained by: Social support;1.456
2023.0;35.0;Poland;Explained by: Social support;1.417
2022.0;39.0;Poland;Explained by: Social support;1.474
2021.0;48.0;Poland;Explained by: Social support;1.174
2020.0;45.0;Poland;Explained by: Social support;0.982
2019.0;43.0;Poland;Explained by: Social support;1.31
2018.0;40.0;Poland;Explained by: Social support;
2017.0;42.0;Poland;Explained by: Social support;
2016.0;46.0;Poland;Explained by: Social support;
2015.0;57.0;Poland;Explained by: Social support;
2014.0;60.0;Poland;Explained by: Social support;
2012.0;51.0;Poland;Explained by: Social support;
2011.0;53.0;Poland;Explained by: Social support;
2024.0;109.0;Pakistan;Explained by: Social support;0.759
2023.0;55.0;Portugal;Explained by: Social support;1.368
2022.0;56.0;Portugal;Explained by: Social support;1.356
2021.0;56.0;Portugal;Explained by: Social support;1.078
2020.0;59.0;Portugal;Explained by: Social support;0.939
2019.0;59.0;Portugal;Explained by: Social support;1.34
2018.0;66.0;Portugal;Explained by: Social support;
2017.0;77.0;Portugal;Explained by: Social support;
2016.0;89.0;Portugal;Explained by: Social support;
2015.0;94.0;Portugal;Explained by: Social support;
2014.0;88.0;Portugal;Explained by: Social support;
2012.0;85.0;Portugal;Explained by: Social support;
2011.0;73.0;Portugal;Explained by: Social support;
2015.0;15.0;Puerto Rico;Explained by: Social support;
2011.0;27.0;Puerto Rico;Explained by: Social support;
2018.0;29.0;Qatar;Explained by: Social support;
2017.0;32.0;Qatar;Explained by: Social support;
2016.0;35.0;Qatar;Explained by: Social support;
2015.0;36.0;Qatar;Explained by: Social support;
2014.0;28.0;Qatar;Explained by: Social support;
2012.0;27.0;Qatar;Explained by: Social support;
2011.0;31.0;Qatar;Explained by: Social support;
2024.0;110.0;Niger;Explained by: Social support;0.796
2023.0;52.0;Republic of Korea;Explained by: Social support;1.178
2022.0;57.0;Republic of Korea;Explained by: Social support;1.188
2021.0;59.0;Republic of Korea;Explained by: Social support;0.886
2020.0;63.0;Republic of Korea;Explained by: Social support;0.758
2019.0;61.0;Republic of Korea;Explained by: Social support;1.134
2018.0;54.0;Republic of Korea;Explained by: Social support;
2017.0;57.0;Republic of Korea;Explained by: Social support;
2016.0;55.0;Republic of Korea;Explained by: Social support;
2015.0;58.0;Republic of Korea;Explained by: Social support;
2014.0;47.0;Republic of Korea;Explained by: Social support;
2012.0;41.0;Republic of Korea;Explained by: Social support;
2011.0;56.0;Republic of Korea;Explained by: Social support;
2024.0;111.0;Ukraine;Explained by: Social support;1.472
2023.0;71.0;Republic of Moldova;Explained by: Social support;1.277
2022.0;63.0;Republic of Moldova;Explained by: Social support;1.302
2021.0;62.0;Republic of Moldova;Explained by: Social support;1.008
2020.0;66.0;Republic of Moldova;Explained by: Social support;0.888
2019.0;70.0;Republic of Moldova;Explained by: Social support;1.237
2018.0;71.0;Republic of Moldova;Explained by: Social support;
2017.0;67.0;Republic of Moldova;Explained by: Social support;
2016.0;56.0;Republic of Moldova;Explained by: Social support;
2015.0;55.0;Republic of Moldova;Explained by: Social support;
2014.0;52.0;Republic of Moldova;Explained by: Social support;
2012.0;53.0;Republic of Moldova;Explained by: Social support;
2011.0;75.0;Republic of Moldova;Explained by: Social support;
2024.0;112.0;Morocco;Explained by: Social support;0.635
2023.0;32.0;Romania;Explained by: Social support;1.236
2022.0;24.0;Romania;Explained by: Social support;1.28
2021.0;28.0;Romania;Explained by: Social support;1.006
2020.0;47.0;Romania;Explained by: Social support;0.832
2019.0;47.0;Romania;Explained by: Social support;1.194
2018.0;48.0;Romania;Explained by: Social support;
2017.0;52.0;Romania;Explained by: Social support;
2016.0;57.0;Romania;Explained by: Social support;
2015.0;71.0;Romania;Explained by: Social support;
2014.0;86.0;Romania;Explained by: Social support;
2012.0;90.0;Romania;Explained by: Social support;
2011.0;80.0;Romania;Explained by: Social support;
2024.0;113.0;Tunisia;Explained by: Social support;1.224
2023.0;72.0;Russian Federation;Explained by: Social support;1.351
2022.0;70.0;Russian Federation;Explained by: Social support;1.383
2021.0;80.0;Russian Federation;Explained by: Social support;1.095
2020.0;77.0;Russian Federation;Explained by: Social support;0.992
2019.0;73.0;Russian Federation;Explained by: Social support;1.379
2018.0;68.0;Russian Federation;Explained by: Social support;
2017.0;59.0;Russian Federation;Explained by: Social support;
2016.0;49.0;Russian Federation;Explained by: Social support;
2015.0;56.0;Russian Federation;Explained by: Social support;
2014.0;64.0;Russian Federation;Explained by: Social support;
2012.0;68.0;Russian Federation;Explained by: Social support;
2011.0;76.0;Russian Federation;Explained by: Social support;
2021.0;143.0;Rwanda;Explained by: Social support;0.133
2020.0;148.0;Rwanda;Explained by: Social support;0.202
2019.0;150.0;Rwanda;Explained by: Social support;0.523
2018.0;152.0;Rwanda;Explained by: Social support;
2017.0;151.0;Rwanda;Explained by: Social support;
2016.0;151.0;Rwanda;Explained by: Social support;
2015.0;152.0;Rwanda;Explained by: Social support;
2014.0;154.0;Rwanda;Explained by: Social support;
2012.0;152.0;Rwanda;Explained by: Social support;
2011.0;132.0;Rwanda;Explained by: Social support;
2024.0;114.0;Mauritania;Explained by: Social support;0.919
2023.0;28.0;Saudi Arabia;Explained by: Social support;1.361
2022.0;30.0;Saudi Arabia;Explained by: Social support;1.37
2021.0;25.0;Saudi Arabia;Explained by: Social support;1.092
2020.0;27.0;Saudi Arabia;Explained by: Social support;0.964
2019.0;27.0;Saudi Arabia;Explained by: Social support;1.31
2018.0;28.0;Saudi Arabia;Explained by: Social support;
2017.0;33.0;Saudi Arabia;Explained by: Social support;
2016.0;37.0;Saudi Arabia;Explained by: Social support;
2015.0;34.0;Saudi Arabia;Explained by: Social support;
2014.0;35.0;Saudi Arabia;Explained by: Social support;
2012.0;33.0;Saudi Arabia;Explained by: Social support;
2011.0;26.0;Saudi Arabia;Explained by: Social support;
2024.0;115.0;Kenya;Explained by: Social support;1.047
2023.0;99.0;Senegal;Explained by: Social support;0.751
2022.0;102.0;Senegal;Explained by: Social support;0.727
2021.0;103.0;Senegal;Explained by: Social support;0.53
2020.0;93.0;Senegal;Explained by: Social support;0.558
2019.0;101.0;Senegal;Explained by: Social support;0.955
2018.0;111.0;Senegal;Explained by: Social support;
2017.0;109.0;Senegal;Explained by: Social support;
2016.0;115.0;Senegal;Explained by: Social support;
2015.0;128.0;Senegal;Explained by: Social support;
2014.0;142.0;Senegal;Explained by: Social support;
2012.0;147.0;Senegal;Explained by: Social support;
2011.0;125.0;Senegal;Explained by: Social support;
2024.0;116.0;Uganda;Explained by: Social support;1.342
2023.0;37.0;Serbia;Explained by: Social support;1.391
2022.0;45.0;Serbia;Explained by: Social support;1.343
2021.0;43.0;Serbia;Explained by: Social support;1.086
2020.0;49.0;Serbia;Explained by: Social support;0.924
2019.0;64.0;Serbia;Explained by: Social support;1.327
2018.0;70.0;Serbia;Explained by: Social support;
2017.0;78.0;Serbia;Explained by: Social support;
2016.0;73.0;Serbia;Explained by: Social support;
2015.0;86.0;Serbia;Explained by: Social support;
2014.0;87.0;Serbia;Explained by: Social support;
2012.0;106.0;Serbia;Explained by: Social support;
2011.0;118.0;Serbia;Explained by: Social support;
2024.0;117.0;Gambia;Explained by: Social support;0.958
2023.0;140.0;Sierra Leone;Explained by: Social support;0.566
2022.0;135.0;Sierra Leone;Explained by: Social support;0.54
2021.0;140.0;Sierra Leone;Explained by: Social support;0.416
2020.0;139.0;Sierra Leone;Explained by: Social support;0.377
2019.0;139.0;Sierra Leone;Explained by: Social support;0.748
2018.0;129.0;Sierra Leone;Explained by: Social support;
2017.0;113.0;Sierra Leone;Explained by: Social support;
2016.0;106.0;Sierra Leone;Explained by: Social support;
2015.0;111.0;Sierra Leone;Explained by: Social support;
2014.0;123.0;Sierra Leone;Explained by: Social support;
2012.0;127.0;Sierra Leone;Explained by: Social support;
2011.0;153.0;Sierra Leone;Explained by: Social support;
2024.0;118.0;India;Explained by: Social support;0.86
2023.0;30.0;Singapore;Explained by: Social support;1.361
2022.0;25.0;Singapore;Explained by: Social support;1.354
2021.0;27.0;Singapore;Explained by: Social support;1.127
2020.0;33.0;Singapore;Explained by: Social support;1.019
2019.0;31.0;Singapore;Explained by: Social support;1.395
2018.0;34.0;Singapore;Explained by: Social support;
2017.0;34.0;Singapore;Explained by: Social support;
2016.0;26.0;Singapore;Explained by: Social support;
2015.0;22.0;Singapore;Explained by: Social support;
2014.0;24.0;Singapore;Explained by: Social support;
2012.0;30.0;Singapore;Explained by: Social support;
2011.0;33.0;Singapore;Explained by: Social support;
2024.0;119.0;Chad;Explained by: Social support;0.902
2023.0;45.0;Slovakia;Explained by: Social support;1.54
2022.0;29.0;Slovakia;Explained by: Social support;1.544
2021.0;35.0;Slovakia;Explained by: Social support;1.232
2020.0;35.0;Slovakia;Explained by: Social support;1.066
2019.0;37.0;Slovakia;Explained by: Social support;1.424
2018.0;38.0;Slovakia;Explained by: Social support;
2017.0;39.0;Slovakia;Explained by: Social support;
2016.0;40.0;Slovakia;Explained by: Social support;
2015.0;45.0;Slovakia;Explained by: Social support;
2014.0;45.0;Slovakia;Explained by: Social support;
2012.0;46.0;Slovakia;Explained by: Social support;
2011.0;55.0;Slovakia;Explained by: Social support;
2024.0;120.0;Burkina Faso;Explained by: Social support;0.828
2023.0;21.0;Slovenia;Explained by: Social support;1.502
2022.0;22.0;Slovenia;Explained by: Social support;1.539
2021.0;22.0;Slovenia;Explained by: Social support;1.249
2020.0;30.0;Slovenia;Explained by: Social support;1.093
2019.0;33.0;Slovenia;Explained by: Social support;1.465
2018.0;44.0;Slovenia;Explained by: Social support;
2017.0;51.0;Slovenia;Explained by: Social support;
2016.0;62.0;Slovenia;Explained by: Social support;
2015.0;63.0;Slovenia;Explained by: Social support;
2014.0;55.0;Slovenia;Explained by: Social support;
2012.0;44.0;Slovenia;Explained by: Social support;
2011.0;49.0;Slovenia;Explained by: Social support;
2024.0;121.0;Benin;Explained by: Social support;0.228
2018.0;112.0;Somalia;Explained by: Social support;
2017.0;98.0;Somalia;Explained by: Social support;
2016.0;93.0;Somalia;Explained by: Social support;
2015.0;76.0;Somalia;Explained by: Social support;
2015.0;97.0;Somaliland Region;Explained by: Social support;
2014.0;91.0;Somaliland Region;Explained by: Social support;
2012.0;101.0;Somaliland Region;Explained by: Social support;
2011.0;111.0;Somaliland Region;Explained by: Social support;
2024.0;122.0;Somalia;Explained by: Social support;0.877
2023.0;83.0;South Africa;Explained by: Social support;1.369
2022.0;85.0;South Africa;Explained by: Social support;1.428
2021.0;91.0;South Africa;Explained by: Social support;1.088
2020.0;104.0;South Africa;Explained by: Social support;0.895
2019.0;109.0;South Africa;Explained by: Social support;1.259
2018.0;106.0;South Africa;Explained by: Social support;
2017.0;105.0;South Africa;Explained by: Social support;
2016.0;101.0;South Africa;Explained by: Social support;
2015.0;116.0;South Africa;Explained by: Social support;
2014.0;113.0;South Africa;Explained by: Social support;
2012.0;96.0;South Africa;Explained by: Social support;
2011.0;90.0;South Africa;Explained by: Social support;
2019.0;152.0;South Sudan;Explained by: Social support;0.553
2018.0;156.0;South Sudan;Explained by: Social support;
2017.0;154.0;South Sudan;Explained by: Social support;
2016.0;147.0;South Sudan;Explained by: Social support;
2015.0;143.0;South Sudan;Explained by: Social support;
2024.0;123.0;Mali;Explained by: Social support;0.908
2023.0;36.0;Spain;Explained by: Social support;1.471
2022.0;32.0;Spain;Explained by: Social support;1.491
2021.0;29.0;Spain;Explained by: Social support;1.211
2020.0;28.0;Spain;Explained by: Social support;1.057
2019.0;28.0;Spain;Explained by: Social support;1.421
2018.0;30.0;Spain;Explained by: Social support;
2017.0;36.0;Spain;Explained by: Social support;
2016.0;34.0;Spain;Explained by: Social support;
2015.0;37.0;Spain;Explained by: Social support;
2014.0;36.0;Spain;Explained by: Social support;
2012.0;38.0;Spain;Explained by: Social support;
2011.0;22.0;Spain;Explained by: Social support;
2024.0;124.0;Cambodia;Explained by: Social support;1.215
2023.0;128.0;Sri Lanka;Explained by: Social support;1.179
2022.0;112.0;Sri Lanka;Explained by: Social support;1.224
2021.0;127.0;Sri Lanka;Explained by: Social support;0.934
2020.0;130.0;Sri Lanka;Explained by: Social support;0.82
2019.0;130.0;Sri Lanka;Explained by: Social support;1.195
2018.0;120.0;Sri Lanka;Explained by: Social support;
2017.0;116.0;Sri Lanka;Explained by: Social support;
2016.0;120.0;Sri Lanka;Explained by: Social support;
2015.0;117.0;Sri Lanka;Explained by: Social support;
2014.0;132.0;Sri Lanka;Explained by: Social support;
2012.0;137.0;Sri Lanka;Explained by: Social support;
2011.0;130.0;Sri Lanka;Explained by: Social support;
2024.0;125.0;Ghana;Explained by: Social support;1.01
2023.0;103.0;State of Palestine;Explained by: Social support;
2022.0;99.0;State of Palestine;Explained by: Social support;1.309
2021.0;122.0;State of Palestine;Explained by: Social support;0.957
2020.0;126.0;State of Palestine;Explained by: Social support;0.819
2019.0;125.0;State of Palestine;Explained by: Social support;1.195
2018.0;110.0;State of Palestine;Explained by: Social support;
2017.0;104.0;State of Palestine;Explained by: Social support;
2016.0;103.0;State of Palestine;Explained by: Social support;
2015.0;108.0;State of Palestine;Explained by: Social support;
2014.0;108.0;State of Palestine;Explained by: Social support;
2012.0;113.0;State of Palestine;Explained by: Social support;
2011.0;120.0;State of Palestine;Explained by: Social support;
2017.0;137.0;Sudan;Explained by: Social support;
2016.0;130.0;Sudan;Explained by: Social support;
2015.0;133.0;Sudan;Explained by: Social support;
2014.0;118.0;Sudan;Explained by: Social support;
2012.0;124.0;Sudan;Explained by: Social support;
2011.0;124.0;Sudan;Explained by: Social support;
2015.0;40.0;Suriname;Explained by: Social support;
2014.0;40.0;Suriname;Explained by: Social support;
2012.0;40.0;Suriname;Explained by: Social support;
2020.0;131.0;Swaziland;Explained by: Social support;0.693
2019.0;132.0;Swaziland;Explained by: Social support;1.065
2018.0;135.0;Swaziland;Explained by: Social support;
2014.0;101.0;Swaziland;Explained by: Social support;
2012.0;100.0;Swaziland;Explained by: Social support;
2024.0;126.0;Myanmar;Explained by: Social support;1.144
2023.0;4.0;Sweden;Explained by: Social support;1.501
2022.0;6.0;Sweden;Explained by: Social support;1.51
2021.0;7.0;Sweden;Explained by: Social support;1.204
2020.0;8.0;Sweden;Explained by: Social support;1.062
2019.0;7.0;Sweden;Explained by: Social support;1.433
2018.0;7.0;Sweden;Explained by: Social support;
2017.0;9.0;Sweden;Explained by: Social support;
2016.0;10.0;Sweden;Explained by: Social support;
2015.0;10.0;Sweden;Explained by: Social support;
2014.0;8.0;Sweden;Explained by: Social support;
2012.0;5.0;Sweden;Explained by: Social support;
2011.0;7.0;Sweden;Explained by: Social support;
2024.0;127.0;Togo;Explained by: Social support;0.736
2023.0;9.0;Switzerland;Explained by: Social support;1.425
2022.0;8.0;Switzerland;Explained by: Social support;1.463
2021.0;4.0;Switzerland;Explained by: Social support;1.226
2020.0;4.0;Switzerland;Explained by: Social support;1.079
2019.0;3.0;Switzerland;Explained by: Social support;1.472
2018.0;6.0;Switzerland;Explained by: Social support;
2017.0;5.0;Switzerland;Explained by: Social support;
2016.0;4.0;Switzerland;Explained by: Social support;
2015.0;2.0;Switzerland;Explained by: Social support;
2014.0;1.0;Switzerland;Explained by: Social support;
2012.0;3.0;Switzerland;Explained by: Social support;
2011.0;6.0;Switzerland;Explained by: Social support;
2018.0;149.0;Syria;Explained by: Social support;
2017.0;150.0;Syria;Explained by: Social support;
2016.0;152.0;Syria;Explained by: Social support;
2015.0;156.0;Syria;Explained by: Social support;
2014.0;156.0;Syria;Explained by: Social support;
2012.0;148.0;Syria;Explained by: Social support;
2011.0;107.0;Syria;Explained by: Social support;
2024.0;128.0;Jordan;Explained by: Social support;1.202
2023.0;31.0;Taiwan Province of China;Explained by: Social support;1.346
2022.0;27.0;Taiwan Province of China;Explained by: Social support;1.372
2021.0;26.0;Taiwan Province of China;Explained by: Social support;1.095
2020.0;25.0;Taiwan Province of China;Explained by: Social support;0.982
2019.0;25.0;Taiwan Province of China;Explained by: Social support;1.358
2018.0;25.0;Taiwan Province of China;Explained by: Social support;
2017.0;26.0;Taiwan Province of China;Explained by: Social support;
2016.0;33.0;Taiwan Province of China;Explained by: Social support;
2015.0;35.0;Taiwan Province of China;Explained by: Social support;
2014.0;38.0;Taiwan Province of China;Explained by: Social support;
2012.0;42.0;Taiwan Province of China;Explained by: Social support;
2011.0;46.0;Taiwan Province of China;Explained by: Social support;
2024.0;129.0;Liberia;Explained by: Social support;0.888
2023.0;88.0;Tajikistan;Explained by: Social support;
2022.0;80.0;Tajikistan;Explained by: Social support;1.248
2021.0;83.0;Tajikistan;Explained by: Social support;1.005
2020.0;79.0;Tajikistan;Explained by: Social support;0.895
2019.0;71.0;Tajikistan;Explained by: Social support;1.218
2018.0;74.0;Tajikistan;Explained by: Social support;
2017.0;80.0;Tajikistan;Explained by: Social support;
2016.0;96.0;Tajikistan;Explained by: Social support;
2015.0;100.0;Tajikistan;Explained by: Social support;
2014.0;106.0;Tajikistan;Explained by: Social support;
2012.0;125.0;Tajikistan;Explained by: Social support;
2011.0;115.0;Tajikistan;Explained by: Social support;
2024.0;130.0;Madagascar;Explained by: Social support;0.938
2023.0;131.0;Tanzania;Explained by: Social support;0.706
2022.0;129.0;Tanzania;Explained by: Social support;0.787
2021.0;139.0;Tanzania;Explained by: Social support;0.597
2020.0;143.0;Tanzania;Explained by: Social support;0.54
2019.0;148.0;Tanzania;Explained by: Social support;0.873
2018.0;153.0;Tanzania;Explained by: Social support;
2017.0;153.0;Tanzania;Explained by: Social support;
2016.0;153.0;Tanzania;Explained by: Social support;
2015.0;149.0;Tanzania;Explained by: Social support;
2014.0;146.0;Tanzania;Explained by: Social support;
2012.0;151.0;Tanzania;Explained by: Social support;
2011.0;149.0;Tanzania;Explained by: Social support;
2024.0;131.0;Zambia;Explained by: Social support;1.013
2023.0;58.0;Thailand;Explained by: Social support;1.347
2022.0;60.0;Thailand;Explained by: Social support;1.344
2021.0;61.0;Thailand;Explained by: Social support;1.096
2020.0;55.0;Thailand;Explained by: Social support;0.957
2019.0;54.0;Thailand;Explained by: Social support;1.348
2018.0;52.0;Thailand;Explained by: Social support;
2017.0;46.0;Thailand;Explained by: Social support;
2016.0;32.0;Thailand;Explained by: Social support;
2015.0;33.0;Thailand;Explained by: Social support;
2014.0;34.0;Thailand;Explained by: Social support;
2012.0;36.0;Thailand;Explained by: Social support;
2011.0;52.0;Thailand;Explained by: Social support;
2024.0;132.0;Ethiopia;Explained by: Social support;1.051
2023.0;124.0;Togo;Explained by: Social support;0.586
2022.0;122.0;Togo;Explained by: Social support;0.642
2021.0;135.0;Togo;Explained by: Social support;0.322
2020.0;137.0;Togo;Explained by: Social support;0.239
2019.0;135.0;Togo;Explained by: Social support;0.548
2018.0;139.0;Togo;Explained by: Social support;
2017.0;139.0;Togo;Explained by: Social support;
2016.0;150.0;Togo;Explained by: Social support;
2015.0;155.0;Togo;Explained by: Social support;
2014.0;158.0;Togo;Explained by: Social support;
2012.0;156.0;Togo;Explained by: Social support;
2011.0;156.0;Togo;Explained by: Social support;
2024.0;133.0;Sri Lanka;Explained by: Social support;1.308
2019.0;42.0;Trinidad and Tobago;Explained by: Social support;1.407
2018.0;39.0;Trinidad and Tobago;Explained by: Social support;
2017.0;38.0;Trinidad and Tobago;Explained by: Social support;
2016.0;38.0;Trinidad and Tobago;Explained by: Social support;
2015.0;43.0;Trinidad and Tobago;Explained by: Social support;
2014.0;41.0;Trinidad and Tobago;Explained by: Social support;
2012.0;31.0;Trinidad and Tobago;Explained by: Social support;
2011.0;38.0;Trinidad and Tobago;Explained by: Social support;
2024.0;134.0;Bangladesh;Explained by: Social support;0.286
2023.0;115.0;Tunisia;Explained by: Social support;0.955
2022.0;110.0;Tunisia;Explained by: Social support;0.981
2021.0;120.0;Tunisia;Explained by: Social support;0.596
2020.0;123.0;Tunisia;Explained by: Social support;0.515
2019.0;128.0;Tunisia;Explained by: Social support;0.872
2018.0;124.0;Tunisia;Explained by: Social support;
2017.0;111.0;Tunisia;Explained by: Social support;
2016.0;102.0;Tunisia;Explained by: Social support;
2015.0;98.0;Tunisia;Explained by: Social support;
2014.0;107.0;Tunisia;Explained by: Social support;
2012.0;104.0;Tunisia;Explained by: Social support;
2011.0;87.0;Tunisia;Explained by: Social support;
2024.0;135.0;Egypt;Explained by: Social support;1.075
2023.0;98.0;Türkiye;Explained by: Social support;1.175
2022.0;106.0;Türkiye;Explained by: Social support;1.148
2021.0;112.0;Türkiye;Explained by: Social support;0.865
2020.0;105.0;Türkiye;Explained by: Social support;0.809
2019.0;93.0;Türkiye;Explained by: Social support;1.197
2018.0;79.0;Türkiye;Explained by: Social support;
2017.0;74.0;Türkiye;Explained by: Social support;
2016.0;69.0;Türkiye;Explained by: Social support;
2015.0;78.0;Türkiye;Explained by: Social support;
2014.0;76.0;Türkiye;Explained by: Social support;
2012.0;77.0;Türkiye;Explained by: Social support;
2011.0;78.0;Türkiye;Explained by: Social support;
2021.0;78.0;Turkmenistan;Explained by: Social support;1.319
2020.0;98.0;Turkmenistan;Explained by: Social support;1.172
2019.0;95.0;Turkmenistan;Explained by: Social support;1.51
2018.0;87.0;Turkmenistan;Explained by: Social support;
2017.0;68.0;Turkmenistan;Explained by: Social support;
2016.0;59.0;Turkmenistan;Explained by: Social support;
2015.0;65.0;Turkmenistan;Explained by: Social support;
2014.0;70.0;Turkmenistan;Explained by: Social support;
2012.0;59.0;Turkmenistan;Explained by: Social support;
2011.0;32.0;Turkmenistan;Explained by: Social support;
2024.0;136.0;Tanzania;Explained by: Social support;0.908
2023.0;117.0;Uganda;Explained by: Social support;1.151
2022.0;113.0;Uganda;Explained by: Social support;1.144
2021.0;117.0;Uganda;Explained by: Social support;0.875
2020.0;120.0;Uganda;Explained by: Social support;0.718
2019.0;126.0;Uganda;Explained by: Social support;1.052
2018.0;136.0;Uganda;Explained by: Social support;
2017.0;135.0;Uganda;Explained by: Social support;
2016.0;133.0;Uganda;Explained by: Social support;
2015.0;146.0;Uganda;Explained by: Social support;
2014.0;141.0;Uganda;Explained by: Social support;
2012.0;120.0;Uganda;Explained by: Social support;
2011.0;128.0;Uganda;Explained by: Social support;
2024.0;137.0;Eswatini;Explained by: Social support;1.152
2023.0;105.0;Ukraine;Explained by: Social support;1.315
2022.0;92.0;Ukraine;Explained by: Social support;1.354
2021.0;98.0;Ukraine;Explained by: Social support;1.081
2020.0;111.0;Ukraine;Explained by: Social support;0.958
2019.0;123.0;Ukraine;Explained by: Social support;1.321
2018.0;133.0;Ukraine;Explained by: Social support;
2017.0;138.0;Ukraine;Explained by: Social support;
2016.0;132.0;Ukraine;Explained by: Social support;
2015.0;123.0;Ukraine;Explained by: Social support;
2014.0;111.0;Ukraine;Explained by: Social support;
2012.0;87.0;Ukraine;Explained by: Social support;
2011.0;91.0;Ukraine;Explained by: Social support;
2024.0;138.0;Lesotho;Explained by: Social support;1.131
2023.0;22.0;United Arab Emirates;Explained by: Social support;1.164
2022.0;26.0;United Arab Emirates;Explained by: Social support;1.223
2021.0;24.0;United Arab Emirates;Explained by: Social support;0.98
2020.0;26.0;United Arab Emirates;Explained by: Social support;0.86
2019.0;21.0;United Arab Emirates;Explained by: Social support;1.251
2018.0;21.0;United Arab Emirates;Explained by: Social support;
2017.0;20.0;United Arab Emirates;Explained by: Social support;
2016.0;21.0;United Arab Emirates;Explained by: Social support;
2015.0;28.0;United Arab Emirates;Explained by: Social support;
2014.0;20.0;United Arab Emirates;Explained by: Social support;
2012.0;14.0;United Arab Emirates;Explained by: Social support;
2011.0;17.0;United Arab Emirates;Explained by: Social support;
2024.0;139.0;Comoros;Explained by: Social support;0.501
2023.0;20.0;United Kingdom;Explained by: Social support;1.326
2022.0;19.0;United Kingdom;Explained by: Social support;1.366
2021.0;17.0;United Kingdom;Explained by: Social support;1.143
2020.0;18.0;United Kingdom;Explained by: Social support;1.062
2019.0;13.0;United Kingdom;Explained by: Social support;1.458
2018.0;15.0;United Kingdom;Explained by: Social support;
2017.0;19.0;United Kingdom;Explained by: Social support;
2016.0;19.0;United Kingdom;Explained by: Social support;
2015.0;23.0;United Kingdom;Explained by: Social support;
2014.0;21.0;United Kingdom;Explained by: Social support;
2012.0;22.0;United Kingdom;Explained by: Social support;
2011.0;18.0;United Kingdom;Explained by: Social support;
2024.0;140.0;Yemen;Explained by: Social support;1.482
2023.0;23.0;United States;Explained by: Social support;1.392
2022.0;15.0;United States;Explained by: Social support;1.46
2021.0;16.0;United States;Explained by: Social support;1.182
2020.0;20.0;United States;Explained by: Social support;1.03
2019.0;18.0;United States;Explained by: Social support;1.405
2018.0;19.0;United States;Explained by: Social support;
2017.0;18.0;United States;Explained by: Social support;
2016.0;14.0;United States;Explained by: Social support;
2015.0;13.0;United States;Explained by: Social support;
2014.0;15.0;United States;Explained by: Social support;
2012.0;17.0;United States;Explained by: Social support;
2011.0;11.0;United States;Explained by: Social support;
2024.0;141.0;DR Congo;Explained by: Social support;0.929
2023.0;26.0;Uruguay;Explained by: Social support;1.431
2022.0;28.0;Uruguay;Explained by: Social support;1.445
2021.0;30.0;Uruguay;Explained by: Social support;1.18
2020.0;32.0;Uruguay;Explained by: Social support;1.042
2019.0;26.0;Uruguay;Explained by: Social support;1.425
2018.0;33.0;Uruguay;Explained by: Social support;
2017.0;31.0;Uruguay;Explained by: Social support;
2016.0;28.0;Uruguay;Explained by: Social support;
2015.0;29.0;Uruguay;Explained by: Social support;
2014.0;32.0;Uruguay;Explained by: Social support;
2012.0;37.0;Uruguay;Explained by: Social support;
2011.0;50.0;Uruguay;Explained by: Social support;
2024.0;142.0;Botswana;Explained by: Social support;1.146
2023.0;47.0;Uzbekistan;Explained by: Social support;1.394
2022.0;54.0;Uzbekistan;Explained by: Social support;1.347
2021.0;53.0;Uzbekistan;Explained by: Social support;1.092
2020.0;43.0;Uzbekistan;Explained by: Social support;1.027
2019.0;38.0;Uzbekistan;Explained by: Social support;1.434
2018.0;41.0;Uzbekistan;Explained by: Social support;
2017.0;44.0;Uzbekistan;Explained by: Social support;
2016.0;47.0;Uzbekistan;Explained by: Social support;
2015.0;49.0;Uzbekistan;Explained by: Social support;
2014.0;44.0;Uzbekistan;Explained by: Social support;
2012.0;60.0;Uzbekistan;Explained by: Social support;
2011.0;79.0;Uzbekistan;Explained by: Social support;
2024.0;143.0;Zimbabwe;Explained by: Social support;0.961
2023.0;79.0;Venezuela;Explained by: Social support;1.321
2022.0;88.0;Venezuela;Explained by: Social support;1.257
2021.0;108.0;Venezuela;Explained by: Social support;0.968
2020.0;108.0;Venezuela;Explained by: Social support;0.897
2019.0;99.0;Venezuela;Explained by: Social support;1.349
2018.0;108.0;Venezuela;Explained by: Social support;
2017.0;102.0;Venezuela;Explained by: Social support;
2016.0;82.0;Venezuela;Explained by: Social support;
2015.0;44.0;Venezuela;Explained by: Social support;
2014.0;23.0;Venezuela;Explained by: Social support;
2012.0;20.0;Venezuela;Explained by: Social support;
2011.0;19.0;Venezuela;Explained by: Social support;
2024.0;144.0;Malawi;Explained by: Social support;0.489
2023.0;54.0;Viet Nam;Explained by: Social support;1.267
2022.0;65.0;Viet Nam;Explained by: Social support;1.212
2021.0;77.0;Viet Nam;Explained by: Social support;0.932
2020.0;80.0;Viet Nam;Explained by: Social support;0.873
2019.0;83.0;Viet Nam;Explained by: Social support;1.253
2018.0;94.0;Viet Nam;Explained by: Social support;
2017.0;95.0;Viet Nam;Explained by: Social support;
2016.0;94.0;Viet Nam;Explained by: Social support;
2015.0;96.0;Viet Nam;Explained by: Social support;
2014.0;75.0;Viet Nam;Explained by: Social support;
2012.0;63.0;Viet Nam;Explained by: Social support;
2011.0;65.0;Viet Nam;Explained by: Social support;
2024.0;145.0;Lebanon;Explained by: Social support;0.984
2023.0;133.0;Yemen;Explained by: Social support;1.281
2021.0;132.0;Yemen;Explained by: Social support;1.043
2020.0;142.0;Yemen;Explained by: Social support;0.831
2019.0;146.0;Yemen;Explained by: Social support;1.177
2018.0;151.0;Yemen;Explained by: Social support;
2017.0;152.0;Yemen;Explained by: Social support;
2016.0;146.0;Yemen;Explained by: Social support;
2015.0;147.0;Yemen;Explained by: Social support;
2014.0;136.0;Yemen;Explained by: Social support;
2012.0;142.0;Yemen;Explained by: Social support;
2011.0;123.0;Yemen;Explained by: Social support;
2024.0;146.0;Sierra Leone;Explained by: Social support;0.692
2023.0;134.0;Zambia;Explained by: Social support;0.809
2022.0;128.0;Zambia;Explained by: Social support;0.89
2021.0;137.0;Zambia;Explained by: Social support;0.577
2020.0;138.0;Zambia;Explained by: Social support;0.552
2019.0;141.0;Zambia;Explained by: Social support;0.896
2018.0;138.0;Zambia;Explained by: Social support;
2017.0;125.0;Zambia;Explained by: Social support;
2016.0;116.0;Zambia;Explained by: Social support;
2015.0;106.0;Zambia;Explained by: Social support;
2014.0;85.0;Zambia;Explained by: Social support;
2012.0;91.0;Zambia;Explained by: Social support;
2011.0;109.0;Zambia;Explained by: Social support;
2024.0;147.0;Afghanistan;Explained by: Social support;0.0
2023.0;138.0;Zimbabwe;Explained by: Social support;0.85
2022.0;134.0;Zimbabwe;Explained by: Social support;0.881
2021.0;144.0;Zimbabwe;Explained by: Social support;0.69
2020.0;149.0;Zimbabwe;Explained by: Social support;0.649
2019.0;151.0;Zimbabwe;Explained by: Social support;1.048
2018.0;146.0;Zimbabwe;Explained by: Social support;
2017.0;144.0;Zimbabwe;Explained by: Social support;
2016.0;138.0;Zimbabwe;Explained by: Social support;
2015.0;131.0;Zimbabwe;Explained by: Social support;
2014.0;115.0;Zimbabwe;Explained by: Social support;
2012.0;103.0;Zimbabwe;Explained by: Social support;
2011.0;142.0;Zimbabwe;Explained by: Social support;
2024.0;1.0;Finland;Explained by: Healthy life expectancy;0.824
2023.0;143.0;Afghanistan;Explained by: Healthy life expectancy;0.242
2022.0;137.0;Afghanistan;Explained by: Healthy life expectancy;0.087
2021.0;146.0;Afghanistan;Explained by: Healthy life expectancy;0.289
2020.0;150.0;Afghanistan;Explained by: Healthy life expectancy;0.126
2019.0;153.0;Afghanistan;Explained by: Healthy life expectancy;0.266
2018.0;154.0;Afghanistan;Explained by: Healthy life expectancy;
2017.0;145.0;Afghanistan;Explained by: Healthy life expectancy;
2016.0;141.0;Afghanistan;Explained by: Healthy life expectancy;
2015.0;154.0;Afghanistan;Explained by: Healthy life expectancy;
2014.0;153.0;Afghanistan;Explained by: Healthy life expectancy;
2012.0;143.0;Afghanistan;Explained by: Healthy life expectancy;
2011.0;131.0;Afghanistan;Explained by: Healthy life expectancy;
2024.0;2.0;Denmark;Explained by: Healthy life expectancy;0.82
2023.0;87.0;Albania;Explained by: Healthy life expectancy;0.638
2022.0;83.0;Albania;Explained by: Healthy life expectancy;0.48
2021.0;90.0;Albania;Explained by: Healthy life expectancy;0.719
2020.0;94.0;Albania;Explained by: Healthy life expectancy;0.646
2019.0;105.0;Albania;Explained by: Healthy life expectancy;0.846
2018.0;107.0;Albania;Explained by: Healthy life expectancy;
2017.0;112.0;Albania;Explained by: Healthy life expectancy;
2016.0;109.0;Albania;Explained by: Healthy life expectancy;
2015.0;109.0;Albania;Explained by: Healthy life expectancy;
2014.0;95.0;Albania;Explained by: Healthy life expectancy;
2012.0;62.0;Albania;Explained by: Healthy life expectancy;
2011.0;88.0;Albania;Explained by: Healthy life expectancy;
2024.0;3.0;Iceland;Explained by: Healthy life expectancy;0.873
2023.0;85.0;Algeria;Explained by: Healthy life expectancy;0.568
2022.0;81.0;Algeria;Explained by: Healthy life expectancy;0.409
2021.0;96.0;Algeria;Explained by: Healthy life expectancy;0.643
2020.0;110.0;Algeria;Explained by: Healthy life expectancy;0.552
2019.0;100.0;Algeria;Explained by: Healthy life expectancy;0.745
2018.0;88.0;Algeria;Explained by: Healthy life expectancy;
2017.0;84.0;Algeria;Explained by: Healthy life expectancy;
2016.0;53.0;Algeria;Explained by: Healthy life expectancy;
2015.0;38.0;Algeria;Explained by: Healthy life expectancy;
2014.0;68.0;Algeria;Explained by: Healthy life expectancy;
2012.0;73.0;Algeria;Explained by: Healthy life expectancy;
2011.0;71.0;Algeria;Explained by: Healthy life expectancy;
2017.0;142.0;Angola;Explained by: Healthy life expectancy;
2016.0;140.0;Angola;Explained by: Healthy life expectancy;
2015.0;141.0;Angola;Explained by: Healthy life expectancy;
2014.0;137.0;Angola;Explained by: Healthy life expectancy;
2012.0;61.0;Angola;Explained by: Healthy life expectancy;
2011.0;135.0;Angola;Explained by: Healthy life expectancy;
2024.0;4.0;Sweden;Explained by: Healthy life expectancy;0.889
2023.0;48.0;Argentina;Explained by: Healthy life expectancy;0.585
2022.0;52.0;Argentina;Explained by: Healthy life expectancy;0.427
2021.0;57.0;Argentina;Explained by: Healthy life expectancy;0.662
2020.0;58.0;Argentina;Explained by: Healthy life expectancy;0.646
2019.0;55.0;Argentina;Explained by: Healthy life expectancy;0.85
2018.0;47.0;Argentina;Explained by: Healthy life expectancy;
2017.0;29.0;Argentina;Explained by: Healthy life expectancy;
2016.0;24.0;Argentina;Explained by: Healthy life expectancy;
2015.0;26.0;Argentina;Explained by: Healthy life expectancy;
2014.0;30.0;Argentina;Explained by: Healthy life expectancy;
2012.0;29.0;Argentina;Explained by: Healthy life expectancy;
2011.0;39.0;Argentina;Explained by: Healthy life expectancy;
2024.0;5.0;Netherlands;Explained by: Healthy life expectancy;0.844
2023.0;82.0;Armenia;Explained by: Healthy life expectancy;0.603
2022.0;79.0;Armenia;Explained by: Healthy life expectancy;0.443
2021.0;82.0;Armenia;Explained by: Healthy life expectancy;0.668
2020.0;87.0;Armenia;Explained by: Healthy life expectancy;0.585
2019.0;116.0;Armenia;Explained by: Healthy life expectancy;0.776
2018.0;116.0;Armenia;Explained by: Healthy life expectancy;
2017.0;129.0;Armenia;Explained by: Healthy life expectancy;
2016.0;121.0;Armenia;Explained by: Healthy life expectancy;
2015.0;121.0;Armenia;Explained by: Healthy life expectancy;
2014.0;127.0;Armenia;Explained by: Healthy life expectancy;
2012.0;128.0;Armenia;Explained by: Healthy life expectancy;
2011.0;122.0;Armenia;Explained by: Healthy life expectancy;
2024.0;6.0;Costa Rica;Explained by: Healthy life expectancy;0.68
2023.0;10.0;Australia;Explained by: Healthy life expectancy;0.692
2022.0;12.0;Australia;Explained by: Healthy life expectancy;0.532
2021.0;12.0;Australia;Explained by: Healthy life expectancy;0.772
2020.0;12.0;Australia;Explained by: Healthy life expectancy;0.801
2019.0;12.0;Australia;Explained by: Healthy life expectancy;1.023
2018.0;11.0;Australia;Explained by: Healthy life expectancy;
2017.0;10.0;Australia;Explained by: Healthy life expectancy;
2016.0;9.0;Australia;Explained by: Healthy life expectancy;
2015.0;9.0;Australia;Explained by: Healthy life expectancy;
2014.0;10.0;Australia;Explained by: Healthy life expectancy;
2012.0;10.0;Australia;Explained by: Healthy life expectancy;
2011.0;9.0;Australia;Explained by: Healthy life expectancy;
2024.0;7.0;Norway;Explained by: Healthy life expectancy;0.863
2023.0;14.0;Austria;Explained by: Healthy life expectancy;0.696
2022.0;11.0;Austria;Explained by: Healthy life expectancy;0.535
2021.0;11.0;Austria;Explained by: Healthy life expectancy;0.774
2020.0;11.0;Austria;Explained by: Healthy life expectancy;0.782
2019.0;9.0;Austria;Explained by: Healthy life expectancy;1.001
2018.0;10.0;Austria;Explained by: Healthy life expectancy;
2017.0;12.0;Austria;Explained by: Healthy life expectancy;
2016.0;13.0;Austria;Explained by: Healthy life expectancy;
2015.0;12.0;Austria;Explained by: Healthy life expectancy;
2014.0;13.0;Austria;Explained by: Healthy life expectancy;
2012.0;8.0;Austria;Explained by: Healthy life expectancy;
2011.0;13.0;Austria;Explained by: Healthy life expectancy;
2024.0;8.0;Israel;Explained by: Healthy life expectancy;0.824
2023.0;101.0;Azerbaijan;Explained by: Healthy life expectancy;0.496
2021.0;92.0;Azerbaijan;Explained by: Healthy life expectancy;0.56
2020.0;91.0;Azerbaijan;Explained by: Healthy life expectancy;0.541
2019.0;89.0;Azerbaijan;Explained by: Healthy life expectancy;0.731
2018.0;90.0;Azerbaijan;Explained by: Healthy life expectancy;
2017.0;87.0;Azerbaijan;Explained by: Healthy life expectancy;
2016.0;85.0;Azerbaijan;Explained by: Healthy life expectancy;
2015.0;81.0;Azerbaijan;Explained by: Healthy life expectancy;
2014.0;80.0;Azerbaijan;Explained by: Healthy life expectancy;
2012.0;116.0;Azerbaijan;Explained by: Healthy life expectancy;
2011.0;116.0;Azerbaijan;Explained by: Healthy life expectancy;
2024.0;9.0;Luxembourg;Explained by: Healthy life expectancy;0.864
2023.0;62.0;Bahrain;Explained by: Healthy life expectancy;
2022.0;42.0;Bahrain;Explained by: Healthy life expectancy;0.389
2021.0;21.0;Bahrain;Explained by: Healthy life expectancy;0.625
2020.0;23.0;Bahrain;Explained by: Healthy life expectancy;0.662
2019.0;40.0;Bahrain;Explained by: Healthy life expectancy;0.839
2018.0;37.0;Bahrain;Explained by: Healthy life expectancy;
2017.0;43.0;Bahrain;Explained by: Healthy life expectancy;
2016.0;41.0;Bahrain;Explained by: Healthy life expectancy;
2015.0;42.0;Bahrain;Explained by: Healthy life expectancy;
2014.0;49.0;Bahrain;Explained by: Healthy life expectancy;
2012.0;79.0;Bahrain;Explained by: Healthy life expectancy;
2011.0;61.0;Bahrain;Explained by: Healthy life expectancy;
2024.0;10.0;Mexico;Explained by: Healthy life expectancy;0.55
2023.0;129.0;Bangladesh;Explained by: Healthy life expectancy;0.513
2022.0;118.0;Bangladesh;Explained by: Healthy life expectancy;0.355
2021.0;94.0;Bangladesh;Explained by: Healthy life expectancy;0.581
2020.0;102.0;Bangladesh;Explained by: Healthy life expectancy;0.514
2019.0;107.0;Bangladesh;Explained by: Healthy life expectancy;0.695
2018.0;125.0;Bangladesh;Explained by: Healthy life expectancy;
2017.0;115.0;Bangladesh;Explained by: Healthy life expectancy;
2016.0;110.0;Bangladesh;Explained by: Healthy life expectancy;
2015.0;110.0;Bangladesh;Explained by: Healthy life expectancy;
2014.0;109.0;Bangladesh;Explained by: Healthy life expectancy;
2012.0;108.0;Bangladesh;Explained by: Healthy life expectancy;
2011.0;104.0;Bangladesh;Explained by: Healthy life expectancy;
2021.0;65.0;Belarus;Explained by: Healthy life expectancy;0.629
2020.0;76.0;Belarus;Explained by: Healthy life expectancy;0.56
2019.0;75.0;Belarus;Explained by: Healthy life expectancy;0.753
2018.0;81.0;Belarus;Explained by: Healthy life expectancy;
2017.0;73.0;Belarus;Explained by: Healthy life expectancy;
2016.0;67.0;Belarus;Explained by: Healthy life expectancy;
2015.0;61.0;Belarus;Explained by: Healthy life expectancy;
2014.0;59.0;Belarus;Explained by: Healthy life expectancy;
2012.0;66.0;Belarus;Explained by: Healthy life expectancy;
2011.0;62.0;Belarus;Explained by: Healthy life expectancy;
2024.0;11.0;Australia;Explained by: Healthy life expectancy;0.841
2023.0;16.0;Belgium;Explained by: Healthy life expectancy;0.69
2022.0;17.0;Belgium;Explained by: Healthy life expectancy;0.528
2021.0;19.0;Belgium;Explained by: Healthy life expectancy;0.764
2020.0;21.0;Belgium;Explained by: Healthy life expectancy;0.747
2019.0;20.0;Belgium;Explained by: Healthy life expectancy;0.965
2018.0;18.0;Belgium;Explained by: Healthy life expectancy;
2017.0;16.0;Belgium;Explained by: Healthy life expectancy;
2016.0;17.0;Belgium;Explained by: Healthy life expectancy;
2015.0;18.0;Belgium;Explained by: Healthy life expectancy;
2014.0;19.0;Belgium;Explained by: Healthy life expectancy;
2012.0;21.0;Belgium;Explained by: Healthy life expectancy;
2011.0;15.0;Belgium;Explained by: Healthy life expectancy;
2024.0;12.0;New Zealand;Explained by: Healthy life expectancy;0.815
2017.0;49.0;Belize;Explained by: Healthy life expectancy;
2016.0;50.0;Belize;Explained by: Healthy life expectancy;
2015.0;52.0;Belize;Explained by: Healthy life expectancy;
2011.0;34.0;Belize;Explained by: Healthy life expectancy;
2024.0;13.0;Switzerland;Explained by: Healthy life expectancy;0.883
2023.0;116.0;Benin;Explained by: Healthy life expectancy;0.284
2022.0;116.0;Benin;Explained by: Healthy life expectancy;0.124
2021.0;115.0;Benin;Explained by: Healthy life expectancy;0.335
2020.0;100.0;Benin;Explained by: Healthy life expectancy;0.196
2019.0;86.0;Benin;Explained by: Healthy life expectancy;0.328
2018.0;102.0;Benin;Explained by: Healthy life expectancy;
2017.0;136.0;Benin;Explained by: Healthy life expectancy;
2016.0;143.0;Benin;Explained by: Healthy life expectancy;
2015.0;153.0;Benin;Explained by: Healthy life expectancy;
2014.0;155.0;Benin;Explained by: Healthy life expectancy;
2012.0;155.0;Benin;Explained by: Healthy life expectancy;
2011.0;155.0;Benin;Explained by: Healthy life expectancy;
2018.0;95.0;Bhutan;Explained by: Healthy life expectancy;
2017.0;97.0;Bhutan;Explained by: Healthy life expectancy;
2016.0;97.0;Bhutan;Explained by: Healthy life expectancy;
2015.0;84.0;Bhutan;Explained by: Healthy life expectancy;
2014.0;79.0;Bhutan;Explained by: Healthy life expectancy;
2024.0;14.0;Belgium;Explained by: Healthy life expectancy;0.852
2023.0;73.0;Bolivia;Explained by: Healthy life expectancy;0.488
2022.0;69.0;Bolivia;Explained by: Healthy life expectancy;0.329
2021.0;71.0;Bolivia;Explained by: Healthy life expectancy;0.555
2020.0;70.0;Bolivia;Explained by: Healthy life expectancy;0.486
2019.0;65.0;Bolivia;Explained by: Healthy life expectancy;0.662
2018.0;61.0;Bolivia;Explained by: Healthy life expectancy;
2017.0;62.0;Bolivia;Explained by: Healthy life expectancy;
2016.0;58.0;Bolivia;Explained by: Healthy life expectancy;
2015.0;59.0;Bolivia;Explained by: Healthy life expectancy;
2014.0;51.0;Bolivia;Explained by: Healthy life expectancy;
2012.0;50.0;Bolivia;Explained by: Healthy life expectancy;
2011.0;57.0;Bolivia;Explained by: Healthy life expectancy;
2024.0;15.0;Ireland;Explained by: Healthy life expectancy;0.823
2023.0;65.0;Bosnia and Herzegovina;Explained by: Healthy life expectancy;0.587
2022.0;71.0;Bosnia and Herzegovina;Explained by: Healthy life expectancy;0.429
2021.0;67.0;Bosnia and Herzegovina;Explained by: Healthy life expectancy;0.665
2020.0;65.0;Bosnia and Herzegovina;Explained by: Healthy life expectancy;0.618
2019.0;69.0;Bosnia and Herzegovina;Explained by: Healthy life expectancy;0.814
2018.0;78.0;Bosnia and Herzegovina;Explained by: Healthy life expectancy;
2017.0;93.0;Bosnia and Herzegovina;Explained by: Healthy life expectancy;
2016.0;90.0;Bosnia and Herzegovina;Explained by: Healthy life expectancy;
2015.0;87.0;Bosnia and Herzegovina;Explained by: Healthy life expectancy;
2014.0;96.0;Bosnia and Herzegovina;Explained by: Healthy life expectancy;
2012.0;107.0;Bosnia and Herzegovina;Explained by: Healthy life expectancy;
2011.0;99.0;Bosnia and Herzegovina;Explained by: Healthy life expectancy;
2024.0;16.0;Lithuania;Explained by: Healthy life expectancy;0.592
2023.0;137.0;Botswana;Explained by: Healthy life expectancy;0.241
2022.0;132.0;Botswana;Explained by: Healthy life expectancy;0.087
2021.0;142.0;Botswana;Explained by: Healthy life expectancy;0.28
2020.0;147.0;Botswana;Explained by: Healthy life expectancy;0.34
2019.0;147.0;Botswana;Explained by: Healthy life expectancy;0.494
2018.0;148.0;Botswana;Explained by: Healthy life expectancy;
2017.0;146.0;Botswana;Explained by: Healthy life expectancy;
2016.0;142.0;Botswana;Explained by: Healthy life expectancy;
2015.0;137.0;Botswana;Explained by: Healthy life expectancy;
2014.0;128.0;Botswana;Explained by: Healthy life expectancy;
2012.0;145.0;Botswana;Explained by: Healthy life expectancy;
2011.0;117.0;Botswana;Explained by: Healthy life expectancy;
2024.0;17.0;Austria;Explained by: Healthy life expectancy;0.814
2023.0;44.0;Brazil;Explained by: Healthy life expectancy;0.548
2022.0;49.0;Brazil;Explained by: Healthy life expectancy;0.387
2021.0;38.0;Brazil;Explained by: Healthy life expectancy;0.615
2020.0;36.0;Brazil;Explained by: Healthy life expectancy;0.571
2019.0;32.0;Brazil;Explained by: Healthy life expectancy;0.766
2018.0;32.0;Brazil;Explained by: Healthy life expectancy;
2017.0;28.0;Brazil;Explained by: Healthy life expectancy;
2016.0;22.0;Brazil;Explained by: Healthy life expectancy;
2015.0;17.0;Brazil;Explained by: Healthy life expectancy;
2014.0;16.0;Brazil;Explained by: Healthy life expectancy;
2012.0;24.0;Brazil;Explained by: Healthy life expectancy;
2011.0;25.0;Brazil;Explained by: Healthy life expectancy;
2024.0;18.0;Canada;Explained by: Healthy life expectancy;0.832
2023.0;81.0;Bulgaria;Explained by: Healthy life expectancy;0.567
2022.0;77.0;Bulgaria;Explained by: Healthy life expectancy;0.408
2021.0;85.0;Bulgaria;Explained by: Healthy life expectancy;0.64
2020.0;89.0;Bulgaria;Explained by: Healthy life expectancy;0.583
2019.0;96.0;Bulgaria;Explained by: Healthy life expectancy;0.778
2018.0;97.0;Bulgaria;Explained by: Healthy life expectancy;
2017.0;100.0;Bulgaria;Explained by: Healthy life expectancy;
2016.0;105.0;Bulgaria;Explained by: Healthy life expectancy;
2015.0;129.0;Bulgaria;Explained by: Healthy life expectancy;
2014.0;134.0;Bulgaria;Explained by: Healthy life expectancy;
2012.0;144.0;Bulgaria;Explained by: Healthy life expectancy;
2011.0;147.0;Bulgaria;Explained by: Healthy life expectancy;
2024.0;19.0;Slovenia;Explained by: Healthy life expectancy;0.802
2023.0;110.0;Burkina Faso;Explained by: Healthy life expectancy;0.274
2022.0;104.0;Burkina Faso;Explained by: Healthy life expectancy;0.107
2021.0;113.0;Burkina Faso;Explained by: Healthy life expectancy;0.32
2020.0;114.0;Burkina Faso;Explained by: Healthy life expectancy;0.179
2019.0;112.0;Burkina Faso;Explained by: Healthy life expectancy;0.313
2018.0;115.0;Burkina Faso;Explained by: Healthy life expectancy;
2017.0;121.0;Burkina Faso;Explained by: Healthy life expectancy;
2016.0;134.0;Burkina Faso;Explained by: Healthy life expectancy;
2015.0;145.0;Burkina Faso;Explained by: Healthy life expectancy;
2014.0;152.0;Burkina Faso;Explained by: Healthy life expectancy;
2012.0;131.0;Burkina Faso;Explained by: Healthy life expectancy;
2011.0;144.0;Burkina Faso;Explained by: Healthy life expectancy;
2020.0;141.0;Burundi;Explained by: Healthy life expectancy;0.155
2019.0;140.0;Burundi;Explained by: Healthy life expectancy;0.295
2018.0;145.0;Burundi;Explained by: Healthy life expectancy;
2017.0;156.0;Burundi;Explained by: Healthy life expectancy;
2016.0;154.0;Burundi;Explained by: Healthy life expectancy;
2015.0;157.0;Burundi;Explained by: Healthy life expectancy;
2014.0;157.0;Burundi;Explained by: Healthy life expectancy;
2012.0;153.0;Burundi;Explained by: Healthy life expectancy;
2011.0;152.0;Burundi;Explained by: Healthy life expectancy;
2024.0;20.0;Czechia;Explained by: Healthy life expectancy;0.658
2023.0;119.0;Cambodia;Explained by: Healthy life expectancy;0.442
2022.0;115.0;Cambodia;Explained by: Healthy life expectancy;0.283
2021.0;114.0;Cambodia;Explained by: Healthy life expectancy;0.505
2020.0;115.0;Cambodia;Explained by: Healthy life expectancy;0.426
2019.0;106.0;Cambodia;Explained by: Healthy life expectancy;0.588
2018.0;109.0;Cambodia;Explained by: Healthy life expectancy;
2017.0;120.0;Cambodia;Explained by: Healthy life expectancy;
2016.0;129.0;Cambodia;Explained by: Healthy life expectancy;
2015.0;140.0;Cambodia;Explained by: Healthy life expectancy;
2014.0;145.0;Cambodia;Explained by: Healthy life expectancy;
2012.0;140.0;Cambodia;Explained by: Healthy life expectancy;
2011.0;138.0;Cambodia;Explained by: Healthy life expectancy;
2024.0;21.0;United Arab Emirates;Explained by: Healthy life expectancy;0.659
2023.0;104.0;Cameroon;Explained by: Healthy life expectancy;0.288
2022.0;96.0;Cameroon;Explained by: Healthy life expectancy;0.118
2021.0;102.0;Cameroon;Explained by: Healthy life expectancy;0.317
2020.0;92.0;Cameroon;Explained by: Healthy life expectancy;0.159
2019.0;98.0;Cameroon;Explained by: Healthy life expectancy;0.27
2018.0;96.0;Cameroon;Explained by: Healthy life expectancy;
2017.0;99.0;Cameroon;Explained by: Healthy life expectancy;
2016.0;107.0;Cameroon;Explained by: Healthy life expectancy;
2015.0;114.0;Cameroon;Explained by: Healthy life expectancy;
2014.0;133.0;Cameroon;Explained by: Healthy life expectancy;
2012.0;122.0;Cameroon;Explained by: Healthy life expectancy;
2011.0;126.0;Cameroon;Explained by: Healthy life expectancy;
2024.0;22.0;Germany;Explained by: Healthy life expectancy;0.776
2023.0;15.0;Canada;Explained by: Healthy life expectancy;0.701
2022.0;13.0;Canada;Explained by: Healthy life expectancy;0.541
2021.0;15.0;Canada;Explained by: Healthy life expectancy;0.783
2020.0;15.0;Canada;Explained by: Healthy life expectancy;0.798
2019.0;11.0;Canada;Explained by: Healthy life expectancy;1.023
2018.0;9.0;Canada;Explained by: Healthy life expectancy;
2017.0;7.0;Canada;Explained by: Healthy life expectancy;
2016.0;7.0;Canada;Explained by: Healthy life expectancy;
2015.0;6.0;Canada;Explained by: Healthy life expectancy;
2014.0;5.0;Canada;Explained by: Healthy life expectancy;
2012.0;6.0;Canada;Explained by: Healthy life expectancy;
2011.0;5.0;Canada;Explained by: Healthy life expectancy;
2019.0;149.0;Central African Republic;Explained by: Healthy life expectancy;0.0
2018.0;155.0;Central African Republic;Explained by: Healthy life expectancy;
2017.0;155.0;Central African Republic;Explained by: Healthy life expectancy;
2016.0;155.0;Central African Republic;Explained by: Healthy life expectancy;
2014.0;148.0;Central African Republic;Explained by: Healthy life expectancy;
2012.0;154.0;Central African Republic;Explained by: Healthy life expectancy;
2011.0;154.0;Central African Republic;Explained by: Healthy life expectancy;
2024.0;23.0;United Kingdom;Explained by: Healthy life expectancy;0.779
2023.0;113.0;Chad;Explained by: Healthy life expectancy;0.199
2022.0;114.0;Chad;Explained by: Healthy life expectancy;0.043
2021.0;130.0;Chad;Explained by: Healthy life expectancy;0.225
2020.0;129.0;Chad;Explained by: Healthy life expectancy;0.0
2019.0;127.0;Chad;Explained by: Healthy life expectancy;0.109
2018.0;132.0;Chad;Explained by: Healthy life expectancy;
2017.0;131.0;Chad;Explained by: Healthy life expectancy;
2016.0;137.0;Chad;Explained by: Healthy life expectancy;
2015.0;144.0;Chad;Explained by: Healthy life expectancy;
2014.0;149.0;Chad;Explained by: Healthy life expectancy;
2012.0;141.0;Chad;Explained by: Healthy life expectancy;
2011.0;145.0;Chad;Explained by: Healthy life expectancy;
2024.0;24.0;United States;Explained by: Healthy life expectancy;0.604
2023.0;38.0;Chile;Explained by: Healthy life expectancy;0.673
2022.0;35.0;Chile;Explained by: Healthy life expectancy;0.511
2021.0;44.0;Chile;Explained by: Healthy life expectancy;0.748
2020.0;44.0;Chile;Explained by: Healthy life expectancy;0.678
2019.0;39.0;Chile;Explained by: Healthy life expectancy;0.889
2018.0;26.0;Chile;Explained by: Healthy life expectancy;
2017.0;25.0;Chile;Explained by: Healthy life expectancy;
2016.0;20.0;Chile;Explained by: Healthy life expectancy;
2015.0;24.0;Chile;Explained by: Healthy life expectancy;
2014.0;27.0;Chile;Explained by: Healthy life expectancy;
2012.0;28.0;Chile;Explained by: Healthy life expectancy;
2011.0;43.0;Chile;Explained by: Healthy life expectancy;
2024.0;25.0;Belize;Explained by: Healthy life expectancy;0.525
2023.0;60.0;China;Explained by: Healthy life expectancy;0.629
2022.0;64.0;China;Explained by: Healthy life expectancy;0.468
2021.0;72.0;China;Explained by: Healthy life expectancy;0.705
2020.0;85.0;China;Explained by: Healthy life expectancy;0.665
2019.0;94.0;China;Explained by: Healthy life expectancy;0.867
2018.0;93.0;China;Explained by: Healthy life expectancy;
2017.0;86.0;China;Explained by: Healthy life expectancy;
2016.0;79.0;China;Explained by: Healthy life expectancy;
2015.0;83.0;China;Explained by: Healthy life expectancy;
2014.0;84.0;China;Explained by: Healthy life expectancy;
2012.0;93.0;China;Explained by: Healthy life expectancy;
2011.0;112.0;China;Explained by: Healthy life expectancy;
2024.0;26.0;Poland;Explained by: Healthy life expectancy;0.63
2023.0;78.0;Colombia;Explained by: Healthy life expectancy;0.648
2022.0;72.0;Colombia;Explained by: Healthy life expectancy;0.486
2021.0;66.0;Colombia;Explained by: Healthy life expectancy;0.72
2020.0;53.0;Colombia;Explained by: Healthy life expectancy;0.615
2019.0;44.0;Colombia;Explained by: Healthy life expectancy;0.81
2018.0;43.0;Colombia;Explained by: Healthy life expectancy;
2017.0;37.0;Colombia;Explained by: Healthy life expectancy;
2016.0;36.0;Colombia;Explained by: Healthy life expectancy;
2015.0;31.0;Colombia;Explained by: Healthy life expectancy;
2014.0;33.0;Colombia;Explained by: Healthy life expectancy;
2012.0;35.0;Colombia;Explained by: Healthy life expectancy;
2011.0;41.0;Colombia;Explained by: Healthy life expectancy;
2024.0;27.0;Taiwan Province of China;Explained by: Healthy life expectancy;0.817
2023.0;132.0;Comoros;Explained by: Healthy life expectancy;0.37
2022.0;130.0;Comoros;Explained by: Healthy life expectancy;0.215
2021.0;116.0;Comoros;Explained by: Healthy life expectancy;0.424
2020.0;132.0;Comoros;Explained by: Healthy life expectancy;0.279
2019.0;134.0;Comoros;Explained by: Healthy life expectancy;0.437
2018.0;142.0;Comoros;Explained by: Healthy life expectancy;
2015.0;138.0;Comoros;Explained by: Healthy life expectancy;
2014.0;140.0;Comoros;Explained by: Healthy life expectancy;
2012.0;149.0;Comoros;Explained by: Healthy life expectancy;
2011.0;151.0;Comoros;Explained by: Healthy life expectancy;
2024.0;28.0;Uruguay;Explained by: Healthy life expectancy;0.523
2023.0;89.0;Congo;Explained by: Healthy life expectancy;0.306
2022.0;86.0;Congo;Explained by: Healthy life expectancy;0.145
2021.0;99.0;Congo;Explained by: Healthy life expectancy;0.355
2020.0;84.0;Congo;Explained by: Healthy life expectancy;0.307
2019.0;88.0;Congo;Explained by: Healthy life expectancy;0.458
2018.0;103.0;Congo;Explained by: Healthy life expectancy;
2017.0;114.0;Congo;Explained by: Healthy life expectancy;
2016.0;124.0;Congo;Explained by: Healthy life expectancy;
2015.0;127.0;Congo;Explained by: Healthy life expectancy;
2014.0;139.0;Congo;Explained by: Healthy life expectancy;
2012.0;129.0;Congo;Explained by: Healthy life expectancy;
2011.0;148.0;Congo;Explained by: Healthy life expectancy;
2024.0;29.0;Kosovo;Explained by: Healthy life expectancy;0.896
2023.0;12.0;Costa Rica;Explained by: Healthy life expectancy;0.661
2022.0;23.0;Costa Rica;Explained by: Healthy life expectancy;0.503
2021.0;23.0;Costa Rica;Explained by: Healthy life expectancy;0.744
2020.0;17.0;Costa Rica;Explained by: Healthy life expectancy;0.722
2019.0;15.0;Costa Rica;Explained by: Healthy life expectancy;0.94
2018.0;12.0;Costa Rica;Explained by: Healthy life expectancy;
2017.0;13.0;Costa Rica;Explained by: Healthy life expectancy;
2016.0;12.0;Costa Rica;Explained by: Healthy life expectancy;
2015.0;14.0;Costa Rica;Explained by: Healthy life expectancy;
2014.0;12.0;Costa Rica;Explained by: Healthy life expectancy;
2012.0;12.0;Costa Rica;Explained by: Healthy life expectancy;
2011.0;12.0;Costa Rica;Explained by: Healthy life expectancy;
2024.0;30.0;Kuwait;Explained by: Healthy life expectancy;0.766
2023.0;96.0;Côte d’Ivoire;Explained by: Healthy life expectancy;0.288
2022.0;93.0;Côte d’Ivoire;Explained by: Healthy life expectancy;0.12
2021.0;88.0;Côte d’Ivoire;Explained by: Healthy life expectancy;0.322
2020.0;86.0;Côte d’Ivoire;Explained by: Healthy life expectancy;0.052
2019.0;85.0;Côte d’Ivoire;Explained by: Healthy life expectancy;0.155
2018.0;99.0;Côte d’Ivoire;Explained by: Healthy life expectancy;
2017.0;107.0;Côte d’Ivoire;Explained by: Healthy life expectancy;
2016.0;128.0;Côte d’Ivoire;Explained by: Healthy life expectancy;
2015.0;139.0;Côte d’Ivoire;Explained by: Healthy life expectancy;
2014.0;151.0;Côte d’Ivoire;Explained by: Healthy life expectancy;
2011.0;133.0;Côte d’Ivoire;Explained by: Healthy life expectancy;
2024.0;31.0;Serbia;Explained by: Healthy life expectancy;0.545
2023.0;63.0;Croatia;Explained by: Healthy life expectancy;0.637
2022.0;48.0;Croatia;Explained by: Healthy life expectancy;0.475
2021.0;47.0;Croatia;Explained by: Healthy life expectancy;0.709
2020.0;61.0;Croatia;Explained by: Healthy life expectancy;0.703
2019.0;79.0;Croatia;Explained by: Healthy life expectancy;0.901
2018.0;75.0;Croatia;Explained by: Healthy life expectancy;
2017.0;82.0;Croatia;Explained by: Healthy life expectancy;
2016.0;77.0;Croatia;Explained by: Healthy life expectancy;
2015.0;74.0;Croatia;Explained by: Healthy life expectancy;
2014.0;62.0;Croatia;Explained by: Healthy life expectancy;
2012.0;58.0;Croatia;Explained by: Healthy life expectancy;
2011.0;58.0;Croatia;Explained by: Healthy life expectancy;
2011.0;69.0;Cuba;Explained by: Healthy life expectancy;
2024.0;32.0;Saudi Arabia;Explained by: Healthy life expectancy;0.714
2023.0;50.0;Cyprus;Explained by: Healthy life expectancy;0.744
2022.0;46.0;Cyprus;Explained by: Healthy life expectancy;0.58
2021.0;41.0;Cyprus;Explained by: Healthy life expectancy;0.819
2020.0;40.0;Cyprus;Explained by: Healthy life expectancy;0.801
2019.0;45.0;Cyprus;Explained by: Healthy life expectancy;1.026
2018.0;49.0;Cyprus;Explained by: Healthy life expectancy;
2017.0;61.0;Cyprus;Explained by: Healthy life expectancy;
2016.0;65.0;Cyprus;Explained by: Healthy life expectancy;
2015.0;69.0;Cyprus;Explained by: Healthy life expectancy;
2014.0;67.0;Cyprus;Explained by: Healthy life expectancy;
2012.0;34.0;Cyprus;Explained by: Healthy life expectancy;
2011.0;35.0;Cyprus;Explained by: Healthy life expectancy;
2024.0;33.0;France;Explained by: Healthy life expectancy;0.832
2023.0;18.0;Czechia;Explained by: Healthy life expectancy;0.638
2022.0;18.0;Czechia;Explained by: Healthy life expectancy;0.477
2021.0;18.0;Czechia;Explained by: Healthy life expectancy;0.715
2020.0;19.0;Czechia;Explained by: Healthy life expectancy;0.703
2019.0;19.0;Czechia;Explained by: Healthy life expectancy;0.895
2018.0;20.0;Czechia;Explained by: Healthy life expectancy;
2017.0;21.0;Czechia;Explained by: Healthy life expectancy;
2016.0;23.0;Czechia;Explained by: Healthy life expectancy;
2015.0;27.0;Czechia;Explained by: Healthy life expectancy;
2014.0;31.0;Czechia;Explained by: Healthy life expectancy;
2012.0;39.0;Czechia;Explained by: Healthy life expectancy;
2011.0;36.0;Czechia;Explained by: Healthy life expectancy;
2024.0;34.0;Singapore;Explained by: Healthy life expectancy;0.935
2023.0;2.0;Denmark;Explained by: Healthy life expectancy;0.699
2022.0;2.0;Denmark;Explained by: Healthy life expectancy;0.537
2021.0;2.0;Denmark;Explained by: Healthy life expectancy;0.777
2020.0;3.0;Denmark;Explained by: Healthy life expectancy;0.763
2019.0;2.0;Denmark;Explained by: Healthy life expectancy;0.979
2018.0;2.0;Denmark;Explained by: Healthy life expectancy;
2017.0;3.0;Denmark;Explained by: Healthy life expectancy;
2016.0;2.0;Denmark;Explained by: Healthy life expectancy;
2015.0;1.0;Denmark;Explained by: Healthy life expectancy;
2014.0;3.0;Denmark;Explained by: Healthy life expectancy;
2012.0;1.0;Denmark;Explained by: Healthy life expectancy;
2011.0;1.0;Denmark;Explained by: Healthy life expectancy;
2014.0;126.0;Djibouti;Explained by: Healthy life expectancy;
2012.0;114.0;Djibouti;Explained by: Healthy life expectancy;
2011.0;95.0;Djibouti;Explained by: Healthy life expectancy;
2024.0;35.0;Romania;Explained by: Healthy life expectancy;0.561
2023.0;69.0;Dominican Republic;Explained by: Healthy life expectancy;0.511
2022.0;73.0;Dominican Republic;Explained by: Healthy life expectancy;0.351
2021.0;69.0;Dominican Republic;Explained by: Healthy life expectancy;0.577
2020.0;74.0;Dominican Republic;Explained by: Healthy life expectancy;0.555
2019.0;68.0;Dominican Republic;Explained by: Healthy life expectancy;0.742
2018.0;77.0;Dominican Republic;Explained by: Healthy life expectancy;
2017.0;83.0;Dominican Republic;Explained by: Healthy life expectancy;
2016.0;86.0;Dominican Republic;Explained by: Healthy life expectancy;
2015.0;89.0;Dominican Republic;Explained by: Healthy life expectancy;
2014.0;98.0;Dominican Republic;Explained by: Healthy life expectancy;
2012.0;95.0;Dominican Republic;Explained by: Healthy life expectancy;
2011.0;93.0;Dominican Republic;Explained by: Healthy life expectancy;
2024.0;36.0;Brazil;Explained by: Healthy life expectancy;0.48
2023.0;139.0;DR Congo;Explained by: Healthy life expectancy;0.262
2022.0;133.0;DR Congo;Explained by: Healthy life expectancy;0.105
2019.0;131.0;DR Congo;Explained by: Healthy life expectancy;0.277
2018.0;127.0;DR Congo;Explained by: Healthy life expectancy;
2017.0;132.0;DR Congo;Explained by: Healthy life expectancy;
2016.0;126.0;DR Congo;Explained by: Healthy life expectancy;
2015.0;125.0;DR Congo;Explained by: Healthy life expectancy;
2014.0;120.0;DR Congo;Explained by: Healthy life expectancy;
2012.0;117.0;DR Congo;Explained by: Healthy life expectancy;
2011.0;141.0;DR Congo;Explained by: Healthy life expectancy;
2024.0;37.0;El Salvador;Explained by: Healthy life expectancy;0.559
2023.0;74.0;Ecuador;Explained by: Healthy life expectancy;0.64
2022.0;74.0;Ecuador;Explained by: Healthy life expectancy;0.476
2021.0;76.0;Ecuador;Explained by: Healthy life expectancy;0.708
2020.0;67.0;Ecuador;Explained by: Healthy life expectancy;0.64
2019.0;58.0;Ecuador;Explained by: Healthy life expectancy;0.839
2018.0;50.0;Ecuador;Explained by: Healthy life expectancy;
2017.0;48.0;Ecuador;Explained by: Healthy life expectancy;
2016.0;44.0;Ecuador;Explained by: Healthy life expectancy;
2015.0;51.0;Ecuador;Explained by: Healthy life expectancy;
2014.0;48.0;Ecuador;Explained by: Healthy life expectancy;
2012.0;49.0;Ecuador;Explained by: Healthy life expectancy;
2011.0;66.0;Ecuador;Explained by: Healthy life expectancy;
2024.0;38.0;Spain;Explained by: Healthy life expectancy;0.894
2023.0;127.0;Egypt;Explained by: Healthy life expectancy;0.488
2022.0;121.0;Egypt;Explained by: Healthy life expectancy;0.326
2021.0;129.0;Egypt;Explained by: Healthy life expectancy;0.548
2020.0;133.0;Egypt;Explained by: Healthy life expectancy;0.426
2019.0;138.0;Egypt;Explained by: Healthy life expectancy;0.597
2018.0;137.0;Egypt;Explained by: Healthy life expectancy;
2017.0;122.0;Egypt;Explained by: Healthy life expectancy;
2016.0;104.0;Egypt;Explained by: Healthy life expectancy;
2015.0;120.0;Egypt;Explained by: Healthy life expectancy;
2014.0;135.0;Egypt;Explained by: Healthy life expectancy;
2012.0;130.0;Egypt;Explained by: Healthy life expectancy;
2011.0;101.0;Egypt;Explained by: Healthy life expectancy;
2024.0;39.0;Estonia;Explained by: Healthy life expectancy;0.642
2023.0;33.0;El Salvador;Explained by: Healthy life expectancy;0.549
2022.0;50.0;El Salvador;Explained by: Healthy life expectancy;0.383
2021.0;49.0;El Salvador;Explained by: Healthy life expectancy;0.607
2020.0;50.0;El Salvador;Explained by: Healthy life expectancy;0.565
2019.0;34.0;El Salvador;Explained by: Healthy life expectancy;0.753
2018.0;35.0;El Salvador;Explained by: Healthy life expectancy;
2017.0;40.0;El Salvador;Explained by: Healthy life expectancy;
2016.0;45.0;El Salvador;Explained by: Healthy life expectancy;
2015.0;46.0;El Salvador;Explained by: Healthy life expectancy;
2014.0;42.0;El Salvador;Explained by: Healthy life expectancy;
2012.0;52.0;El Salvador;Explained by: Healthy life expectancy;
2011.0;48.0;El Salvador;Explained by: Healthy life expectancy;
2024.0;40.0;Italy;Explained by: Healthy life expectancy;0.852
2023.0;34.0;Estonia;Explained by: Healthy life expectancy;0.657
2022.0;31.0;Estonia;Explained by: Healthy life expectancy;0.494
2021.0;36.0;Estonia;Explained by: Healthy life expectancy;0.728
2020.0;41.0;Estonia;Explained by: Healthy life expectancy;0.64
2019.0;51.0;Estonia;Explained by: Healthy life expectancy;0.843
2018.0;55.0;Estonia;Explained by: Healthy life expectancy;
2017.0;63.0;Estonia;Explained by: Healthy life expectancy;
2016.0;66.0;Estonia;Explained by: Healthy life expectancy;
2015.0;72.0;Estonia;Explained by: Healthy life expectancy;
2014.0;73.0;Estonia;Explained by: Healthy life expectancy;
2012.0;72.0;Estonia;Explained by: Healthy life expectancy;
2011.0;72.0;Estonia;Explained by: Healthy life expectancy;
2024.0;41.0;Panama;Explained by: Healthy life expectancy;0.717
2023.0;135.0;Eswatini;Explained by: Healthy life expectancy;0.176
2021.0;125.0;Eswatini;Explained by: Healthy life expectancy;0.197
2024.0;42.0;Argentina;Explained by: Healthy life expectancy;0.579
2023.0;130.0;Ethiopia;Explained by: Healthy life expectancy;0.42
2022.0;124.0;Ethiopia;Explained by: Healthy life expectancy;0.25
2021.0;131.0;Ethiopia;Explained by: Healthy life expectancy;0.457
2020.0;134.0;Ethiopia;Explained by: Healthy life expectancy;0.331
2019.0;136.0;Ethiopia;Explained by: Healthy life expectancy;0.484
2018.0;134.0;Ethiopia;Explained by: Healthy life expectancy;
2017.0;127.0;Ethiopia;Explained by: Healthy life expectancy;
2016.0;119.0;Ethiopia;Explained by: Healthy life expectancy;
2015.0;115.0;Ethiopia;Explained by: Healthy life expectancy;
2014.0;122.0;Ethiopia;Explained by: Healthy life expectancy;
2012.0;119.0;Ethiopia;Explained by: Healthy life expectancy;
2011.0;139.0;Ethiopia;Explained by: Healthy life expectancy;
2024.0;43.0;Kazakhstan;Explained by: Healthy life expectancy;0.504
2023.0;1.0;Finland;Explained by: Healthy life expectancy;0.695
2022.0;1.0;Finland;Explained by: Healthy life expectancy;0.535
2021.0;1.0;Finland;Explained by: Healthy life expectancy;0.775
2020.0;2.0;Finland;Explained by: Healthy life expectancy;0.741
2019.0;1.0;Finland;Explained by: Healthy life expectancy;0.961
2018.0;1.0;Finland;Explained by: Healthy life expectancy;
2017.0;1.0;Finland;Explained by: Healthy life expectancy;
2016.0;5.0;Finland;Explained by: Healthy life expectancy;
2015.0;5.0;Finland;Explained by: Healthy life expectancy;
2014.0;6.0;Finland;Explained by: Healthy life expectancy;
2012.0;7.0;Finland;Explained by: Healthy life expectancy;
2011.0;2.0;Finland;Explained by: Healthy life expectancy;
2024.0;44.0;Guatemala;Explained by: Healthy life expectancy;0.376
2023.0;27.0;France;Explained by: Healthy life expectancy;0.727
2022.0;21.0;France;Explained by: Healthy life expectancy;0.566
2021.0;20.0;France;Explained by: Healthy life expectancy;0.808
2020.0;22.0;France;Explained by: Healthy life expectancy;0.804
2019.0;23.0;France;Explained by: Healthy life expectancy;1.03
2018.0;24.0;France;Explained by: Healthy life expectancy;
2017.0;23.0;France;Explained by: Healthy life expectancy;
2016.0;31.0;France;Explained by: Healthy life expectancy;
2015.0;32.0;France;Explained by: Healthy life expectancy;
2014.0;29.0;France;Explained by: Healthy life expectancy;
2012.0;25.0;France;Explained by: Healthy life expectancy;
2011.0;23.0;France;Explained by: Healthy life expectancy;
2024.0;45.0;Chile;Explained by: Healthy life expectancy;0.711
2023.0;95.0;Gabon;Explained by: Healthy life expectancy;0.344
2022.0;94.0;Gabon;Explained by: Healthy life expectancy;0.183
2021.0;106.0;Gabon;Explained by: Healthy life expectancy;0.396
2020.0;113.0;Gabon;Explained by: Healthy life expectancy;0.362
2019.0;108.0;Gabon;Explained by: Healthy life expectancy;0.523
2018.0;104.0;Gabon;Explained by: Healthy life expectancy;
2017.0;103.0;Gabon;Explained by: Healthy life expectancy;
2016.0;118.0;Gabon;Explained by: Healthy life expectancy;
2015.0;134.0;Gabon;Explained by: Healthy life expectancy;
2014.0;143.0;Gabon;Explained by: Healthy life expectancy;
2012.0;138.0;Gabon;Explained by: Healthy life expectancy;
2024.0;46.0;Viet Nam;Explained by: Healthy life expectancy;0.631
2023.0;112.0;Gambia;Explained by: Healthy life expectancy;0.33
2022.0;119.0;Gambia;Explained by: Healthy life expectancy;0.174
2021.0;93.0;Gambia;Explained by: Healthy life expectancy;0.369
2020.0;99.0;Gambia;Explained by: Healthy life expectancy;0.21
2019.0;113.0;Gambia;Explained by: Healthy life expectancy;0.353
2018.0;120.0;Gambia;Explained by: Healthy life expectancy;
2024.0;47.0;Nicaragua;Explained by: Healthy life expectancy;0.646
2023.0;91.0;Georgia;Explained by: Healthy life expectancy;0.524
2022.0;90.0;Georgia;Explained by: Healthy life expectancy;0.366
2021.0;105.0;Georgia;Explained by: Healthy life expectancy;0.595
2020.0;109.0;Georgia;Explained by: Healthy life expectancy;0.498
2019.0;117.0;Georgia;Explained by: Healthy life expectancy;0.695
2018.0;119.0;Georgia;Explained by: Healthy life expectancy;
2017.0;128.0;Georgia;Explained by: Healthy life expectancy;
2016.0;125.0;Georgia;Explained by: Healthy life expectancy;
2015.0;126.0;Georgia;Explained by: Healthy life expectancy;
2014.0;130.0;Georgia;Explained by: Healthy life expectancy;
2012.0;134.0;Georgia;Explained by: Healthy life expectancy;
2011.0;146.0;Georgia;Explained by: Healthy life expectancy;
2024.0;48.0;Malta;Explained by: Healthy life expectancy;0.837
2023.0;24.0;Germany;Explained by: Healthy life expectancy;0.702
2022.0;16.0;Germany;Explained by: Healthy life expectancy;0.539
2021.0;14.0;Germany;Explained by: Healthy life expectancy;0.776
2020.0;14.0;Germany;Explained by: Healthy life expectancy;0.757
2019.0;17.0;Germany;Explained by: Healthy life expectancy;0.972
2018.0;17.0;Germany;Explained by: Healthy life expectancy;
2017.0;15.0;Germany;Explained by: Healthy life expectancy;
2016.0;16.0;Germany;Explained by: Healthy life expectancy;
2015.0;16.0;Germany;Explained by: Healthy life expectancy;
2014.0;26.0;Germany;Explained by: Healthy life expectancy;
2012.0;26.0;Germany;Explained by: Healthy life expectancy;
2011.0;30.0;Germany;Explained by: Healthy life expectancy;
2024.0;49.0;Thailand;Explained by: Healthy life expectancy;0.633
2023.0;120.0;Ghana;Explained by: Healthy life expectancy;0.36
2022.0;107.0;Ghana;Explained by: Healthy life expectancy;0.197
2021.0;111.0;Ghana;Explained by: Healthy life expectancy;0.409
2020.0;96.0;Ghana;Explained by: Healthy life expectancy;0.287
2019.0;91.0;Ghana;Explained by: Healthy life expectancy;0.432
2018.0;98.0;Ghana;Explained by: Healthy life expectancy;
2017.0;108.0;Ghana;Explained by: Healthy life expectancy;
2016.0;131.0;Ghana;Explained by: Healthy life expectancy;
2015.0;124.0;Ghana;Explained by: Healthy life expectancy;
2014.0;114.0;Ghana;Explained by: Healthy life expectancy;
2012.0;86.0;Ghana;Explained by: Healthy life expectancy;
2011.0;108.0;Ghana;Explained by: Healthy life expectancy;
2024.0;50.0;Slovakia;Explained by: Healthy life expectancy;0.547
2023.0;64.0;Greece;Explained by: Healthy life expectancy;0.696
2022.0;58.0;Greece;Explained by: Healthy life expectancy;0.535
2021.0;58.0;Greece;Explained by: Healthy life expectancy;0.774
2020.0;69.0;Greece;Explained by: Healthy life expectancy;0.76
2019.0;77.0;Greece;Explained by: Healthy life expectancy;0.979
2018.0;82.0;Greece;Explained by: Healthy life expectancy;
2017.0;79.0;Greece;Explained by: Healthy life expectancy;
2016.0;87.0;Greece;Explained by: Healthy life expectancy;
2015.0;99.0;Greece;Explained by: Healthy life expectancy;
2014.0;102.0;Greece;Explained by: Healthy life expectancy;
2012.0;70.0;Greece;Explained by: Healthy life expectancy;
2011.0;42.0;Greece;Explained by: Healthy life expectancy;
2024.0;51.0;Latvia;Explained by: Healthy life expectancy;0.503
2023.0;42.0;Guatemala;Explained by: Healthy life expectancy;0.467
2022.0;43.0;Guatemala;Explained by: Healthy life expectancy;0.31
2021.0;39.0;Guatemala;Explained by: Healthy life expectancy;0.522
2020.0;31.0;Guatemala;Explained by: Healthy life expectancy;0.519
2019.0;29.0;Guatemala;Explained by: Healthy life expectancy;0.706
2018.0;27.0;Guatemala;Explained by: Healthy life expectancy;
2017.0;30.0;Guatemala;Explained by: Healthy life expectancy;
2016.0;29.0;Guatemala;Explained by: Healthy life expectancy;
2015.0;39.0;Guatemala;Explained by: Healthy life expectancy;
2014.0;43.0;Guatemala;Explained by: Healthy life expectancy;
2012.0;47.0;Guatemala;Explained by: Healthy life expectancy;
2011.0;37.0;Guatemala;Explained by: Healthy life expectancy;
2024.0;52.0;Oman;Explained by: Healthy life expectancy;0.5
2023.0;97.0;Guinea;Explained by: Healthy life expectancy;0.236
2022.0;91.0;Guinea;Explained by: Healthy life expectancy;0.072
2021.0;109.0;Guinea;Explained by: Healthy life expectancy;0.275
2020.0;103.0;Guinea;Explained by: Healthy life expectancy;0.206
2019.0;102.0;Guinea;Explained by: Healthy life expectancy;0.334
2018.0;118.0;Guinea;Explained by: Healthy life expectancy;
2017.0;140.0;Guinea;Explained by: Healthy life expectancy;
2016.0;149.0;Guinea;Explained by: Healthy life expectancy;
2015.0;151.0;Guinea;Explained by: Healthy life expectancy;
2014.0;150.0;Guinea;Explained by: Healthy life expectancy;
2012.0;150.0;Guinea;Explained by: Healthy life expectancy;
2011.0;136.0;Guinea;Explained by: Healthy life expectancy;
2011.0;45.0;Guyana;Explained by: Healthy life expectancy;
2020.0;144.0;Haiti;Explained by: Healthy life expectancy;0.227
2019.0;142.0;Haiti;Explained by: Healthy life expectancy;0.374
2018.0;147.0;Haiti;Explained by: Healthy life expectancy;
2017.0;148.0;Haiti;Explained by: Healthy life expectancy;
2016.0;145.0;Haiti;Explained by: Healthy life expectancy;
2015.0;136.0;Haiti;Explained by: Healthy life expectancy;
2014.0;119.0;Haiti;Explained by: Healthy life expectancy;
2012.0;126.0;Haiti;Explained by: Healthy life expectancy;
2011.0;150.0;Haiti;Explained by: Healthy life expectancy;
2024.0;53.0;Uzbekistan;Explained by: Healthy life expectancy;0.654
2023.0;61.0;Honduras;Explained by: Healthy life expectancy;0.502
2022.0;53.0;Honduras;Explained by: Healthy life expectancy;0.341
2021.0;55.0;Honduras;Explained by: Healthy life expectancy;0.555
2020.0;60.0;Honduras;Explained by: Healthy life expectancy;0.593
2019.0;56.0;Honduras;Explained by: Healthy life expectancy;0.792
2018.0;59.0;Honduras;Explained by: Healthy life expectancy;
2017.0;72.0;Honduras;Explained by: Healthy life expectancy;
2016.0;91.0;Honduras;Explained by: Healthy life expectancy;
2015.0;104.0;Honduras;Explained by: Healthy life expectancy;
2014.0;105.0;Honduras;Explained by: Healthy life expectancy;
2012.0;84.0;Honduras;Explained by: Healthy life expectancy;
2011.0;63.0;Honduras;Explained by: Healthy life expectancy;
2024.0;54.0;Paraguay;Explained by: Healthy life expectancy;0.291
2023.0;86.0;Hong Kong SAR of China;Explained by: Healthy life expectancy;0.857
2022.0;82.0;Hong Kong SAR of China;Explained by: Healthy life expectancy;0.702
2021.0;81.0;Hong Kong SAR of China;Explained by: Healthy life expectancy;0.942
2020.0;78.0;Hong Kong SAR of China;Explained by: Healthy life expectancy;0.893
2019.0;78.0;Hong Kong SAR of China;Explained by: Healthy life expectancy;1.137
2018.0;76.0;Hong Kong SAR of China;Explained by: Healthy life expectancy;
2017.0;76.0;Hong Kong SAR of China;Explained by: Healthy life expectancy;
2016.0;71.0;Hong Kong SAR of China;Explained by: Healthy life expectancy;
2015.0;75.0;Hong Kong SAR of China;Explained by: Healthy life expectancy;
2014.0;72.0;Hong Kong SAR of China;Explained by: Healthy life expectancy;
2012.0;64.0;Hong Kong SAR of China;Explained by: Healthy life expectancy;
2011.0;67.0;Hong Kong SAR of China;Explained by: Healthy life expectancy;
2024.0;55.0;Japan;Explained by: Healthy life expectancy;0.921
2023.0;56.0;Hungary;Explained by: Healthy life expectancy;0.596
2022.0;51.0;Hungary;Explained by: Healthy life expectancy;0.435
2021.0;51.0;Hungary;Explained by: Healthy life expectancy;0.668
2020.0;54.0;Hungary;Explained by: Healthy life expectancy;0.615
2019.0;53.0;Hungary;Explained by: Healthy life expectancy;0.807
2018.0;62.0;Hungary;Explained by: Healthy life expectancy;
2017.0;69.0;Hungary;Explained by: Healthy life expectancy;
2016.0;75.0;Hungary;Explained by: Healthy life expectancy;
2015.0;91.0;Hungary;Explained by: Healthy life expectancy;
2014.0;104.0;Hungary;Explained by: Healthy life expectancy;
2012.0;110.0;Hungary;Explained by: Healthy life expectancy;
2011.0;96.0;Hungary;Explained by: Healthy life expectancy;
2024.0;56.0;Bosnia and Herzegovina;Explained by: Healthy life expectancy;0.616
2023.0;3.0;Iceland;Explained by: Healthy life expectancy;0.718
2022.0;3.0;Iceland;Explained by: Healthy life expectancy;0.559
2021.0;3.0;Iceland;Explained by: Healthy life expectancy;0.803
2020.0;5.0;Iceland;Explained by: Healthy life expectancy;0.772
2019.0;4.0;Iceland;Explained by: Healthy life expectancy;1.001
2018.0;4.0;Iceland;Explained by: Healthy life expectancy;
2017.0;4.0;Iceland;Explained by: Healthy life expectancy;
2016.0;3.0;Iceland;Explained by: Healthy life expectancy;
2015.0;3.0;Iceland;Explained by: Healthy life expectancy;
2014.0;2.0;Iceland;Explained by: Healthy life expectancy;
2012.0;9.0;Iceland;Explained by: Healthy life expectancy;
2011.0;20.0;Iceland;Explained by: Healthy life expectancy;
2024.0;57.0;Philippines;Explained by: Healthy life expectancy;0.315
2023.0;126.0;India;Explained by: Healthy life expectancy;0.417
2022.0;126.0;India;Explained by: Healthy life expectancy;0.252
2021.0;136.0;India;Explained by: Healthy life expectancy;0.471
2020.0;140.0;India;Explained by: Healthy life expectancy;0.383
2019.0;144.0;India;Explained by: Healthy life expectancy;0.541
2018.0;140.0;India;Explained by: Healthy life expectancy;
2017.0;133.0;India;Explained by: Healthy life expectancy;
2016.0;122.0;India;Explained by: Healthy life expectancy;
2015.0;118.0;India;Explained by: Healthy life expectancy;
2014.0;117.0;India;Explained by: Healthy life expectancy;
2012.0;111.0;India;Explained by: Healthy life expectancy;
2011.0;94.0;India;Explained by: Healthy life expectancy;
2024.0;58.0;Republic of Korea;Explained by: Healthy life expectancy;0.903
2023.0;80.0;Indonesia;Explained by: Healthy life expectancy;0.472
2022.0;84.0;Indonesia;Explained by: Healthy life expectancy;0.314
2021.0;87.0;Indonesia;Explained by: Healthy life expectancy;0.539
2020.0;83.0;Indonesia;Explained by: Healthy life expectancy;0.433
2019.0;84.0;Indonesia;Explained by: Healthy life expectancy;0.61
2018.0;92.0;Indonesia;Explained by: Healthy life expectancy;
2017.0;96.0;Indonesia;Explained by: Healthy life expectancy;
2016.0;81.0;Indonesia;Explained by: Healthy life expectancy;
2015.0;79.0;Indonesia;Explained by: Healthy life expectancy;
2014.0;74.0;Indonesia;Explained by: Healthy life expectancy;
2012.0;76.0;Indonesia;Explained by: Healthy life expectancy;
2011.0;83.0;Indonesia;Explained by: Healthy life expectancy;
2024.0;59.0;Bahrain;Explained by: Healthy life expectancy;0.609
2023.0;100.0;Iran;Explained by: Healthy life expectancy;0.571
2022.0;101.0;Iran;Explained by: Healthy life expectancy;0.411
2021.0;110.0;Iran;Explained by: Healthy life expectancy;0.642
2020.0;119.0;Iran;Explained by: Healthy life expectancy;0.561
2019.0;118.0;Iran;Explained by: Healthy life expectancy;0.749
2018.0;117.0;Iran;Explained by: Healthy life expectancy;
2017.0;106.0;Iran;Explained by: Healthy life expectancy;
2016.0;108.0;Iran;Explained by: Healthy life expectancy;
2015.0;105.0;Iran;Explained by: Healthy life expectancy;
2014.0;110.0;Iran;Explained by: Healthy life expectancy;
2012.0;115.0;Iran;Explained by: Healthy life expectancy;
2011.0;84.0;Iran;Explained by: Healthy life expectancy;
2024.0;60.0;Portugal;Explained by: Healthy life expectancy;0.822
2023.0;92.0;Iraq;Explained by: Healthy life expectancy;0.498
2022.0;98.0;Iraq;Explained by: Healthy life expectancy;0.324
2021.0;107.0;Iraq;Explained by: Healthy life expectancy;0.554
2020.0;112.0;Iraq;Explained by: Healthy life expectancy;0.381
2019.0;110.0;Iraq;Explained by: Healthy life expectancy;0.529
2018.0;126.0;Iraq;Explained by: Healthy life expectancy;
2017.0;117.0;Iraq;Explained by: Healthy life expectancy;
2016.0;117.0;Iraq;Explained by: Healthy life expectancy;
2015.0;112.0;Iraq;Explained by: Healthy life expectancy;
2014.0;112.0;Iraq;Explained by: Healthy life expectancy;
2012.0;105.0;Iraq;Explained by: Healthy life expectancy;
2011.0;98.0;Iraq;Explained by: Healthy life expectancy;
2024.0;61.0;Colombia;Explained by: Healthy life expectancy;0.587
2023.0;17.0;Ireland;Explained by: Healthy life expectancy;0.7
2022.0;14.0;Ireland;Explained by: Healthy life expectancy;0.539
2021.0;13.0;Ireland;Explained by: Healthy life expectancy;0.779
2020.0;16.0;Ireland;Explained by: Healthy life expectancy;0.753
2019.0;16.0;Ireland;Explained by: Healthy life expectancy;0.976
2018.0;16.0;Ireland;Explained by: Healthy life expectancy;
2017.0;14.0;Ireland;Explained by: Healthy life expectancy;
2016.0;15.0;Ireland;Explained by: Healthy life expectancy;
2015.0;19.0;Ireland;Explained by: Healthy life expectancy;
2014.0;18.0;Ireland;Explained by: Healthy life expectancy;
2012.0;18.0;Ireland;Explained by: Healthy life expectancy;
2011.0;10.0;Ireland;Explained by: Healthy life expectancy;
2024.0;62.0;Ecuador;Explained by: Healthy life expectancy;0.702
2023.0;5.0;Israel;Explained by: Healthy life expectancy;0.74
2022.0;4.0;Israel;Explained by: Healthy life expectancy;0.577
2021.0;9.0;Israel;Explained by: Healthy life expectancy;0.818
2020.0;13.0;Israel;Explained by: Healthy life expectancy;0.788
2019.0;14.0;Israel;Explained by: Healthy life expectancy;1.008
2018.0;13.0;Israel;Explained by: Healthy life expectancy;
2017.0;11.0;Israel;Explained by: Healthy life expectancy;
2016.0;11.0;Israel;Explained by: Healthy life expectancy;
2015.0;11.0;Israel;Explained by: Healthy life expectancy;
2014.0;11.0;Israel;Explained by: Healthy life expectancy;
2012.0;11.0;Israel;Explained by: Healthy life expectancy;
2011.0;14.0;Israel;Explained by: Healthy life expectancy;
2024.0;63.0;Honduras;Explained by: Healthy life expectancy;0.436
2023.0;41.0;Italy;Explained by: Healthy life expectancy;0.72
2022.0;33.0;Italy;Explained by: Healthy life expectancy;0.559
2021.0;31.0;Italy;Explained by: Healthy life expectancy;0.801
2020.0;29.0;Italy;Explained by: Healthy life expectancy;0.798
2019.0;30.0;Italy;Explained by: Healthy life expectancy;1.023
2018.0;36.0;Italy;Explained by: Healthy life expectancy;
2017.0;47.0;Italy;Explained by: Healthy life expectancy;
2016.0;48.0;Italy;Explained by: Healthy life expectancy;
2015.0;50.0;Italy;Explained by: Healthy life expectancy;
2014.0;50.0;Italy;Explained by: Healthy life expectancy;
2012.0;45.0;Italy;Explained by: Healthy life expectancy;
2011.0;28.0;Italy;Explained by: Healthy life expectancy;
2024.0;64.0;Malaysia;Explained by: Healthy life expectancy;0.446
2023.0;67.0;Jamaica;Explained by: Healthy life expectancy;0.567
2022.0;68.0;Jamaica;Explained by: Healthy life expectancy;0.411
2021.0;63.0;Jamaica;Explained by: Healthy life expectancy;0.646
2020.0;38.0;Jamaica;Explained by: Healthy life expectancy;0.599
2019.0;60.0;Jamaica;Explained by: Healthy life expectancy;0.788
2018.0;56.0;Jamaica;Explained by: Healthy life expectancy;
2017.0;56.0;Jamaica;Explained by: Healthy life expectancy;
2016.0;76.0;Jamaica;Explained by: Healthy life expectancy;
2015.0;73.0;Jamaica;Explained by: Healthy life expectancy;
2014.0;65.0;Jamaica;Explained by: Healthy life expectancy;
2012.0;75.0;Jamaica;Explained by: Healthy life expectancy;
2011.0;40.0;Jamaica;Explained by: Healthy life expectancy;
2024.0;65.0;Peru;Explained by: Healthy life expectancy;0.551
2023.0;51.0;Japan;Explained by: Healthy life expectancy;0.785
2022.0;47.0;Japan;Explained by: Healthy life expectancy;0.622
2021.0;54.0;Japan;Explained by: Healthy life expectancy;0.866
2020.0;57.0;Japan;Explained by: Healthy life expectancy;0.838
2019.0;62.0;Japan;Explained by: Healthy life expectancy;1.073
2018.0;58.0;Japan;Explained by: Healthy life expectancy;
2017.0;54.0;Japan;Explained by: Healthy life expectancy;
2016.0;51.0;Japan;Explained by: Healthy life expectancy;
2015.0;53.0;Japan;Explained by: Healthy life expectancy;
2014.0;46.0;Japan;Explained by: Healthy life expectancy;
2012.0;43.0;Japan;Explained by: Healthy life expectancy;
2011.0;44.0;Japan;Explained by: Healthy life expectancy;
2024.0;66.0;Russian Federation;Explained by: Healthy life expectancy;0.47
2023.0;125.0;Jordan;Explained by: Healthy life expectancy;0.594
2022.0;123.0;Jordan;Explained by: Healthy life expectancy;0.438
2021.0;134.0;Jordan;Explained by: Healthy life expectancy;0.675
2020.0;128.0;Jordan;Explained by: Healthy life expectancy;0.583
2019.0;119.0;Jordan;Explained by: Healthy life expectancy;0.778
2018.0;101.0;Jordan;Explained by: Healthy life expectancy;
2017.0;90.0;Jordan;Explained by: Healthy life expectancy;
2016.0;74.0;Jordan;Explained by: Healthy life expectancy;
2015.0;80.0;Jordan;Explained by: Healthy life expectancy;
2014.0;82.0;Jordan;Explained by: Healthy life expectancy;
2012.0;74.0;Jordan;Explained by: Healthy life expectancy;
2011.0;54.0;Jordan;Explained by: Healthy life expectancy;
2024.0;67.0;Cyprus;Explained by: Healthy life expectancy;0.84
2023.0;49.0;Kazakhstan;Explained by: Healthy life expectancy;0.556
2022.0;44.0;Kazakhstan;Explained by: Healthy life expectancy;0.389
2021.0;40.0;Kazakhstan;Explained by: Healthy life expectancy;0.611
2020.0;46.0;Kazakhstan;Explained by: Healthy life expectancy;0.527
2019.0;50.0;Kazakhstan;Explained by: Healthy life expectancy;0.699
2018.0;60.0;Kazakhstan;Explained by: Healthy life expectancy;
2017.0;60.0;Kazakhstan;Explained by: Healthy life expectancy;
2016.0;60.0;Kazakhstan;Explained by: Healthy life expectancy;
2015.0;54.0;Kazakhstan;Explained by: Healthy life expectancy;
2014.0;54.0;Kazakhstan;Explained by: Healthy life expectancy;
2012.0;57.0;Kazakhstan;Explained by: Healthy life expectancy;
2011.0;59.0;Kazakhstan;Explained by: Healthy life expectancy;
2024.0;68.0;China;Explained by: Healthy life expectancy;0.789
2023.0;114.0;Kenya;Explained by: Healthy life expectancy;0.353
2022.0;111.0;Kenya;Explained by: Healthy life expectancy;0.19
2021.0;119.0;Kenya;Explained by: Healthy life expectancy;0.401
2020.0;122.0;Kenya;Explained by: Healthy life expectancy;0.385
2019.0;121.0;Kenya;Explained by: Healthy life expectancy;0.536
2018.0;121.0;Kenya;Explained by: Healthy life expectancy;
2017.0;124.0;Kenya;Explained by: Healthy life expectancy;
2016.0;112.0;Kenya;Explained by: Healthy life expectancy;
2015.0;122.0;Kenya;Explained by: Healthy life expectancy;
2014.0;125.0;Kenya;Explained by: Healthy life expectancy;
2012.0;123.0;Kenya;Explained by: Healthy life expectancy;
2011.0;134.0;Kenya;Explained by: Healthy life expectancy;
2024.0;69.0;Hungary;Explained by: Healthy life expectancy;0.587
2023.0;29.0;Kosovo;Explained by: Healthy life expectancy;0.599
2022.0;34.0;Kosovo;Explained by: Healthy life expectancy;0.372
2021.0;32.0;Kosovo;Explained by: Healthy life expectancy;0.569
2020.0;34.0;Kosovo;Explained by: Healthy life expectancy;0.483
2019.0;35.0;Kosovo;Explained by: Healthy life expectancy;0.673
2018.0;46.0;Kosovo;Explained by: Healthy life expectancy;
2017.0;66.0;Kosovo;Explained by: Healthy life expectancy;
2016.0;78.0;Kosovo;Explained by: Healthy life expectancy;
2015.0;77.0;Kosovo;Explained by: Healthy life expectancy;
2014.0;69.0;Kosovo;Explained by: Healthy life expectancy;
2012.0;83.0;Kosovo;Explained by: Healthy life expectancy;
2011.0;68.0;Kosovo;Explained by: Healthy life expectancy;
2024.0;70.0;Trinidad and Tobago;Explained by: Healthy life expectancy;0.419
2023.0;13.0;Kuwait;Explained by: Healthy life expectancy;0.661
2021.0;50.0;Kuwait;Explained by: Healthy life expectancy;0.747
2020.0;48.0;Kuwait;Explained by: Healthy life expectancy;0.58
2019.0;48.0;Kuwait;Explained by: Healthy life expectancy;0.776
2018.0;51.0;Kuwait;Explained by: Healthy life expectancy;
2017.0;45.0;Kuwait;Explained by: Healthy life expectancy;
2016.0;39.0;Kuwait;Explained by: Healthy life expectancy;
2015.0;41.0;Kuwait;Explained by: Healthy life expectancy;
2014.0;39.0;Kuwait;Explained by: Healthy life expectancy;
2012.0;32.0;Kuwait;Explained by: Healthy life expectancy;
2011.0;29.0;Kuwait;Explained by: Healthy life expectancy;
2024.0;71.0;Montenegro;Explained by: Healthy life expectancy;0.618
2023.0;75.0;Kyrgyzstan;Explained by: Healthy life expectancy;0.588
2022.0;62.0;Kyrgyzstan;Explained by: Healthy life expectancy;0.417
2021.0;64.0;Kyrgyzstan;Explained by: Healthy life expectancy;0.638
2020.0;68.0;Kyrgyzstan;Explained by: Healthy life expectancy;0.501
2019.0;74.0;Kyrgyzstan;Explained by: Healthy life expectancy;0.681
2018.0;86.0;Kyrgyzstan;Explained by: Healthy life expectancy;
2017.0;92.0;Kyrgyzstan;Explained by: Healthy life expectancy;
2016.0;98.0;Kyrgyzstan;Explained by: Healthy life expectancy;
2015.0;85.0;Kyrgyzstan;Explained by: Healthy life expectancy;
2014.0;77.0;Kyrgyzstan;Explained by: Healthy life expectancy;
2012.0;89.0;Kyrgyzstan;Explained by: Healthy life expectancy;
2011.0;102.0;Kyrgyzstan;Explained by: Healthy life expectancy;
2024.0;72.0;Croatia;Explained by: Healthy life expectancy;0.669
2023.0;94.0;Lao PDR;Explained by: Healthy life expectancy;0.423
2022.0;89.0;Lao PDR;Explained by: Healthy life expectancy;0.257
2021.0;95.0;Lao PDR;Explained by: Healthy life expectancy;0.479
2020.0;101.0;Lao PDR;Explained by: Healthy life expectancy;0.33
2019.0;104.0;Lao PDR;Explained by: Healthy life expectancy;0.486
2018.0;105.0;Lao PDR;Explained by: Healthy life expectancy;
2017.0;110.0;Lao PDR;Explained by: Healthy life expectancy;
2015.0;102.0;Lao PDR;Explained by: Healthy life expectancy;
2014.0;99.0;Lao PDR;Explained by: Healthy life expectancy;
2012.0;109.0;Lao PDR;Explained by: Healthy life expectancy;
2011.0;82.0;Lao PDR;Explained by: Healthy life expectancy;
2024.0;73.0;Jamaica;Explained by: Healthy life expectancy;0.504
2023.0;46.0;Latvia;Explained by: Healthy life expectancy;0.564
2022.0;41.0;Latvia;Explained by: Healthy life expectancy;0.405
2021.0;42.0;Latvia;Explained by: Healthy life expectancy;0.637
2020.0;52.0;Latvia;Explained by: Healthy life expectancy;0.587
2019.0;57.0;Latvia;Explained by: Healthy life expectancy;0.778
2018.0;53.0;Latvia;Explained by: Healthy life expectancy;
2017.0;53.0;Latvia;Explained by: Healthy life expectancy;
2016.0;54.0;Latvia;Explained by: Healthy life expectancy;
2015.0;68.0;Latvia;Explained by: Healthy life expectancy;
2014.0;89.0;Latvia;Explained by: Healthy life expectancy;
2012.0;88.0;Latvia;Explained by: Healthy life expectancy;
2011.0;106.0;Latvia;Explained by: Healthy life expectancy;
2024.0;74.0;Bolivia;Explained by: Healthy life expectancy;0.346
2023.0;142.0;Lebanon;Explained by: Healthy life expectancy;0.556
2022.0;136.0;Lebanon;Explained by: Healthy life expectancy;0.398
2021.0;145.0;Lebanon;Explained by: Healthy life expectancy;0.631
2020.0;124.0;Lebanon;Explained by: Healthy life expectancy;0.595
2019.0;111.0;Lebanon;Explained by: Healthy life expectancy;0.789
2018.0;91.0;Lebanon;Explained by: Healthy life expectancy;
2017.0;88.0;Lebanon;Explained by: Healthy life expectancy;
2016.0;88.0;Lebanon;Explained by: Healthy life expectancy;
2015.0;93.0;Lebanon;Explained by: Healthy life expectancy;
2014.0;103.0;Lebanon;Explained by: Healthy life expectancy;
2012.0;97.0;Lebanon;Explained by: Healthy life expectancy;
2011.0;92.0;Lebanon;Explained by: Healthy life expectancy;
2024.0;75.0;Kyrgyzstan;Explained by: Healthy life expectancy;0.647
2023.0;141.0;Lesotho;Explained by: Healthy life expectancy;0.0
2021.0;141.0;Lesotho;Explained by: Healthy life expectancy;0.0
2020.0;146.0;Lesotho;Explained by: Healthy life expectancy;0.007
2019.0;143.0;Lesotho;Explained by: Healthy life expectancy;0.101
2018.0;144.0;Lesotho;Explained by: Healthy life expectancy;
2017.0;141.0;Lesotho;Explained by: Healthy life expectancy;
2016.0;139.0;Lesotho;Explained by: Healthy life expectancy;
2014.0;97.0;Lesotho;Explained by: Healthy life expectancy;
2012.0;98.0;Lesotho;Explained by: Healthy life expectancy;
2024.0;76.0;Dominican Republic;Explained by: Healthy life expectancy;0.615
2023.0;121.0;Liberia;Explained by: Healthy life expectancy;0.301
2022.0;125.0;Liberia;Explained by: Healthy life expectancy;0.141
2021.0;97.0;Liberia;Explained by: Healthy life expectancy;0.309
2020.0;121.0;Liberia;Explained by: Healthy life expectancy;0.253
2019.0;124.0;Liberia;Explained by: Healthy life expectancy;0.392
2018.0;141.0;Liberia;Explained by: Healthy life expectancy;
2017.0;149.0;Liberia;Explained by: Healthy life expectancy;
2016.0;148.0;Liberia;Explained by: Healthy life expectancy;
2015.0;150.0;Liberia;Explained by: Healthy life expectancy;
2014.0;116.0;Liberia;Explained by: Healthy life expectancy;
2012.0;133.0;Liberia;Explained by: Healthy life expectancy;
2011.0;140.0;Liberia;Explained by: Healthy life expectancy;
2024.0;77.0;Mongolia;Explained by: Healthy life expectancy;0.423
2023.0;66.0;Libya;Explained by: Healthy life expectancy;0.55
2021.0;86.0;Libya;Explained by: Healthy life expectancy;0.606
2020.0;81.0;Libya;Explained by: Healthy life expectancy;0.435
2019.0;80.0;Libya;Explained by: Healthy life expectancy;0.616
2018.0;72.0;Libya;Explained by: Healthy life expectancy;
2017.0;70.0;Libya;Explained by: Healthy life expectancy;
2016.0;68.0;Libya;Explained by: Healthy life expectancy;
2015.0;67.0;Libya;Explained by: Healthy life expectancy;
2014.0;63.0;Libya;Explained by: Healthy life expectancy;
2012.0;78.0;Libya;Explained by: Healthy life expectancy;
2011.0;81.0;Libya;Explained by: Healthy life expectancy;
2024.0;78.0;Mauritius;Explained by: Healthy life expectancy;0.617
2023.0;19.0;Lithuania;Explained by: Healthy life expectancy;0.598
2022.0;20.0;Lithuania;Explained by: Healthy life expectancy;0.432
2021.0;34.0;Lithuania;Explained by: Healthy life expectancy;0.659
2020.0;39.0;Lithuania;Explained by: Healthy life expectancy;0.612
2019.0;41.0;Lithuania;Explained by: Healthy life expectancy;0.795
2018.0;42.0;Lithuania;Explained by: Healthy life expectancy;
2017.0;50.0;Lithuania;Explained by: Healthy life expectancy;
2016.0;52.0;Lithuania;Explained by: Healthy life expectancy;
2015.0;60.0;Lithuania;Explained by: Healthy life expectancy;
2014.0;56.0;Lithuania;Explained by: Healthy life expectancy;
2012.0;71.0;Lithuania;Explained by: Healthy life expectancy;
2011.0;60.0;Lithuania;Explained by: Healthy life expectancy;
2024.0;79.0;Libya;Explained by: Healthy life expectancy;0.549
2023.0;8.0;Luxembourg;Explained by: Healthy life expectancy;0.708
2022.0;9.0;Luxembourg;Explained by: Healthy life expectancy;0.549
2021.0;6.0;Luxembourg;Explained by: Healthy life expectancy;0.79
2020.0;9.0;Luxembourg;Explained by: Healthy life expectancy;0.76
2019.0;10.0;Luxembourg;Explained by: Healthy life expectancy;0.986
2018.0;14.0;Luxembourg;Explained by: Healthy life expectancy;
2017.0;17.0;Luxembourg;Explained by: Healthy life expectancy;
2016.0;18.0;Luxembourg;Explained by: Healthy life expectancy;
2015.0;20.0;Luxembourg;Explained by: Healthy life expectancy;
2014.0;17.0;Luxembourg;Explained by: Healthy life expectancy;
2012.0;19.0;Luxembourg;Explained by: Healthy life expectancy;
2011.0;16.0;Luxembourg;Explained by: Healthy life expectancy;
2019.0;90.0;Macedonia;Explained by: Healthy life expectancy;0.803
2024.0;80.0;Republic of Moldova;Explained by: Healthy life expectancy;0.414
2023.0;123.0;Madagascar;Explained by: Healthy life expectancy;0.333
2022.0;127.0;Madagascar;Explained by: Healthy life expectancy;0.178
2021.0;128.0;Madagascar;Explained by: Healthy life expectancy;0.378
2020.0;136.0;Madagascar;Explained by: Healthy life expectancy;0.341
2019.0;137.0;Madagascar;Explained by: Healthy life expectancy;0.501
2018.0;143.0;Madagascar;Explained by: Healthy life expectancy;
2017.0;143.0;Madagascar;Explained by: Healthy life expectancy;
2016.0;144.0;Madagascar;Explained by: Healthy life expectancy;
2015.0;148.0;Madagascar;Explained by: Healthy life expectancy;
2014.0;147.0;Madagascar;Explained by: Healthy life expectancy;
2012.0;146.0;Madagascar;Explained by: Healthy life expectancy;
2011.0;129.0;Madagascar;Explained by: Healthy life expectancy;
2024.0;81.0;Greece;Explained by: Healthy life expectancy;0.725
2023.0;136.0;Malawi;Explained by: Healthy life expectancy;0.349
2022.0;131.0;Malawi;Explained by: Healthy life expectancy;0.189
2021.0;138.0;Malawi;Explained by: Healthy life expectancy;0.388
2020.0;145.0;Malawi;Explained by: Healthy life expectancy;0.298
2019.0;145.0;Malawi;Explained by: Healthy life expectancy;0.446
2018.0;150.0;Malawi;Explained by: Healthy life expectancy;
2017.0;147.0;Malawi;Explained by: Healthy life expectancy;
2016.0;136.0;Malawi;Explained by: Healthy life expectancy;
2015.0;132.0;Malawi;Explained by: Healthy life expectancy;
2014.0;131.0;Malawi;Explained by: Healthy life expectancy;
2012.0;139.0;Malawi;Explained by: Healthy life expectancy;
2011.0;114.0;Malawi;Explained by: Healthy life expectancy;
2024.0;82.0;Venezuela;Explained by: Healthy life expectancy;0.515
2023.0;59.0;Malaysia;Explained by: Healthy life expectancy;0.54
2022.0;55.0;Malaysia;Explained by: Healthy life expectancy;0.385
2021.0;70.0;Malaysia;Explained by: Healthy life expectancy;0.62
2020.0;82.0;Malaysia;Explained by: Healthy life expectancy;0.587
2019.0;82.0;Malaysia;Explained by: Healthy life expectancy;0.789
2018.0;80.0;Malaysia;Explained by: Healthy life expectancy;
2017.0;35.0;Malaysia;Explained by: Healthy life expectancy;
2016.0;42.0;Malaysia;Explained by: Healthy life expectancy;
2015.0;47.0;Malaysia;Explained by: Healthy life expectancy;
2014.0;61.0;Malaysia;Explained by: Healthy life expectancy;
2012.0;56.0;Malaysia;Explained by: Healthy life expectancy;
2011.0;51.0;Malaysia;Explained by: Healthy life expectancy;
2020.0;90.0;Maldives;Explained by: Healthy life expectancy;0.697
2019.0;87.0;Maldives;Explained by: Healthy life expectancy;0.914
2024.0;83.0;Indonesia;Explained by: Healthy life expectancy;0.454
2023.0;122.0;Mali;Explained by: Healthy life expectancy;0.267
2022.0;120.0;Mali;Explained by: Healthy life expectancy;0.106
2021.0;123.0;Mali;Explained by: Healthy life expectancy;0.311
2020.0;118.0;Mali;Explained by: Healthy life expectancy;0.11
2019.0;114.0;Mali;Explained by: Healthy life expectancy;0.235
2018.0;128.0;Mali;Explained by: Healthy life expectancy;
2017.0;118.0;Mali;Explained by: Healthy life expectancy;
2016.0;127.0;Mali;Explained by: Healthy life expectancy;
2015.0;135.0;Mali;Explained by: Healthy life expectancy;
2014.0;138.0;Mali;Explained by: Healthy life expectancy;
2012.0;132.0;Mali;Explained by: Healthy life expectancy;
2011.0;143.0;Mali;Explained by: Healthy life expectancy;
2024.0;84.0;Algeria;Explained by: Healthy life expectancy;0.782
2023.0;40.0;Malta;Explained by: Healthy life expectancy;0.707
2022.0;37.0;Malta;Explained by: Healthy life expectancy;0.547
2021.0;33.0;Malta;Explained by: Healthy life expectancy;0.789
2020.0;24.0;Malta;Explained by: Healthy life expectancy;0.747
2019.0;22.0;Malta;Explained by: Healthy life expectancy;0.972
2018.0;22.0;Malta;Explained by: Healthy life expectancy;
2017.0;22.0;Malta;Explained by: Healthy life expectancy;
2016.0;27.0;Malta;Explained by: Healthy life expectancy;
2015.0;30.0;Malta;Explained by: Healthy life expectancy;
2014.0;37.0;Malta;Explained by: Healthy life expectancy;
2012.0;48.0;Malta;Explained by: Healthy life expectancy;
2011.0;47.0;Malta;Explained by: Healthy life expectancy;
2024.0;85.0;Bulgaria;Explained by: Healthy life expectancy;0.463
2023.0;111.0;Mauritania;Explained by: Healthy life expectancy;0.4
2022.0;103.0;Mauritania;Explained by: Healthy life expectancy;0.244
2021.0;133.0;Mauritania;Explained by: Healthy life expectancy;0.45
2020.0;135.0;Mauritania;Explained by: Healthy life expectancy;0.273
2019.0;129.0;Mauritania;Explained by: Healthy life expectancy;0.425
2018.0;122.0;Mauritania;Explained by: Healthy life expectancy;
2017.0;126.0;Mauritania;Explained by: Healthy life expectancy;
2016.0;123.0;Mauritania;Explained by: Healthy life expectancy;
2015.0;130.0;Mauritania;Explained by: Healthy life expectancy;
2014.0;124.0;Mauritania;Explained by: Healthy life expectancy;
2012.0;112.0;Mauritania;Explained by: Healthy life expectancy;
2011.0;113.0;Mauritania;Explained by: Healthy life expectancy;
2024.0;86.0;North Macedonia;Explained by: Healthy life expectancy;0.544
2023.0;70.0;Mauritius;Explained by: Healthy life expectancy;0.49
2022.0;59.0;Mauritius;Explained by: Healthy life expectancy;0.336
2021.0;52.0;Mauritius;Explained by: Healthy life expectancy;0.568
2020.0;51.0;Mauritius;Explained by: Healthy life expectancy;0.574
2019.0;49.0;Mauritius;Explained by: Healthy life expectancy;0.763
2018.0;57.0;Mauritius;Explained by: Healthy life expectancy;
2017.0;55.0;Mauritius;Explained by: Healthy life expectancy;
2016.0;64.0;Mauritius;Explained by: Healthy life expectancy;
2015.0;66.0;Mauritius;Explained by: Healthy life expectancy;
2014.0;71.0;Mauritius;Explained by: Healthy life expectancy;
2012.0;67.0;Mauritius;Explained by: Healthy life expectancy;
2011.0;64.0;Mauritius;Explained by: Healthy life expectancy;
2024.0;87.0;Armenia;Explained by: Healthy life expectancy;0.828
2023.0;25.0;Mexico;Explained by: Healthy life expectancy;0.544
2022.0;36.0;Mexico;Explained by: Healthy life expectancy;0.389
2021.0;46.0;Mexico;Explained by: Healthy life expectancy;0.623
2020.0;37.0;Mexico;Explained by: Healthy life expectancy;0.634
2019.0;24.0;Mexico;Explained by: Healthy life expectancy;0.832
2018.0;23.0;Mexico;Explained by: Healthy life expectancy;
2017.0;24.0;Mexico;Explained by: Healthy life expectancy;
2016.0;25.0;Mexico;Explained by: Healthy life expectancy;
2015.0;21.0;Mexico;Explained by: Healthy life expectancy;
2014.0;14.0;Mexico;Explained by: Healthy life expectancy;
2012.0;16.0;Mexico;Explained by: Healthy life expectancy;
2011.0;24.0;Mexico;Explained by: Healthy life expectancy;
2024.0;88.0;Hong Kong SAR of China;Explained by: Healthy life expectancy;0.948
2023.0;77.0;Mongolia;Explained by: Healthy life expectancy;0.4
2022.0;61.0;Mongolia;Explained by: Healthy life expectancy;0.244
2021.0;68.0;Mongolia;Explained by: Healthy life expectancy;0.467
2020.0;71.0;Mongolia;Explained by: Healthy life expectancy;0.442
2019.0;81.0;Mongolia;Explained by: Healthy life expectancy;0.616
2018.0;83.0;Mongolia;Explained by: Healthy life expectancy;
2017.0;94.0;Mongolia;Explained by: Healthy life expectancy;
2016.0;100.0;Mongolia;Explained by: Healthy life expectancy;
2015.0;101.0;Mongolia;Explained by: Healthy life expectancy;
2014.0;100.0;Mongolia;Explained by: Healthy life expectancy;
2012.0;102.0;Mongolia;Explained by: Healthy life expectancy;
2011.0;119.0;Mongolia;Explained by: Healthy life expectancy;
2024.0;89.0;Albania;Explained by: Healthy life expectancy;0.696
2023.0;76.0;Montenegro;Explained by: Healthy life expectancy;0.587
2022.0;67.0;Montenegro;Explained by: Healthy life expectancy;0.424
2021.0;75.0;Montenegro;Explained by: Healthy life expectancy;0.659
2020.0;73.0;Montenegro;Explained by: Healthy life expectancy;0.637
2019.0;72.0;Montenegro;Explained by: Healthy life expectancy;0.839
2018.0;73.0;Montenegro;Explained by: Healthy life expectancy;
2017.0;81.0;Montenegro;Explained by: Healthy life expectancy;
2016.0;83.0;Montenegro;Explained by: Healthy life expectancy;
2015.0;88.0;Montenegro;Explained by: Healthy life expectancy;
2014.0;83.0;Montenegro;Explained by: Healthy life expectancy;
2012.0;80.0;Montenegro;Explained by: Healthy life expectancy;
2011.0;86.0;Montenegro;Explained by: Healthy life expectancy;
2024.0;90.0;Tajikistan;Explained by: Healthy life expectancy;0.658
2023.0;107.0;Morocco;Explained by: Healthy life expectancy;0.495
2022.0;100.0;Morocco;Explained by: Healthy life expectancy;0.337
2021.0;100.0;Morocco;Explained by: Healthy life expectancy;0.565
2020.0;107.0;Morocco;Explained by: Healthy life expectancy;0.558
2019.0;97.0;Morocco;Explained by: Healthy life expectancy;0.745
2018.0;89.0;Morocco;Explained by: Healthy life expectancy;
2017.0;85.0;Morocco;Explained by: Healthy life expectancy;
2016.0;84.0;Morocco;Explained by: Healthy life expectancy;
2015.0;90.0;Morocco;Explained by: Healthy life expectancy;
2014.0;92.0;Morocco;Explained by: Healthy life expectancy;
2012.0;99.0;Morocco;Explained by: Healthy life expectancy;
2011.0;105.0;Morocco;Explained by: Healthy life expectancy;
2024.0;91.0;Georgia;Explained by: Healthy life expectancy;0.482
2023.0;90.0;Mozambique;Explained by: Healthy life expectancy;0.156
2022.0;97.0;Mozambique;Explained by: Healthy life expectancy;0.0
2021.0;101.0;Mozambique;Explained by: Healthy life expectancy;0.191
2020.0;116.0;Mozambique;Explained by: Healthy life expectancy;0.196
2019.0;120.0;Mozambique;Explained by: Healthy life expectancy;0.324
2018.0;123.0;Mozambique;Explained by: Healthy life expectancy;
2017.0;123.0;Mozambique;Explained by: Healthy life expectancy;
2016.0;113.0;Mozambique;Explained by: Healthy life expectancy;
2014.0;94.0;Mozambique;Explained by: Healthy life expectancy;
2012.0;94.0;Mozambique;Explained by: Healthy life expectancy;
2011.0;110.0;Mozambique;Explained by: Healthy life expectancy;
2024.0;92.0;Nepal;Explained by: Healthy life expectancy;0.463
2023.0;118.0;Myanmar;Explained by: Healthy life expectancy;0.436
2022.0;117.0;Myanmar;Explained by: Healthy life expectancy;0.269
2021.0;126.0;Myanmar;Explained by: Healthy life expectancy;0.491
2020.0;127.0;Myanmar;Explained by: Healthy life expectancy;0.341
2019.0;133.0;Myanmar;Explained by: Healthy life expectancy;0.495
2018.0;131.0;Myanmar;Explained by: Healthy life expectancy;
2017.0;130.0;Myanmar;Explained by: Healthy life expectancy;
2016.0;114.0;Myanmar;Explained by: Healthy life expectancy;
2015.0;119.0;Myanmar;Explained by: Healthy life expectancy;
2014.0;129.0;Myanmar;Explained by: Healthy life expectancy;
2012.0;121.0;Myanmar;Explained by: Healthy life expectancy;
2011.0;74.0;Myanmar;Explained by: Healthy life expectancy;
2024.0;93.0;Lao PDR;Explained by: Healthy life expectancy;0.493
2023.0;106.0;Namibia;Explained by: Healthy life expectancy;0.307
2022.0;105.0;Namibia;Explained by: Healthy life expectancy;0.145
2021.0;124.0;Namibia;Explained by: Healthy life expectancy;0.354
2020.0;125.0;Namibia;Explained by: Healthy life expectancy;0.262
2019.0;122.0;Namibia;Explained by: Healthy life expectancy;0.407
2018.0;113.0;Namibia;Explained by: Healthy life expectancy;
2017.0;119.0;Namibia;Explained by: Healthy life expectancy;
2016.0;111.0;Namibia;Explained by: Healthy life expectancy;
2015.0;113.0;Namibia;Explained by: Healthy life expectancy;
2011.0;97.0;Namibia;Explained by: Healthy life expectancy;
2024.0;94.0;Türkiye;Explained by: Healthy life expectancy;0.626
2023.0;93.0;Nepal;Explained by: Healthy life expectancy;0.443
2022.0;78.0;Nepal;Explained by: Healthy life expectancy;0.281
2021.0;84.0;Nepal;Explained by: Healthy life expectancy;0.499
2020.0;88.0;Nepal;Explained by: Healthy life expectancy;0.496
2019.0;92.0;Nepal;Explained by: Healthy life expectancy;0.669
2018.0;100.0;Nepal;Explained by: Healthy life expectancy;
2017.0;101.0;Nepal;Explained by: Healthy life expectancy;
2016.0;99.0;Nepal;Explained by: Healthy life expectancy;
2015.0;107.0;Nepal;Explained by: Healthy life expectancy;
2014.0;121.0;Nepal;Explained by: Healthy life expectancy;
2012.0;135.0;Nepal;Explained by: Healthy life expectancy;
2011.0;121.0;Nepal;Explained by: Healthy life expectancy;
2024.0;95.0;South Africa;Explained by: Healthy life expectancy;0.142
2023.0;6.0;Netherlands;Explained by: Healthy life expectancy;0.706
2022.0;5.0;Netherlands;Explained by: Healthy life expectancy;0.545
2021.0;5.0;Netherlands;Explained by: Healthy life expectancy;0.787
2020.0;6.0;Netherlands;Explained by: Healthy life expectancy;0.753
2019.0;6.0;Netherlands;Explained by: Healthy life expectancy;0.976
2018.0;5.0;Netherlands;Explained by: Healthy life expectancy;
2017.0;6.0;Netherlands;Explained by: Healthy life expectancy;
2016.0;6.0;Netherlands;Explained by: Healthy life expectancy;
2015.0;7.0;Netherlands;Explained by: Healthy life expectancy;
2014.0;7.0;Netherlands;Explained by: Healthy life expectancy;
2012.0;4.0;Netherlands;Explained by: Healthy life expectancy;
2011.0;4.0;Netherlands;Explained by: Healthy life expectancy;
2024.0;96.0;Mozambique;Explained by: Healthy life expectancy;0.124
2023.0;11.0;New Zealand;Explained by: Healthy life expectancy;0.673
2022.0;10.0;New Zealand;Explained by: Healthy life expectancy;0.513
2021.0;10.0;New Zealand;Explained by: Healthy life expectancy;0.752
2020.0;10.0;New Zealand;Explained by: Healthy life expectancy;0.785
2019.0;8.0;New Zealand;Explained by: Healthy life expectancy;1.008
2018.0;8.0;New Zealand;Explained by: Healthy life expectancy;
2017.0;8.0;New Zealand;Explained by: Healthy life expectancy;
2016.0;8.0;New Zealand;Explained by: Healthy life expectancy;
2015.0;8.0;New Zealand;Explained by: Healthy life expectancy;
2014.0;9.0;New Zealand;Explained by: Healthy life expectancy;
2012.0;13.0;New Zealand;Explained by: Healthy life expectancy;
2011.0;8.0;New Zealand;Explained by: Healthy life expectancy;
2024.0;97.0;Gabon;Explained by: Healthy life expectancy;0.387
2023.0;43.0;Nicaragua;Explained by: Healthy life expectancy;0.542
2022.0;40.0;Nicaragua;Explained by: Healthy life expectancy;0.385
2021.0;45.0;Nicaragua;Explained by: Healthy life expectancy;0.617
2020.0;56.0;Nicaragua;Explained by: Healthy life expectancy;0.604
2019.0;46.0;Nicaragua;Explained by: Healthy life expectancy;0.803
2018.0;45.0;Nicaragua;Explained by: Healthy life expectancy;
2017.0;41.0;Nicaragua;Explained by: Healthy life expectancy;
2016.0;43.0;Nicaragua;Explained by: Healthy life expectancy;
2015.0;48.0;Nicaragua;Explained by: Healthy life expectancy;
2014.0;57.0;Nicaragua;Explained by: Healthy life expectancy;
2012.0;65.0;Nicaragua;Explained by: Healthy life expectancy;
2011.0;89.0;Nicaragua;Explained by: Healthy life expectancy;
2024.0;98.0;Côte d’Ivoire;Explained by: Healthy life expectancy;0.206
2023.0;109.0;Niger;Explained by: Healthy life expectancy;0.293
2022.0;109.0;Niger;Explained by: Healthy life expectancy;0.137
2021.0;104.0;Niger;Explained by: Healthy life expectancy;0.326
2020.0;97.0;Niger;Explained by: Healthy life expectancy;0.167
2019.0;103.0;Niger;Explained by: Healthy life expectancy;0.299
2018.0;114.0;Niger;Explained by: Healthy life expectancy;
2017.0;134.0;Niger;Explained by: Healthy life expectancy;
2016.0;135.0;Niger;Explained by: Healthy life expectancy;
2015.0;142.0;Niger;Explained by: Healthy life expectancy;
2014.0;144.0;Niger;Explained by: Healthy life expectancy;
2012.0;136.0;Niger;Explained by: Healthy life expectancy;
2011.0;137.0;Niger;Explained by: Healthy life expectancy;
2024.0;99.0;Iran;Explained by: Healthy life expectancy;0.609
2023.0;102.0;Nigeria;Explained by: Healthy life expectancy;0.256
2022.0;95.0;Nigeria;Explained by: Healthy life expectancy;0.092
2021.0;118.0;Nigeria;Explained by: Healthy life expectancy;0.3
2020.0;117.0;Nigeria;Explained by: Healthy life expectancy;0.051
2019.0;115.0;Nigeria;Explained by: Healthy life expectancy;0.168
2018.0;85.0;Nigeria;Explained by: Healthy life expectancy;
2017.0;91.0;Nigeria;Explained by: Healthy life expectancy;
2016.0;95.0;Nigeria;Explained by: Healthy life expectancy;
2015.0;103.0;Nigeria;Explained by: Healthy life expectancy;
2014.0;78.0;Nigeria;Explained by: Healthy life expectancy;
2012.0;82.0;Nigeria;Explained by: Healthy life expectancy;
2011.0;100.0;Nigeria;Explained by: Healthy life expectancy;
2021.0;79.0;North Cyprus;Explained by: Healthy life expectancy;0.819
2020.0;75.0;North Cyprus;Explained by: Healthy life expectancy;0.801
2019.0;76.0;North Cyprus;Explained by: Healthy life expectancy;1.026
2018.0;64.0;North Cyprus;Explained by: Healthy life expectancy;
2017.0;58.0;North Cyprus;Explained by: Healthy life expectancy;
2016.0;61.0;North Cyprus;Explained by: Healthy life expectancy;
2015.0;62.0;North Cyprus;Explained by: Healthy life expectancy;
2014.0;66.0;North Cyprus;Explained by: Healthy life expectancy;
2012.0;69.0;North Cyprus;Explained by: Healthy life expectancy;
2024.0;100.0;Congo;Explained by: Healthy life expectancy;0.336
2023.0;84.0;North Macedonia;Explained by: Healthy life expectancy;0.569
2022.0;87.0;North Macedonia;Explained by: Healthy life expectancy;0.408
2021.0;89.0;North Macedonia;Explained by: Healthy life expectancy;0.637
2020.0;95.0;North Macedonia;Explained by: Healthy life expectancy;0.535
2018.0;84.0;North Macedonia;Explained by: Healthy life expectancy;
2017.0;89.0;North Macedonia;Explained by: Healthy life expectancy;
2016.0;92.0;North Macedonia;Explained by: Healthy life expectancy;
2015.0;95.0;North Macedonia;Explained by: Healthy life expectancy;
2014.0;93.0;North Macedonia;Explained by: Healthy life expectancy;
2012.0;118.0;North Macedonia;Explained by: Healthy life expectancy;
2011.0;127.0;North Macedonia;Explained by: Healthy life expectancy;
2024.0;101.0;Iraq;Explained by: Healthy life expectancy;0.589
2023.0;7.0;Norway;Explained by: Healthy life expectancy;0.704
2022.0;7.0;Norway;Explained by: Healthy life expectancy;0.544
2021.0;8.0;Norway;Explained by: Healthy life expectancy;0.786
2020.0;7.0;Norway;Explained by: Healthy life expectancy;0.782
2019.0;5.0;Norway;Explained by: Healthy life expectancy;1.008
2018.0;3.0;Norway;Explained by: Healthy life expectancy;
2017.0;2.0;Norway;Explained by: Healthy life expectancy;
2016.0;1.0;Norway;Explained by: Healthy life expectancy;
2015.0;4.0;Norway;Explained by: Healthy life expectancy;
2014.0;4.0;Norway;Explained by: Healthy life expectancy;
2012.0;2.0;Norway;Explained by: Healthy life expectancy;
2011.0;3.0;Norway;Explained by: Healthy life expectancy;
2024.0;102.0;Guinea;Explained by: Healthy life expectancy;0.306
2014.0;22.0;Oman;Explained by: Healthy life expectancy;
2012.0;23.0;Oman;Explained by: Healthy life expectancy;
2024.0;103.0;Namibia;Explained by: Healthy life expectancy;0.104
2023.0;108.0;Pakistan;Explained by: Healthy life expectancy;0.321
2022.0;108.0;Pakistan;Explained by: Healthy life expectancy;0.158
2021.0;121.0;Pakistan;Explained by: Healthy life expectancy;0.374
2020.0;106.0;Pakistan;Explained by: Healthy life expectancy;0.322
2019.0;66.0;Pakistan;Explained by: Healthy life expectancy;0.47
2018.0;67.0;Pakistan;Explained by: Healthy life expectancy;
2017.0;75.0;Pakistan;Explained by: Healthy life expectancy;
2016.0;80.0;Pakistan;Explained by: Healthy life expectancy;
2015.0;92.0;Pakistan;Explained by: Healthy life expectancy;
2014.0;81.0;Pakistan;Explained by: Healthy life expectancy;
2012.0;81.0;Pakistan;Explained by: Healthy life expectancy;
2011.0;85.0;Pakistan;Explained by: Healthy life expectancy;
2024.0;104.0;Cameroon;Explained by: Healthy life expectancy;0.302
2023.0;39.0;Panama;Explained by: Healthy life expectancy;0.633
2022.0;38.0;Panama;Explained by: Healthy life expectancy;0.475
2021.0;37.0;Panama;Explained by: Healthy life expectancy;0.709
2020.0;42.0;Panama;Explained by: Healthy life expectancy;0.667
2019.0;36.0;Panama;Explained by: Healthy life expectancy;0.879
2018.0;31.0;Panama;Explained by: Healthy life expectancy;
2017.0;27.0;Panama;Explained by: Healthy life expectancy;
2016.0;30.0;Panama;Explained by: Healthy life expectancy;
2015.0;25.0;Panama;Explained by: Healthy life expectancy;
2014.0;25.0;Panama;Explained by: Healthy life expectancy;
2012.0;15.0;Panama;Explained by: Healthy life expectancy;
2011.0;21.0;Panama;Explained by: Healthy life expectancy;
2024.0;105.0;Nigeria;Explained by: Healthy life expectancy;0.38
2023.0;57.0;Paraguay;Explained by: Healthy life expectancy;0.549
2022.0;66.0;Paraguay;Explained by: Healthy life expectancy;0.392
2021.0;73.0;Paraguay;Explained by: Healthy life expectancy;0.624
2020.0;72.0;Paraguay;Explained by: Healthy life expectancy;0.549
2019.0;67.0;Paraguay;Explained by: Healthy life expectancy;0.736
2018.0;63.0;Paraguay;Explained by: Healthy life expectancy;
2017.0;64.0;Paraguay;Explained by: Healthy life expectancy;
2016.0;70.0;Paraguay;Explained by: Healthy life expectancy;
2015.0;70.0;Paraguay;Explained by: Healthy life expectancy;
2014.0;53.0;Paraguay;Explained by: Healthy life expectancy;
2012.0;54.0;Paraguay;Explained by: Healthy life expectancy;
2011.0;70.0;Paraguay;Explained by: Healthy life expectancy;
2024.0;106.0;Azerbaijan;Explained by: Healthy life expectancy;0.707
2023.0;68.0;Peru;Explained by: Healthy life expectancy;0.662
2022.0;75.0;Peru;Explained by: Healthy life expectancy;0.499
2021.0;74.0;Peru;Explained by: Healthy life expectancy;0.735
2020.0;64.0;Peru;Explained by: Healthy life expectancy;0.623
2019.0;63.0;Peru;Explained by: Healthy life expectancy;0.824
2018.0;65.0;Peru;Explained by: Healthy life expectancy;
2017.0;65.0;Peru;Explained by: Healthy life expectancy;
2016.0;63.0;Peru;Explained by: Healthy life expectancy;
2015.0;64.0;Peru;Explained by: Healthy life expectancy;
2014.0;58.0;Peru;Explained by: Healthy life expectancy;
2012.0;55.0;Peru;Explained by: Healthy life expectancy;
2011.0;77.0;Peru;Explained by: Healthy life expectancy;
2024.0;107.0;Senegal;Explained by: Healthy life expectancy;0.433
2023.0;53.0;Philippines;Explained by: Healthy life expectancy;0.441
2022.0;76.0;Philippines;Explained by: Healthy life expectancy;0.286
2021.0;60.0;Philippines;Explained by: Healthy life expectancy;0.514
2020.0;62.0;Philippines;Explained by: Healthy life expectancy;0.426
2019.0;52.0;Philippines;Explained by: Healthy life expectancy;0.602
2018.0;69.0;Philippines;Explained by: Healthy life expectancy;
2017.0;71.0;Philippines;Explained by: Healthy life expectancy;
2016.0;72.0;Philippines;Explained by: Healthy life expectancy;
2015.0;82.0;Philippines;Explained by: Healthy life expectancy;
2014.0;90.0;Philippines;Explained by: Healthy life expectancy;
2012.0;92.0;Philippines;Explained by: Healthy life expectancy;
2011.0;103.0;Philippines;Explained by: Healthy life expectancy;
2024.0;108.0;State of Palestine;Explained by: Healthy life expectancy;
2023.0;35.0;Poland;Explained by: Healthy life expectancy;0.639
2022.0;39.0;Poland;Explained by: Healthy life expectancy;0.477
2021.0;48.0;Poland;Explained by: Healthy life expectancy;0.712
2020.0;45.0;Poland;Explained by: Healthy life expectancy;0.668
2019.0;43.0;Poland;Explained by: Healthy life expectancy;0.868
2018.0;40.0;Poland;Explained by: Healthy life expectancy;
2017.0;42.0;Poland;Explained by: Healthy life expectancy;
2016.0;46.0;Poland;Explained by: Healthy life expectancy;
2015.0;57.0;Poland;Explained by: Healthy life expectancy;
2014.0;60.0;Poland;Explained by: Healthy life expectancy;
2012.0;51.0;Poland;Explained by: Healthy life expectancy;
2011.0;53.0;Poland;Explained by: Healthy life expectancy;
2024.0;109.0;Pakistan;Explained by: Healthy life expectancy;0.417
2023.0;55.0;Portugal;Explained by: Healthy life expectancy;0.699
2022.0;56.0;Portugal;Explained by: Healthy life expectancy;0.537
2021.0;56.0;Portugal;Explained by: Healthy life expectancy;0.777
2020.0;59.0;Portugal;Explained by: Healthy life expectancy;0.76
2019.0;59.0;Portugal;Explained by: Healthy life expectancy;0.979
2018.0;66.0;Portugal;Explained by: Healthy life expectancy;
2017.0;77.0;Portugal;Explained by: Healthy life expectancy;
2016.0;89.0;Portugal;Explained by: Healthy life expectancy;
2015.0;94.0;Portugal;Explained by: Healthy life expectancy;
2014.0;88.0;Portugal;Explained by: Healthy life expectancy;
2012.0;85.0;Portugal;Explained by: Healthy life expectancy;
2011.0;73.0;Portugal;Explained by: Healthy life expectancy;
2015.0;15.0;Puerto Rico;Explained by: Healthy life expectancy;
2011.0;27.0;Puerto Rico;Explained by: Healthy life expectancy;
2018.0;29.0;Qatar;Explained by: Healthy life expectancy;
2017.0;32.0;Qatar;Explained by: Healthy life expectancy;
2016.0;35.0;Qatar;Explained by: Healthy life expectancy;
2015.0;36.0;Qatar;Explained by: Healthy life expectancy;
2014.0;28.0;Qatar;Explained by: Healthy life expectancy;
2012.0;27.0;Qatar;Explained by: Healthy life expectancy;
2011.0;31.0;Qatar;Explained by: Healthy life expectancy;
2024.0;110.0;Niger;Explained by: Healthy life expectancy;0.258
2023.0;52.0;Republic of Korea;Explained by: Healthy life expectancy;0.77
2022.0;57.0;Republic of Korea;Explained by: Healthy life expectancy;0.603
2021.0;59.0;Republic of Korea;Explained by: Healthy life expectancy;0.841
2020.0;63.0;Republic of Korea;Explained by: Healthy life expectancy;0.801
2019.0;61.0;Republic of Korea;Explained by: Healthy life expectancy;1.023
2018.0;54.0;Republic of Korea;Explained by: Healthy life expectancy;
2017.0;57.0;Republic of Korea;Explained by: Healthy life expectancy;
2016.0;55.0;Republic of Korea;Explained by: Healthy life expectancy;
2015.0;58.0;Republic of Korea;Explained by: Healthy life expectancy;
2014.0;47.0;Republic of Korea;Explained by: Healthy life expectancy;
2012.0;41.0;Republic of Korea;Explained by: Healthy life expectancy;
2011.0;56.0;Republic of Korea;Explained by: Healthy life expectancy;
2024.0;111.0;Ukraine;Explained by: Healthy life expectancy;0.472
2023.0;71.0;Republic of Moldova;Explained by: Healthy life expectancy;0.542
2022.0;63.0;Republic of Moldova;Explained by: Healthy life expectancy;0.375
2021.0;62.0;Republic of Moldova;Explained by: Healthy life expectancy;0.597
2020.0;66.0;Republic of Moldova;Explained by: Healthy life expectancy;0.542
2019.0;70.0;Republic of Moldova;Explained by: Healthy life expectancy;0.713
2018.0;71.0;Republic of Moldova;Explained by: Healthy life expectancy;
2017.0;67.0;Republic of Moldova;Explained by: Healthy life expectancy;
2016.0;56.0;Republic of Moldova;Explained by: Healthy life expectancy;
2015.0;55.0;Republic of Moldova;Explained by: Healthy life expectancy;
2014.0;52.0;Republic of Moldova;Explained by: Healthy life expectancy;
2012.0;53.0;Republic of Moldova;Explained by: Healthy life expectancy;
2011.0;75.0;Republic of Moldova;Explained by: Healthy life expectancy;
2024.0;112.0;Morocco;Explained by: Healthy life expectancy;0.585
2023.0;32.0;Romania;Explained by: Healthy life expectancy;0.583
2022.0;24.0;Romania;Explained by: Healthy life expectancy;0.423
2021.0;28.0;Romania;Explained by: Healthy life expectancy;0.655
2020.0;47.0;Romania;Explained by: Healthy life expectancy;0.595
2019.0;47.0;Romania;Explained by: Healthy life expectancy;0.792
2018.0;48.0;Romania;Explained by: Healthy life expectancy;
2017.0;52.0;Romania;Explained by: Healthy life expectancy;
2016.0;57.0;Romania;Explained by: Healthy life expectancy;
2015.0;71.0;Romania;Explained by: Healthy life expectancy;
2014.0;86.0;Romania;Explained by: Healthy life expectancy;
2012.0;90.0;Romania;Explained by: Healthy life expectancy;
2011.0;80.0;Romania;Explained by: Healthy life expectancy;
2024.0;113.0;Tunisia;Explained by: Healthy life expectancy;0.459
2023.0;72.0;Russian Federation;Explained by: Healthy life expectancy;0.531
2022.0;70.0;Russian Federation;Explained by: Healthy life expectancy;0.366
2021.0;80.0;Russian Federation;Explained by: Healthy life expectancy;0.586
2020.0;77.0;Russian Federation;Explained by: Healthy life expectancy;0.511
2019.0;73.0;Russian Federation;Explained by: Healthy life expectancy;0.68
2018.0;68.0;Russian Federation;Explained by: Healthy life expectancy;
2017.0;59.0;Russian Federation;Explained by: Healthy life expectancy;
2016.0;49.0;Russian Federation;Explained by: Healthy life expectancy;
2015.0;56.0;Russian Federation;Explained by: Healthy life expectancy;
2014.0;64.0;Russian Federation;Explained by: Healthy life expectancy;
2012.0;68.0;Russian Federation;Explained by: Healthy life expectancy;
2011.0;76.0;Russian Federation;Explained by: Healthy life expectancy;
2021.0;143.0;Rwanda;Explained by: Healthy life expectancy;0.462
2020.0;148.0;Rwanda;Explained by: Healthy life expectancy;0.407
2019.0;150.0;Rwanda;Explained by: Healthy life expectancy;0.572
2018.0;152.0;Rwanda;Explained by: Healthy life expectancy;
2017.0;151.0;Rwanda;Explained by: Healthy life expectancy;
2016.0;151.0;Rwanda;Explained by: Healthy life expectancy;
2015.0;152.0;Rwanda;Explained by: Healthy life expectancy;
2014.0;154.0;Rwanda;Explained by: Healthy life expectancy;
2012.0;152.0;Rwanda;Explained by: Healthy life expectancy;
2011.0;132.0;Rwanda;Explained by: Healthy life expectancy;
2024.0;114.0;Mauritania;Explained by: Healthy life expectancy;0.516
2023.0;28.0;Saudi Arabia;Explained by: Healthy life expectancy;0.511
2022.0;30.0;Saudi Arabia;Explained by: Healthy life expectancy;0.351
2021.0;25.0;Saudi Arabia;Explained by: Healthy life expectancy;0.577
2020.0;27.0;Saudi Arabia;Explained by: Healthy life expectancy;0.571
2019.0;27.0;Saudi Arabia;Explained by: Healthy life expectancy;0.76
2018.0;28.0;Saudi Arabia;Explained by: Healthy life expectancy;
2017.0;33.0;Saudi Arabia;Explained by: Healthy life expectancy;
2016.0;37.0;Saudi Arabia;Explained by: Healthy life expectancy;
2015.0;34.0;Saudi Arabia;Explained by: Healthy life expectancy;
2014.0;35.0;Saudi Arabia;Explained by: Healthy life expectancy;
2012.0;33.0;Saudi Arabia;Explained by: Healthy life expectancy;
2011.0;26.0;Saudi Arabia;Explained by: Healthy life expectancy;
2024.0;115.0;Kenya;Explained by: Healthy life expectancy;0.448
2023.0;99.0;Senegal;Explained by: Healthy life expectancy;0.392
2022.0;102.0;Senegal;Explained by: Healthy life expectancy;0.231
2021.0;103.0;Senegal;Explained by: Healthy life expectancy;0.447
2020.0;93.0;Senegal;Explained by: Healthy life expectancy;0.357
2019.0;101.0;Senegal;Explained by: Healthy life expectancy;0.518
2018.0;111.0;Senegal;Explained by: Healthy life expectancy;
2017.0;109.0;Senegal;Explained by: Healthy life expectancy;
2016.0;115.0;Senegal;Explained by: Healthy life expectancy;
2015.0;128.0;Senegal;Explained by: Healthy life expectancy;
2014.0;142.0;Senegal;Explained by: Healthy life expectancy;
2012.0;147.0;Senegal;Explained by: Healthy life expectancy;
2011.0;125.0;Senegal;Explained by: Healthy life expectancy;
2024.0;116.0;Uganda;Explained by: Healthy life expectancy;0.396
2023.0;37.0;Serbia;Explained by: Healthy life expectancy;0.585
2022.0;45.0;Serbia;Explained by: Healthy life expectancy;0.424
2021.0;43.0;Serbia;Explained by: Healthy life expectancy;0.658
2020.0;49.0;Serbia;Explained by: Healthy life expectancy;0.634
2019.0;64.0;Serbia;Explained by: Healthy life expectancy;0.828
2018.0;70.0;Serbia;Explained by: Healthy life expectancy;
2017.0;78.0;Serbia;Explained by: Healthy life expectancy;
2016.0;73.0;Serbia;Explained by: Healthy life expectancy;
2015.0;86.0;Serbia;Explained by: Healthy life expectancy;
2014.0;87.0;Serbia;Explained by: Healthy life expectancy;
2012.0;106.0;Serbia;Explained by: Healthy life expectancy;
2011.0;118.0;Serbia;Explained by: Healthy life expectancy;
2024.0;117.0;Gambia;Explained by: Healthy life expectancy;0.348
2023.0;140.0;Sierra Leone;Explained by: Healthy life expectancy;0.253
2022.0;135.0;Sierra Leone;Explained by: Healthy life expectancy;0.092
2021.0;140.0;Sierra Leone;Explained by: Healthy life expectancy;0.273
2020.0;139.0;Sierra Leone;Explained by: Healthy life expectancy;0.1
2019.0;139.0;Sierra Leone;Explained by: Healthy life expectancy;0.204
2018.0;129.0;Sierra Leone;Explained by: Healthy life expectancy;
2017.0;113.0;Sierra Leone;Explained by: Healthy life expectancy;
2016.0;106.0;Sierra Leone;Explained by: Healthy life expectancy;
2015.0;111.0;Sierra Leone;Explained by: Healthy life expectancy;
2014.0;123.0;Sierra Leone;Explained by: Healthy life expectancy;
2012.0;127.0;Sierra Leone;Explained by: Healthy life expectancy;
2011.0;153.0;Sierra Leone;Explained by: Healthy life expectancy;
2024.0;118.0;India;Explained by: Healthy life expectancy;0.316
2023.0;30.0;Singapore;Explained by: Healthy life expectancy;0.769
2022.0;25.0;Singapore;Explained by: Healthy life expectancy;0.607
2021.0;27.0;Singapore;Explained by: Healthy life expectancy;0.851
2020.0;33.0;Singapore;Explained by: Healthy life expectancy;0.897
2019.0;31.0;Singapore;Explained by: Healthy life expectancy;1.138
2018.0;34.0;Singapore;Explained by: Healthy life expectancy;
2017.0;34.0;Singapore;Explained by: Healthy life expectancy;
2016.0;26.0;Singapore;Explained by: Healthy life expectancy;
2015.0;22.0;Singapore;Explained by: Healthy life expectancy;
2014.0;24.0;Singapore;Explained by: Healthy life expectancy;
2012.0;30.0;Singapore;Explained by: Healthy life expectancy;
2011.0;33.0;Singapore;Explained by: Healthy life expectancy;
2024.0;119.0;Chad;Explained by: Healthy life expectancy;0.242
2023.0;45.0;Slovakia;Explained by: Healthy life expectancy;0.638
2022.0;29.0;Slovakia;Explained by: Healthy life expectancy;0.472
2021.0;35.0;Slovakia;Explained by: Healthy life expectancy;0.707
2020.0;35.0;Slovakia;Explained by: Healthy life expectancy;0.653
2019.0;37.0;Slovakia;Explained by: Healthy life expectancy;0.853
2018.0;38.0;Slovakia;Explained by: Healthy life expectancy;
2017.0;39.0;Slovakia;Explained by: Healthy life expectancy;
2016.0;40.0;Slovakia;Explained by: Healthy life expectancy;
2015.0;45.0;Slovakia;Explained by: Healthy life expectancy;
2014.0;45.0;Slovakia;Explained by: Healthy life expectancy;
2012.0;46.0;Slovakia;Explained by: Healthy life expectancy;
2011.0;55.0;Slovakia;Explained by: Healthy life expectancy;
2024.0;120.0;Burkina Faso;Explained by: Healthy life expectancy;0.296
2023.0;21.0;Slovenia;Explained by: Healthy life expectancy;0.695
2022.0;22.0;Slovenia;Explained by: Healthy life expectancy;0.532
2021.0;22.0;Slovenia;Explained by: Healthy life expectancy;0.769
2020.0;30.0;Slovenia;Explained by: Healthy life expectancy;0.722
2019.0;33.0;Slovenia;Explained by: Healthy life expectancy;0.933
2018.0;44.0;Slovenia;Explained by: Healthy life expectancy;
2017.0;51.0;Slovenia;Explained by: Healthy life expectancy;
2016.0;62.0;Slovenia;Explained by: Healthy life expectancy;
2015.0;63.0;Slovenia;Explained by: Healthy life expectancy;
2014.0;55.0;Slovenia;Explained by: Healthy life expectancy;
2012.0;44.0;Slovenia;Explained by: Healthy life expectancy;
2011.0;49.0;Slovenia;Explained by: Healthy life expectancy;
2024.0;121.0;Benin;Explained by: Healthy life expectancy;0.357
2018.0;112.0;Somalia;Explained by: Healthy life expectancy;
2017.0;98.0;Somalia;Explained by: Healthy life expectancy;
2016.0;93.0;Somalia;Explained by: Healthy life expectancy;
2015.0;76.0;Somalia;Explained by: Healthy life expectancy;
2015.0;97.0;Somaliland Region;Explained by: Healthy life expectancy;
2014.0;91.0;Somaliland Region;Explained by: Healthy life expectancy;
2012.0;101.0;Somaliland Region;Explained by: Healthy life expectancy;
2011.0;111.0;Somaliland Region;Explained by: Healthy life expectancy;
2024.0;122.0;Somalia;Explained by: Healthy life expectancy;0.046
2023.0;83.0;South Africa;Explained by: Healthy life expectancy;0.322
2022.0;85.0;South Africa;Explained by: Healthy life expectancy;0.149
2021.0;91.0;South Africa;Explained by: Healthy life expectancy;0.361
2020.0;104.0;South Africa;Explained by: Healthy life expectancy;0.265
2019.0;109.0;South Africa;Explained by: Healthy life expectancy;0.407
2018.0;106.0;South Africa;Explained by: Healthy life expectancy;
2017.0;105.0;South Africa;Explained by: Healthy life expectancy;
2016.0;101.0;South Africa;Explained by: Healthy life expectancy;
2015.0;116.0;South Africa;Explained by: Healthy life expectancy;
2014.0;113.0;South Africa;Explained by: Healthy life expectancy;
2012.0;96.0;South Africa;Explained by: Healthy life expectancy;
2011.0;90.0;South Africa;Explained by: Healthy life expectancy;
2019.0;152.0;South Sudan;Explained by: Healthy life expectancy;0.209
2018.0;156.0;South Sudan;Explained by: Healthy life expectancy;
2017.0;154.0;South Sudan;Explained by: Healthy life expectancy;
2016.0;147.0;South Sudan;Explained by: Healthy life expectancy;
2015.0;143.0;South Sudan;Explained by: Healthy life expectancy;
2024.0;123.0;Mali;Explained by: Healthy life expectancy;0.318
2023.0;36.0;Spain;Explained by: Healthy life expectancy;0.729
2022.0;32.0;Spain;Explained by: Healthy life expectancy;0.567
2021.0;29.0;Spain;Explained by: Healthy life expectancy;0.808
2020.0;28.0;Spain;Explained by: Healthy life expectancy;0.826
2019.0;28.0;Spain;Explained by: Healthy life expectancy;1.051
2018.0;30.0;Spain;Explained by: Healthy life expectancy;
2017.0;36.0;Spain;Explained by: Healthy life expectancy;
2016.0;34.0;Spain;Explained by: Healthy life expectancy;
2015.0;37.0;Spain;Explained by: Healthy life expectancy;
2014.0;36.0;Spain;Explained by: Healthy life expectancy;
2012.0;38.0;Spain;Explained by: Healthy life expectancy;
2011.0;22.0;Spain;Explained by: Healthy life expectancy;
2024.0;124.0;Cambodia;Explained by: Healthy life expectancy;0.481
2023.0;128.0;Sri Lanka;Explained by: Healthy life expectancy;0.586
2022.0;112.0;Sri Lanka;Explained by: Healthy life expectancy;0.426
2021.0;127.0;Sri Lanka;Explained by: Healthy life expectancy;0.66
2020.0;130.0;Sri Lanka;Explained by: Healthy life expectancy;0.593
2019.0;130.0;Sri Lanka;Explained by: Healthy life expectancy;0.792
2018.0;120.0;Sri Lanka;Explained by: Healthy life expectancy;
2017.0;116.0;Sri Lanka;Explained by: Healthy life expectancy;
2016.0;120.0;Sri Lanka;Explained by: Healthy life expectancy;
2015.0;117.0;Sri Lanka;Explained by: Healthy life expectancy;
2014.0;132.0;Sri Lanka;Explained by: Healthy life expectancy;
2012.0;137.0;Sri Lanka;Explained by: Healthy life expectancy;
2011.0;130.0;Sri Lanka;Explained by: Healthy life expectancy;
2024.0;125.0;Ghana;Explained by: Healthy life expectancy;0.438
2023.0;103.0;State of Palestine;Explained by: Healthy life expectancy;
2022.0;99.0;State of Palestine;Explained by: Healthy life expectancy;
2021.0;122.0;State of Palestine;Explained by: Healthy life expectancy;0.521
2020.0;126.0;State of Palestine;Explained by: Healthy life expectancy;0.434
2019.0;125.0;State of Palestine;Explained by: Healthy life expectancy;0.614
2018.0;110.0;State of Palestine;Explained by: Healthy life expectancy;
2017.0;104.0;State of Palestine;Explained by: Healthy life expectancy;
2016.0;103.0;State of Palestine;Explained by: Healthy life expectancy;
2015.0;108.0;State of Palestine;Explained by: Healthy life expectancy;
2014.0;108.0;State of Palestine;Explained by: Healthy life expectancy;
2012.0;113.0;State of Palestine;Explained by: Healthy life expectancy;
2011.0;120.0;State of Palestine;Explained by: Healthy life expectancy;
2017.0;137.0;Sudan;Explained by: Healthy life expectancy;
2016.0;130.0;Sudan;Explained by: Healthy life expectancy;
2015.0;133.0;Sudan;Explained by: Healthy life expectancy;
2014.0;118.0;Sudan;Explained by: Healthy life expectancy;
2012.0;124.0;Sudan;Explained by: Healthy life expectancy;
2011.0;124.0;Sudan;Explained by: Healthy life expectancy;
2015.0;40.0;Suriname;Explained by: Healthy life expectancy;
2014.0;40.0;Suriname;Explained by: Healthy life expectancy;
2012.0;40.0;Suriname;Explained by: Healthy life expectancy;
2020.0;131.0;Swaziland;Explained by: Healthy life expectancy;0.074
2019.0;132.0;Swaziland;Explained by: Healthy life expectancy;0.216
2018.0;135.0;Swaziland;Explained by: Healthy life expectancy;
2014.0;101.0;Swaziland;Explained by: Healthy life expectancy;
2012.0;100.0;Swaziland;Explained by: Healthy life expectancy;
2024.0;126.0;Myanmar;Explained by: Healthy life expectancy;0.446
2023.0;4.0;Sweden;Explained by: Healthy life expectancy;0.724
2022.0;6.0;Sweden;Explained by: Healthy life expectancy;0.562
2021.0;7.0;Sweden;Explained by: Healthy life expectancy;0.803
2020.0;8.0;Sweden;Explained by: Healthy life expectancy;0.763
2019.0;7.0;Sweden;Explained by: Healthy life expectancy;0.986
2018.0;7.0;Sweden;Explained by: Healthy life expectancy;
2017.0;9.0;Sweden;Explained by: Healthy life expectancy;
2016.0;10.0;Sweden;Explained by: Healthy life expectancy;
2015.0;10.0;Sweden;Explained by: Healthy life expectancy;
2014.0;8.0;Sweden;Explained by: Healthy life expectancy;
2012.0;5.0;Sweden;Explained by: Healthy life expectancy;
2011.0;7.0;Sweden;Explained by: Healthy life expectancy;
2024.0;127.0;Togo;Explained by: Healthy life expectancy;0.378
2023.0;9.0;Switzerland;Explained by: Healthy life expectancy;0.747
2022.0;8.0;Switzerland;Explained by: Healthy life expectancy;0.582
2021.0;4.0;Switzerland;Explained by: Healthy life expectancy;0.822
2020.0;4.0;Switzerland;Explained by: Healthy life expectancy;0.816
2019.0;3.0;Switzerland;Explained by: Healthy life expectancy;1.041
2018.0;6.0;Switzerland;Explained by: Healthy life expectancy;
2017.0;5.0;Switzerland;Explained by: Healthy life expectancy;
2016.0;4.0;Switzerland;Explained by: Healthy life expectancy;
2015.0;2.0;Switzerland;Explained by: Healthy life expectancy;
2014.0;1.0;Switzerland;Explained by: Healthy life expectancy;
2012.0;3.0;Switzerland;Explained by: Healthy life expectancy;
2011.0;6.0;Switzerland;Explained by: Healthy life expectancy;
2018.0;149.0;Syria;Explained by: Healthy life expectancy;
2017.0;150.0;Syria;Explained by: Healthy life expectancy;
2016.0;152.0;Syria;Explained by: Healthy life expectancy;
2015.0;156.0;Syria;Explained by: Healthy life expectancy;
2014.0;156.0;Syria;Explained by: Healthy life expectancy;
2012.0;148.0;Syria;Explained by: Healthy life expectancy;
2011.0;107.0;Syria;Explained by: Healthy life expectancy;
2024.0;128.0;Jordan;Explained by: Healthy life expectancy;0.573
2023.0;31.0;Taiwan Province of China;Explained by: Healthy life expectancy;0.65
2022.0;27.0;Taiwan Province of China;Explained by: Healthy life expectancy;0.492
2021.0;26.0;Taiwan Province of China;Explained by: Healthy life expectancy;0.733
2020.0;25.0;Taiwan Province of China;Explained by: Healthy life expectancy;0.665
2019.0;25.0;Taiwan Province of China;Explained by: Healthy life expectancy;0.878
2018.0;25.0;Taiwan Province of China;Explained by: Healthy life expectancy;
2017.0;26.0;Taiwan Province of China;Explained by: Healthy life expectancy;
2016.0;33.0;Taiwan Province of China;Explained by: Healthy life expectancy;
2015.0;35.0;Taiwan Province of China;Explained by: Healthy life expectancy;
2014.0;38.0;Taiwan Province of China;Explained by: Healthy life expectancy;
2012.0;42.0;Taiwan Province of China;Explained by: Healthy life expectancy;
2011.0;46.0;Taiwan Province of China;Explained by: Healthy life expectancy;
2024.0;129.0;Liberia;Explained by: Healthy life expectancy;0.324
2023.0;88.0;Tajikistan;Explained by: Healthy life expectancy;
2022.0;80.0;Tajikistan;Explained by: Healthy life expectancy;0.291
2021.0;83.0;Tajikistan;Explained by: Healthy life expectancy;0.518
2020.0;79.0;Tajikistan;Explained by: Healthy life expectancy;0.498
2019.0;71.0;Tajikistan;Explained by: Healthy life expectancy;0.681
2018.0;74.0;Tajikistan;Explained by: Healthy life expectancy;
2017.0;80.0;Tajikistan;Explained by: Healthy life expectancy;
2016.0;96.0;Tajikistan;Explained by: Healthy life expectancy;
2015.0;100.0;Tajikistan;Explained by: Healthy life expectancy;
2014.0;106.0;Tajikistan;Explained by: Healthy life expectancy;
2012.0;125.0;Tajikistan;Explained by: Healthy life expectancy;
2011.0;115.0;Tajikistan;Explained by: Healthy life expectancy;
2024.0;130.0;Madagascar;Explained by: Healthy life expectancy;0.341
2023.0;131.0;Tanzania;Explained by: Healthy life expectancy;0.38
2022.0;129.0;Tanzania;Explained by: Healthy life expectancy;0.214
2021.0;139.0;Tanzania;Explained by: Healthy life expectancy;0.425
2020.0;143.0;Tanzania;Explained by: Healthy life expectancy;0.3
2019.0;148.0;Tanzania;Explained by: Healthy life expectancy;0.443
2018.0;153.0;Tanzania;Explained by: Healthy life expectancy;
2017.0;153.0;Tanzania;Explained by: Healthy life expectancy;
2016.0;153.0;Tanzania;Explained by: Healthy life expectancy;
2015.0;149.0;Tanzania;Explained by: Healthy life expectancy;
2014.0;146.0;Tanzania;Explained by: Healthy life expectancy;
2012.0;151.0;Tanzania;Explained by: Healthy life expectancy;
2011.0;149.0;Tanzania;Explained by: Healthy life expectancy;
2024.0;131.0;Zambia;Explained by: Healthy life expectancy;0.233
2023.0;58.0;Thailand;Explained by: Healthy life expectancy;0.62
2022.0;60.0;Thailand;Explained by: Healthy life expectancy;0.461
2021.0;61.0;Thailand;Explained by: Healthy life expectancy;0.697
2020.0;55.0;Thailand;Explained by: Healthy life expectancy;0.596
2019.0;54.0;Thailand;Explained by: Healthy life expectancy;0.794
2018.0;52.0;Thailand;Explained by: Healthy life expectancy;
2017.0;46.0;Thailand;Explained by: Healthy life expectancy;
2016.0;32.0;Thailand;Explained by: Healthy life expectancy;
2015.0;33.0;Thailand;Explained by: Healthy life expectancy;
2014.0;34.0;Thailand;Explained by: Healthy life expectancy;
2012.0;36.0;Thailand;Explained by: Healthy life expectancy;
2011.0;52.0;Thailand;Explained by: Healthy life expectancy;
2024.0;132.0;Ethiopia;Explained by: Healthy life expectancy;0.416
2023.0;124.0;Togo;Explained by: Healthy life expectancy;0.32
2022.0;122.0;Togo;Explained by: Healthy life expectancy;0.161
2021.0;135.0;Togo;Explained by: Healthy life expectancy;0.36
2020.0;137.0;Togo;Explained by: Healthy life expectancy;0.203
2019.0;135.0;Togo;Explained by: Healthy life expectancy;0.343
2018.0;139.0;Togo;Explained by: Healthy life expectancy;
2017.0;139.0;Togo;Explained by: Healthy life expectancy;
2016.0;150.0;Togo;Explained by: Healthy life expectancy;
2015.0;155.0;Togo;Explained by: Healthy life expectancy;
2014.0;158.0;Togo;Explained by: Healthy life expectancy;
2012.0;156.0;Togo;Explained by: Healthy life expectancy;
2011.0;156.0;Togo;Explained by: Healthy life expectancy;
2024.0;133.0;Sri Lanka;Explained by: Healthy life expectancy;0.567
2019.0;42.0;Trinidad and Tobago;Explained by: Healthy life expectancy;0.659
2018.0;39.0;Trinidad and Tobago;Explained by: Healthy life expectancy;
2017.0;38.0;Trinidad and Tobago;Explained by: Healthy life expectancy;
2016.0;38.0;Trinidad and Tobago;Explained by: Healthy life expectancy;
2015.0;43.0;Trinidad and Tobago;Explained by: Healthy life expectancy;
2014.0;41.0;Trinidad and Tobago;Explained by: Healthy life expectancy;
2012.0;31.0;Trinidad and Tobago;Explained by: Healthy life expectancy;
2011.0;38.0;Trinidad and Tobago;Explained by: Healthy life expectancy;
2024.0;134.0;Bangladesh;Explained by: Healthy life expectancy;0.592
2023.0;115.0;Tunisia;Explained by: Healthy life expectancy;0.579
2022.0;110.0;Tunisia;Explained by: Healthy life expectancy;0.422
2021.0;120.0;Tunisia;Explained by: Healthy life expectancy;0.656
2020.0;123.0;Tunisia;Explained by: Healthy life expectancy;0.59
2019.0;128.0;Tunisia;Explained by: Healthy life expectancy;0.781
2018.0;124.0;Tunisia;Explained by: Healthy life expectancy;
2017.0;111.0;Tunisia;Explained by: Healthy life expectancy;
2016.0;102.0;Tunisia;Explained by: Healthy life expectancy;
2015.0;98.0;Tunisia;Explained by: Healthy life expectancy;
2014.0;107.0;Tunisia;Explained by: Healthy life expectancy;
2012.0;104.0;Tunisia;Explained by: Healthy life expectancy;
2011.0;87.0;Tunisia;Explained by: Healthy life expectancy;
2024.0;135.0;Egypt;Explained by: Healthy life expectancy;0.473
2023.0;98.0;Türkiye;Explained by: Healthy life expectancy;0.631
2022.0;106.0;Türkiye;Explained by: Healthy life expectancy;0.467
2021.0;112.0;Türkiye;Explained by: Healthy life expectancy;0.702
2020.0;105.0;Türkiye;Explained by: Healthy life expectancy;0.59
2019.0;93.0;Türkiye;Explained by: Healthy life expectancy;0.781
2018.0;79.0;Türkiye;Explained by: Healthy life expectancy;
2017.0;74.0;Türkiye;Explained by: Healthy life expectancy;
2016.0;69.0;Türkiye;Explained by: Healthy life expectancy;
2015.0;78.0;Türkiye;Explained by: Healthy life expectancy;
2014.0;76.0;Türkiye;Explained by: Healthy life expectancy;
2012.0;77.0;Türkiye;Explained by: Healthy life expectancy;
2011.0;78.0;Türkiye;Explained by: Healthy life expectancy;
2021.0;78.0;Turkmenistan;Explained by: Healthy life expectancy;0.516
2020.0;98.0;Turkmenistan;Explained by: Healthy life expectancy;0.439
2019.0;95.0;Turkmenistan;Explained by: Healthy life expectancy;0.612
2018.0;87.0;Turkmenistan;Explained by: Healthy life expectancy;
2017.0;68.0;Turkmenistan;Explained by: Healthy life expectancy;
2016.0;59.0;Turkmenistan;Explained by: Healthy life expectancy;
2015.0;65.0;Turkmenistan;Explained by: Healthy life expectancy;
2014.0;70.0;Turkmenistan;Explained by: Healthy life expectancy;
2012.0;59.0;Turkmenistan;Explained by: Healthy life expectancy;
2011.0;32.0;Turkmenistan;Explained by: Healthy life expectancy;
2024.0;136.0;Tanzania;Explained by: Healthy life expectancy;0.411
2023.0;117.0;Uganda;Explained by: Healthy life expectancy;0.373
2022.0;113.0;Uganda;Explained by: Healthy life expectancy;0.201
2021.0;117.0;Uganda;Explained by: Healthy life expectancy;0.418
2020.0;120.0;Uganda;Explained by: Healthy life expectancy;0.24
2019.0;126.0;Uganda;Explained by: Healthy life expectancy;0.378
2018.0;136.0;Uganda;Explained by: Healthy life expectancy;
2017.0;135.0;Uganda;Explained by: Healthy life expectancy;
2016.0;133.0;Uganda;Explained by: Healthy life expectancy;
2015.0;146.0;Uganda;Explained by: Healthy life expectancy;
2014.0;141.0;Uganda;Explained by: Healthy life expectancy;
2012.0;120.0;Uganda;Explained by: Healthy life expectancy;
2011.0;128.0;Uganda;Explained by: Healthy life expectancy;
2024.0;137.0;Eswatini;Explained by: Healthy life expectancy;0.038
2023.0;105.0;Ukraine;Explained by: Healthy life expectancy;0.513
2022.0;92.0;Ukraine;Explained by: Healthy life expectancy;0.355
2021.0;98.0;Ukraine;Explained by: Healthy life expectancy;0.583
2020.0;111.0;Ukraine;Explained by: Healthy life expectancy;0.517
2019.0;123.0;Ukraine;Explained by: Healthy life expectancy;0.699
2018.0;133.0;Ukraine;Explained by: Healthy life expectancy;
2017.0;138.0;Ukraine;Explained by: Healthy life expectancy;
2016.0;132.0;Ukraine;Explained by: Healthy life expectancy;
2015.0;123.0;Ukraine;Explained by: Healthy life expectancy;
2014.0;111.0;Ukraine;Explained by: Healthy life expectancy;
2012.0;87.0;Ukraine;Explained by: Healthy life expectancy;
2011.0;91.0;Ukraine;Explained by: Healthy life expectancy;
2024.0;138.0;Lesotho;Explained by: Healthy life expectancy;0.0
2023.0;22.0;United Arab Emirates;Explained by: Healthy life expectancy;0.563
2022.0;26.0;United Arab Emirates;Explained by: Healthy life expectancy;0.401
2021.0;24.0;United Arab Emirates;Explained by: Healthy life expectancy;0.633
2020.0;26.0;United Arab Emirates;Explained by: Healthy life expectancy;0.594
2019.0;21.0;United Arab Emirates;Explained by: Healthy life expectancy;0.788
2018.0;21.0;United Arab Emirates;Explained by: Healthy life expectancy;
2017.0;20.0;United Arab Emirates;Explained by: Healthy life expectancy;
2016.0;21.0;United Arab Emirates;Explained by: Healthy life expectancy;
2015.0;28.0;United Arab Emirates;Explained by: Healthy life expectancy;
2014.0;20.0;United Arab Emirates;Explained by: Healthy life expectancy;
2012.0;14.0;United Arab Emirates;Explained by: Healthy life expectancy;
2011.0;17.0;United Arab Emirates;Explained by: Healthy life expectancy;
2024.0;139.0;Comoros;Explained by: Healthy life expectancy;0.428
2023.0;20.0;United Kingdom;Explained by: Healthy life expectancy;0.672
2022.0;19.0;United Kingdom;Explained by: Healthy life expectancy;0.511
2021.0;17.0;United Kingdom;Explained by: Healthy life expectancy;0.75
2020.0;18.0;United Kingdom;Explained by: Healthy life expectancy;0.757
2019.0;13.0;United Kingdom;Explained by: Healthy life expectancy;0.976
2018.0;15.0;United Kingdom;Explained by: Healthy life expectancy;
2017.0;19.0;United Kingdom;Explained by: Healthy life expectancy;
2016.0;19.0;United Kingdom;Explained by: Healthy life expectancy;
2015.0;23.0;United Kingdom;Explained by: Healthy life expectancy;
2014.0;21.0;United Kingdom;Explained by: Healthy life expectancy;
2012.0;22.0;United Kingdom;Explained by: Healthy life expectancy;
2011.0;18.0;United Kingdom;Explained by: Healthy life expectancy;
2024.0;140.0;Yemen;Explained by: Healthy life expectancy;0.375
2023.0;23.0;United States;Explained by: Healthy life expectancy;0.542
2022.0;15.0;United States;Explained by: Healthy life expectancy;0.39
2021.0;16.0;United States;Explained by: Healthy life expectancy;0.628
2020.0;20.0;United States;Explained by: Healthy life expectancy;0.621
2019.0;18.0;United States;Explained by: Healthy life expectancy;0.832
2018.0;19.0;United States;Explained by: Healthy life expectancy;
2017.0;18.0;United States;Explained by: Healthy life expectancy;
2016.0;14.0;United States;Explained by: Healthy life expectancy;
2015.0;13.0;United States;Explained by: Healthy life expectancy;
2014.0;15.0;United States;Explained by: Healthy life expectancy;
2012.0;17.0;United States;Explained by: Healthy life expectancy;
2011.0;11.0;United States;Explained by: Healthy life expectancy;
2024.0;141.0;DR Congo;Explained by: Healthy life expectancy;0.278
2023.0;26.0;Uruguay;Explained by: Healthy life expectancy;0.592
2022.0;28.0;Uruguay;Explained by: Healthy life expectancy;0.435
2021.0;30.0;Uruguay;Explained by: Healthy life expectancy;0.672
2020.0;32.0;Uruguay;Explained by: Healthy life expectancy;0.649
2019.0;26.0;Uruguay;Explained by: Healthy life expectancy;0.857
2018.0;33.0;Uruguay;Explained by: Healthy life expectancy;
2017.0;31.0;Uruguay;Explained by: Healthy life expectancy;
2016.0;28.0;Uruguay;Explained by: Healthy life expectancy;
2015.0;29.0;Uruguay;Explained by: Healthy life expectancy;
2014.0;32.0;Uruguay;Explained by: Healthy life expectancy;
2012.0;37.0;Uruguay;Explained by: Healthy life expectancy;
2011.0;50.0;Uruguay;Explained by: Healthy life expectancy;
2024.0;142.0;Botswana;Explained by: Healthy life expectancy;0.094
2023.0;47.0;Uzbekistan;Explained by: Healthy life expectancy;0.539
2022.0;54.0;Uzbekistan;Explained by: Healthy life expectancy;0.375
2021.0;53.0;Uzbekistan;Explained by: Healthy life expectancy;0.6
2020.0;43.0;Uzbekistan;Explained by: Healthy life expectancy;0.528
2019.0;38.0;Uzbekistan;Explained by: Healthy life expectancy;0.717
2018.0;41.0;Uzbekistan;Explained by: Healthy life expectancy;
2017.0;44.0;Uzbekistan;Explained by: Healthy life expectancy;
2016.0;47.0;Uzbekistan;Explained by: Healthy life expectancy;
2015.0;49.0;Uzbekistan;Explained by: Healthy life expectancy;
2014.0;44.0;Uzbekistan;Explained by: Healthy life expectancy;
2012.0;60.0;Uzbekistan;Explained by: Healthy life expectancy;
2011.0;79.0;Uzbekistan;Explained by: Healthy life expectancy;
2024.0;143.0;Zimbabwe;Explained by: Healthy life expectancy;0.178
2023.0;79.0;Venezuela;Explained by: Healthy life expectancy;0.491
2022.0;88.0;Venezuela;Explained by: Healthy life expectancy;0.341
2021.0;108.0;Venezuela;Explained by: Healthy life expectancy;0.578
2020.0;108.0;Venezuela;Explained by: Healthy life expectancy;0.574
2019.0;99.0;Venezuela;Explained by: Healthy life expectancy;0.767
2018.0;108.0;Venezuela;Explained by: Healthy life expectancy;
2017.0;102.0;Venezuela;Explained by: Healthy life expectancy;
2016.0;82.0;Venezuela;Explained by: Healthy life expectancy;
2015.0;44.0;Venezuela;Explained by: Healthy life expectancy;
2014.0;23.0;Venezuela;Explained by: Healthy life expectancy;
2012.0;20.0;Venezuela;Explained by: Healthy life expectancy;
2011.0;19.0;Venezuela;Explained by: Healthy life expectancy;
2024.0;144.0;Malawi;Explained by: Healthy life expectancy;0.28
2023.0;54.0;Viet Nam;Explained by: Healthy life expectancy;0.539
2022.0;65.0;Viet Nam;Explained by: Healthy life expectancy;0.381
2021.0;77.0;Viet Nam;Explained by: Healthy life expectancy;0.611
2020.0;80.0;Viet Nam;Explained by: Healthy life expectancy;0.616
2019.0;83.0;Viet Nam;Explained by: Healthy life expectancy;0.819
2018.0;94.0;Viet Nam;Explained by: Healthy life expectancy;
2017.0;95.0;Viet Nam;Explained by: Healthy life expectancy;
2016.0;94.0;Viet Nam;Explained by: Healthy life expectancy;
2015.0;96.0;Viet Nam;Explained by: Healthy life expectancy;
2014.0;75.0;Viet Nam;Explained by: Healthy life expectancy;
2012.0;63.0;Viet Nam;Explained by: Healthy life expectancy;
2011.0;65.0;Viet Nam;Explained by: Healthy life expectancy;
2024.0;145.0;Lebanon;Explained by: Healthy life expectancy;0.44
2023.0;133.0;Yemen;Explained by: Healthy life expectancy;0.293
2021.0;132.0;Yemen;Explained by: Healthy life expectancy;0.384
2020.0;142.0;Yemen;Explained by: Healthy life expectancy;0.272
2019.0;146.0;Yemen;Explained by: Healthy life expectancy;0.415
2018.0;151.0;Yemen;Explained by: Healthy life expectancy;
2017.0;152.0;Yemen;Explained by: Healthy life expectancy;
2016.0;146.0;Yemen;Explained by: Healthy life expectancy;
2015.0;147.0;Yemen;Explained by: Healthy life expectancy;
2014.0;136.0;Yemen;Explained by: Healthy life expectancy;
2012.0;142.0;Yemen;Explained by: Healthy life expectancy;
2011.0;123.0;Yemen;Explained by: Healthy life expectancy;
2024.0;146.0;Sierra Leone;Explained by: Healthy life expectancy;0.327
2023.0;134.0;Zambia;Explained by: Healthy life expectancy;0.264
2022.0;128.0;Zambia;Explained by: Healthy life expectancy;0.095
2021.0;137.0;Zambia;Explained by: Healthy life expectancy;0.306
2020.0;138.0;Zambia;Explained by: Healthy life expectancy;0.231
2019.0;141.0;Zambia;Explained by: Healthy life expectancy;0.364
2018.0;138.0;Zambia;Explained by: Healthy life expectancy;
2017.0;125.0;Zambia;Explained by: Healthy life expectancy;
2016.0;116.0;Zambia;Explained by: Healthy life expectancy;
2015.0;106.0;Zambia;Explained by: Healthy life expectancy;
2014.0;85.0;Zambia;Explained by: Healthy life expectancy;
2012.0;91.0;Zambia;Explained by: Healthy life expectancy;
2011.0;109.0;Zambia;Explained by: Healthy life expectancy;
2024.0;147.0;Afghanistan;Explained by: Healthy life expectancy;0.155
2023.0;138.0;Zimbabwe;Explained by: Healthy life expectancy;0.232
2022.0;134.0;Zimbabwe;Explained by: Healthy life expectancy;0.069
2021.0;144.0;Zimbabwe;Explained by: Healthy life expectancy;0.27
2020.0;149.0;Zimbabwe;Explained by: Healthy life expectancy;0.243
2019.0;151.0;Zimbabwe;Explained by: Healthy life expectancy;0.375
2018.0;146.0;Zimbabwe;Explained by: Healthy life expectancy;
2017.0;144.0;Zimbabwe;Explained by: Healthy life expectancy;
2016.0;138.0;Zimbabwe;Explained by: Healthy life expectancy;
2015.0;131.0;Zimbabwe;Explained by: Healthy life expectancy;
2014.0;115.0;Zimbabwe;Explained by: Healthy life expectancy;
2012.0;103.0;Zimbabwe;Explained by: Healthy life expectancy;
2011.0;142.0;Zimbabwe;Explained by: Healthy life expectancy;
2024.0;1.0;Finland;Explained by: Freedom to make life choices;0.986
2023.0;143.0;Afghanistan;Explained by: Freedom to make life choices;0.0
2022.0;137.0;Afghanistan;Explained by: Freedom to make life choices;0.0
2021.0;146.0;Afghanistan;Explained by: Freedom to make life choices;0.0
2020.0;150.0;Afghanistan;Explained by: Freedom to make life choices;0.0
2019.0;153.0;Afghanistan;Explained by: Freedom to make life choices;0.0
2018.0;154.0;Afghanistan;Explained by: Freedom to make life choices;
2017.0;145.0;Afghanistan;Explained by: Freedom to make life choices;
2016.0;141.0;Afghanistan;Explained by: Freedom to make life choices;
2015.0;154.0;Afghanistan;Explained by: Freedom to make life choices;
2014.0;153.0;Afghanistan;Explained by: Freedom to make life choices;
2012.0;143.0;Afghanistan;Explained by: Freedom to make life choices;
2011.0;131.0;Afghanistan;Explained by: Freedom to make life choices;
2024.0;2.0;Denmark;Explained by: Freedom to make life choices;0.955
2023.0;87.0;Albania;Explained by: Freedom to make life choices;0.69
2022.0;83.0;Albania;Explained by: Freedom to make life choices;0.549
2021.0;90.0;Albania;Explained by: Freedom to make life choices;0.511
2020.0;94.0;Albania;Explained by: Freedom to make life choices;0.491
2019.0;105.0;Albania;Explained by: Freedom to make life choices;0.462
2018.0;107.0;Albania;Explained by: Freedom to make life choices;
2017.0;112.0;Albania;Explained by: Freedom to make life choices;
2016.0;109.0;Albania;Explained by: Freedom to make life choices;
2015.0;109.0;Albania;Explained by: Freedom to make life choices;
2014.0;95.0;Albania;Explained by: Freedom to make life choices;
2012.0;62.0;Albania;Explained by: Freedom to make life choices;
2011.0;88.0;Albania;Explained by: Freedom to make life choices;
2024.0;3.0;Iceland;Explained by: Freedom to make life choices;0.971
2023.0;85.0;Algeria;Explained by: Freedom to make life choices;0.247
2022.0;81.0;Algeria;Explained by: Freedom to make life choices;0.252
2021.0;96.0;Algeria;Explained by: Freedom to make life choices;0.146
2020.0;110.0;Algeria;Explained by: Freedom to make life choices;0.119
2019.0;100.0;Algeria;Explained by: Freedom to make life choices;0.084
2018.0;88.0;Algeria;Explained by: Freedom to make life choices;
2017.0;84.0;Algeria;Explained by: Freedom to make life choices;
2016.0;53.0;Algeria;Explained by: Freedom to make life choices;
2015.0;38.0;Algeria;Explained by: Freedom to make life choices;
2014.0;68.0;Algeria;Explained by: Freedom to make life choices;
2012.0;73.0;Algeria;Explained by: Freedom to make life choices;
2011.0;71.0;Algeria;Explained by: Freedom to make life choices;
2017.0;142.0;Angola;Explained by: Freedom to make life choices;
2016.0;140.0;Angola;Explained by: Freedom to make life choices;
2015.0;141.0;Angola;Explained by: Freedom to make life choices;
2014.0;137.0;Angola;Explained by: Freedom to make life choices;
2012.0;61.0;Angola;Explained by: Freedom to make life choices;
2011.0;135.0;Angola;Explained by: Freedom to make life choices;
2024.0;4.0;Sweden;Explained by: Freedom to make life choices;0.952
2023.0;48.0;Argentina;Explained by: Freedom to make life choices;0.681
2022.0;52.0;Argentina;Explained by: Freedom to make life choices;0.587
2021.0;57.0;Argentina;Explained by: Freedom to make life choices;0.555
2020.0;58.0;Argentina;Explained by: Freedom to make life choices;0.544
2019.0;55.0;Argentina;Explained by: Freedom to make life choices;0.521
2018.0;47.0;Argentina;Explained by: Freedom to make life choices;
2017.0;29.0;Argentina;Explained by: Freedom to make life choices;
2016.0;24.0;Argentina;Explained by: Freedom to make life choices;
2015.0;26.0;Argentina;Explained by: Freedom to make life choices;
2014.0;30.0;Argentina;Explained by: Freedom to make life choices;
2012.0;29.0;Argentina;Explained by: Freedom to make life choices;
2011.0;39.0;Argentina;Explained by: Freedom to make life choices;
2024.0;5.0;Netherlands;Explained by: Freedom to make life choices;0.86
2023.0;82.0;Armenia;Explained by: Freedom to make life choices;0.65
2022.0;79.0;Armenia;Explained by: Freedom to make life choices;0.551
2021.0;82.0;Armenia;Explained by: Freedom to make life choices;0.558
2020.0;87.0;Armenia;Explained by: Freedom to make life choices;0.54
2019.0;116.0;Armenia;Explained by: Freedom to make life choices;0.378
2018.0;116.0;Armenia;Explained by: Freedom to make life choices;
2017.0;129.0;Armenia;Explained by: Freedom to make life choices;
2016.0;121.0;Armenia;Explained by: Freedom to make life choices;
2015.0;121.0;Armenia;Explained by: Freedom to make life choices;
2014.0;127.0;Armenia;Explained by: Freedom to make life choices;
2012.0;128.0;Armenia;Explained by: Freedom to make life choices;
2011.0;122.0;Armenia;Explained by: Freedom to make life choices;
2024.0;6.0;Costa Rica;Explained by: Freedom to make life choices;0.948
2023.0;10.0;Australia;Explained by: Freedom to make life choices;0.756
2022.0;12.0;Australia;Explained by: Freedom to make life choices;0.677
2021.0;12.0;Australia;Explained by: Freedom to make life choices;0.676
2020.0;12.0;Australia;Explained by: Freedom to make life choices;0.647
2019.0;12.0;Australia;Explained by: Freedom to make life choices;0.622
2018.0;11.0;Australia;Explained by: Freedom to make life choices;
2017.0;10.0;Australia;Explained by: Freedom to make life choices;
2016.0;9.0;Australia;Explained by: Freedom to make life choices;
2015.0;9.0;Australia;Explained by: Freedom to make life choices;
2014.0;10.0;Australia;Explained by: Freedom to make life choices;
2012.0;10.0;Australia;Explained by: Freedom to make life choices;
2011.0;9.0;Australia;Explained by: Freedom to make life choices;
2024.0;7.0;Norway;Explained by: Freedom to make life choices;0.962
2023.0;14.0;Austria;Explained by: Freedom to make life choices;0.703
2022.0;11.0;Austria;Explained by: Freedom to make life choices;0.63
2021.0;11.0;Austria;Explained by: Freedom to make life choices;0.623
2020.0;11.0;Austria;Explained by: Freedom to make life choices;0.64
2019.0;9.0;Austria;Explained by: Freedom to make life choices;0.603
2018.0;10.0;Austria;Explained by: Freedom to make life choices;
2017.0;12.0;Austria;Explained by: Freedom to make life choices;
2016.0;13.0;Austria;Explained by: Freedom to make life choices;
2015.0;12.0;Austria;Explained by: Freedom to make life choices;
2014.0;13.0;Austria;Explained by: Freedom to make life choices;
2012.0;8.0;Austria;Explained by: Freedom to make life choices;
2011.0;13.0;Austria;Explained by: Freedom to make life choices;
2024.0;8.0;Israel;Explained by: Freedom to make life choices;0.74
2023.0;101.0;Azerbaijan;Explained by: Freedom to make life choices;0.668
2021.0;92.0;Azerbaijan;Explained by: Freedom to make life choices;0.601
2020.0;91.0;Azerbaijan;Explained by: Freedom to make life choices;0.526
2019.0;89.0;Azerbaijan;Explained by: Freedom to make life choices;0.468
2018.0;90.0;Azerbaijan;Explained by: Freedom to make life choices;
2017.0;87.0;Azerbaijan;Explained by: Freedom to make life choices;
2016.0;85.0;Azerbaijan;Explained by: Freedom to make life choices;
2015.0;81.0;Azerbaijan;Explained by: Freedom to make life choices;
2014.0;80.0;Azerbaijan;Explained by: Freedom to make life choices;
2012.0;116.0;Azerbaijan;Explained by: Freedom to make life choices;
2011.0;116.0;Azerbaijan;Explained by: Freedom to make life choices;
2024.0;9.0;Luxembourg;Explained by: Freedom to make life choices;0.931
2023.0;62.0;Bahrain;Explained by: Freedom to make life choices;
2022.0;42.0;Bahrain;Explained by: Freedom to make life choices;0.748
2021.0;21.0;Bahrain;Explained by: Freedom to make life choices;0.693
2020.0;23.0;Bahrain;Explained by: Freedom to make life choices;0.661
2019.0;40.0;Bahrain;Explained by: Freedom to make life choices;0.61
2018.0;37.0;Bahrain;Explained by: Freedom to make life choices;
2017.0;43.0;Bahrain;Explained by: Freedom to make life choices;
2016.0;41.0;Bahrain;Explained by: Freedom to make life choices;
2015.0;42.0;Bahrain;Explained by: Freedom to make life choices;
2014.0;49.0;Bahrain;Explained by: Freedom to make life choices;
2012.0;79.0;Bahrain;Explained by: Freedom to make life choices;
2011.0;61.0;Bahrain;Explained by: Freedom to make life choices;
2024.0;10.0;Mexico;Explained by: Freedom to make life choices;0.879
2023.0;129.0;Bangladesh;Explained by: Freedom to make life choices;0.775
2022.0;118.0;Bangladesh;Explained by: Freedom to make life choices;0.617
2021.0;94.0;Bangladesh;Explained by: Freedom to make life choices;0.622
2020.0;102.0;Bangladesh;Explained by: Freedom to make life choices;0.603
2019.0;107.0;Bangladesh;Explained by: Freedom to make life choices;0.604
2018.0;125.0;Bangladesh;Explained by: Freedom to make life choices;
2017.0;115.0;Bangladesh;Explained by: Freedom to make life choices;
2016.0;110.0;Bangladesh;Explained by: Freedom to make life choices;
2015.0;110.0;Bangladesh;Explained by: Freedom to make life choices;
2014.0;109.0;Bangladesh;Explained by: Freedom to make life choices;
2012.0;108.0;Bangladesh;Explained by: Freedom to make life choices;
2011.0;104.0;Bangladesh;Explained by: Freedom to make life choices;
2021.0;65.0;Belarus;Explained by: Freedom to make life choices;0.342
2020.0;76.0;Belarus;Explained by: Freedom to make life choices;0.326
2019.0;75.0;Belarus;Explained by: Freedom to make life choices;0.291
2018.0;81.0;Belarus;Explained by: Freedom to make life choices;
2017.0;73.0;Belarus;Explained by: Freedom to make life choices;
2016.0;67.0;Belarus;Explained by: Freedom to make life choices;
2015.0;61.0;Belarus;Explained by: Freedom to make life choices;
2014.0;59.0;Belarus;Explained by: Freedom to make life choices;
2012.0;66.0;Belarus;Explained by: Freedom to make life choices;
2011.0;62.0;Belarus;Explained by: Freedom to make life choices;
2024.0;11.0;Australia;Explained by: Freedom to make life choices;0.857
2023.0;16.0;Belgium;Explained by: Freedom to make life choices;0.729
2022.0;17.0;Belgium;Explained by: Freedom to make life choices;0.59
2021.0;19.0;Belgium;Explained by: Freedom to make life choices;0.492
2020.0;21.0;Belgium;Explained by: Freedom to make life choices;0.489
2019.0;20.0;Belgium;Explained by: Freedom to make life choices;0.5
2018.0;18.0;Belgium;Explained by: Freedom to make life choices;
2017.0;16.0;Belgium;Explained by: Freedom to make life choices;
2016.0;17.0;Belgium;Explained by: Freedom to make life choices;
2015.0;18.0;Belgium;Explained by: Freedom to make life choices;
2014.0;19.0;Belgium;Explained by: Freedom to make life choices;
2012.0;21.0;Belgium;Explained by: Freedom to make life choices;
2011.0;15.0;Belgium;Explained by: Freedom to make life choices;
2024.0;12.0;New Zealand;Explained by: Freedom to make life choices;0.861
2017.0;49.0;Belize;Explained by: Freedom to make life choices;
2016.0;50.0;Belize;Explained by: Freedom to make life choices;
2015.0;52.0;Belize;Explained by: Freedom to make life choices;
2011.0;34.0;Belize;Explained by: Freedom to make life choices;
2024.0;13.0;Switzerland;Explained by: Freedom to make life choices;0.889
2023.0;116.0;Benin;Explained by: Freedom to make life choices;0.567
2022.0;116.0;Benin;Explained by: Freedom to make life choices;0.481
2021.0;115.0;Benin;Explained by: Freedom to make life choices;0.479
2020.0;100.0;Benin;Explained by: Freedom to make life choices;0.457
2019.0;86.0;Benin;Explained by: Freedom to make life choices;0.406
2018.0;102.0;Benin;Explained by: Freedom to make life choices;
2017.0;136.0;Benin;Explained by: Freedom to make life choices;
2016.0;143.0;Benin;Explained by: Freedom to make life choices;
2015.0;153.0;Benin;Explained by: Freedom to make life choices;
2014.0;155.0;Benin;Explained by: Freedom to make life choices;
2012.0;155.0;Benin;Explained by: Freedom to make life choices;
2011.0;155.0;Benin;Explained by: Freedom to make life choices;
2018.0;95.0;Bhutan;Explained by: Freedom to make life choices;
2017.0;97.0;Bhutan;Explained by: Freedom to make life choices;
2016.0;97.0;Bhutan;Explained by: Freedom to make life choices;
2015.0;84.0;Bhutan;Explained by: Freedom to make life choices;
2014.0;79.0;Bhutan;Explained by: Freedom to make life choices;
2024.0;14.0;Belgium;Explained by: Freedom to make life choices;0.895
2023.0;73.0;Bolivia;Explained by: Freedom to make life choices;0.719
2022.0;69.0;Bolivia;Explained by: Freedom to make life choices;0.648
2021.0;71.0;Bolivia;Explained by: Freedom to make life choices;0.627
2020.0;70.0;Bolivia;Explained by: Freedom to make life choices;0.6
2019.0;65.0;Bolivia;Explained by: Freedom to make life choices;0.574
2018.0;61.0;Bolivia;Explained by: Freedom to make life choices;
2017.0;62.0;Bolivia;Explained by: Freedom to make life choices;
2016.0;58.0;Bolivia;Explained by: Freedom to make life choices;
2015.0;59.0;Bolivia;Explained by: Freedom to make life choices;
2014.0;51.0;Bolivia;Explained by: Freedom to make life choices;
2012.0;50.0;Bolivia;Explained by: Freedom to make life choices;
2011.0;57.0;Bolivia;Explained by: Freedom to make life choices;
2024.0;15.0;Ireland;Explained by: Freedom to make life choices;0.906
2023.0;65.0;Bosnia and Herzegovina;Explained by: Freedom to make life choices;0.621
2022.0;71.0;Bosnia and Herzegovina;Explained by: Freedom to make life choices;0.485
2021.0;67.0;Bosnia and Herzegovina;Explained by: Freedom to make life choices;0.448
2020.0;65.0;Bosnia and Herzegovina;Explained by: Freedom to make life choices;0.395
2019.0;69.0;Bosnia and Herzegovina;Explained by: Freedom to make life choices;0.305
2018.0;78.0;Bosnia and Herzegovina;Explained by: Freedom to make life choices;
2017.0;93.0;Bosnia and Herzegovina;Explained by: Freedom to make life choices;
2016.0;90.0;Bosnia and Herzegovina;Explained by: Freedom to make life choices;
2015.0;87.0;Bosnia and Herzegovina;Explained by: Freedom to make life choices;
2014.0;96.0;Bosnia and Herzegovina;Explained by: Freedom to make life choices;
2012.0;107.0;Bosnia and Herzegovina;Explained by: Freedom to make life choices;
2011.0;99.0;Bosnia and Herzegovina;Explained by: Freedom to make life choices;
2024.0;16.0;Lithuania;Explained by: Freedom to make life choices;0.702
2023.0;137.0;Botswana;Explained by: Freedom to make life choices;0.567
2022.0;132.0;Botswana;Explained by: Freedom to make life choices;0.48
2021.0;142.0;Botswana;Explained by: Freedom to make life choices;0.571
2020.0;147.0;Botswana;Explained by: Freedom to make life choices;0.539
2019.0;147.0;Botswana;Explained by: Freedom to make life choices;0.509
2018.0;148.0;Botswana;Explained by: Freedom to make life choices;
2017.0;146.0;Botswana;Explained by: Freedom to make life choices;
2016.0;142.0;Botswana;Explained by: Freedom to make life choices;
2015.0;137.0;Botswana;Explained by: Freedom to make life choices;
2014.0;128.0;Botswana;Explained by: Freedom to make life choices;
2012.0;145.0;Botswana;Explained by: Freedom to make life choices;
2011.0;117.0;Botswana;Explained by: Freedom to make life choices;
2024.0;17.0;Austria;Explained by: Freedom to make life choices;0.856
2023.0;44.0;Brazil;Explained by: Freedom to make life choices;0.685
2022.0;49.0;Brazil;Explained by: Freedom to make life choices;0.558
2021.0;38.0;Brazil;Explained by: Freedom to make life choices;0.546
2020.0;36.0;Brazil;Explained by: Freedom to make life choices;0.514
2019.0;32.0;Brazil;Explained by: Freedom to make life choices;0.483
2018.0;32.0;Brazil;Explained by: Freedom to make life choices;
2017.0;28.0;Brazil;Explained by: Freedom to make life choices;
2016.0;22.0;Brazil;Explained by: Freedom to make life choices;
2015.0;17.0;Brazil;Explained by: Freedom to make life choices;
2014.0;16.0;Brazil;Explained by: Freedom to make life choices;
2012.0;24.0;Brazil;Explained by: Freedom to make life choices;
2011.0;25.0;Brazil;Explained by: Freedom to make life choices;
2024.0;18.0;Canada;Explained by: Freedom to make life choices;0.813
2023.0;81.0;Bulgaria;Explained by: Freedom to make life choices;0.62
2022.0;77.0;Bulgaria;Explained by: Freedom to make life choices;0.557
2021.0;85.0;Bulgaria;Explained by: Freedom to make life choices;0.563
2020.0;89.0;Bulgaria;Explained by: Freedom to make life choices;0.494
2019.0;96.0;Bulgaria;Explained by: Freedom to make life choices;0.418
2018.0;97.0;Bulgaria;Explained by: Freedom to make life choices;
2017.0;100.0;Bulgaria;Explained by: Freedom to make life choices;
2016.0;105.0;Bulgaria;Explained by: Freedom to make life choices;
2015.0;129.0;Bulgaria;Explained by: Freedom to make life choices;
2014.0;134.0;Bulgaria;Explained by: Freedom to make life choices;
2012.0;144.0;Bulgaria;Explained by: Freedom to make life choices;
2011.0;147.0;Bulgaria;Explained by: Freedom to make life choices;
2024.0;19.0;Slovenia;Explained by: Freedom to make life choices;0.961
2023.0;110.0;Burkina Faso;Explained by: Freedom to make life choices;0.483
2022.0;104.0;Burkina Faso;Explained by: Freedom to make life choices;0.419
2021.0;113.0;Burkina Faso;Explained by: Freedom to make life choices;0.382
2020.0;114.0;Burkina Faso;Explained by: Freedom to make life choices;0.381
2019.0;112.0;Burkina Faso;Explained by: Freedom to make life choices;0.322
2018.0;115.0;Burkina Faso;Explained by: Freedom to make life choices;
2017.0;121.0;Burkina Faso;Explained by: Freedom to make life choices;
2016.0;134.0;Burkina Faso;Explained by: Freedom to make life choices;
2015.0;145.0;Burkina Faso;Explained by: Freedom to make life choices;
2014.0;152.0;Burkina Faso;Explained by: Freedom to make life choices;
2012.0;131.0;Burkina Faso;Explained by: Freedom to make life choices;
2011.0;144.0;Burkina Faso;Explained by: Freedom to make life choices;
2020.0;141.0;Burundi;Explained by: Freedom to make life choices;0.298
2019.0;140.0;Burundi;Explained by: Freedom to make life choices;0.275
2018.0;145.0;Burundi;Explained by: Freedom to make life choices;
2017.0;156.0;Burundi;Explained by: Freedom to make life choices;
2016.0;154.0;Burundi;Explained by: Freedom to make life choices;
2015.0;157.0;Burundi;Explained by: Freedom to make life choices;
2014.0;157.0;Burundi;Explained by: Freedom to make life choices;
2012.0;153.0;Burundi;Explained by: Freedom to make life choices;
2011.0;152.0;Burundi;Explained by: Freedom to make life choices;
2024.0;20.0;Czechia;Explained by: Freedom to make life choices;0.916
2023.0;119.0;Cambodia;Explained by: Freedom to make life choices;0.863
2022.0;115.0;Cambodia;Explained by: Freedom to make life choices;0.768
2021.0;114.0;Cambodia;Explained by: Freedom to make life choices;0.74
2020.0;115.0;Cambodia;Explained by: Freedom to make life choices;0.702
2019.0;106.0;Cambodia;Explained by: Freedom to make life choices;0.675
2018.0;109.0;Cambodia;Explained by: Freedom to make life choices;
2017.0;120.0;Cambodia;Explained by: Freedom to make life choices;
2016.0;129.0;Cambodia;Explained by: Freedom to make life choices;
2015.0;140.0;Cambodia;Explained by: Freedom to make life choices;
2014.0;145.0;Cambodia;Explained by: Freedom to make life choices;
2012.0;140.0;Cambodia;Explained by: Freedom to make life choices;
2011.0;138.0;Cambodia;Explained by: Freedom to make life choices;
2024.0;21.0;United Arab Emirates;Explained by: Freedom to make life choices;0.934
2023.0;104.0;Cameroon;Explained by: Freedom to make life choices;0.521
2022.0;96.0;Cameroon;Explained by: Freedom to make life choices;0.405
2021.0;102.0;Cameroon;Explained by: Freedom to make life choices;0.397
2020.0;92.0;Cameroon;Explained by: Freedom to make life choices;0.425
2019.0;98.0;Cameroon;Explained by: Freedom to make life choices;0.439
2018.0;96.0;Cameroon;Explained by: Freedom to make life choices;
2017.0;99.0;Cameroon;Explained by: Freedom to make life choices;
2016.0;107.0;Cameroon;Explained by: Freedom to make life choices;
2015.0;114.0;Cameroon;Explained by: Freedom to make life choices;
2014.0;133.0;Cameroon;Explained by: Freedom to make life choices;
2012.0;122.0;Cameroon;Explained by: Freedom to make life choices;
2011.0;126.0;Cameroon;Explained by: Freedom to make life choices;
2024.0;22.0;Germany;Explained by: Freedom to make life choices;0.858
2023.0;15.0;Canada;Explained by: Freedom to make life choices;0.73
2022.0;13.0;Canada;Explained by: Freedom to make life choices;0.656
2021.0;15.0;Canada;Explained by: Freedom to make life choices;0.659
2020.0;15.0;Canada;Explained by: Freedom to make life choices;0.648
2019.0;11.0;Canada;Explained by: Freedom to make life choices;0.644
2018.0;9.0;Canada;Explained by: Freedom to make life choices;
2017.0;7.0;Canada;Explained by: Freedom to make life choices;
2016.0;7.0;Canada;Explained by: Freedom to make life choices;
2015.0;6.0;Canada;Explained by: Freedom to make life choices;
2014.0;5.0;Canada;Explained by: Freedom to make life choices;
2012.0;6.0;Canada;Explained by: Freedom to make life choices;
2011.0;5.0;Canada;Explained by: Freedom to make life choices;
2019.0;149.0;Central African Republic;Explained by: Freedom to make life choices;0.293
2018.0;155.0;Central African Republic;Explained by: Freedom to make life choices;
2017.0;155.0;Central African Republic;Explained by: Freedom to make life choices;
2016.0;155.0;Central African Republic;Explained by: Freedom to make life choices;
2014.0;148.0;Central African Republic;Explained by: Freedom to make life choices;
2012.0;154.0;Central African Republic;Explained by: Freedom to make life choices;
2011.0;154.0;Central African Republic;Explained by: Freedom to make life choices;
2024.0;23.0;United Kingdom;Explained by: Freedom to make life choices;0.872
2023.0;113.0;Chad;Explained by: Freedom to make life choices;0.411
2022.0;114.0;Chad;Explained by: Freedom to make life choices;0.393
2021.0;130.0;Chad;Explained by: Freedom to make life choices;0.18
2020.0;129.0;Chad;Explained by: Freedom to make life choices;0.24
2019.0;127.0;Chad;Explained by: Freedom to make life choices;0.229
2018.0;132.0;Chad;Explained by: Freedom to make life choices;
2017.0;131.0;Chad;Explained by: Freedom to make life choices;
2016.0;137.0;Chad;Explained by: Freedom to make life choices;
2015.0;144.0;Chad;Explained by: Freedom to make life choices;
2014.0;149.0;Chad;Explained by: Freedom to make life choices;
2012.0;141.0;Chad;Explained by: Freedom to make life choices;
2011.0;145.0;Chad;Explained by: Freedom to make life choices;
2024.0;24.0;United States;Explained by: Freedom to make life choices;0.644
2023.0;38.0;Chile;Explained by: Freedom to make life choices;0.651
2022.0;35.0;Chile;Explained by: Freedom to make life choices;0.546
2021.0;44.0;Chile;Explained by: Freedom to make life choices;0.46
2020.0;44.0;Chile;Explained by: Freedom to make life choices;0.438
2019.0;39.0;Chile;Explained by: Freedom to make life choices;0.417
2018.0;26.0;Chile;Explained by: Freedom to make life choices;
2017.0;25.0;Chile;Explained by: Freedom to make life choices;
2016.0;20.0;Chile;Explained by: Freedom to make life choices;
2015.0;24.0;Chile;Explained by: Freedom to make life choices;
2014.0;27.0;Chile;Explained by: Freedom to make life choices;
2012.0;28.0;Chile;Explained by: Freedom to make life choices;
2011.0;43.0;Chile;Explained by: Freedom to make life choices;
2024.0;25.0;Belize;Explained by: Freedom to make life choices;1.018
2023.0;60.0;China;Explained by: Freedom to make life choices;0.704
2022.0;64.0;China;Explained by: Freedom to make life choices;0.666
2021.0;72.0;China;Explained by: Freedom to make life choices;0.656
2020.0;85.0;China;Explained by: Freedom to make life choices;0.636
2019.0;94.0;China;Explained by: Freedom to make life choices;0.602
2018.0;93.0;China;Explained by: Freedom to make life choices;
2017.0;86.0;China;Explained by: Freedom to make life choices;
2016.0;79.0;China;Explained by: Freedom to make life choices;
2015.0;83.0;China;Explained by: Freedom to make life choices;
2014.0;84.0;China;Explained by: Freedom to make life choices;
2012.0;93.0;China;Explained by: Freedom to make life choices;
2011.0;112.0;China;Explained by: Freedom to make life choices;
2024.0;26.0;Poland;Explained by: Freedom to make life choices;0.79
2023.0;78.0;Colombia;Explained by: Freedom to make life choices;0.644
2022.0;72.0;Colombia;Explained by: Freedom to make life choices;0.562
2021.0;66.0;Colombia;Explained by: Freedom to make life choices;0.545
2020.0;53.0;Colombia;Explained by: Freedom to make life choices;0.554
2019.0;44.0;Colombia;Explained by: Freedom to make life choices;0.527
2018.0;43.0;Colombia;Explained by: Freedom to make life choices;
2017.0;37.0;Colombia;Explained by: Freedom to make life choices;
2016.0;36.0;Colombia;Explained by: Freedom to make life choices;
2015.0;31.0;Colombia;Explained by: Freedom to make life choices;
2014.0;33.0;Colombia;Explained by: Freedom to make life choices;
2012.0;35.0;Colombia;Explained by: Freedom to make life choices;
2011.0;41.0;Colombia;Explained by: Freedom to make life choices;
2024.0;27.0;Taiwan Province of China;Explained by: Freedom to make life choices;0.76
2023.0;132.0;Comoros;Explained by: Freedom to make life choices;0.172
2022.0;130.0;Comoros;Explained by: Freedom to make life choices;0.117
2021.0;116.0;Comoros;Explained by: Freedom to make life choices;0.185
2020.0;132.0;Comoros;Explained by: Freedom to make life choices;0.202
2019.0;134.0;Comoros;Explained by: Freedom to make life choices;0.181
2018.0;142.0;Comoros;Explained by: Freedom to make life choices;
2015.0;138.0;Comoros;Explained by: Freedom to make life choices;
2014.0;140.0;Comoros;Explained by: Freedom to make life choices;
2012.0;149.0;Comoros;Explained by: Freedom to make life choices;
2011.0;151.0;Comoros;Explained by: Freedom to make life choices;
2024.0;28.0;Uruguay;Explained by: Freedom to make life choices;0.913
2023.0;89.0;Congo;Explained by: Freedom to make life choices;0.523
2022.0;86.0;Congo;Explained by: Freedom to make life choices;0.464
2021.0;99.0;Congo;Explained by: Freedom to make life choices;0.431
2020.0;84.0;Congo;Explained by: Freedom to make life choices;0.381
2019.0;88.0;Congo;Explained by: Freedom to make life choices;0.387
2018.0;103.0;Congo;Explained by: Freedom to make life choices;
2017.0;114.0;Congo;Explained by: Freedom to make life choices;
2016.0;124.0;Congo;Explained by: Freedom to make life choices;
2015.0;127.0;Congo;Explained by: Freedom to make life choices;
2014.0;139.0;Congo;Explained by: Freedom to make life choices;
2012.0;129.0;Congo;Explained by: Freedom to make life choices;
2011.0;148.0;Congo;Explained by: Freedom to make life choices;
2024.0;29.0;Kosovo;Explained by: Freedom to make life choices;0.893
2023.0;12.0;Costa Rica;Explained by: Freedom to make life choices;0.797
2022.0;23.0;Costa Rica;Explained by: Freedom to make life choices;0.683
2021.0;23.0;Costa Rica;Explained by: Freedom to make life choices;0.661
2020.0;17.0;Costa Rica;Explained by: Freedom to make life choices;0.673
2019.0;15.0;Costa Rica;Explained by: Freedom to make life choices;0.645
2018.0;12.0;Costa Rica;Explained by: Freedom to make life choices;
2017.0;13.0;Costa Rica;Explained by: Freedom to make life choices;
2016.0;12.0;Costa Rica;Explained by: Freedom to make life choices;
2015.0;14.0;Costa Rica;Explained by: Freedom to make life choices;
2014.0;12.0;Costa Rica;Explained by: Freedom to make life choices;
2012.0;12.0;Costa Rica;Explained by: Freedom to make life choices;
2011.0;12.0;Costa Rica;Explained by: Freedom to make life choices;
2024.0;30.0;Kuwait;Explained by: Freedom to make life choices;0.934
2023.0;96.0;Côte d’Ivoire;Explained by: Freedom to make life choices;0.547
2022.0;93.0;Côte d’Ivoire;Explained by: Freedom to make life choices;0.467
2021.0;88.0;Côte d’Ivoire;Explained by: Freedom to make life choices;0.451
2020.0;86.0;Côte d’Ivoire;Explained by: Freedom to make life choices;0.438
2019.0;85.0;Côte d’Ivoire;Explained by: Freedom to make life choices;0.397
2018.0;99.0;Côte d’Ivoire;Explained by: Freedom to make life choices;
2017.0;107.0;Côte d’Ivoire;Explained by: Freedom to make life choices;
2016.0;128.0;Côte d’Ivoire;Explained by: Freedom to make life choices;
2015.0;139.0;Côte d’Ivoire;Explained by: Freedom to make life choices;
2014.0;151.0;Côte d’Ivoire;Explained by: Freedom to make life choices;
2011.0;133.0;Côte d’Ivoire;Explained by: Freedom to make life choices;
2024.0;31.0;Serbia;Explained by: Freedom to make life choices;0.767
2023.0;63.0;Croatia;Explained by: Freedom to make life choices;0.469
2022.0;48.0;Croatia;Explained by: Freedom to make life choices;0.5
2021.0;47.0;Croatia;Explained by: Freedom to make life choices;0.535
2020.0;61.0;Croatia;Explained by: Freedom to make life choices;0.453
2019.0;79.0;Croatia;Explained by: Freedom to make life choices;0.381
2018.0;75.0;Croatia;Explained by: Freedom to make life choices;
2017.0;82.0;Croatia;Explained by: Freedom to make life choices;
2016.0;77.0;Croatia;Explained by: Freedom to make life choices;
2015.0;74.0;Croatia;Explained by: Freedom to make life choices;
2014.0;62.0;Croatia;Explained by: Freedom to make life choices;
2012.0;58.0;Croatia;Explained by: Freedom to make life choices;
2011.0;58.0;Croatia;Explained by: Freedom to make life choices;
2011.0;69.0;Cuba;Explained by: Freedom to make life choices;
2024.0;32.0;Saudi Arabia;Explained by: Freedom to make life choices;0.915
2023.0;50.0;Cyprus;Explained by: Freedom to make life choices;0.529
2022.0;46.0;Cyprus;Explained by: Freedom to make life choices;0.455
2021.0;41.0;Cyprus;Explained by: Freedom to make life choices;0.448
2020.0;40.0;Cyprus;Explained by: Freedom to make life choices;0.464
2019.0;45.0;Cyprus;Explained by: Freedom to make life choices;0.459
2018.0;49.0;Cyprus;Explained by: Freedom to make life choices;
2017.0;61.0;Cyprus;Explained by: Freedom to make life choices;
2016.0;65.0;Cyprus;Explained by: Freedom to make life choices;
2015.0;69.0;Cyprus;Explained by: Freedom to make life choices;
2014.0;67.0;Cyprus;Explained by: Freedom to make life choices;
2012.0;34.0;Cyprus;Explained by: Freedom to make life choices;
2011.0;35.0;Cyprus;Explained by: Freedom to make life choices;
2024.0;33.0;France;Explained by: Freedom to make life choices;0.743
2023.0;18.0;Czechia;Explained by: Freedom to make life choices;0.787
2022.0;18.0;Czechia;Explained by: Freedom to make life choices;0.693
2021.0;18.0;Czechia;Explained by: Freedom to make life choices;0.66
2020.0;19.0;Czechia;Explained by: Freedom to make life choices;0.58
2019.0;19.0;Czechia;Explained by: Freedom to make life choices;0.506
2018.0;20.0;Czechia;Explained by: Freedom to make life choices;
2017.0;21.0;Czechia;Explained by: Freedom to make life choices;
2016.0;23.0;Czechia;Explained by: Freedom to make life choices;
2015.0;27.0;Czechia;Explained by: Freedom to make life choices;
2014.0;31.0;Czechia;Explained by: Freedom to make life choices;
2012.0;39.0;Czechia;Explained by: Freedom to make life choices;
2011.0;36.0;Czechia;Explained by: Freedom to make life choices;
2024.0;34.0;Singapore;Explained by: Freedom to make life choices;0.856
2023.0;2.0;Denmark;Explained by: Freedom to make life choices;0.823
2022.0;2.0;Denmark;Explained by: Freedom to make life choices;0.734
2021.0;2.0;Denmark;Explained by: Freedom to make life choices;0.719
2020.0;3.0;Denmark;Explained by: Freedom to make life choices;0.686
2019.0;2.0;Denmark;Explained by: Freedom to make life choices;0.665
2018.0;2.0;Denmark;Explained by: Freedom to make life choices;
2017.0;3.0;Denmark;Explained by: Freedom to make life choices;
2016.0;2.0;Denmark;Explained by: Freedom to make life choices;
2015.0;1.0;Denmark;Explained by: Freedom to make life choices;
2014.0;3.0;Denmark;Explained by: Freedom to make life choices;
2012.0;1.0;Denmark;Explained by: Freedom to make life choices;
2011.0;1.0;Denmark;Explained by: Freedom to make life choices;
2014.0;126.0;Djibouti;Explained by: Freedom to make life choices;
2012.0;114.0;Djibouti;Explained by: Freedom to make life choices;
2011.0;95.0;Djibouti;Explained by: Freedom to make life choices;
2024.0;35.0;Romania;Explained by: Freedom to make life choices;0.847
2023.0;69.0;Dominican Republic;Explained by: Freedom to make life choices;0.73
2022.0;73.0;Dominican Republic;Explained by: Freedom to make life choices;0.623
2021.0;69.0;Dominican Republic;Explained by: Freedom to make life choices;0.606
2020.0;74.0;Dominican Republic;Explained by: Freedom to make life choices;0.581
2019.0;68.0;Dominican Republic;Explained by: Freedom to make life choices;0.563
2018.0;77.0;Dominican Republic;Explained by: Freedom to make life choices;
2017.0;83.0;Dominican Republic;Explained by: Freedom to make life choices;
2016.0;86.0;Dominican Republic;Explained by: Freedom to make life choices;
2015.0;89.0;Dominican Republic;Explained by: Freedom to make life choices;
2014.0;98.0;Dominican Republic;Explained by: Freedom to make life choices;
2012.0;95.0;Dominican Republic;Explained by: Freedom to make life choices;
2011.0;93.0;Dominican Republic;Explained by: Freedom to make life choices;
2024.0;36.0;Brazil;Explained by: Freedom to make life choices;0.83
2023.0;139.0;DR Congo;Explained by: Freedom to make life choices;0.473
2022.0;133.0;DR Congo;Explained by: Freedom to make life choices;0.375
2019.0;131.0;DR Congo;Explained by: Freedom to make life choices;0.365
2018.0;127.0;DR Congo;Explained by: Freedom to make life choices;
2017.0;132.0;DR Congo;Explained by: Freedom to make life choices;
2016.0;126.0;DR Congo;Explained by: Freedom to make life choices;
2015.0;125.0;DR Congo;Explained by: Freedom to make life choices;
2014.0;120.0;DR Congo;Explained by: Freedom to make life choices;
2012.0;117.0;DR Congo;Explained by: Freedom to make life choices;
2011.0;141.0;DR Congo;Explained by: Freedom to make life choices;
2024.0;37.0;El Salvador;Explained by: Freedom to make life choices;0.955
2023.0;74.0;Ecuador;Explained by: Freedom to make life choices;0.606
2022.0;74.0;Ecuador;Explained by: Freedom to make life choices;0.56
2021.0;76.0;Ecuador;Explained by: Freedom to make life choices;0.565
2020.0;67.0;Ecuador;Explained by: Freedom to make life choices;0.56
2019.0;58.0;Ecuador;Explained by: Freedom to make life choices;0.555
2018.0;50.0;Ecuador;Explained by: Freedom to make life choices;
2017.0;48.0;Ecuador;Explained by: Freedom to make life choices;
2016.0;44.0;Ecuador;Explained by: Freedom to make life choices;
2015.0;51.0;Ecuador;Explained by: Freedom to make life choices;
2014.0;48.0;Ecuador;Explained by: Freedom to make life choices;
2012.0;49.0;Ecuador;Explained by: Freedom to make life choices;
2011.0;66.0;Ecuador;Explained by: Freedom to make life choices;
2024.0;38.0;Spain;Explained by: Freedom to make life choices;0.734
2023.0;127.0;Egypt;Explained by: Freedom to make life choices;0.49
2022.0;121.0;Egypt;Explained by: Freedom to make life choices;0.467
2021.0;129.0;Egypt;Explained by: Freedom to make life choices;0.469
2020.0;133.0;Egypt;Explained by: Freedom to make life choices;0.446
2019.0;138.0;Egypt;Explained by: Freedom to make life choices;0.374
2018.0;137.0;Egypt;Explained by: Freedom to make life choices;
2017.0;122.0;Egypt;Explained by: Freedom to make life choices;
2016.0;104.0;Egypt;Explained by: Freedom to make life choices;
2015.0;120.0;Egypt;Explained by: Freedom to make life choices;
2014.0;135.0;Egypt;Explained by: Freedom to make life choices;
2012.0;130.0;Egypt;Explained by: Freedom to make life choices;
2011.0;101.0;Egypt;Explained by: Freedom to make life choices;
2024.0;39.0;Estonia;Explained by: Freedom to make life choices;0.902
2023.0;33.0;El Salvador;Explained by: Freedom to make life choices;0.816
2022.0;50.0;El Salvador;Explained by: Freedom to make life choices;0.713
2021.0;49.0;El Salvador;Explained by: Freedom to make life choices;0.666
2020.0;50.0;El Salvador;Explained by: Freedom to make life choices;0.615
2019.0;34.0;El Salvador;Explained by: Freedom to make life choices;0.524
2018.0;35.0;El Salvador;Explained by: Freedom to make life choices;
2017.0;40.0;El Salvador;Explained by: Freedom to make life choices;
2016.0;45.0;El Salvador;Explained by: Freedom to make life choices;
2015.0;46.0;El Salvador;Explained by: Freedom to make life choices;
2014.0;42.0;El Salvador;Explained by: Freedom to make life choices;
2012.0;52.0;El Salvador;Explained by: Freedom to make life choices;
2011.0;48.0;El Salvador;Explained by: Freedom to make life choices;
2024.0;40.0;Italy;Explained by: Freedom to make life choices;0.641
2023.0;34.0;Estonia;Explained by: Freedom to make life choices;0.805
2022.0;31.0;Estonia;Explained by: Freedom to make life choices;0.728
2021.0;36.0;Estonia;Explained by: Freedom to make life choices;0.689
2020.0;41.0;Estonia;Explained by: Freedom to make life choices;0.641
2019.0;51.0;Estonia;Explained by: Freedom to make life choices;0.577
2018.0;55.0;Estonia;Explained by: Freedom to make life choices;
2017.0;63.0;Estonia;Explained by: Freedom to make life choices;
2016.0;66.0;Estonia;Explained by: Freedom to make life choices;
2015.0;72.0;Estonia;Explained by: Freedom to make life choices;
2014.0;73.0;Estonia;Explained by: Freedom to make life choices;
2012.0;72.0;Estonia;Explained by: Freedom to make life choices;
2011.0;72.0;Estonia;Explained by: Freedom to make life choices;
2024.0;41.0;Panama;Explained by: Freedom to make life choices;0.876
2023.0;135.0;Eswatini;Explained by: Freedom to make life choices;0.284
2021.0;125.0;Eswatini;Explained by: Freedom to make life choices;0.259
2024.0;42.0;Argentina;Explained by: Freedom to make life choices;0.824
2023.0;130.0;Ethiopia;Explained by: Freedom to make life choices;0.441
2022.0;124.0;Ethiopia;Explained by: Freedom to make life choices;0.451
2021.0;131.0;Ethiopia;Explained by: Freedom to make life choices;0.472
2020.0;134.0;Ethiopia;Explained by: Freedom to make life choices;0.451
2019.0;136.0;Ethiopia;Explained by: Freedom to make life choices;0.413
2018.0;134.0;Ethiopia;Explained by: Freedom to make life choices;
2017.0;127.0;Ethiopia;Explained by: Freedom to make life choices;
2016.0;119.0;Ethiopia;Explained by: Freedom to make life choices;
2015.0;115.0;Ethiopia;Explained by: Freedom to make life choices;
2014.0;122.0;Ethiopia;Explained by: Freedom to make life choices;
2012.0;119.0;Ethiopia;Explained by: Freedom to make life choices;
2011.0;139.0;Ethiopia;Explained by: Freedom to make life choices;
2024.0;43.0;Kazakhstan;Explained by: Freedom to make life choices;0.878
2023.0;1.0;Finland;Explained by: Freedom to make life choices;0.859
2022.0;1.0;Finland;Explained by: Freedom to make life choices;0.772
2021.0;1.0;Finland;Explained by: Freedom to make life choices;0.736
2020.0;2.0;Finland;Explained by: Freedom to make life choices;0.691
2019.0;1.0;Finland;Explained by: Freedom to make life choices;0.662
2018.0;1.0;Finland;Explained by: Freedom to make life choices;
2017.0;1.0;Finland;Explained by: Freedom to make life choices;
2016.0;5.0;Finland;Explained by: Freedom to make life choices;
2015.0;5.0;Finland;Explained by: Freedom to make life choices;
2014.0;6.0;Finland;Explained by: Freedom to make life choices;
2012.0;7.0;Finland;Explained by: Freedom to make life choices;
2011.0;2.0;Finland;Explained by: Freedom to make life choices;
2024.0;44.0;Guatemala;Explained by: Freedom to make life choices;0.882
2023.0;27.0;France;Explained by: Freedom to make life choices;0.65
2022.0;21.0;France;Explained by: Freedom to make life choices;0.582
2021.0;20.0;France;Explained by: Freedom to make life choices;0.567
2020.0;22.0;France;Explained by: Freedom to make life choices;0.536
2019.0;23.0;France;Explained by: Freedom to make life choices;0.514
2018.0;24.0;France;Explained by: Freedom to make life choices;
2017.0;23.0;France;Explained by: Freedom to make life choices;
2016.0;31.0;France;Explained by: Freedom to make life choices;
2015.0;32.0;France;Explained by: Freedom to make life choices;
2014.0;29.0;France;Explained by: Freedom to make life choices;
2012.0;25.0;France;Explained by: Freedom to make life choices;
2011.0;23.0;France;Explained by: Freedom to make life choices;
2024.0;45.0;Chile;Explained by: Freedom to make life choices;0.779
2023.0;95.0;Gabon;Explained by: Freedom to make life choices;0.516
2022.0;94.0;Gabon;Explained by: Freedom to make life choices;0.346
2021.0;106.0;Gabon;Explained by: Freedom to make life choices;0.343
2020.0;113.0;Gabon;Explained by: Freedom to make life choices;0.424
2019.0;108.0;Gabon;Explained by: Freedom to make life choices;0.369
2018.0;104.0;Gabon;Explained by: Freedom to make life choices;
2017.0;103.0;Gabon;Explained by: Freedom to make life choices;
2016.0;118.0;Gabon;Explained by: Freedom to make life choices;
2015.0;134.0;Gabon;Explained by: Freedom to make life choices;
2014.0;143.0;Gabon;Explained by: Freedom to make life choices;
2012.0;138.0;Gabon;Explained by: Freedom to make life choices;
2024.0;46.0;Viet Nam;Explained by: Freedom to make life choices;1.012
2023.0;112.0;Gambia;Explained by: Freedom to make life choices;0.459
2022.0;119.0;Gambia;Explained by: Freedom to make life choices;0.286
2021.0;93.0;Gambia;Explained by: Freedom to make life choices;0.367
2020.0;99.0;Gambia;Explained by: Freedom to make life choices;0.384
2019.0;113.0;Gambia;Explained by: Freedom to make life choices;0.403
2018.0;120.0;Gambia;Explained by: Freedom to make life choices;
2024.0;47.0;Nicaragua;Explained by: Freedom to make life choices;0.912
2023.0;91.0;Georgia;Explained by: Freedom to make life choices;0.68
2022.0;90.0;Georgia;Explained by: Freedom to make life choices;0.539
2021.0;105.0;Georgia;Explained by: Freedom to make life choices;0.508
2020.0;109.0;Georgia;Explained by: Freedom to make life choices;0.488
2019.0;117.0;Georgia;Explained by: Freedom to make life choices;0.485
2018.0;119.0;Georgia;Explained by: Freedom to make life choices;
2017.0;128.0;Georgia;Explained by: Freedom to make life choices;
2016.0;125.0;Georgia;Explained by: Freedom to make life choices;
2015.0;126.0;Georgia;Explained by: Freedom to make life choices;
2014.0;130.0;Georgia;Explained by: Freedom to make life choices;
2012.0;134.0;Georgia;Explained by: Freedom to make life choices;
2011.0;146.0;Georgia;Explained by: Freedom to make life choices;
2024.0;48.0;Malta;Explained by: Freedom to make life choices;0.837
2023.0;24.0;Germany;Explained by: Freedom to make life choices;0.7
2022.0;16.0;Germany;Explained by: Freedom to make life choices;0.618
2021.0;14.0;Germany;Explained by: Freedom to make life choices;0.585
2020.0;14.0;Germany;Explained by: Freedom to make life choices;0.6
2019.0;17.0;Germany;Explained by: Freedom to make life choices;0.564
2018.0;17.0;Germany;Explained by: Freedom to make life choices;
2017.0;15.0;Germany;Explained by: Freedom to make life choices;
2016.0;16.0;Germany;Explained by: Freedom to make life choices;
2015.0;16.0;Germany;Explained by: Freedom to make life choices;
2014.0;26.0;Germany;Explained by: Freedom to make life choices;
2012.0;26.0;Germany;Explained by: Freedom to make life choices;
2011.0;30.0;Germany;Explained by: Freedom to make life choices;
2024.0;49.0;Thailand;Explained by: Freedom to make life choices;0.927
2023.0;120.0;Ghana;Explained by: Freedom to make life choices;0.623
2022.0;107.0;Ghana;Explained by: Freedom to make life choices;0.526
2021.0;111.0;Ghana;Explained by: Freedom to make life choices;0.5
2020.0;96.0;Ghana;Explained by: Freedom to make life choices;0.517
2019.0;91.0;Ghana;Explained by: Freedom to make life choices;0.477
2018.0;98.0;Ghana;Explained by: Freedom to make life choices;
2017.0;108.0;Ghana;Explained by: Freedom to make life choices;
2016.0;131.0;Ghana;Explained by: Freedom to make life choices;
2015.0;124.0;Ghana;Explained by: Freedom to make life choices;
2014.0;114.0;Ghana;Explained by: Freedom to make life choices;
2012.0;86.0;Ghana;Explained by: Freedom to make life choices;
2011.0;108.0;Ghana;Explained by: Freedom to make life choices;
2024.0;50.0;Slovakia;Explained by: Freedom to make life choices;0.704
2023.0;64.0;Greece;Explained by: Freedom to make life choices;0.337
2022.0;58.0;Greece;Explained by: Freedom to make life choices;0.248
2021.0;58.0;Greece;Explained by: Freedom to make life choices;0.249
2020.0;69.0;Greece;Explained by: Freedom to make life choices;0.243
2019.0;77.0;Greece;Explained by: Freedom to make life choices;0.174
2018.0;82.0;Greece;Explained by: Freedom to make life choices;
2017.0;79.0;Greece;Explained by: Freedom to make life choices;
2016.0;87.0;Greece;Explained by: Freedom to make life choices;
2015.0;99.0;Greece;Explained by: Freedom to make life choices;
2014.0;102.0;Greece;Explained by: Freedom to make life choices;
2012.0;70.0;Greece;Explained by: Freedom to make life choices;
2011.0;42.0;Greece;Explained by: Freedom to make life choices;
2024.0;51.0;Latvia;Explained by: Freedom to make life choices;0.789
2023.0;42.0;Guatemala;Explained by: Freedom to make life choices;0.735
2022.0;43.0;Guatemala;Explained by: Freedom to make life choices;0.631
2021.0;39.0;Guatemala;Explained by: Freedom to make life choices;0.662
2020.0;31.0;Guatemala;Explained by: Freedom to make life choices;0.638
2019.0;29.0;Guatemala;Explained by: Freedom to make life choices;0.613
2018.0;27.0;Guatemala;Explained by: Freedom to make life choices;
2017.0;30.0;Guatemala;Explained by: Freedom to make life choices;
2016.0;29.0;Guatemala;Explained by: Freedom to make life choices;
2015.0;39.0;Guatemala;Explained by: Freedom to make life choices;
2014.0;43.0;Guatemala;Explained by: Freedom to make life choices;
2012.0;47.0;Guatemala;Explained by: Freedom to make life choices;
2011.0;37.0;Guatemala;Explained by: Freedom to make life choices;
2024.0;52.0;Oman;Explained by: Freedom to make life choices;0.93
2023.0;97.0;Guinea;Explained by: Freedom to make life choices;0.521
2022.0;91.0;Guinea;Explained by: Freedom to make life choices;0.369
2021.0;109.0;Guinea;Explained by: Freedom to make life choices;0.334
2020.0;103.0;Guinea;Explained by: Freedom to make life choices;0.384
2019.0;102.0;Guinea;Explained by: Freedom to make life choices;0.372
2018.0;118.0;Guinea;Explained by: Freedom to make life choices;
2017.0;140.0;Guinea;Explained by: Freedom to make life choices;
2016.0;149.0;Guinea;Explained by: Freedom to make life choices;
2015.0;151.0;Guinea;Explained by: Freedom to make life choices;
2014.0;150.0;Guinea;Explained by: Freedom to make life choices;
2012.0;150.0;Guinea;Explained by: Freedom to make life choices;
2011.0;136.0;Guinea;Explained by: Freedom to make life choices;
2011.0;45.0;Guyana;Explained by: Freedom to make life choices;
2020.0;144.0;Haiti;Explained by: Freedom to make life choices;0.257
2019.0;142.0;Haiti;Explained by: Freedom to make life choices;0.169
2018.0;147.0;Haiti;Explained by: Freedom to make life choices;
2017.0;148.0;Haiti;Explained by: Freedom to make life choices;
2016.0;145.0;Haiti;Explained by: Freedom to make life choices;
2015.0;136.0;Haiti;Explained by: Freedom to make life choices;
2014.0;119.0;Haiti;Explained by: Freedom to make life choices;
2012.0;126.0;Haiti;Explained by: Freedom to make life choices;
2011.0;150.0;Haiti;Explained by: Freedom to make life choices;
2024.0;53.0;Uzbekistan;Explained by: Freedom to make life choices;0.977
2023.0;61.0;Honduras;Explained by: Freedom to make life choices;0.72
2022.0;53.0;Honduras;Explained by: Freedom to make life choices;0.613
2021.0;55.0;Honduras;Explained by: Freedom to make life choices;0.582
2020.0;60.0;Honduras;Explained by: Freedom to make life choices;0.578
2019.0;56.0;Honduras;Explained by: Freedom to make life choices;0.568
2018.0;59.0;Honduras;Explained by: Freedom to make life choices;
2017.0;72.0;Honduras;Explained by: Freedom to make life choices;
2016.0;91.0;Honduras;Explained by: Freedom to make life choices;
2015.0;104.0;Honduras;Explained by: Freedom to make life choices;
2014.0;105.0;Honduras;Explained by: Freedom to make life choices;
2012.0;84.0;Honduras;Explained by: Freedom to make life choices;
2011.0;63.0;Honduras;Explained by: Freedom to make life choices;
2024.0;54.0;Paraguay;Explained by: Freedom to make life choices;0.921
2023.0;86.0;Hong Kong SAR of China;Explained by: Freedom to make life choices;0.485
2022.0;82.0;Hong Kong SAR of China;Explained by: Freedom to make life choices;0.407
2021.0;81.0;Hong Kong SAR of China;Explained by: Freedom to make life choices;0.4
2020.0;78.0;Hong Kong SAR of China;Explained by: Freedom to make life choices;0.408
2019.0;78.0;Hong Kong SAR of China;Explained by: Freedom to make life choices;0.459
2018.0;76.0;Hong Kong SAR of China;Explained by: Freedom to make life choices;
2017.0;76.0;Hong Kong SAR of China;Explained by: Freedom to make life choices;
2016.0;71.0;Hong Kong SAR of China;Explained by: Freedom to make life choices;
2015.0;75.0;Hong Kong SAR of China;Explained by: Freedom to make life choices;
2014.0;72.0;Hong Kong SAR of China;Explained by: Freedom to make life choices;
2012.0;64.0;Hong Kong SAR of China;Explained by: Freedom to make life choices;
2011.0;67.0;Hong Kong SAR of China;Explained by: Freedom to make life choices;
2024.0;55.0;Japan;Explained by: Freedom to make life choices;0.746
2023.0;56.0;Hungary;Explained by: Freedom to make life choices;0.581
2022.0;51.0;Hungary;Explained by: Freedom to make life choices;0.501
2021.0;51.0;Hungary;Explained by: Freedom to make life choices;0.485
2020.0;54.0;Hungary;Explained by: Freedom to make life choices;0.454
2019.0;53.0;Hungary;Explained by: Freedom to make life choices;0.386
2018.0;62.0;Hungary;Explained by: Freedom to make life choices;
2017.0;69.0;Hungary;Explained by: Freedom to make life choices;
2016.0;75.0;Hungary;Explained by: Freedom to make life choices;
2015.0;91.0;Hungary;Explained by: Freedom to make life choices;
2014.0;104.0;Hungary;Explained by: Freedom to make life choices;
2012.0;110.0;Hungary;Explained by: Freedom to make life choices;
2011.0;96.0;Hungary;Explained by: Freedom to make life choices;
2024.0;56.0;Bosnia and Herzegovina;Explained by: Freedom to make life choices;0.749
2023.0;3.0;Iceland;Explained by: Freedom to make life choices;0.819
2022.0;3.0;Iceland;Explained by: Freedom to make life choices;0.738
2021.0;3.0;Iceland;Explained by: Freedom to make life choices;0.718
2020.0;5.0;Iceland;Explained by: Freedom to make life choices;0.698
2019.0;4.0;Iceland;Explained by: Freedom to make life choices;0.662
2018.0;4.0;Iceland;Explained by: Freedom to make life choices;
2017.0;4.0;Iceland;Explained by: Freedom to make life choices;
2016.0;3.0;Iceland;Explained by: Freedom to make life choices;
2015.0;3.0;Iceland;Explained by: Freedom to make life choices;
2014.0;2.0;Iceland;Explained by: Freedom to make life choices;
2012.0;9.0;Iceland;Explained by: Freedom to make life choices;
2011.0;20.0;Iceland;Explained by: Freedom to make life choices;
2024.0;57.0;Philippines;Explained by: Freedom to make life choices;0.966
2023.0;126.0;India;Explained by: Freedom to make life choices;0.767
2022.0;126.0;India;Explained by: Freedom to make life choices;0.685
2021.0;136.0;India;Explained by: Freedom to make life choices;0.647
2020.0;140.0;India;Explained by: Freedom to make life choices;0.622
2019.0;144.0;India;Explained by: Freedom to make life choices;0.581
2018.0;140.0;India;Explained by: Freedom to make life choices;
2017.0;133.0;India;Explained by: Freedom to make life choices;
2016.0;122.0;India;Explained by: Freedom to make life choices;
2015.0;118.0;India;Explained by: Freedom to make life choices;
2014.0;117.0;India;Explained by: Freedom to make life choices;
2012.0;111.0;India;Explained by: Freedom to make life choices;
2011.0;94.0;India;Explained by: Freedom to make life choices;
2024.0;58.0;Republic of Korea;Explained by: Freedom to make life choices;0.678
2023.0;80.0;Indonesia;Explained by: Freedom to make life choices;0.779
2022.0;84.0;Indonesia;Explained by: Freedom to make life choices;0.663
2021.0;87.0;Indonesia;Explained by: Freedom to make life choices;0.62
2020.0;83.0;Indonesia;Explained by: Freedom to make life choices;0.598
2019.0;84.0;Indonesia;Explained by: Freedom to make life choices;0.568
2018.0;92.0;Indonesia;Explained by: Freedom to make life choices;
2017.0;96.0;Indonesia;Explained by: Freedom to make life choices;
2016.0;81.0;Indonesia;Explained by: Freedom to make life choices;
2015.0;79.0;Indonesia;Explained by: Freedom to make life choices;
2014.0;74.0;Indonesia;Explained by: Freedom to make life choices;
2012.0;76.0;Indonesia;Explained by: Freedom to make life choices;
2011.0;83.0;Indonesia;Explained by: Freedom to make life choices;
2024.0;59.0;Bahrain;Explained by: Freedom to make life choices;0.907
2023.0;100.0;Iran;Explained by: Freedom to make life choices;0.366
2022.0;101.0;Iran;Explained by: Freedom to make life choices;0.281
2021.0;110.0;Iran;Explained by: Freedom to make life choices;0.281
2020.0;119.0;Iran;Explained by: Freedom to make life choices;0.275
2019.0;118.0;Iran;Explained by: Freedom to make life choices;0.301
2018.0;117.0;Iran;Explained by: Freedom to make life choices;
2017.0;106.0;Iran;Explained by: Freedom to make life choices;
2016.0;108.0;Iran;Explained by: Freedom to make life choices;
2015.0;105.0;Iran;Explained by: Freedom to make life choices;
2014.0;110.0;Iran;Explained by: Freedom to make life choices;
2012.0;115.0;Iran;Explained by: Freedom to make life choices;
2011.0;84.0;Iran;Explained by: Freedom to make life choices;
2024.0;60.0;Portugal;Explained by: Freedom to make life choices;0.879
2023.0;92.0;Iraq;Explained by: Freedom to make life choices;0.425
2022.0;98.0;Iraq;Explained by: Freedom to make life choices;0.351
2021.0;107.0;Iraq;Explained by: Freedom to make life choices;0.328
2020.0;112.0;Iraq;Explained by: Freedom to make life choices;0.302
2019.0;110.0;Iraq;Explained by: Freedom to make life choices;0.284
2018.0;126.0;Iraq;Explained by: Freedom to make life choices;
2017.0;117.0;Iraq;Explained by: Freedom to make life choices;
2016.0;117.0;Iraq;Explained by: Freedom to make life choices;
2015.0;112.0;Iraq;Explained by: Freedom to make life choices;
2014.0;112.0;Iraq;Explained by: Freedom to make life choices;
2012.0;105.0;Iraq;Explained by: Freedom to make life choices;
2011.0;98.0;Iraq;Explained by: Freedom to make life choices;
2024.0;61.0;Colombia;Explained by: Freedom to make life choices;0.777
2023.0;17.0;Ireland;Explained by: Freedom to make life choices;0.758
2022.0;14.0;Ireland;Explained by: Freedom to make life choices;0.656
2021.0;13.0;Ireland;Explained by: Freedom to make life choices;0.627
2020.0;16.0;Ireland;Explained by: Freedom to make life choices;0.606
2019.0;16.0;Ireland;Explained by: Freedom to make life choices;0.588
2018.0;16.0;Ireland;Explained by: Freedom to make life choices;
2017.0;14.0;Ireland;Explained by: Freedom to make life choices;
2016.0;15.0;Ireland;Explained by: Freedom to make life choices;
2015.0;19.0;Ireland;Explained by: Freedom to make life choices;
2014.0;18.0;Ireland;Explained by: Freedom to make life choices;
2012.0;18.0;Ireland;Explained by: Freedom to make life choices;
2011.0;10.0;Ireland;Explained by: Freedom to make life choices;
2024.0;62.0;Ecuador;Explained by: Freedom to make life choices;0.712
2023.0;5.0;Israel;Explained by: Freedom to make life choices;0.641
2022.0;4.0;Israel;Explained by: Freedom to make life choices;0.569
2021.0;9.0;Israel;Explained by: Freedom to make life choices;0.568
2020.0;13.0;Israel;Explained by: Freedom to make life choices;0.509
2019.0;14.0;Israel;Explained by: Freedom to make life choices;0.421
2018.0;13.0;Israel;Explained by: Freedom to make life choices;
2017.0;11.0;Israel;Explained by: Freedom to make life choices;
2016.0;11.0;Israel;Explained by: Freedom to make life choices;
2015.0;11.0;Israel;Explained by: Freedom to make life choices;
2014.0;11.0;Israel;Explained by: Freedom to make life choices;
2012.0;11.0;Israel;Explained by: Freedom to make life choices;
2011.0;14.0;Israel;Explained by: Freedom to make life choices;
2024.0;63.0;Honduras;Explained by: Freedom to make life choices;0.862
2023.0;41.0;Italy;Explained by: Freedom to make life choices;0.513
2022.0;33.0;Italy;Explained by: Freedom to make life choices;0.438
2021.0;31.0;Italy;Explained by: Freedom to make life choices;0.412
2020.0;29.0;Italy;Explained by: Freedom to make life choices;0.379
2019.0;30.0;Italy;Explained by: Freedom to make life choices;0.321
2018.0;36.0;Italy;Explained by: Freedom to make life choices;
2017.0;47.0;Italy;Explained by: Freedom to make life choices;
2016.0;48.0;Italy;Explained by: Freedom to make life choices;
2015.0;50.0;Italy;Explained by: Freedom to make life choices;
2014.0;50.0;Italy;Explained by: Freedom to make life choices;
2012.0;45.0;Italy;Explained by: Freedom to make life choices;
2011.0;28.0;Italy;Explained by: Freedom to make life choices;
2024.0;64.0;Malaysia;Explained by: Freedom to make life choices;0.991
2023.0;67.0;Jamaica;Explained by: Freedom to make life choices;0.647
2022.0;68.0;Jamaica;Explained by: Freedom to make life choices;0.587
2021.0;63.0;Jamaica;Explained by: Freedom to make life choices;0.567
2020.0;38.0;Jamaica;Explained by: Freedom to make life choices;0.618
2019.0;60.0;Jamaica;Explained by: Freedom to make life choices;0.553
2018.0;56.0;Jamaica;Explained by: Freedom to make life choices;
2017.0;56.0;Jamaica;Explained by: Freedom to make life choices;
2016.0;76.0;Jamaica;Explained by: Freedom to make life choices;
2015.0;73.0;Jamaica;Explained by: Freedom to make life choices;
2014.0;65.0;Jamaica;Explained by: Freedom to make life choices;
2012.0;75.0;Jamaica;Explained by: Freedom to make life choices;
2011.0;40.0;Jamaica;Explained by: Freedom to make life choices;
2024.0;65.0;Peru;Explained by: Freedom to make life choices;0.71
2023.0;51.0;Japan;Explained by: Freedom to make life choices;0.632
2022.0;47.0;Japan;Explained by: Freedom to make life choices;0.556
2021.0;54.0;Japan;Explained by: Freedom to make life choices;0.537
2020.0;57.0;Japan;Explained by: Freedom to make life choices;0.504
2019.0;62.0;Japan;Explained by: Freedom to make life choices;0.495
2018.0;58.0;Japan;Explained by: Freedom to make life choices;
2017.0;54.0;Japan;Explained by: Freedom to make life choices;
2016.0;51.0;Japan;Explained by: Freedom to make life choices;
2015.0;53.0;Japan;Explained by: Freedom to make life choices;
2014.0;46.0;Japan;Explained by: Freedom to make life choices;
2012.0;43.0;Japan;Explained by: Freedom to make life choices;
2011.0;44.0;Japan;Explained by: Freedom to make life choices;
2024.0;66.0;Russian Federation;Explained by: Freedom to make life choices;0.702
2023.0;125.0;Jordan;Explained by: Freedom to make life choices;0.593
2022.0;123.0;Jordan;Explained by: Freedom to make life choices;0.517
2021.0;134.0;Jordan;Explained by: Freedom to make life choices;0.476
2020.0;128.0;Jordan;Explained by: Freedom to make life choices;0.455
2019.0;119.0;Jordan;Explained by: Freedom to make life choices;0.425
2018.0;101.0;Jordan;Explained by: Freedom to make life choices;
2017.0;90.0;Jordan;Explained by: Freedom to make life choices;
2016.0;74.0;Jordan;Explained by: Freedom to make life choices;
2015.0;80.0;Jordan;Explained by: Freedom to make life choices;
2014.0;82.0;Jordan;Explained by: Freedom to make life choices;
2012.0;74.0;Jordan;Explained by: Freedom to make life choices;
2011.0;54.0;Jordan;Explained by: Freedom to make life choices;
2024.0;67.0;Cyprus;Explained by: Freedom to make life choices;0.612
2023.0;49.0;Kazakhstan;Explained by: Freedom to make life choices;0.733
2022.0;44.0;Kazakhstan;Explained by: Freedom to make life choices;0.628
2021.0;40.0;Kazakhstan;Explained by: Freedom to make life choices;0.584
2020.0;46.0;Kazakhstan;Explained by: Freedom to make life choices;0.573
2019.0;50.0;Kazakhstan;Explained by: Freedom to make life choices;0.497
2018.0;60.0;Kazakhstan;Explained by: Freedom to make life choices;
2017.0;60.0;Kazakhstan;Explained by: Freedom to make life choices;
2016.0;60.0;Kazakhstan;Explained by: Freedom to make life choices;
2015.0;54.0;Kazakhstan;Explained by: Freedom to make life choices;
2014.0;54.0;Kazakhstan;Explained by: Freedom to make life choices;
2012.0;57.0;Kazakhstan;Explained by: Freedom to make life choices;
2011.0;59.0;Kazakhstan;Explained by: Freedom to make life choices;
2024.0;68.0;China;Explained by: Freedom to make life choices;0.764
2023.0;114.0;Kenya;Explained by: Freedom to make life choices;0.519
2022.0;111.0;Kenya;Explained by: Freedom to make life choices;0.418
2021.0;119.0;Kenya;Explained by: Freedom to make life choices;0.44
2020.0;122.0;Kenya;Explained by: Freedom to make life choices;0.483
2019.0;121.0;Kenya;Explained by: Freedom to make life choices;0.519
2018.0;121.0;Kenya;Explained by: Freedom to make life choices;
2017.0;124.0;Kenya;Explained by: Freedom to make life choices;
2016.0;112.0;Kenya;Explained by: Freedom to make life choices;
2015.0;122.0;Kenya;Explained by: Freedom to make life choices;
2014.0;125.0;Kenya;Explained by: Freedom to make life choices;
2012.0;123.0;Kenya;Explained by: Freedom to make life choices;
2011.0;134.0;Kenya;Explained by: Freedom to make life choices;
2024.0;69.0;Hungary;Explained by: Freedom to make life choices;0.681
2023.0;29.0;Kosovo;Explained by: Freedom to make life choices;0.739
2022.0;34.0;Kosovo;Explained by: Freedom to make life choices;0.639
2021.0;32.0;Kosovo;Explained by: Freedom to make life choices;0.599
2020.0;34.0;Kosovo;Explained by: Freedom to make life choices;0.593
2019.0;35.0;Kosovo;Explained by: Freedom to make life choices;0.557
2018.0;46.0;Kosovo;Explained by: Freedom to make life choices;
2017.0;66.0;Kosovo;Explained by: Freedom to make life choices;
2016.0;78.0;Kosovo;Explained by: Freedom to make life choices;
2015.0;77.0;Kosovo;Explained by: Freedom to make life choices;
2014.0;69.0;Kosovo;Explained by: Freedom to make life choices;
2012.0;83.0;Kosovo;Explained by: Freedom to make life choices;
2011.0;68.0;Kosovo;Explained by: Freedom to make life choices;
2024.0;70.0;Trinidad and Tobago;Explained by: Freedom to make life choices;0.76
2023.0;13.0;Kuwait;Explained by: Freedom to make life choices;0.827
2021.0;50.0;Kuwait;Explained by: Freedom to make life choices;0.617
2020.0;48.0;Kuwait;Explained by: Freedom to make life choices;0.591
2019.0;48.0;Kuwait;Explained by: Freedom to make life choices;0.57
2018.0;51.0;Kuwait;Explained by: Freedom to make life choices;
2017.0;45.0;Kuwait;Explained by: Freedom to make life choices;
2016.0;39.0;Kuwait;Explained by: Freedom to make life choices;
2015.0;41.0;Kuwait;Explained by: Freedom to make life choices;
2014.0;39.0;Kuwait;Explained by: Freedom to make life choices;
2012.0;32.0;Kuwait;Explained by: Freedom to make life choices;
2011.0;29.0;Kuwait;Explained by: Freedom to make life choices;
2024.0;71.0;Montenegro;Explained by: Freedom to make life choices;0.768
2023.0;75.0;Kyrgyzstan;Explained by: Freedom to make life choices;0.834
2022.0;62.0;Kyrgyzstan;Explained by: Freedom to make life choices;0.735
2021.0;64.0;Kyrgyzstan;Explained by: Freedom to make life choices;0.693
2020.0;68.0;Kyrgyzstan;Explained by: Freedom to make life choices;0.673
2019.0;74.0;Kyrgyzstan;Explained by: Freedom to make life choices;0.615
2018.0;86.0;Kyrgyzstan;Explained by: Freedom to make life choices;
2017.0;92.0;Kyrgyzstan;Explained by: Freedom to make life choices;
2016.0;98.0;Kyrgyzstan;Explained by: Freedom to make life choices;
2015.0;85.0;Kyrgyzstan;Explained by: Freedom to make life choices;
2014.0;77.0;Kyrgyzstan;Explained by: Freedom to make life choices;
2012.0;89.0;Kyrgyzstan;Explained by: Freedom to make life choices;
2011.0;102.0;Kyrgyzstan;Explained by: Freedom to make life choices;
2024.0;72.0;Croatia;Explained by: Freedom to make life choices;0.478
2023.0;94.0;Lao PDR;Explained by: Freedom to make life choices;0.796
2022.0;89.0;Lao PDR;Explained by: Freedom to make life choices;0.715
2021.0;95.0;Lao PDR;Explained by: Freedom to make life choices;0.679
2020.0;101.0;Lao PDR;Explained by: Freedom to make life choices;0.643
2019.0;104.0;Lao PDR;Explained by: Freedom to make life choices;0.612
2018.0;105.0;Lao PDR;Explained by: Freedom to make life choices;
2017.0;110.0;Lao PDR;Explained by: Freedom to make life choices;
2015.0;102.0;Lao PDR;Explained by: Freedom to make life choices;
2014.0;99.0;Lao PDR;Explained by: Freedom to make life choices;
2012.0;109.0;Lao PDR;Explained by: Freedom to make life choices;
2011.0;82.0;Lao PDR;Explained by: Freedom to make life choices;
2024.0;73.0;Jamaica;Explained by: Freedom to make life choices;0.869
2023.0;46.0;Latvia;Explained by: Freedom to make life choices;0.666
2022.0;41.0;Latvia;Explained by: Freedom to make life choices;0.58
2021.0;42.0;Latvia;Explained by: Freedom to make life choices;0.502
2020.0;52.0;Latvia;Explained by: Freedom to make life choices;0.405
2019.0;57.0;Latvia;Explained by: Freedom to make life choices;0.329
2018.0;53.0;Latvia;Explained by: Freedom to make life choices;
2017.0;53.0;Latvia;Explained by: Freedom to make life choices;
2016.0;54.0;Latvia;Explained by: Freedom to make life choices;
2015.0;68.0;Latvia;Explained by: Freedom to make life choices;
2014.0;89.0;Latvia;Explained by: Freedom to make life choices;
2012.0;88.0;Latvia;Explained by: Freedom to make life choices;
2011.0;106.0;Latvia;Explained by: Freedom to make life choices;
2024.0;74.0;Bolivia;Explained by: Freedom to make life choices;0.817
2023.0;142.0;Lebanon;Explained by: Freedom to make life choices;0.173
2022.0;136.0;Lebanon;Explained by: Freedom to make life choices;0.123
2021.0;145.0;Lebanon;Explained by: Freedom to make life choices;0.103
2020.0;124.0;Lebanon;Explained by: Freedom to make life choices;0.175
2019.0;111.0;Lebanon;Explained by: Freedom to make life choices;0.186
2018.0;91.0;Lebanon;Explained by: Freedom to make life choices;
2017.0;88.0;Lebanon;Explained by: Freedom to make life choices;
2016.0;88.0;Lebanon;Explained by: Freedom to make life choices;
2015.0;93.0;Lebanon;Explained by: Freedom to make life choices;
2014.0;103.0;Lebanon;Explained by: Freedom to make life choices;
2012.0;97.0;Lebanon;Explained by: Freedom to make life choices;
2011.0;92.0;Lebanon;Explained by: Freedom to make life choices;
2024.0;75.0;Kyrgyzstan;Explained by: Freedom to make life choices;0.981
2023.0;141.0;Lesotho;Explained by: Freedom to make life choices;0.523
2021.0;141.0;Lesotho;Explained by: Freedom to make life choices;0.419
2020.0;146.0;Lesotho;Explained by: Freedom to make life choices;0.405
2019.0;143.0;Lesotho;Explained by: Freedom to make life choices;0.409
2018.0;144.0;Lesotho;Explained by: Freedom to make life choices;
2017.0;141.0;Lesotho;Explained by: Freedom to make life choices;
2016.0;139.0;Lesotho;Explained by: Freedom to make life choices;
2014.0;97.0;Lesotho;Explained by: Freedom to make life choices;
2012.0;98.0;Lesotho;Explained by: Freedom to make life choices;
2024.0;76.0;Dominican Republic;Explained by: Freedom to make life choices;0.866
2023.0;121.0;Liberia;Explained by: Freedom to make life choices;0.546
2022.0;125.0;Liberia;Explained by: Freedom to make life choices;0.471
2021.0;97.0;Liberia;Explained by: Freedom to make life choices;0.405
2020.0;121.0;Liberia;Explained by: Freedom to make life choices;0.43
2019.0;124.0;Liberia;Explained by: Freedom to make life choices;0.406
2018.0;141.0;Liberia;Explained by: Freedom to make life choices;
2017.0;149.0;Liberia;Explained by: Freedom to make life choices;
2016.0;148.0;Liberia;Explained by: Freedom to make life choices;
2015.0;150.0;Liberia;Explained by: Freedom to make life choices;
2014.0;116.0;Liberia;Explained by: Freedom to make life choices;
2012.0;133.0;Liberia;Explained by: Freedom to make life choices;
2011.0;140.0;Liberia;Explained by: Freedom to make life choices;
2024.0;77.0;Mongolia;Explained by: Freedom to make life choices;0.629
2023.0;66.0;Libya;Explained by: Freedom to make life choices;0.592
2021.0;86.0;Libya;Explained by: Freedom to make life choices;0.477
2020.0;81.0;Libya;Explained by: Freedom to make life choices;0.474
2019.0;80.0;Libya;Explained by: Freedom to make life choices;0.451
2018.0;72.0;Libya;Explained by: Freedom to make life choices;
2017.0;70.0;Libya;Explained by: Freedom to make life choices;
2016.0;68.0;Libya;Explained by: Freedom to make life choices;
2015.0;67.0;Libya;Explained by: Freedom to make life choices;
2014.0;63.0;Libya;Explained by: Freedom to make life choices;
2012.0;78.0;Libya;Explained by: Freedom to make life choices;
2011.0;81.0;Libya;Explained by: Freedom to make life choices;
2024.0;78.0;Mauritius;Explained by: Freedom to make life choices;0.761
2023.0;19.0;Lithuania;Explained by: Freedom to make life choices;0.533
2022.0;20.0;Lithuania;Explained by: Freedom to make life choices;0.487
2021.0;34.0;Lithuania;Explained by: Freedom to make life choices;0.496
2020.0;39.0;Lithuania;Explained by: Freedom to make life choices;0.476
2019.0;41.0;Lithuania;Explained by: Freedom to make life choices;0.42
2018.0;42.0;Lithuania;Explained by: Freedom to make life choices;
2017.0;50.0;Lithuania;Explained by: Freedom to make life choices;
2016.0;52.0;Lithuania;Explained by: Freedom to make life choices;
2015.0;60.0;Lithuania;Explained by: Freedom to make life choices;
2014.0;56.0;Lithuania;Explained by: Freedom to make life choices;
2012.0;71.0;Lithuania;Explained by: Freedom to make life choices;
2011.0;60.0;Lithuania;Explained by: Freedom to make life choices;
2024.0;79.0;Libya;Explained by: Freedom to make life choices;0.724
2023.0;8.0;Luxembourg;Explained by: Freedom to make life choices;0.801
2022.0;9.0;Luxembourg;Explained by: Freedom to make life choices;0.71
2021.0;6.0;Luxembourg;Explained by: Freedom to make life choices;0.7
2020.0;9.0;Luxembourg;Explained by: Freedom to make life choices;0.639
2019.0;10.0;Luxembourg;Explained by: Freedom to make life choices;0.61
2018.0;14.0;Luxembourg;Explained by: Freedom to make life choices;
2017.0;17.0;Luxembourg;Explained by: Freedom to make life choices;
2016.0;18.0;Luxembourg;Explained by: Freedom to make life choices;
2015.0;20.0;Luxembourg;Explained by: Freedom to make life choices;
2014.0;17.0;Luxembourg;Explained by: Freedom to make life choices;
2012.0;19.0;Luxembourg;Explained by: Freedom to make life choices;
2011.0;16.0;Luxembourg;Explained by: Freedom to make life choices;
2019.0;90.0;Macedonia;Explained by: Freedom to make life choices;0.41
2024.0;80.0;Republic of Moldova;Explained by: Freedom to make life choices;0.83
2023.0;123.0;Madagascar;Explained by: Freedom to make life choices;0.25
2022.0;127.0;Madagascar;Explained by: Freedom to make life choices;0.187
2021.0;128.0;Madagascar;Explained by: Freedom to make life choices;0.202
2020.0;136.0;Madagascar;Explained by: Freedom to make life choices;0.207
2019.0;137.0;Madagascar;Explained by: Freedom to make life choices;0.193
2018.0;143.0;Madagascar;Explained by: Freedom to make life choices;
2017.0;143.0;Madagascar;Explained by: Freedom to make life choices;
2016.0;144.0;Madagascar;Explained by: Freedom to make life choices;
2015.0;148.0;Madagascar;Explained by: Freedom to make life choices;
2014.0;147.0;Madagascar;Explained by: Freedom to make life choices;
2012.0;146.0;Madagascar;Explained by: Freedom to make life choices;
2011.0;129.0;Madagascar;Explained by: Freedom to make life choices;
2024.0;81.0;Greece;Explained by: Freedom to make life choices;0.396
2023.0;136.0;Malawi;Explained by: Freedom to make life choices;0.571
2022.0;131.0;Malawi;Explained by: Freedom to make life choices;0.49
2021.0;138.0;Malawi;Explained by: Freedom to make life choices;0.477
2020.0;145.0;Malawi;Explained by: Freedom to make life choices;0.484
2019.0;145.0;Malawi;Explained by: Freedom to make life choices;0.487
2018.0;150.0;Malawi;Explained by: Freedom to make life choices;
2017.0;147.0;Malawi;Explained by: Freedom to make life choices;
2016.0;136.0;Malawi;Explained by: Freedom to make life choices;
2015.0;132.0;Malawi;Explained by: Freedom to make life choices;
2014.0;131.0;Malawi;Explained by: Freedom to make life choices;
2012.0;139.0;Malawi;Explained by: Freedom to make life choices;
2011.0;114.0;Malawi;Explained by: Freedom to make life choices;
2024.0;82.0;Venezuela;Explained by: Freedom to make life choices;0.702
2023.0;59.0;Malaysia;Explained by: Freedom to make life choices;0.829
2022.0;55.0;Malaysia;Explained by: Freedom to make life choices;0.659
2021.0;70.0;Malaysia;Explained by: Freedom to make life choices;0.654
2020.0;82.0;Malaysia;Explained by: Freedom to make life choices;0.624
2019.0;82.0;Malaysia;Explained by: Freedom to make life choices;0.597
2018.0;80.0;Malaysia;Explained by: Freedom to make life choices;
2017.0;35.0;Malaysia;Explained by: Freedom to make life choices;
2016.0;42.0;Malaysia;Explained by: Freedom to make life choices;
2015.0;47.0;Malaysia;Explained by: Freedom to make life choices;
2014.0;61.0;Malaysia;Explained by: Freedom to make life choices;
2012.0;56.0;Malaysia;Explained by: Freedom to make life choices;
2011.0;51.0;Malaysia;Explained by: Freedom to make life choices;
2020.0;90.0;Maldives;Explained by: Freedom to make life choices;0.575
2019.0;87.0;Maldives;Explained by: Freedom to make life choices;0.548
2024.0;83.0;Indonesia;Explained by: Freedom to make life choices;0.918
2023.0;122.0;Mali;Explained by: Freedom to make life choices;0.586
2022.0;120.0;Mali;Explained by: Freedom to make life choices;0.441
2021.0;123.0;Mali;Explained by: Freedom to make life choices;0.35
2020.0;118.0;Mali;Explained by: Freedom to make life choices;0.384
2019.0;114.0;Mali;Explained by: Freedom to make life choices;0.378
2018.0;128.0;Mali;Explained by: Freedom to make life choices;
2017.0;118.0;Mali;Explained by: Freedom to make life choices;
2016.0;127.0;Mali;Explained by: Freedom to make life choices;
2015.0;135.0;Mali;Explained by: Freedom to make life choices;
2014.0;138.0;Mali;Explained by: Freedom to make life choices;
2012.0;132.0;Mali;Explained by: Freedom to make life choices;
2011.0;143.0;Mali;Explained by: Freedom to make life choices;
2024.0;84.0;Algeria;Explained by: Freedom to make life choices;0.522
2023.0;40.0;Malta;Explained by: Freedom to make life choices;0.727
2022.0;37.0;Malta;Explained by: Freedom to make life choices;0.671
2021.0;33.0;Malta;Explained by: Freedom to make life choices;0.679
2020.0;24.0;Malta;Explained by: Freedom to make life choices;0.664
2019.0;22.0;Malta;Explained by: Freedom to make life choices;0.633
2018.0;22.0;Malta;Explained by: Freedom to make life choices;
2017.0;22.0;Malta;Explained by: Freedom to make life choices;
2016.0;27.0;Malta;Explained by: Freedom to make life choices;
2015.0;30.0;Malta;Explained by: Freedom to make life choices;
2014.0;37.0;Malta;Explained by: Freedom to make life choices;
2012.0;48.0;Malta;Explained by: Freedom to make life choices;
2011.0;47.0;Malta;Explained by: Freedom to make life choices;
2024.0;85.0;Bulgaria;Explained by: Freedom to make life choices;0.708
2023.0;111.0;Mauritania;Explained by: Freedom to make life choices;0.343
2022.0;103.0;Mauritania;Explained by: Freedom to make life choices;0.32
2021.0;133.0;Mauritania;Explained by: Freedom to make life choices;0.304
2020.0;135.0;Mauritania;Explained by: Freedom to make life choices;0.218
2019.0;129.0;Mauritania;Explained by: Freedom to make life choices;0.186
2018.0;122.0;Mauritania;Explained by: Freedom to make life choices;
2017.0;126.0;Mauritania;Explained by: Freedom to make life choices;
2016.0;123.0;Mauritania;Explained by: Freedom to make life choices;
2015.0;130.0;Mauritania;Explained by: Freedom to make life choices;
2014.0;124.0;Mauritania;Explained by: Freedom to make life choices;
2012.0;112.0;Mauritania;Explained by: Freedom to make life choices;
2011.0;113.0;Mauritania;Explained by: Freedom to make life choices;
2024.0;86.0;North Macedonia;Explained by: Freedom to make life choices;0.637
2023.0;70.0;Mauritius;Explained by: Freedom to make life choices;0.641
2022.0;59.0;Mauritius;Explained by: Freedom to make life choices;0.574
2021.0;52.0;Mauritius;Explained by: Freedom to make life choices;0.589
2020.0;51.0;Mauritius;Explained by: Freedom to make life choices;0.59
2019.0;49.0;Mauritius;Explained by: Freedom to make life choices;0.591
2018.0;57.0;Mauritius;Explained by: Freedom to make life choices;
2017.0;55.0;Mauritius;Explained by: Freedom to make life choices;
2016.0;64.0;Mauritius;Explained by: Freedom to make life choices;
2015.0;66.0;Mauritius;Explained by: Freedom to make life choices;
2014.0;71.0;Mauritius;Explained by: Freedom to make life choices;
2012.0;67.0;Mauritius;Explained by: Freedom to make life choices;
2011.0;64.0;Mauritius;Explained by: Freedom to make life choices;
2024.0;87.0;Armenia;Explained by: Freedom to make life choices;0.786
2023.0;25.0;Mexico;Explained by: Freedom to make life choices;0.722
2022.0;36.0;Mexico;Explained by: Freedom to make life choices;0.632
2021.0;46.0;Mexico;Explained by: Freedom to make life choices;0.621
2020.0;37.0;Mexico;Explained by: Freedom to make life choices;0.585
2019.0;24.0;Mexico;Explained by: Freedom to make life choices;0.554
2018.0;23.0;Mexico;Explained by: Freedom to make life choices;
2017.0;24.0;Mexico;Explained by: Freedom to make life choices;
2016.0;25.0;Mexico;Explained by: Freedom to make life choices;
2015.0;21.0;Mexico;Explained by: Freedom to make life choices;
2014.0;14.0;Mexico;Explained by: Freedom to make life choices;
2012.0;16.0;Mexico;Explained by: Freedom to make life choices;
2011.0;24.0;Mexico;Explained by: Freedom to make life choices;
2024.0;88.0;Hong Kong SAR of China;Explained by: Freedom to make life choices;0.674
2023.0;77.0;Mongolia;Explained by: Freedom to make life choices;0.501
2022.0;61.0;Mongolia;Explained by: Freedom to make life choices;0.425
2021.0;68.0;Mongolia;Explained by: Freedom to make life choices;0.398
2020.0;71.0;Mongolia;Explained by: Freedom to make life choices;0.397
2019.0;81.0;Mongolia;Explained by: Freedom to make life choices;0.356
2018.0;83.0;Mongolia;Explained by: Freedom to make life choices;
2017.0;94.0;Mongolia;Explained by: Freedom to make life choices;
2016.0;100.0;Mongolia;Explained by: Freedom to make life choices;
2015.0;101.0;Mongolia;Explained by: Freedom to make life choices;
2014.0;100.0;Mongolia;Explained by: Freedom to make life choices;
2012.0;102.0;Mongolia;Explained by: Freedom to make life choices;
2011.0;119.0;Mongolia;Explained by: Freedom to make life choices;
2024.0;89.0;Albania;Explained by: Freedom to make life choices;0.841
2023.0;76.0;Montenegro;Explained by: Freedom to make life choices;0.632
2022.0;67.0;Montenegro;Explained by: Freedom to make life choices;0.563
2021.0;75.0;Montenegro;Explained by: Freedom to make life choices;0.46
2020.0;73.0;Montenegro;Explained by: Freedom to make life choices;0.397
2019.0;72.0;Montenegro;Explained by: Freedom to make life choices;0.303
2018.0;73.0;Montenegro;Explained by: Freedom to make life choices;
2017.0;81.0;Montenegro;Explained by: Freedom to make life choices;
2016.0;83.0;Montenegro;Explained by: Freedom to make life choices;
2015.0;88.0;Montenegro;Explained by: Freedom to make life choices;
2014.0;83.0;Montenegro;Explained by: Freedom to make life choices;
2012.0;80.0;Montenegro;Explained by: Freedom to make life choices;
2011.0;86.0;Montenegro;Explained by: Freedom to make life choices;
2024.0;90.0;Tajikistan;Explained by: Freedom to make life choices;
2023.0;107.0;Morocco;Explained by: Freedom to make life choices;0.631
2022.0;100.0;Morocco;Explained by: Freedom to make life choices;0.54
2021.0;100.0;Morocco;Explained by: Freedom to make life choices;0.492
2020.0;107.0;Morocco;Explained by: Freedom to make life choices;0.477
2019.0;97.0;Morocco;Explained by: Freedom to make life choices;0.45
2018.0;89.0;Morocco;Explained by: Freedom to make life choices;
2017.0;85.0;Morocco;Explained by: Freedom to make life choices;
2016.0;84.0;Morocco;Explained by: Freedom to make life choices;
2015.0;90.0;Morocco;Explained by: Freedom to make life choices;
2014.0;92.0;Morocco;Explained by: Freedom to make life choices;
2012.0;99.0;Morocco;Explained by: Freedom to make life choices;
2011.0;105.0;Morocco;Explained by: Freedom to make life choices;
2024.0;91.0;Georgia;Explained by: Freedom to make life choices;0.844
2023.0;90.0;Mozambique;Explained by: Freedom to make life choices;0.728
2022.0;97.0;Mozambique;Explained by: Freedom to make life choices;0.625
2021.0;101.0;Mozambique;Explained by: Freedom to make life choices;0.593
2020.0;116.0;Mozambique;Explained by: Freedom to make life choices;0.608
2019.0;120.0;Mozambique;Explained by: Freedom to make life choices;0.561
2018.0;123.0;Mozambique;Explained by: Freedom to make life choices;
2017.0;123.0;Mozambique;Explained by: Freedom to make life choices;
2016.0;113.0;Mozambique;Explained by: Freedom to make life choices;
2014.0;94.0;Mozambique;Explained by: Freedom to make life choices;
2012.0;94.0;Mozambique;Explained by: Freedom to make life choices;
2011.0;110.0;Mozambique;Explained by: Freedom to make life choices;
2024.0;92.0;Nepal;Explained by: Freedom to make life choices;0.764
2023.0;118.0;Myanmar;Explained by: Freedom to make life choices;0.45
2022.0;117.0;Myanmar;Explained by: Freedom to make life choices;0.46
2021.0;126.0;Myanmar;Explained by: Freedom to make life choices;0.513
2020.0;127.0;Myanmar;Explained by: Freedom to make life choices;0.601
2019.0;133.0;Myanmar;Explained by: Freedom to make life choices;0.597
2018.0;131.0;Myanmar;Explained by: Freedom to make life choices;
2017.0;130.0;Myanmar;Explained by: Freedom to make life choices;
2016.0;114.0;Myanmar;Explained by: Freedom to make life choices;
2015.0;119.0;Myanmar;Explained by: Freedom to make life choices;
2014.0;129.0;Myanmar;Explained by: Freedom to make life choices;
2012.0;121.0;Myanmar;Explained by: Freedom to make life choices;
2011.0;74.0;Myanmar;Explained by: Freedom to make life choices;
2024.0;93.0;Lao PDR;Explained by: Freedom to make life choices;0.916
2023.0;106.0;Namibia;Explained by: Freedom to make life choices;0.47
2022.0;105.0;Namibia;Explained by: Freedom to make life choices;0.383
2021.0;124.0;Namibia;Explained by: Freedom to make life choices;0.384
2020.0;125.0;Namibia;Explained by: Freedom to make life choices;0.411
2019.0;122.0;Namibia;Explained by: Freedom to make life choices;0.445
2018.0;113.0;Namibia;Explained by: Freedom to make life choices;
2017.0;119.0;Namibia;Explained by: Freedom to make life choices;
2016.0;111.0;Namibia;Explained by: Freedom to make life choices;
2015.0;113.0;Namibia;Explained by: Freedom to make life choices;
2011.0;97.0;Namibia;Explained by: Freedom to make life choices;
2024.0;94.0;Türkiye;Explained by: Freedom to make life choices;0.244
2023.0;93.0;Nepal;Explained by: Freedom to make life choices;0.653
2022.0;78.0;Nepal;Explained by: Freedom to make life choices;0.567
2021.0;84.0;Nepal;Explained by: Freedom to make life choices;0.519
2020.0;88.0;Nepal;Explained by: Freedom to make life choices;0.488
2019.0;92.0;Nepal;Explained by: Freedom to make life choices;0.481
2018.0;100.0;Nepal;Explained by: Freedom to make life choices;
2017.0;101.0;Nepal;Explained by: Freedom to make life choices;
2016.0;99.0;Nepal;Explained by: Freedom to make life choices;
2015.0;107.0;Nepal;Explained by: Freedom to make life choices;
2014.0;121.0;Nepal;Explained by: Freedom to make life choices;
2012.0;135.0;Nepal;Explained by: Freedom to make life choices;
2011.0;121.0;Nepal;Explained by: Freedom to make life choices;
2024.0;95.0;South Africa;Explained by: Freedom to make life choices;0.676
2023.0;6.0;Netherlands;Explained by: Freedom to make life choices;0.725
2022.0;5.0;Netherlands;Explained by: Freedom to make life choices;0.672
2021.0;5.0;Netherlands;Explained by: Freedom to make life choices;0.651
2020.0;6.0;Netherlands;Explained by: Freedom to make life choices;0.647
2019.0;6.0;Netherlands;Explained by: Freedom to make life choices;0.614
2018.0;5.0;Netherlands;Explained by: Freedom to make life choices;
2017.0;6.0;Netherlands;Explained by: Freedom to make life choices;
2016.0;6.0;Netherlands;Explained by: Freedom to make life choices;
2015.0;7.0;Netherlands;Explained by: Freedom to make life choices;
2014.0;7.0;Netherlands;Explained by: Freedom to make life choices;
2012.0;4.0;Netherlands;Explained by: Freedom to make life choices;
2011.0;4.0;Netherlands;Explained by: Freedom to make life choices;
2024.0;96.0;Mozambique;Explained by: Freedom to make life choices;0.813
2023.0;11.0;New Zealand;Explained by: Freedom to make life choices;0.746
2022.0;10.0;New Zealand;Explained by: Freedom to make life choices;0.672
2021.0;10.0;New Zealand;Explained by: Freedom to make life choices;0.68
2020.0;10.0;New Zealand;Explained by: Freedom to make life choices;0.665
2019.0;8.0;New Zealand;Explained by: Freedom to make life choices;0.647
2018.0;8.0;New Zealand;Explained by: Freedom to make life choices;
2017.0;8.0;New Zealand;Explained by: Freedom to make life choices;
2016.0;8.0;New Zealand;Explained by: Freedom to make life choices;
2015.0;8.0;New Zealand;Explained by: Freedom to make life choices;
2014.0;9.0;New Zealand;Explained by: Freedom to make life choices;
2012.0;13.0;New Zealand;Explained by: Freedom to make life choices;
2011.0;8.0;New Zealand;Explained by: Freedom to make life choices;
2024.0;97.0;Gabon;Explained by: Freedom to make life choices;0.651
2023.0;43.0;Nicaragua;Explained by: Freedom to make life choices;0.793
2022.0;40.0;Nicaragua;Explained by: Freedom to make life choices;0.66
2021.0;45.0;Nicaragua;Explained by: Freedom to make life choices;0.617
2020.0;56.0;Nicaragua;Explained by: Freedom to make life choices;0.553
2019.0;46.0;Nicaragua;Explained by: Freedom to make life choices;0.56
2018.0;45.0;Nicaragua;Explained by: Freedom to make life choices;
2017.0;41.0;Nicaragua;Explained by: Freedom to make life choices;
2016.0;43.0;Nicaragua;Explained by: Freedom to make life choices;
2015.0;48.0;Nicaragua;Explained by: Freedom to make life choices;
2014.0;57.0;Nicaragua;Explained by: Freedom to make life choices;
2012.0;65.0;Nicaragua;Explained by: Freedom to make life choices;
2011.0;89.0;Nicaragua;Explained by: Freedom to make life choices;
2024.0;98.0;Côte d’Ivoire;Explained by: Freedom to make life choices;0.661
2023.0;109.0;Niger;Explained by: Freedom to make life choices;0.615
2022.0;109.0;Niger;Explained by: Freedom to make life choices;0.54
2021.0;104.0;Niger;Explained by: Freedom to make life choices;0.571
2020.0;97.0;Niger;Explained by: Freedom to make life choices;0.516
2019.0;103.0;Niger;Explained by: Freedom to make life choices;0.435
2018.0;114.0;Niger;Explained by: Freedom to make life choices;
2017.0;134.0;Niger;Explained by: Freedom to make life choices;
2016.0;135.0;Niger;Explained by: Freedom to make life choices;
2015.0;142.0;Niger;Explained by: Freedom to make life choices;
2014.0;144.0;Niger;Explained by: Freedom to make life choices;
2012.0;136.0;Niger;Explained by: Freedom to make life choices;
2011.0;137.0;Niger;Explained by: Freedom to make life choices;
2024.0;99.0;Iran;Explained by: Freedom to make life choices;0.456
2023.0;102.0;Nigeria;Explained by: Freedom to make life choices;0.566
2022.0;95.0;Nigeria;Explained by: Freedom to make life choices;0.448
2021.0;118.0;Nigeria;Explained by: Freedom to make life choices;0.444
2020.0;117.0;Nigeria;Explained by: Freedom to make life choices;0.433
2019.0;115.0;Nigeria;Explained by: Freedom to make life choices;0.435
2018.0;85.0;Nigeria;Explained by: Freedom to make life choices;
2017.0;91.0;Nigeria;Explained by: Freedom to make life choices;
2016.0;95.0;Nigeria;Explained by: Freedom to make life choices;
2015.0;103.0;Nigeria;Explained by: Freedom to make life choices;
2014.0;78.0;Nigeria;Explained by: Freedom to make life choices;
2012.0;82.0;Nigeria;Explained by: Freedom to make life choices;
2011.0;100.0;Nigeria;Explained by: Freedom to make life choices;
2021.0;79.0;North Cyprus;Explained by: Freedom to make life choices;0.523
2020.0;75.0;North Cyprus;Explained by: Freedom to make life choices;0.503
2019.0;76.0;North Cyprus;Explained by: Freedom to make life choices;0.478
2018.0;64.0;North Cyprus;Explained by: Freedom to make life choices;
2017.0;58.0;North Cyprus;Explained by: Freedom to make life choices;
2016.0;61.0;North Cyprus;Explained by: Freedom to make life choices;
2015.0;62.0;North Cyprus;Explained by: Freedom to make life choices;
2014.0;66.0;North Cyprus;Explained by: Freedom to make life choices;
2012.0;69.0;North Cyprus;Explained by: Freedom to make life choices;
2024.0;100.0;Congo;Explained by: Freedom to make life choices;0.626
2023.0;84.0;North Macedonia;Explained by: Freedom to make life choices;0.58
2022.0;87.0;North Macedonia;Explained by: Freedom to make life choices;0.515
2021.0;89.0;North Macedonia;Explained by: Freedom to make life choices;0.488
2020.0;95.0;North Macedonia;Explained by: Freedom to make life choices;0.45
2018.0;84.0;North Macedonia;Explained by: Freedom to make life choices;
2017.0;89.0;North Macedonia;Explained by: Freedom to make life choices;
2016.0;92.0;North Macedonia;Explained by: Freedom to make life choices;
2015.0;95.0;North Macedonia;Explained by: Freedom to make life choices;
2014.0;93.0;North Macedonia;Explained by: Freedom to make life choices;
2012.0;118.0;North Macedonia;Explained by: Freedom to make life choices;
2011.0;127.0;North Macedonia;Explained by: Freedom to make life choices;
2024.0;101.0;Iraq;Explained by: Freedom to make life choices;0.503
2023.0;7.0;Norway;Explained by: Freedom to make life choices;0.835
2022.0;7.0;Norway;Explained by: Freedom to make life choices;0.752
2021.0;8.0;Norway;Explained by: Freedom to make life choices;0.728
2020.0;7.0;Norway;Explained by: Freedom to make life choices;0.703
2019.0;5.0;Norway;Explained by: Freedom to make life choices;0.67
2018.0;3.0;Norway;Explained by: Freedom to make life choices;
2017.0;2.0;Norway;Explained by: Freedom to make life choices;
2016.0;1.0;Norway;Explained by: Freedom to make life choices;
2015.0;4.0;Norway;Explained by: Freedom to make life choices;
2014.0;4.0;Norway;Explained by: Freedom to make life choices;
2012.0;2.0;Norway;Explained by: Freedom to make life choices;
2011.0;3.0;Norway;Explained by: Freedom to make life choices;
2024.0;102.0;Guinea;Explained by: Freedom to make life choices;0.676
2014.0;22.0;Oman;Explained by: Freedom to make life choices;
2012.0;23.0;Oman;Explained by: Freedom to make life choices;
2024.0;103.0;Namibia;Explained by: Freedom to make life choices;0.564
2023.0;108.0;Pakistan;Explained by: Freedom to make life choices;0.542
2022.0;108.0;Pakistan;Explained by: Freedom to make life choices;0.511
2021.0;121.0;Pakistan;Explained by: Freedom to make life choices;0.448
2020.0;106.0;Pakistan;Explained by: Freedom to make life choices;0.418
2019.0;66.0;Pakistan;Explained by: Freedom to make life choices;0.405
2018.0;67.0;Pakistan;Explained by: Freedom to make life choices;
2017.0;75.0;Pakistan;Explained by: Freedom to make life choices;
2016.0;80.0;Pakistan;Explained by: Freedom to make life choices;
2015.0;92.0;Pakistan;Explained by: Freedom to make life choices;
2014.0;81.0;Pakistan;Explained by: Freedom to make life choices;
2012.0;81.0;Pakistan;Explained by: Freedom to make life choices;
2011.0;85.0;Pakistan;Explained by: Freedom to make life choices;
2024.0;104.0;Cameroon;Explained by: Freedom to make life choices;0.662
2023.0;39.0;Panama;Explained by: Freedom to make life choices;0.72
2022.0;38.0;Panama;Explained by: Freedom to make life choices;0.63
2021.0;37.0;Panama;Explained by: Freedom to make life choices;0.592
2020.0;42.0;Panama;Explained by: Freedom to make life choices;0.596
2019.0;36.0;Panama;Explained by: Freedom to make life choices;0.58
2018.0;31.0;Panama;Explained by: Freedom to make life choices;
2017.0;27.0;Panama;Explained by: Freedom to make life choices;
2016.0;30.0;Panama;Explained by: Freedom to make life choices;
2015.0;25.0;Panama;Explained by: Freedom to make life choices;
2014.0;25.0;Panama;Explained by: Freedom to make life choices;
2012.0;15.0;Panama;Explained by: Freedom to make life choices;
2011.0;21.0;Panama;Explained by: Freedom to make life choices;
2024.0;105.0;Nigeria;Explained by: Freedom to make life choices;0.639
2023.0;57.0;Paraguay;Explained by: Freedom to make life choices;0.788
2022.0;66.0;Paraguay;Explained by: Freedom to make life choices;0.678
2021.0;73.0;Paraguay;Explained by: Freedom to make life choices;0.629
2020.0;72.0;Paraguay;Explained by: Freedom to make life choices;0.602
2019.0;67.0;Paraguay;Explained by: Freedom to make life choices;0.587
2018.0;63.0;Paraguay;Explained by: Freedom to make life choices;
2017.0;64.0;Paraguay;Explained by: Freedom to make life choices;
2016.0;70.0;Paraguay;Explained by: Freedom to make life choices;
2015.0;70.0;Paraguay;Explained by: Freedom to make life choices;
2014.0;53.0;Paraguay;Explained by: Freedom to make life choices;
2012.0;54.0;Paraguay;Explained by: Freedom to make life choices;
2011.0;70.0;Paraguay;Explained by: Freedom to make life choices;
2024.0;106.0;Azerbaijan;Explained by: Freedom to make life choices;0.785
2023.0;68.0;Peru;Explained by: Freedom to make life choices;0.615
2022.0;75.0;Peru;Explained by: Freedom to make life choices;0.549
2021.0;74.0;Peru;Explained by: Freedom to make life choices;0.545
2020.0;64.0;Peru;Explained by: Freedom to make life choices;0.536
2019.0;63.0;Peru;Explained by: Freedom to make life choices;0.513
2018.0;65.0;Peru;Explained by: Freedom to make life choices;
2017.0;65.0;Peru;Explained by: Freedom to make life choices;
2016.0;63.0;Peru;Explained by: Freedom to make life choices;
2015.0;64.0;Peru;Explained by: Freedom to make life choices;
2014.0;58.0;Peru;Explained by: Freedom to make life choices;
2012.0;55.0;Peru;Explained by: Freedom to make life choices;
2011.0;77.0;Peru;Explained by: Freedom to make life choices;
2024.0;107.0;Senegal;Explained by: Freedom to make life choices;0.767
2023.0;53.0;Philippines;Explained by: Freedom to make life choices;0.826
2022.0;76.0;Philippines;Explained by: Freedom to make life choices;0.714
2021.0;60.0;Philippines;Explained by: Freedom to make life choices;0.678
2020.0;62.0;Philippines;Explained by: Freedom to make life choices;0.651
2019.0;52.0;Philippines;Explained by: Freedom to make life choices;0.622
2018.0;69.0;Philippines;Explained by: Freedom to make life choices;
2017.0;71.0;Philippines;Explained by: Freedom to make life choices;
2016.0;72.0;Philippines;Explained by: Freedom to make life choices;
2015.0;82.0;Philippines;Explained by: Freedom to make life choices;
2014.0;90.0;Philippines;Explained by: Freedom to make life choices;
2012.0;92.0;Philippines;Explained by: Freedom to make life choices;
2011.0;103.0;Philippines;Explained by: Freedom to make life choices;
2024.0;108.0;State of Palestine;Explained by: Freedom to make life choices;0.618
2023.0;35.0;Poland;Explained by: Freedom to make life choices;0.6
2022.0;39.0;Poland;Explained by: Freedom to make life choices;0.511
2021.0;48.0;Poland;Explained by: Freedom to make life choices;0.523
2020.0;45.0;Poland;Explained by: Freedom to make life choices;0.558
2019.0;43.0;Poland;Explained by: Freedom to make life choices;0.558
2018.0;40.0;Poland;Explained by: Freedom to make life choices;
2017.0;42.0;Poland;Explained by: Freedom to make life choices;
2016.0;46.0;Poland;Explained by: Freedom to make life choices;
2015.0;57.0;Poland;Explained by: Freedom to make life choices;
2014.0;60.0;Poland;Explained by: Freedom to make life choices;
2012.0;51.0;Poland;Explained by: Freedom to make life choices;
2011.0;53.0;Poland;Explained by: Freedom to make life choices;
2024.0;109.0;Pakistan;Explained by: Freedom to make life choices;0.529
2023.0;55.0;Portugal;Explained by: Freedom to make life choices;0.757
2022.0;56.0;Portugal;Explained by: Freedom to make life choices;0.693
2021.0;56.0;Portugal;Explained by: Freedom to make life choices;0.655
2020.0;59.0;Portugal;Explained by: Freedom to make life choices;0.621
2019.0;59.0;Portugal;Explained by: Freedom to make life choices;0.59
2018.0;66.0;Portugal;Explained by: Freedom to make life choices;
2017.0;77.0;Portugal;Explained by: Freedom to make life choices;
2016.0;89.0;Portugal;Explained by: Freedom to make life choices;
2015.0;94.0;Portugal;Explained by: Freedom to make life choices;
2014.0;88.0;Portugal;Explained by: Freedom to make life choices;
2012.0;85.0;Portugal;Explained by: Freedom to make life choices;
2011.0;73.0;Portugal;Explained by: Freedom to make life choices;
2015.0;15.0;Puerto Rico;Explained by: Freedom to make life choices;
2011.0;27.0;Puerto Rico;Explained by: Freedom to make life choices;
2018.0;29.0;Qatar;Explained by: Freedom to make life choices;
2017.0;32.0;Qatar;Explained by: Freedom to make life choices;
2016.0;35.0;Qatar;Explained by: Freedom to make life choices;
2015.0;36.0;Qatar;Explained by: Freedom to make life choices;
2014.0;28.0;Qatar;Explained by: Freedom to make life choices;
2012.0;27.0;Qatar;Explained by: Freedom to make life choices;
2011.0;31.0;Qatar;Explained by: Freedom to make life choices;
2024.0;110.0;Niger;Explained by: Freedom to make life choices;0.759
2023.0;52.0;Republic of Korea;Explained by: Freedom to make life choices;0.555
2022.0;57.0;Republic of Korea;Explained by: Freedom to make life choices;0.446
2021.0;59.0;Republic of Korea;Explained by: Freedom to make life choices;0.414
2020.0;63.0;Republic of Korea;Explained by: Freedom to make life choices;0.353
2019.0;61.0;Republic of Korea;Explained by: Freedom to make life choices;0.259
2018.0;54.0;Republic of Korea;Explained by: Freedom to make life choices;
2017.0;57.0;Republic of Korea;Explained by: Freedom to make life choices;
2016.0;55.0;Republic of Korea;Explained by: Freedom to make life choices;
2015.0;58.0;Republic of Korea;Explained by: Freedom to make life choices;
2014.0;47.0;Republic of Korea;Explained by: Freedom to make life choices;
2012.0;41.0;Republic of Korea;Explained by: Freedom to make life choices;
2011.0;56.0;Republic of Korea;Explained by: Freedom to make life choices;
2024.0;111.0;Ukraine;Explained by: Freedom to make life choices;0.689
2023.0;71.0;Republic of Moldova;Explained by: Freedom to make life choices;0.695
2022.0;63.0;Republic of Moldova;Explained by: Freedom to make life choices;0.61
2021.0;62.0;Republic of Moldova;Explained by: Freedom to make life choices;0.561
2020.0;66.0;Republic of Moldova;Explained by: Freedom to make life choices;0.536
2019.0;70.0;Republic of Moldova;Explained by: Freedom to make life choices;0.39
2018.0;71.0;Republic of Moldova;Explained by: Freedom to make life choices;
2017.0;67.0;Republic of Moldova;Explained by: Freedom to make life choices;
2016.0;56.0;Republic of Moldova;Explained by: Freedom to make life choices;
2015.0;55.0;Republic of Moldova;Explained by: Freedom to make life choices;
2014.0;52.0;Republic of Moldova;Explained by: Freedom to make life choices;
2012.0;53.0;Republic of Moldova;Explained by: Freedom to make life choices;
2011.0;75.0;Republic of Moldova;Explained by: Freedom to make life choices;
2024.0;112.0;Morocco;Explained by: Freedom to make life choices;0.748
2023.0;32.0;Romania;Explained by: Freedom to make life choices;0.717
2022.0;24.0;Romania;Explained by: Freedom to make life choices;0.631
2021.0;28.0;Romania;Explained by: Freedom to make life choices;0.605
2020.0;47.0;Romania;Explained by: Freedom to make life choices;0.564
2019.0;47.0;Romania;Explained by: Freedom to make life choices;0.535
2018.0;48.0;Romania;Explained by: Freedom to make life choices;
2017.0;52.0;Romania;Explained by: Freedom to make life choices;
2016.0;57.0;Romania;Explained by: Freedom to make life choices;
2015.0;71.0;Romania;Explained by: Freedom to make life choices;
2014.0;86.0;Romania;Explained by: Freedom to make life choices;
2012.0;90.0;Romania;Explained by: Freedom to make life choices;
2011.0;80.0;Romania;Explained by: Freedom to make life choices;
2024.0;113.0;Tunisia;Explained by: Freedom to make life choices;0.382
2023.0;72.0;Russian Federation;Explained by: Freedom to make life choices;0.551
2022.0;70.0;Russian Federation;Explained by: Freedom to make life choices;0.449
2021.0;80.0;Russian Federation;Explained by: Freedom to make life choices;0.401
2020.0;77.0;Russian Federation;Explained by: Freedom to make life choices;0.409
2019.0;73.0;Russian Federation;Explained by: Freedom to make life choices;0.399
2018.0;68.0;Russian Federation;Explained by: Freedom to make life choices;
2017.0;59.0;Russian Federation;Explained by: Freedom to make life choices;
2016.0;49.0;Russian Federation;Explained by: Freedom to make life choices;
2015.0;56.0;Russian Federation;Explained by: Freedom to make life choices;
2014.0;64.0;Russian Federation;Explained by: Freedom to make life choices;
2012.0;68.0;Russian Federation;Explained by: Freedom to make life choices;
2011.0;76.0;Russian Federation;Explained by: Freedom to make life choices;
2021.0;143.0;Rwanda;Explained by: Freedom to make life choices;0.621
2020.0;148.0;Rwanda;Explained by: Freedom to make life choices;0.627
2019.0;150.0;Rwanda;Explained by: Freedom to make life choices;0.604
2018.0;152.0;Rwanda;Explained by: Freedom to make life choices;
2017.0;151.0;Rwanda;Explained by: Freedom to make life choices;
2016.0;151.0;Rwanda;Explained by: Freedom to make life choices;
2015.0;152.0;Rwanda;Explained by: Freedom to make life choices;
2014.0;154.0;Rwanda;Explained by: Freedom to make life choices;
2012.0;152.0;Rwanda;Explained by: Freedom to make life choices;
2011.0;132.0;Rwanda;Explained by: Freedom to make life choices;
2024.0;114.0;Mauritania;Explained by: Freedom to make life choices;0.454
2023.0;28.0;Saudi Arabia;Explained by: Freedom to make life choices;0.787
2022.0;30.0;Saudi Arabia;Explained by: Freedom to make life choices;0.682
2021.0;25.0;Saudi Arabia;Explained by: Freedom to make life choices;0.651
2020.0;27.0;Saudi Arabia;Explained by: Freedom to make life choices;0.603
2019.0;27.0;Saudi Arabia;Explained by: Freedom to make life choices;0.548
2018.0;28.0;Saudi Arabia;Explained by: Freedom to make life choices;
2017.0;33.0;Saudi Arabia;Explained by: Freedom to make life choices;
2016.0;37.0;Saudi Arabia;Explained by: Freedom to make life choices;
2015.0;34.0;Saudi Arabia;Explained by: Freedom to make life choices;
2014.0;35.0;Saudi Arabia;Explained by: Freedom to make life choices;
2012.0;33.0;Saudi Arabia;Explained by: Freedom to make life choices;
2011.0;26.0;Saudi Arabia;Explained by: Freedom to make life choices;
2024.0;115.0;Kenya;Explained by: Freedom to make life choices;0.649
2023.0;99.0;Senegal;Explained by: Freedom to make life choices;0.607
2022.0;102.0;Senegal;Explained by: Freedom to make life choices;0.519
2021.0;103.0;Senegal;Explained by: Freedom to make life choices;0.494
2020.0;93.0;Senegal;Explained by: Freedom to make life choices;0.381
2019.0;101.0;Senegal;Explained by: Freedom to make life choices;0.352
2018.0;111.0;Senegal;Explained by: Freedom to make life choices;
2017.0;109.0;Senegal;Explained by: Freedom to make life choices;
2016.0;115.0;Senegal;Explained by: Freedom to make life choices;
2015.0;128.0;Senegal;Explained by: Freedom to make life choices;
2014.0;142.0;Senegal;Explained by: Freedom to make life choices;
2012.0;147.0;Senegal;Explained by: Freedom to make life choices;
2011.0;125.0;Senegal;Explained by: Freedom to make life choices;
2024.0;116.0;Uganda;Explained by: Freedom to make life choices;0.751
2023.0;37.0;Serbia;Explained by: Freedom to make life choices;0.663
2022.0;45.0;Serbia;Explained by: Freedom to make life choices;0.617
2021.0;43.0;Serbia;Explained by: Freedom to make life choices;0.546
2020.0;49.0;Serbia;Explained by: Freedom to make life choices;0.482
2019.0;64.0;Serbia;Explained by: Freedom to make life choices;0.395
2018.0;70.0;Serbia;Explained by: Freedom to make life choices;
2017.0;78.0;Serbia;Explained by: Freedom to make life choices;
2016.0;73.0;Serbia;Explained by: Freedom to make life choices;
2015.0;86.0;Serbia;Explained by: Freedom to make life choices;
2014.0;87.0;Serbia;Explained by: Freedom to make life choices;
2012.0;106.0;Serbia;Explained by: Freedom to make life choices;
2011.0;118.0;Serbia;Explained by: Freedom to make life choices;
2024.0;117.0;Gambia;Explained by: Freedom to make life choices;0.611
2023.0;140.0;Sierra Leone;Explained by: Freedom to make life choices;0.469
2022.0;135.0;Sierra Leone;Explained by: Freedom to make life choices;0.371
2021.0;140.0;Sierra Leone;Explained by: Freedom to make life choices;0.387
2020.0;139.0;Sierra Leone;Explained by: Freedom to make life choices;0.408
2019.0;139.0;Sierra Leone;Explained by: Freedom to make life choices;0.382
2018.0;129.0;Sierra Leone;Explained by: Freedom to make life choices;
2017.0;113.0;Sierra Leone;Explained by: Freedom to make life choices;
2016.0;106.0;Sierra Leone;Explained by: Freedom to make life choices;
2015.0;111.0;Sierra Leone;Explained by: Freedom to make life choices;
2014.0;123.0;Sierra Leone;Explained by: Freedom to make life choices;
2012.0;127.0;Sierra Leone;Explained by: Freedom to make life choices;
2011.0;153.0;Sierra Leone;Explained by: Freedom to make life choices;
2024.0;118.0;India;Explained by: Freedom to make life choices;0.914
2023.0;30.0;Singapore;Explained by: Freedom to make life choices;0.743
2022.0;25.0;Singapore;Explained by: Freedom to make life choices;0.66
2021.0;27.0;Singapore;Explained by: Freedom to make life choices;0.672
2020.0;33.0;Singapore;Explained by: Freedom to make life choices;0.664
2019.0;31.0;Singapore;Explained by: Freedom to make life choices;0.635
2018.0;34.0;Singapore;Explained by: Freedom to make life choices;
2017.0;34.0;Singapore;Explained by: Freedom to make life choices;
2016.0;26.0;Singapore;Explained by: Freedom to make life choices;
2015.0;22.0;Singapore;Explained by: Freedom to make life choices;
2014.0;24.0;Singapore;Explained by: Freedom to make life choices;
2012.0;30.0;Singapore;Explained by: Freedom to make life choices;
2011.0;33.0;Singapore;Explained by: Freedom to make life choices;
2024.0;119.0;Chad;Explained by: Freedom to make life choices;0.477
2023.0;45.0;Slovakia;Explained by: Freedom to make life choices;0.566
2022.0;29.0;Slovakia;Explained by: Freedom to make life choices;0.494
2021.0;35.0;Slovakia;Explained by: Freedom to make life choices;0.479
2020.0;35.0;Slovakia;Explained by: Freedom to make life choices;0.468
2019.0;37.0;Slovakia;Explained by: Freedom to make life choices;0.424
2018.0;38.0;Slovakia;Explained by: Freedom to make life choices;
2017.0;39.0;Slovakia;Explained by: Freedom to make life choices;
2016.0;40.0;Slovakia;Explained by: Freedom to make life choices;
2015.0;45.0;Slovakia;Explained by: Freedom to make life choices;
2014.0;45.0;Slovakia;Explained by: Freedom to make life choices;
2012.0;46.0;Slovakia;Explained by: Freedom to make life choices;
2011.0;55.0;Slovakia;Explained by: Freedom to make life choices;
2024.0;120.0;Burkina Faso;Explained by: Freedom to make life choices;0.671
2023.0;21.0;Slovenia;Explained by: Freedom to make life choices;0.789
2022.0;22.0;Slovenia;Explained by: Freedom to make life choices;0.707
2021.0;22.0;Slovenia;Explained by: Freedom to make life choices;0.685
2020.0;30.0;Slovenia;Explained by: Freedom to make life choices;0.69
2019.0;33.0;Slovenia;Explained by: Freedom to make life choices;0.647
2018.0;44.0;Slovenia;Explained by: Freedom to make life choices;
2017.0;51.0;Slovenia;Explained by: Freedom to make life choices;
2016.0;62.0;Slovenia;Explained by: Freedom to make life choices;
2015.0;63.0;Slovenia;Explained by: Freedom to make life choices;
2014.0;55.0;Slovenia;Explained by: Freedom to make life choices;
2012.0;44.0;Slovenia;Explained by: Freedom to make life choices;
2011.0;49.0;Slovenia;Explained by: Freedom to make life choices;
2024.0;121.0;Benin;Explained by: Freedom to make life choices;0.679
2018.0;112.0;Somalia;Explained by: Freedom to make life choices;
2017.0;98.0;Somalia;Explained by: Freedom to make life choices;
2016.0;93.0;Somalia;Explained by: Freedom to make life choices;
2015.0;76.0;Somalia;Explained by: Freedom to make life choices;
2015.0;97.0;Somaliland Region;Explained by: Freedom to make life choices;
2014.0;91.0;Somaliland Region;Explained by: Freedom to make life choices;
2012.0;101.0;Somaliland Region;Explained by: Freedom to make life choices;
2011.0;111.0;Somaliland Region;Explained by: Freedom to make life choices;
2024.0;122.0;Somalia;Explained by: Freedom to make life choices;0.916
2023.0;83.0;South Africa;Explained by: Freedom to make life choices;0.537
2022.0;85.0;South Africa;Explained by: Freedom to make life choices;0.464
2021.0;91.0;South Africa;Explained by: Freedom to make life choices;0.442
2020.0;104.0;South Africa;Explained by: Freedom to make life choices;0.447
2019.0;109.0;South Africa;Explained by: Freedom to make life choices;0.435
2018.0;106.0;South Africa;Explained by: Freedom to make life choices;
2017.0;105.0;South Africa;Explained by: Freedom to make life choices;
2016.0;101.0;South Africa;Explained by: Freedom to make life choices;
2015.0;116.0;South Africa;Explained by: Freedom to make life choices;
2014.0;113.0;South Africa;Explained by: Freedom to make life choices;
2012.0;96.0;South Africa;Explained by: Freedom to make life choices;
2011.0;90.0;South Africa;Explained by: Freedom to make life choices;
2019.0;152.0;South Sudan;Explained by: Freedom to make life choices;0.066
2018.0;156.0;South Sudan;Explained by: Freedom to make life choices;
2017.0;154.0;South Sudan;Explained by: Freedom to make life choices;
2016.0;147.0;South Sudan;Explained by: Freedom to make life choices;
2015.0;143.0;South Sudan;Explained by: Freedom to make life choices;
2024.0;123.0;Mali;Explained by: Freedom to make life choices;0.767
2023.0;36.0;Spain;Explained by: Freedom to make life choices;0.619
2022.0;32.0;Spain;Explained by: Freedom to make life choices;0.533
2021.0;29.0;Spain;Explained by: Freedom to make life choices;0.505
2020.0;28.0;Spain;Explained by: Freedom to make life choices;0.462
2019.0;28.0;Spain;Explained by: Freedom to make life choices;0.426
2018.0;30.0;Spain;Explained by: Freedom to make life choices;
2017.0;36.0;Spain;Explained by: Freedom to make life choices;
2016.0;34.0;Spain;Explained by: Freedom to make life choices;
2015.0;37.0;Spain;Explained by: Freedom to make life choices;
2014.0;36.0;Spain;Explained by: Freedom to make life choices;
2012.0;38.0;Spain;Explained by: Freedom to make life choices;
2011.0;22.0;Spain;Explained by: Freedom to make life choices;
2024.0;124.0;Cambodia;Explained by: Freedom to make life choices;0.988
2023.0;128.0;Sri Lanka;Explained by: Freedom to make life choices;0.583
2022.0;112.0;Sri Lanka;Explained by: Freedom to make life choices;0.539
2021.0;127.0;Sri Lanka;Explained by: Freedom to make life choices;0.529
2020.0;130.0;Sri Lanka;Explained by: Freedom to make life choices;0.559
2019.0;130.0;Sri Lanka;Explained by: Freedom to make life choices;0.529
2018.0;120.0;Sri Lanka;Explained by: Freedom to make life choices;
2017.0;116.0;Sri Lanka;Explained by: Freedom to make life choices;
2016.0;120.0;Sri Lanka;Explained by: Freedom to make life choices;
2015.0;117.0;Sri Lanka;Explained by: Freedom to make life choices;
2014.0;132.0;Sri Lanka;Explained by: Freedom to make life choices;
2012.0;137.0;Sri Lanka;Explained by: Freedom to make life choices;
2011.0;130.0;Sri Lanka;Explained by: Freedom to make life choices;
2024.0;125.0;Ghana;Explained by: Freedom to make life choices;0.771
2023.0;103.0;State of Palestine;Explained by: Freedom to make life choices;
2022.0;99.0;State of Palestine;Explained by: Freedom to make life choices;0.416
2021.0;122.0;State of Palestine;Explained by: Freedom to make life choices;0.336
2020.0;126.0;State of Palestine;Explained by: Freedom to make life choices;0.33
2019.0;125.0;State of Palestine;Explained by: Freedom to make life choices;0.299
2018.0;110.0;State of Palestine;Explained by: Freedom to make life choices;
2017.0;104.0;State of Palestine;Explained by: Freedom to make life choices;
2016.0;103.0;State of Palestine;Explained by: Freedom to make life choices;
2015.0;108.0;State of Palestine;Explained by: Freedom to make life choices;
2014.0;108.0;State of Palestine;Explained by: Freedom to make life choices;
2012.0;113.0;State of Palestine;Explained by: Freedom to make life choices;
2011.0;120.0;State of Palestine;Explained by: Freedom to make life choices;
2017.0;137.0;Sudan;Explained by: Freedom to make life choices;
2016.0;130.0;Sudan;Explained by: Freedom to make life choices;
2015.0;133.0;Sudan;Explained by: Freedom to make life choices;
2014.0;118.0;Sudan;Explained by: Freedom to make life choices;
2012.0;124.0;Sudan;Explained by: Freedom to make life choices;
2011.0;124.0;Sudan;Explained by: Freedom to make life choices;
2015.0;40.0;Suriname;Explained by: Freedom to make life choices;
2014.0;40.0;Suriname;Explained by: Freedom to make life choices;
2012.0;40.0;Suriname;Explained by: Freedom to make life choices;
2020.0;131.0;Swaziland;Explained by: Freedom to make life choices;0.323
2019.0;132.0;Swaziland;Explained by: Freedom to make life choices;0.3
2018.0;135.0;Swaziland;Explained by: Freedom to make life choices;
2014.0;101.0;Swaziland;Explained by: Freedom to make life choices;
2012.0;100.0;Swaziland;Explained by: Freedom to make life choices;
2024.0;126.0;Myanmar;Explained by: Freedom to make life choices;0.569
2023.0;4.0;Sweden;Explained by: Freedom to make life choices;0.838
2022.0;6.0;Sweden;Explained by: Freedom to make life choices;0.754
2021.0;7.0;Sweden;Explained by: Freedom to make life choices;0.724
2020.0;8.0;Sweden;Explained by: Freedom to make life choices;0.685
2019.0;7.0;Sweden;Explained by: Freedom to make life choices;0.65
2018.0;7.0;Sweden;Explained by: Freedom to make life choices;
2017.0;9.0;Sweden;Explained by: Freedom to make life choices;
2016.0;10.0;Sweden;Explained by: Freedom to make life choices;
2015.0;10.0;Sweden;Explained by: Freedom to make life choices;
2014.0;8.0;Sweden;Explained by: Freedom to make life choices;
2012.0;5.0;Sweden;Explained by: Freedom to make life choices;
2011.0;7.0;Sweden;Explained by: Freedom to make life choices;
2024.0;127.0;Togo;Explained by: Freedom to make life choices;0.576
2023.0;9.0;Switzerland;Explained by: Freedom to make life choices;0.759
2022.0;8.0;Switzerland;Explained by: Freedom to make life choices;0.678
2021.0;4.0;Switzerland;Explained by: Freedom to make life choices;0.677
2020.0;4.0;Switzerland;Explained by: Freedom to make life choices;0.653
2019.0;3.0;Switzerland;Explained by: Freedom to make life choices;0.629
2018.0;6.0;Switzerland;Explained by: Freedom to make life choices;
2017.0;5.0;Switzerland;Explained by: Freedom to make life choices;
2016.0;4.0;Switzerland;Explained by: Freedom to make life choices;
2015.0;2.0;Switzerland;Explained by: Freedom to make life choices;
2014.0;1.0;Switzerland;Explained by: Freedom to make life choices;
2012.0;3.0;Switzerland;Explained by: Freedom to make life choices;
2011.0;6.0;Switzerland;Explained by: Freedom to make life choices;
2018.0;149.0;Syria;Explained by: Freedom to make life choices;
2017.0;150.0;Syria;Explained by: Freedom to make life choices;
2016.0;152.0;Syria;Explained by: Freedom to make life choices;
2015.0;156.0;Syria;Explained by: Freedom to make life choices;
2014.0;156.0;Syria;Explained by: Freedom to make life choices;
2012.0;148.0;Syria;Explained by: Freedom to make life choices;
2011.0;107.0;Syria;Explained by: Freedom to make life choices;
2024.0;128.0;Jordan;Explained by: Freedom to make life choices;0.7
2023.0;31.0;Taiwan Province of China;Explained by: Freedom to make life choices;0.649
2022.0;27.0;Taiwan Province of China;Explained by: Freedom to make life choices;0.562
2021.0;26.0;Taiwan Province of China;Explained by: Freedom to make life choices;0.542
2020.0;25.0;Taiwan Province of China;Explained by: Freedom to make life choices;0.49
2019.0;25.0;Taiwan Province of China;Explained by: Freedom to make life choices;0.449
2018.0;25.0;Taiwan Province of China;Explained by: Freedom to make life choices;
2017.0;26.0;Taiwan Province of China;Explained by: Freedom to make life choices;
2016.0;33.0;Taiwan Province of China;Explained by: Freedom to make life choices;
2015.0;35.0;Taiwan Province of China;Explained by: Freedom to make life choices;
2014.0;38.0;Taiwan Province of China;Explained by: Freedom to make life choices;
2012.0;42.0;Taiwan Province of China;Explained by: Freedom to make life choices;
2011.0;46.0;Taiwan Province of China;Explained by: Freedom to make life choices;
2024.0;129.0;Liberia;Explained by: Freedom to make life choices;0.653
2023.0;88.0;Tajikistan;Explained by: Freedom to make life choices;
2022.0;80.0;Tajikistan;Explained by: Freedom to make life choices;0.599
2021.0;83.0;Tajikistan;Explained by: Freedom to make life choices;0.572
2020.0;79.0;Tajikistan;Explained by: Freedom to make life choices;0.548
2019.0;71.0;Tajikistan;Explained by: Freedom to make life choices;0.521
2018.0;74.0;Tajikistan;Explained by: Freedom to make life choices;
2017.0;80.0;Tajikistan;Explained by: Freedom to make life choices;
2016.0;96.0;Tajikistan;Explained by: Freedom to make life choices;
2015.0;100.0;Tajikistan;Explained by: Freedom to make life choices;
2014.0;106.0;Tajikistan;Explained by: Freedom to make life choices;
2012.0;125.0;Tajikistan;Explained by: Freedom to make life choices;
2011.0;115.0;Tajikistan;Explained by: Freedom to make life choices;
2024.0;130.0;Madagascar;Explained by: Freedom to make life choices;0.292
2023.0;131.0;Tanzania;Explained by: Freedom to make life choices;0.709
2022.0;129.0;Tanzania;Explained by: Freedom to make life choices;0.607
2021.0;139.0;Tanzania;Explained by: Freedom to make life choices;0.578
2020.0;143.0;Tanzania;Explained by: Freedom to make life choices;0.549
2019.0;148.0;Tanzania;Explained by: Freedom to make life choices;0.509
2018.0;153.0;Tanzania;Explained by: Freedom to make life choices;
2017.0;153.0;Tanzania;Explained by: Freedom to make life choices;
2016.0;153.0;Tanzania;Explained by: Freedom to make life choices;
2015.0;149.0;Tanzania;Explained by: Freedom to make life choices;
2014.0;146.0;Tanzania;Explained by: Freedom to make life choices;
2012.0;151.0;Tanzania;Explained by: Freedom to make life choices;
2011.0;149.0;Tanzania;Explained by: Freedom to make life choices;
2024.0;131.0;Zambia;Explained by: Freedom to make life choices;0.872
2023.0;58.0;Thailand;Explained by: Freedom to make life choices;0.756
2022.0;60.0;Thailand;Explained by: Freedom to make life choices;0.624
2021.0;61.0;Thailand;Explained by: Freedom to make life choices;0.617
2020.0;55.0;Thailand;Explained by: Freedom to make life choices;0.611
2019.0;54.0;Thailand;Explained by: Freedom to make life choices;0.609
2018.0;52.0;Thailand;Explained by: Freedom to make life choices;
2017.0;46.0;Thailand;Explained by: Freedom to make life choices;
2016.0;32.0;Thailand;Explained by: Freedom to make life choices;
2015.0;33.0;Thailand;Explained by: Freedom to make life choices;
2014.0;34.0;Thailand;Explained by: Freedom to make life choices;
2012.0;36.0;Thailand;Explained by: Freedom to make life choices;
2011.0;52.0;Thailand;Explained by: Freedom to make life choices;
2024.0;132.0;Ethiopia;Explained by: Freedom to make life choices;0.54
2023.0;124.0;Togo;Explained by: Freedom to make life choices;0.453
2022.0;122.0;Togo;Explained by: Freedom to make life choices;0.367
2021.0;135.0;Togo;Explained by: Freedom to make life choices;0.292
2020.0;137.0;Togo;Explained by: Freedom to make life choices;0.289
2019.0;135.0;Togo;Explained by: Freedom to make life choices;0.304
2018.0;139.0;Togo;Explained by: Freedom to make life choices;
2017.0;139.0;Togo;Explained by: Freedom to make life choices;
2016.0;150.0;Togo;Explained by: Freedom to make life choices;
2015.0;155.0;Togo;Explained by: Freedom to make life choices;
2014.0;158.0;Togo;Explained by: Freedom to make life choices;
2012.0;156.0;Togo;Explained by: Freedom to make life choices;
2011.0;156.0;Togo;Explained by: Freedom to make life choices;
2024.0;133.0;Sri Lanka;Explained by: Freedom to make life choices;0.696
2019.0;42.0;Trinidad and Tobago;Explained by: Freedom to make life choices;0.553
2018.0;39.0;Trinidad and Tobago;Explained by: Freedom to make life choices;
2017.0;38.0;Trinidad and Tobago;Explained by: Freedom to make life choices;
2016.0;38.0;Trinidad and Tobago;Explained by: Freedom to make life choices;
2015.0;43.0;Trinidad and Tobago;Explained by: Freedom to make life choices;
2014.0;41.0;Trinidad and Tobago;Explained by: Freedom to make life choices;
2012.0;31.0;Trinidad and Tobago;Explained by: Freedom to make life choices;
2011.0;38.0;Trinidad and Tobago;Explained by: Freedom to make life choices;
2024.0;134.0;Bangladesh;Explained by: Freedom to make life choices;0.92
2023.0;115.0;Tunisia;Explained by: Freedom to make life choices;0.254
2022.0;110.0;Tunisia;Explained by: Freedom to make life choices;0.259
2021.0;120.0;Tunisia;Explained by: Freedom to make life choices;0.316
2020.0;123.0;Tunisia;Explained by: Freedom to make life choices;0.334
2019.0;128.0;Tunisia;Explained by: Freedom to make life choices;0.236
2018.0;124.0;Tunisia;Explained by: Freedom to make life choices;
2017.0;111.0;Tunisia;Explained by: Freedom to make life choices;
2016.0;102.0;Tunisia;Explained by: Freedom to make life choices;
2015.0;98.0;Tunisia;Explained by: Freedom to make life choices;
2014.0;107.0;Tunisia;Explained by: Freedom to make life choices;
2012.0;104.0;Tunisia;Explained by: Freedom to make life choices;
2011.0;87.0;Tunisia;Explained by: Freedom to make life choices;
2024.0;135.0;Egypt;Explained by: Freedom to make life choices;0.593
2023.0;98.0;Türkiye;Explained by: Freedom to make life choices;0.202
2022.0;106.0;Türkiye;Explained by: Freedom to make life choices;0.125
2021.0;112.0;Türkiye;Explained by: Freedom to make life choices;0.209
2020.0;105.0;Türkiye;Explained by: Freedom to make life choices;0.236
2019.0;93.0;Türkiye;Explained by: Freedom to make life choices;0.254
2018.0;79.0;Türkiye;Explained by: Freedom to make life choices;
2017.0;74.0;Türkiye;Explained by: Freedom to make life choices;
2016.0;69.0;Türkiye;Explained by: Freedom to make life choices;
2015.0;78.0;Türkiye;Explained by: Freedom to make life choices;
2014.0;76.0;Türkiye;Explained by: Freedom to make life choices;
2012.0;77.0;Türkiye;Explained by: Freedom to make life choices;
2011.0;78.0;Türkiye;Explained by: Freedom to make life choices;
2021.0;78.0;Turkmenistan;Explained by: Freedom to make life choices;0.649
2020.0;98.0;Turkmenistan;Explained by: Freedom to make life choices;0.602
2019.0;95.0;Turkmenistan;Explained by: Freedom to make life choices;0.515
2018.0;87.0;Turkmenistan;Explained by: Freedom to make life choices;
2017.0;68.0;Turkmenistan;Explained by: Freedom to make life choices;
2016.0;59.0;Turkmenistan;Explained by: Freedom to make life choices;
2015.0;65.0;Turkmenistan;Explained by: Freedom to make life choices;
2014.0;70.0;Turkmenistan;Explained by: Freedom to make life choices;
2012.0;59.0;Turkmenistan;Explained by: Freedom to make life choices;
2011.0;32.0;Turkmenistan;Explained by: Freedom to make life choices;
2024.0;136.0;Tanzania;Explained by: Freedom to make life choices;0.858
2023.0;117.0;Uganda;Explained by: Freedom to make life choices;0.587
2022.0;113.0;Uganda;Explained by: Freedom to make life choices;0.425
2021.0;117.0;Uganda;Explained by: Freedom to make life choices;0.402
2020.0;120.0;Uganda;Explained by: Freedom to make life choices;0.398
2019.0;126.0;Uganda;Explained by: Freedom to make life choices;0.402
2018.0;136.0;Uganda;Explained by: Freedom to make life choices;
2017.0;135.0;Uganda;Explained by: Freedom to make life choices;
2016.0;133.0;Uganda;Explained by: Freedom to make life choices;
2015.0;146.0;Uganda;Explained by: Freedom to make life choices;
2014.0;141.0;Uganda;Explained by: Freedom to make life choices;
2012.0;120.0;Uganda;Explained by: Freedom to make life choices;
2011.0;128.0;Uganda;Explained by: Freedom to make life choices;
2024.0;137.0;Eswatini;Explained by: Freedom to make life choices;0.428
2023.0;105.0;Ukraine;Explained by: Freedom to make life choices;0.631
2022.0;92.0;Ukraine;Explained by: Freedom to make life choices;0.551
2021.0;98.0;Ukraine;Explained by: Freedom to make life choices;0.473
2020.0;111.0;Ukraine;Explained by: Freedom to make life choices;0.417
2019.0;123.0;Ukraine;Explained by: Freedom to make life choices;0.319
2018.0;133.0;Ukraine;Explained by: Freedom to make life choices;
2017.0;138.0;Ukraine;Explained by: Freedom to make life choices;
2016.0;132.0;Ukraine;Explained by: Freedom to make life choices;
2015.0;123.0;Ukraine;Explained by: Freedom to make life choices;
2014.0;111.0;Ukraine;Explained by: Freedom to make life choices;
2012.0;87.0;Ukraine;Explained by: Freedom to make life choices;
2011.0;91.0;Ukraine;Explained by: Freedom to make life choices;
2024.0;138.0;Lesotho;Explained by: Freedom to make life choices;0.606
2023.0;22.0;United Arab Emirates;Explained by: Freedom to make life choices;0.815
2022.0;26.0;United Arab Emirates;Explained by: Freedom to make life choices;0.745
2021.0;24.0;United Arab Emirates;Explained by: Freedom to make life choices;0.702
2020.0;26.0;United Arab Emirates;Explained by: Freedom to make life choices;0.67
2019.0;21.0;United Arab Emirates;Explained by: Freedom to make life choices;0.653
2018.0;21.0;United Arab Emirates;Explained by: Freedom to make life choices;
2017.0;20.0;United Arab Emirates;Explained by: Freedom to make life choices;
2016.0;21.0;United Arab Emirates;Explained by: Freedom to make life choices;
2015.0;28.0;United Arab Emirates;Explained by: Freedom to make life choices;
2014.0;20.0;United Arab Emirates;Explained by: Freedom to make life choices;
2012.0;14.0;United Arab Emirates;Explained by: Freedom to make life choices;
2011.0;17.0;United Arab Emirates;Explained by: Freedom to make life choices;
2024.0;139.0;Comoros;Explained by: Freedom to make life choices;0.26
2023.0;20.0;United Kingdom;Explained by: Freedom to make life choices;0.713
2022.0;19.0;United Kingdom;Explained by: Freedom to make life choices;0.626
2021.0;17.0;United Kingdom;Explained by: Freedom to make life choices;0.597
2020.0;18.0;United Kingdom;Explained by: Freedom to make life choices;0.58
2019.0;13.0;United Kingdom;Explained by: Freedom to make life choices;0.525
2018.0;15.0;United Kingdom;Explained by: Freedom to make life choices;
2017.0;19.0;United Kingdom;Explained by: Freedom to make life choices;
2016.0;19.0;United Kingdom;Explained by: Freedom to make life choices;
2015.0;23.0;United Kingdom;Explained by: Freedom to make life choices;
2014.0;21.0;United Kingdom;Explained by: Freedom to make life choices;
2012.0;22.0;United Kingdom;Explained by: Freedom to make life choices;
2011.0;18.0;United Kingdom;Explained by: Freedom to make life choices;
2024.0;140.0;Yemen;Explained by: Freedom to make life choices;0.447
2023.0;23.0;United States;Explained by: Freedom to make life choices;0.586
2022.0;15.0;United States;Explained by: Freedom to make life choices;0.557
2021.0;16.0;United States;Explained by: Freedom to make life choices;0.574
2020.0;20.0;United States;Explained by: Freedom to make life choices;0.554
2019.0;18.0;United States;Explained by: Freedom to make life choices;0.535
2018.0;19.0;United States;Explained by: Freedom to make life choices;
2017.0;18.0;United States;Explained by: Freedom to make life choices;
2016.0;14.0;United States;Explained by: Freedom to make life choices;
2015.0;13.0;United States;Explained by: Freedom to make life choices;
2014.0;15.0;United States;Explained by: Freedom to make life choices;
2012.0;17.0;United States;Explained by: Freedom to make life choices;
2011.0;11.0;United States;Explained by: Freedom to make life choices;
2024.0;141.0;DR Congo;Explained by: Freedom to make life choices;0.6
2023.0;26.0;Uruguay;Explained by: Freedom to make life choices;0.775
2022.0;28.0;Uruguay;Explained by: Freedom to make life choices;0.683
2021.0;30.0;Uruguay;Explained by: Freedom to make life choices;0.665
2020.0;32.0;Uruguay;Explained by: Freedom to make life choices;0.625
2019.0;26.0;Uruguay;Explained by: Freedom to make life choices;0.594
2018.0;33.0;Uruguay;Explained by: Freedom to make life choices;
2017.0;31.0;Uruguay;Explained by: Freedom to make life choices;
2016.0;28.0;Uruguay;Explained by: Freedom to make life choices;
2015.0;29.0;Uruguay;Explained by: Freedom to make life choices;
2014.0;32.0;Uruguay;Explained by: Freedom to make life choices;
2012.0;37.0;Uruguay;Explained by: Freedom to make life choices;
2011.0;50.0;Uruguay;Explained by: Freedom to make life choices;
2024.0;142.0;Botswana;Explained by: Freedom to make life choices;0.697
2023.0;47.0;Uzbekistan;Explained by: Freedom to make life choices;0.835
2022.0;54.0;Uzbekistan;Explained by: Freedom to make life choices;0.74
2021.0;53.0;Uzbekistan;Explained by: Freedom to make life choices;0.716
2020.0;43.0;Uzbekistan;Explained by: Freedom to make life choices;0.716
2019.0;38.0;Uzbekistan;Explained by: Freedom to make life choices;0.693
2018.0;41.0;Uzbekistan;Explained by: Freedom to make life choices;
2017.0;44.0;Uzbekistan;Explained by: Freedom to make life choices;
2016.0;47.0;Uzbekistan;Explained by: Freedom to make life choices;
2015.0;49.0;Uzbekistan;Explained by: Freedom to make life choices;
2014.0;44.0;Uzbekistan;Explained by: Freedom to make life choices;
2012.0;60.0;Uzbekistan;Explained by: Freedom to make life choices;
2011.0;79.0;Uzbekistan;Explained by: Freedom to make life choices;
2024.0;143.0;Zimbabwe;Explained by: Freedom to make life choices;0.598
2023.0;79.0;Venezuela;Explained by: Freedom to make life choices;0.518
2022.0;88.0;Venezuela;Explained by: Freedom to make life choices;0.369
2021.0;108.0;Venezuela;Explained by: Freedom to make life choices;0.283
2020.0;108.0;Venezuela;Explained by: Freedom to make life choices;0.284
2019.0;99.0;Venezuela;Explained by: Freedom to make life choices;0.272
2018.0;108.0;Venezuela;Explained by: Freedom to make life choices;
2017.0;102.0;Venezuela;Explained by: Freedom to make life choices;
2016.0;82.0;Venezuela;Explained by: Freedom to make life choices;
2015.0;44.0;Venezuela;Explained by: Freedom to make life choices;
2014.0;23.0;Venezuela;Explained by: Freedom to make life choices;
2012.0;20.0;Venezuela;Explained by: Freedom to make life choices;
2011.0;19.0;Venezuela;Explained by: Freedom to make life choices;
2024.0;144.0;Malawi;Explained by: Freedom to make life choices;0.677
2023.0;54.0;Viet Nam;Explained by: Freedom to make life choices;0.843
2022.0;65.0;Viet Nam;Explained by: Freedom to make life choices;0.741
2021.0;77.0;Viet Nam;Explained by: Freedom to make life choices;0.707
2020.0;80.0;Viet Nam;Explained by: Freedom to make life choices;0.679
2019.0;83.0;Viet Nam;Explained by: Freedom to make life choices;0.651
2018.0;94.0;Viet Nam;Explained by: Freedom to make life choices;
2017.0;95.0;Viet Nam;Explained by: Freedom to make life choices;
2016.0;94.0;Viet Nam;Explained by: Freedom to make life choices;
2015.0;96.0;Viet Nam;Explained by: Freedom to make life choices;
2014.0;75.0;Viet Nam;Explained by: Freedom to make life choices;
2012.0;63.0;Viet Nam;Explained by: Freedom to make life choices;
2011.0;65.0;Viet Nam;Explained by: Freedom to make life choices;
2024.0;145.0;Lebanon;Explained by: Freedom to make life choices;0.279
2023.0;133.0;Yemen;Explained by: Freedom to make life choices;0.362
2021.0;132.0;Yemen;Explained by: Freedom to make life choices;0.33
2020.0;142.0;Yemen;Explained by: Freedom to make life choices;0.268
2019.0;146.0;Yemen;Explained by: Freedom to make life choices;0.244
2018.0;151.0;Yemen;Explained by: Freedom to make life choices;
2017.0;152.0;Yemen;Explained by: Freedom to make life choices;
2016.0;146.0;Yemen;Explained by: Freedom to make life choices;
2015.0;147.0;Yemen;Explained by: Freedom to make life choices;
2014.0;136.0;Yemen;Explained by: Freedom to make life choices;
2012.0;142.0;Yemen;Explained by: Freedom to make life choices;
2011.0;123.0;Yemen;Explained by: Freedom to make life choices;
2024.0;146.0;Sierra Leone;Explained by: Freedom to make life choices;0.613
2023.0;134.0;Zambia;Explained by: Freedom to make life choices;0.727
2022.0;128.0;Zambia;Explained by: Freedom to make life choices;0.545
2021.0;137.0;Zambia;Explained by: Freedom to make life choices;0.525
2020.0;138.0;Zambia;Explained by: Freedom to make life choices;0.487
2019.0;141.0;Zambia;Explained by: Freedom to make life choices;0.491
2018.0;138.0;Zambia;Explained by: Freedom to make life choices;
2017.0;125.0;Zambia;Explained by: Freedom to make life choices;
2016.0;116.0;Zambia;Explained by: Freedom to make life choices;
2015.0;106.0;Zambia;Explained by: Freedom to make life choices;
2014.0;85.0;Zambia;Explained by: Freedom to make life choices;
2012.0;91.0;Zambia;Explained by: Freedom to make life choices;
2011.0;109.0;Zambia;Explained by: Freedom to make life choices;
2024.0;147.0;Afghanistan;Explained by: Freedom to make life choices;0.0
2023.0;138.0;Zimbabwe;Explained by: Freedom to make life choices;0.487
2022.0;134.0;Zimbabwe;Explained by: Freedom to make life choices;0.363
2021.0;144.0;Zimbabwe;Explained by: Freedom to make life choices;0.329
2020.0;149.0;Zimbabwe;Explained by: Freedom to make life choices;0.359
2019.0;151.0;Zimbabwe;Explained by: Freedom to make life choices;0.377
2018.0;146.0;Zimbabwe;Explained by: Freedom to make life choices;
2017.0;144.0;Zimbabwe;Explained by: Freedom to make life choices;
2016.0;138.0;Zimbabwe;Explained by: Freedom to make life choices;
2015.0;131.0;Zimbabwe;Explained by: Freedom to make life choices;
2014.0;115.0;Zimbabwe;Explained by: Freedom to make life choices;
2012.0;103.0;Zimbabwe;Explained by: Freedom to make life choices;
2011.0;142.0;Zimbabwe;Explained by: Freedom to make life choices;
2024.0;1.0;Finland;Explained by: Generosity;0.11
2023.0;143.0;Afghanistan;Explained by: Generosity;0.091
2022.0;137.0;Afghanistan;Explained by: Generosity;0.093
2021.0;146.0;Afghanistan;Explained by: Generosity;0.089
2020.0;150.0;Afghanistan;Explained by: Generosity;0.122
2019.0;153.0;Afghanistan;Explained by: Generosity;0.135
2018.0;154.0;Afghanistan;Explained by: Generosity;
2017.0;145.0;Afghanistan;Explained by: Generosity;
2016.0;141.0;Afghanistan;Explained by: Generosity;
2015.0;154.0;Afghanistan;Explained by: Generosity;
2014.0;153.0;Afghanistan;Explained by: Generosity;
2012.0;143.0;Afghanistan;Explained by: Generosity;
2011.0;131.0;Afghanistan;Explained by: Generosity;
2024.0;2.0;Denmark;Explained by: Generosity;0.15
2023.0;87.0;Albania;Explained by: Generosity;0.138
2022.0;83.0;Albania;Explained by: Generosity;0.133
2021.0;90.0;Albania;Explained by: Generosity;0.138
2020.0;94.0;Albania;Explained by: Generosity;0.168
2019.0;105.0;Albania;Explained by: Generosity;0.171
2018.0;107.0;Albania;Explained by: Generosity;
2017.0;112.0;Albania;Explained by: Generosity;
2016.0;109.0;Albania;Explained by: Generosity;
2015.0;109.0;Albania;Explained by: Generosity;
2014.0;95.0;Albania;Explained by: Generosity;
2012.0;62.0;Albania;Explained by: Generosity;
2011.0;88.0;Albania;Explained by: Generosity;
2024.0;3.0;Iceland;Explained by: Generosity;0.201
2023.0;85.0;Algeria;Explained by: Generosity;0.091
2022.0;81.0;Algeria;Explained by: Generosity;0.073
2021.0;96.0;Algeria;Explained by: Generosity;0.106
2020.0;110.0;Algeria;Explained by: Generosity;0.144
2019.0;100.0;Algeria;Explained by: Generosity;0.119
2018.0;88.0;Algeria;Explained by: Generosity;
2017.0;84.0;Algeria;Explained by: Generosity;
2016.0;53.0;Algeria;Explained by: Generosity;
2015.0;38.0;Algeria;Explained by: Generosity;
2014.0;68.0;Algeria;Explained by: Generosity;
2012.0;73.0;Algeria;Explained by: Generosity;
2011.0;71.0;Algeria;Explained by: Generosity;
2017.0;142.0;Angola;Explained by: Generosity;
2016.0;140.0;Angola;Explained by: Generosity;
2015.0;141.0;Angola;Explained by: Generosity;
2014.0;137.0;Angola;Explained by: Generosity;
2012.0;61.0;Angola;Explained by: Generosity;
2011.0;135.0;Angola;Explained by: Generosity;
2024.0;4.0;Sweden;Explained by: Generosity;0.17
2023.0;48.0;Argentina;Explained by: Generosity;0.087
2022.0;52.0;Argentina;Explained by: Generosity;0.088
2021.0;57.0;Argentina;Explained by: Generosity;0.081
2020.0;58.0;Argentina;Explained by: Generosity;0.069
2019.0;55.0;Argentina;Explained by: Generosity;0.07
2018.0;47.0;Argentina;Explained by: Generosity;
2017.0;29.0;Argentina;Explained by: Generosity;
2016.0;24.0;Argentina;Explained by: Generosity;
2015.0;26.0;Argentina;Explained by: Generosity;
2014.0;30.0;Argentina;Explained by: Generosity;
2012.0;29.0;Argentina;Explained by: Generosity;
2011.0;39.0;Argentina;Explained by: Generosity;
2024.0;5.0;Netherlands;Explained by: Generosity;0.186
2023.0;82.0;Armenia;Explained by: Generosity;0.051
2022.0;79.0;Armenia;Explained by: Generosity;0.053
2021.0;82.0;Armenia;Explained by: Generosity;0.054
2020.0;87.0;Armenia;Explained by: Generosity;0.079
2019.0;116.0;Armenia;Explained by: Generosity;0.107
2018.0;116.0;Armenia;Explained by: Generosity;
2017.0;129.0;Armenia;Explained by: Generosity;
2016.0;121.0;Armenia;Explained by: Generosity;
2015.0;121.0;Armenia;Explained by: Generosity;
2014.0;127.0;Armenia;Explained by: Generosity;
2012.0;128.0;Armenia;Explained by: Generosity;
2011.0;122.0;Armenia;Explained by: Generosity;
2024.0;6.0;Costa Rica;Explained by: Generosity;0.067
2023.0;10.0;Australia;Explained by: Generosity;0.225
2022.0;12.0;Australia;Explained by: Generosity;0.242
2021.0;12.0;Australia;Explained by: Generosity;0.258
2020.0;12.0;Australia;Explained by: Generosity;0.291
2019.0;12.0;Australia;Explained by: Generosity;0.325
2018.0;11.0;Australia;Explained by: Generosity;
2017.0;10.0;Australia;Explained by: Generosity;
2016.0;9.0;Australia;Explained by: Generosity;
2015.0;9.0;Australia;Explained by: Generosity;
2014.0;10.0;Australia;Explained by: Generosity;
2012.0;10.0;Australia;Explained by: Generosity;
2011.0;9.0;Australia;Explained by: Generosity;
2024.0;7.0;Norway;Explained by: Generosity;0.168
2023.0;14.0;Austria;Explained by: Generosity;0.214
2022.0;11.0;Austria;Explained by: Generosity;0.191
2021.0;11.0;Austria;Explained by: Generosity;0.193
2020.0;11.0;Austria;Explained by: Generosity;0.215
2019.0;9.0;Austria;Explained by: Generosity;0.256
2018.0;10.0;Austria;Explained by: Generosity;
2017.0;12.0;Austria;Explained by: Generosity;
2016.0;13.0;Austria;Explained by: Generosity;
2015.0;12.0;Austria;Explained by: Generosity;
2014.0;13.0;Austria;Explained by: Generosity;
2012.0;8.0;Austria;Explained by: Generosity;
2011.0;13.0;Austria;Explained by: Generosity;
2024.0;8.0;Israel;Explained by: Generosity;0.144
2023.0;101.0;Azerbaijan;Explained by: Generosity;0.112
2021.0;92.0;Azerbaijan;Explained by: Generosity;0.023
2020.0;91.0;Azerbaijan;Explained by: Generosity;0.043
2019.0;89.0;Azerbaijan;Explained by: Generosity;0.04
2018.0;90.0;Azerbaijan;Explained by: Generosity;
2017.0;87.0;Azerbaijan;Explained by: Generosity;
2016.0;85.0;Azerbaijan;Explained by: Generosity;
2015.0;81.0;Azerbaijan;Explained by: Generosity;
2014.0;80.0;Azerbaijan;Explained by: Generosity;
2012.0;116.0;Azerbaijan;Explained by: Generosity;
2011.0;116.0;Azerbaijan;Explained by: Generosity;
2024.0;9.0;Luxembourg;Explained by: Generosity;0.117
2023.0;62.0;Bahrain;Explained by: Generosity;
2022.0;42.0;Bahrain;Explained by: Generosity;0.199
2021.0;21.0;Bahrain;Explained by: Generosity;0.199
2020.0;23.0;Bahrain;Explained by: Generosity;0.246
2019.0;40.0;Bahrain;Explained by: Generosity;0.287
2018.0;37.0;Bahrain;Explained by: Generosity;
2017.0;43.0;Bahrain;Explained by: Generosity;
2016.0;41.0;Bahrain;Explained by: Generosity;
2015.0;42.0;Bahrain;Explained by: Generosity;
2014.0;49.0;Bahrain;Explained by: Generosity;
2012.0;79.0;Bahrain;Explained by: Generosity;
2011.0;61.0;Bahrain;Explained by: Generosity;
2024.0;10.0;Mexico;Explained by: Generosity;0.057
2023.0;129.0;Bangladesh;Explained by: Generosity;0.14
2022.0;118.0;Bangladesh;Explained by: Generosity;0.139
2021.0;94.0;Bangladesh;Explained by: Generosity;0.125
2020.0;102.0;Bangladesh;Explained by: Generosity;0.161
2019.0;107.0;Bangladesh;Explained by: Generosity;0.177
2018.0;125.0;Bangladesh;Explained by: Generosity;
2017.0;115.0;Bangladesh;Explained by: Generosity;
2016.0;110.0;Bangladesh;Explained by: Generosity;
2015.0;110.0;Bangladesh;Explained by: Generosity;
2014.0;109.0;Bangladesh;Explained by: Generosity;
2012.0;108.0;Bangladesh;Explained by: Generosity;
2011.0;104.0;Bangladesh;Explained by: Generosity;
2021.0;65.0;Belarus;Explained by: Generosity;0.04
2020.0;76.0;Belarus;Explained by: Generosity;0.07
2019.0;75.0;Belarus;Explained by: Generosity;0.09
2018.0;81.0;Belarus;Explained by: Generosity;
2017.0;73.0;Belarus;Explained by: Generosity;
2016.0;67.0;Belarus;Explained by: Generosity;
2015.0;61.0;Belarus;Explained by: Generosity;
2014.0;59.0;Belarus;Explained by: Generosity;
2012.0;66.0;Belarus;Explained by: Generosity;
2011.0;62.0;Belarus;Explained by: Generosity;
2024.0;11.0;Australia;Explained by: Generosity;0.164
2023.0;16.0;Belgium;Explained by: Generosity;0.17
2022.0;17.0;Belgium;Explained by: Generosity;0.137
2021.0;19.0;Belgium;Explained by: Generosity;0.049
2020.0;21.0;Belgium;Explained by: Generosity;0.088
2019.0;20.0;Belgium;Explained by: Generosity;0.147
2018.0;18.0;Belgium;Explained by: Generosity;
2017.0;16.0;Belgium;Explained by: Generosity;
2016.0;17.0;Belgium;Explained by: Generosity;
2015.0;18.0;Belgium;Explained by: Generosity;
2014.0;19.0;Belgium;Explained by: Generosity;
2012.0;21.0;Belgium;Explained by: Generosity;
2011.0;15.0;Belgium;Explained by: Generosity;
2024.0;12.0;New Zealand;Explained by: Generosity;0.167
2017.0;49.0;Belize;Explained by: Generosity;
2016.0;50.0;Belize;Explained by: Generosity;
2015.0;52.0;Belize;Explained by: Generosity;
2011.0;34.0;Belize;Explained by: Generosity;
2024.0;13.0;Switzerland;Explained by: Generosity;0.156
2023.0;116.0;Benin;Explained by: Generosity;0.112
2022.0;116.0;Benin;Explained by: Generosity;0.114
2021.0;115.0;Benin;Explained by: Generosity;0.127
2020.0;100.0;Benin;Explained by: Generosity;0.166
2019.0;86.0;Benin;Explained by: Generosity;0.197
2018.0;102.0;Benin;Explained by: Generosity;
2017.0;136.0;Benin;Explained by: Generosity;
2016.0;143.0;Benin;Explained by: Generosity;
2015.0;153.0;Benin;Explained by: Generosity;
2014.0;155.0;Benin;Explained by: Generosity;
2012.0;155.0;Benin;Explained by: Generosity;
2011.0;155.0;Benin;Explained by: Generosity;
2018.0;95.0;Bhutan;Explained by: Generosity;
2017.0;97.0;Bhutan;Explained by: Generosity;
2016.0;97.0;Bhutan;Explained by: Generosity;
2015.0;84.0;Bhutan;Explained by: Generosity;
2014.0;79.0;Bhutan;Explained by: Generosity;
2024.0;14.0;Belgium;Explained by: Generosity;0.119
2023.0;73.0;Bolivia;Explained by: Generosity;0.1
2022.0;69.0;Bolivia;Explained by: Generosity;0.103
2021.0;71.0;Bolivia;Explained by: Generosity;0.112
2020.0;70.0;Bolivia;Explained by: Generosity;0.138
2019.0;65.0;Bolivia;Explained by: Generosity;0.138
2018.0;61.0;Bolivia;Explained by: Generosity;
2017.0;62.0;Bolivia;Explained by: Generosity;
2016.0;58.0;Bolivia;Explained by: Generosity;
2015.0;59.0;Bolivia;Explained by: Generosity;
2014.0;51.0;Bolivia;Explained by: Generosity;
2012.0;50.0;Bolivia;Explained by: Generosity;
2011.0;57.0;Bolivia;Explained by: Generosity;
2024.0;15.0;Ireland;Explained by: Generosity;0.179
2023.0;65.0;Bosnia and Herzegovina;Explained by: Generosity;0.246
2022.0;71.0;Bosnia and Herzegovina;Explained by: Generosity;0.247
2021.0;67.0;Bosnia and Herzegovina;Explained by: Generosity;0.244
2020.0;65.0;Bosnia and Herzegovina;Explained by: Generosity;0.261
2019.0;69.0;Bosnia and Herzegovina;Explained by: Generosity;0.264
2018.0;78.0;Bosnia and Herzegovina;Explained by: Generosity;
2017.0;93.0;Bosnia and Herzegovina;Explained by: Generosity;
2016.0;90.0;Bosnia and Herzegovina;Explained by: Generosity;
2015.0;87.0;Bosnia and Herzegovina;Explained by: Generosity;
2014.0;96.0;Bosnia and Herzegovina;Explained by: Generosity;
2012.0;107.0;Bosnia and Herzegovina;Explained by: Generosity;
2011.0;99.0;Bosnia and Herzegovina;Explained by: Generosity;
2024.0;16.0;Lithuania;Explained by: Generosity;0.031
2023.0;137.0;Botswana;Explained by: Generosity;0.014
2022.0;132.0;Botswana;Explained by: Generosity;0.021
2021.0;142.0;Botswana;Explained by: Generosity;0.012
2020.0;147.0;Botswana;Explained by: Generosity;0.027
2019.0;147.0;Botswana;Explained by: Generosity;0.033
2018.0;148.0;Botswana;Explained by: Generosity;
2017.0;146.0;Botswana;Explained by: Generosity;
2016.0;142.0;Botswana;Explained by: Generosity;
2015.0;137.0;Botswana;Explained by: Generosity;
2014.0;128.0;Botswana;Explained by: Generosity;
2012.0;145.0;Botswana;Explained by: Generosity;
2011.0;117.0;Botswana;Explained by: Generosity;
2024.0;17.0;Austria;Explained by: Generosity;0.179
2023.0;44.0;Brazil;Explained by: Generosity;0.13
2022.0;49.0;Brazil;Explained by: Generosity;0.131
2021.0;38.0;Brazil;Explained by: Generosity;0.131
2020.0;36.0;Brazil;Explained by: Generosity;0.142
2019.0;32.0;Brazil;Explained by: Generosity;0.132
2018.0;32.0;Brazil;Explained by: Generosity;
2017.0;28.0;Brazil;Explained by: Generosity;
2016.0;22.0;Brazil;Explained by: Generosity;
2015.0;17.0;Brazil;Explained by: Generosity;
2014.0;16.0;Brazil;Explained by: Generosity;
2012.0;24.0;Brazil;Explained by: Generosity;
2011.0;25.0;Brazil;Explained by: Generosity;
2024.0;18.0;Canada;Explained by: Generosity;0.168
2023.0;81.0;Bulgaria;Explained by: Generosity;0.083
2022.0;77.0;Bulgaria;Explained by: Generosity;0.106
2021.0;85.0;Bulgaria;Explained by: Generosity;0.123
2020.0;89.0;Bulgaria;Explained by: Generosity;0.125
2019.0;96.0;Bulgaria;Explained by: Generosity;0.104
2018.0;97.0;Bulgaria;Explained by: Generosity;
2017.0;100.0;Bulgaria;Explained by: Generosity;
2016.0;105.0;Bulgaria;Explained by: Generosity;
2015.0;129.0;Bulgaria;Explained by: Generosity;
2014.0;134.0;Bulgaria;Explained by: Generosity;
2012.0;144.0;Bulgaria;Explained by: Generosity;
2011.0;147.0;Bulgaria;Explained by: Generosity;
2024.0;19.0;Slovenia;Explained by: Generosity;0.121
2023.0;110.0;Burkina Faso;Explained by: Generosity;0.173
2022.0;104.0;Burkina Faso;Explained by: Generosity;0.188
2021.0;113.0;Burkina Faso;Explained by: Generosity;0.186
2020.0;114.0;Burkina Faso;Explained by: Generosity;0.182
2019.0;112.0;Burkina Faso;Explained by: Generosity;0.186
2018.0;115.0;Burkina Faso;Explained by: Generosity;
2017.0;121.0;Burkina Faso;Explained by: Generosity;
2016.0;134.0;Burkina Faso;Explained by: Generosity;
2015.0;145.0;Burkina Faso;Explained by: Generosity;
2014.0;152.0;Burkina Faso;Explained by: Generosity;
2012.0;131.0;Burkina Faso;Explained by: Generosity;
2011.0;144.0;Burkina Faso;Explained by: Generosity;
2020.0;141.0;Burundi;Explained by: Generosity;0.172
2019.0;140.0;Burundi;Explained by: Generosity;0.187
2018.0;145.0;Burundi;Explained by: Generosity;
2017.0;156.0;Burundi;Explained by: Generosity;
2016.0;154.0;Burundi;Explained by: Generosity;
2015.0;157.0;Burundi;Explained by: Generosity;
2014.0;157.0;Burundi;Explained by: Generosity;
2012.0;153.0;Burundi;Explained by: Generosity;
2011.0;152.0;Burundi;Explained by: Generosity;
2024.0;20.0;Czechia;Explained by: Generosity;0.118
2023.0;119.0;Cambodia;Explained by: Generosity;0.17
2022.0;115.0;Cambodia;Explained by: Generosity;0.176
2021.0;114.0;Cambodia;Explained by: Generosity;0.166
2020.0;115.0;Cambodia;Explained by: Generosity;0.21
2019.0;106.0;Cambodia;Explained by: Generosity;0.233
2018.0;109.0;Cambodia;Explained by: Generosity;
2017.0;120.0;Cambodia;Explained by: Generosity;
2016.0;129.0;Cambodia;Explained by: Generosity;
2015.0;140.0;Cambodia;Explained by: Generosity;
2014.0;145.0;Cambodia;Explained by: Generosity;
2012.0;140.0;Cambodia;Explained by: Generosity;
2011.0;138.0;Cambodia;Explained by: Generosity;
2024.0;21.0;United Arab Emirates;Explained by: Generosity;0.165
2023.0;104.0;Cameroon;Explained by: Generosity;0.126
2022.0;96.0;Cameroon;Explained by: Generosity;0.144
2021.0;102.0;Cameroon;Explained by: Generosity;0.152
2020.0;92.0;Cameroon;Explained by: Generosity;0.205
2019.0;98.0;Cameroon;Explained by: Generosity;0.198
2018.0;96.0;Cameroon;Explained by: Generosity;
2017.0;99.0;Cameroon;Explained by: Generosity;
2016.0;107.0;Cameroon;Explained by: Generosity;
2015.0;114.0;Cameroon;Explained by: Generosity;
2014.0;133.0;Cameroon;Explained by: Generosity;
2012.0;122.0;Cameroon;Explained by: Generosity;
2011.0;126.0;Cameroon;Explained by: Generosity;
2024.0;22.0;Germany;Explained by: Generosity;0.148
2023.0;15.0;Canada;Explained by: Generosity;0.23
2022.0;13.0;Canada;Explained by: Generosity;0.218
2021.0;15.0;Canada;Explained by: Generosity;0.217
2020.0;15.0;Canada;Explained by: Generosity;0.246
2019.0;11.0;Canada;Explained by: Generosity;0.282
2018.0;9.0;Canada;Explained by: Generosity;
2017.0;7.0;Canada;Explained by: Generosity;
2016.0;7.0;Canada;Explained by: Generosity;
2015.0;6.0;Canada;Explained by: Generosity;
2014.0;5.0;Canada;Explained by: Generosity;
2012.0;6.0;Canada;Explained by: Generosity;
2011.0;5.0;Canada;Explained by: Generosity;
2019.0;149.0;Central African Republic;Explained by: Generosity;0.254
2018.0;155.0;Central African Republic;Explained by: Generosity;
2017.0;155.0;Central African Republic;Explained by: Generosity;
2016.0;155.0;Central African Republic;Explained by: Generosity;
2014.0;148.0;Central African Republic;Explained by: Generosity;
2012.0;154.0;Central African Republic;Explained by: Generosity;
2011.0;154.0;Central African Republic;Explained by: Generosity;
2024.0;23.0;United Kingdom;Explained by: Generosity;0.211
2023.0;113.0;Chad;Explained by: Generosity;0.218
2022.0;114.0;Chad;Explained by: Generosity;0.255
2021.0;130.0;Chad;Explained by: Generosity;0.182
2020.0;129.0;Chad;Explained by: Generosity;0.215
2019.0;127.0;Chad;Explained by: Generosity;0.211
2018.0;132.0;Chad;Explained by: Generosity;
2017.0;131.0;Chad;Explained by: Generosity;
2016.0;137.0;Chad;Explained by: Generosity;
2015.0;144.0;Chad;Explained by: Generosity;
2014.0;149.0;Chad;Explained by: Generosity;
2012.0;141.0;Chad;Explained by: Generosity;
2011.0;145.0;Chad;Explained by: Generosity;
2024.0;24.0;United States;Explained by: Generosity;0.171
2023.0;38.0;Chile;Explained by: Generosity;0.117
2022.0;35.0;Chile;Explained by: Generosity;0.131
2021.0;44.0;Chile;Explained by: Generosity;0.124
2020.0;44.0;Chile;Explained by: Generosity;0.159
2019.0;39.0;Chile;Explained by: Generosity;0.156
2018.0;26.0;Chile;Explained by: Generosity;
2017.0;25.0;Chile;Explained by: Generosity;
2016.0;20.0;Chile;Explained by: Generosity;
2015.0;24.0;Chile;Explained by: Generosity;
2014.0;27.0;Chile;Explained by: Generosity;
2012.0;28.0;Chile;Explained by: Generosity;
2011.0;43.0;Chile;Explained by: Generosity;
2024.0;25.0;Belize;Explained by: Generosity;0.072
2023.0;60.0;China;Explained by: Generosity;0.132
2022.0;64.0;China;Explained by: Generosity;0.115
2021.0;72.0;China;Explained by: Generosity;0.099
2020.0;85.0;China;Explained by: Generosity;0.093
2019.0;94.0;China;Explained by: Generosity;0.079
2018.0;93.0;China;Explained by: Generosity;
2017.0;86.0;China;Explained by: Generosity;
2016.0;79.0;China;Explained by: Generosity;
2015.0;83.0;China;Explained by: Generosity;
2014.0;84.0;China;Explained by: Generosity;
2012.0;93.0;China;Explained by: Generosity;
2011.0;112.0;China;Explained by: Generosity;
2024.0;26.0;Poland;Explained by: Generosity;0.021
2023.0;78.0;Colombia;Explained by: Generosity;0.072
2022.0;72.0;Colombia;Explained by: Generosity;0.08
2021.0;66.0;Colombia;Explained by: Generosity;0.087
2020.0;53.0;Colombia;Explained by: Generosity;0.1
2019.0;44.0;Colombia;Explained by: Generosity;0.092
2018.0;43.0;Colombia;Explained by: Generosity;
2017.0;37.0;Colombia;Explained by: Generosity;
2016.0;36.0;Colombia;Explained by: Generosity;
2015.0;31.0;Colombia;Explained by: Generosity;
2014.0;33.0;Colombia;Explained by: Generosity;
2012.0;35.0;Colombia;Explained by: Generosity;
2011.0;41.0;Colombia;Explained by: Generosity;
2024.0;27.0;Taiwan Province of China;Explained by: Generosity;0.057
2023.0;132.0;Comoros;Explained by: Generosity;0.128
2022.0;130.0;Comoros;Explained by: Generosity;0.129
2021.0;116.0;Comoros;Explained by: Generosity;0.195
2020.0;132.0;Comoros;Explained by: Generosity;0.241
2019.0;134.0;Comoros;Explained by: Generosity;0.259
2018.0;142.0;Comoros;Explained by: Generosity;
2015.0;138.0;Comoros;Explained by: Generosity;
2014.0;140.0;Comoros;Explained by: Generosity;
2012.0;149.0;Comoros;Explained by: Generosity;
2011.0;151.0;Comoros;Explained by: Generosity;
2024.0;28.0;Uruguay;Explained by: Generosity;0.078
2023.0;89.0;Congo;Explained by: Generosity;0.124
2022.0;86.0;Congo;Explained by: Generosity;0.134
2021.0;99.0;Congo;Explained by: Generosity;0.13
2020.0;84.0;Congo;Explained by: Generosity;0.144
2019.0;88.0;Congo;Explained by: Generosity;0.117
2018.0;103.0;Congo;Explained by: Generosity;
2017.0;114.0;Congo;Explained by: Generosity;
2016.0;124.0;Congo;Explained by: Generosity;
2015.0;127.0;Congo;Explained by: Generosity;
2014.0;139.0;Congo;Explained by: Generosity;
2012.0;129.0;Congo;Explained by: Generosity;
2011.0;148.0;Congo;Explained by: Generosity;
2024.0;29.0;Kosovo;Explained by: Generosity;0.201
2023.0;12.0;Costa Rica;Explained by: Generosity;0.109
2022.0;23.0;Costa Rica;Explained by: Generosity;0.099
2021.0;23.0;Costa Rica;Explained by: Generosity;0.089
2020.0;17.0;Costa Rica;Explained by: Generosity;0.105
2019.0;15.0;Costa Rica;Explained by: Generosity;0.131
2018.0;12.0;Costa Rica;Explained by: Generosity;
2017.0;13.0;Costa Rica;Explained by: Generosity;
2016.0;12.0;Costa Rica;Explained by: Generosity;
2015.0;14.0;Costa Rica;Explained by: Generosity;
2014.0;12.0;Costa Rica;Explained by: Generosity;
2012.0;12.0;Costa Rica;Explained by: Generosity;
2011.0;12.0;Costa Rica;Explained by: Generosity;
2024.0;30.0;Kuwait;Explained by: Generosity;0.143
2023.0;96.0;Côte d’Ivoire;Explained by: Generosity;0.12
2022.0;93.0;Côte d’Ivoire;Explained by: Generosity;0.138
2021.0;88.0;Côte d’Ivoire;Explained by: Generosity;0.149
2020.0;86.0;Côte d’Ivoire;Explained by: Generosity;0.177
2019.0;85.0;Côte d’Ivoire;Explained by: Generosity;0.17
2018.0;99.0;Côte d’Ivoire;Explained by: Generosity;
2017.0;107.0;Côte d’Ivoire;Explained by: Generosity;
2016.0;128.0;Côte d’Ivoire;Explained by: Generosity;
2015.0;139.0;Côte d’Ivoire;Explained by: Generosity;
2014.0;151.0;Côte d’Ivoire;Explained by: Generosity;
2011.0;133.0;Côte d’Ivoire;Explained by: Generosity;
2024.0;31.0;Serbia;Explained by: Generosity;0.131
2023.0;63.0;Croatia;Explained by: Generosity;0.064
2022.0;48.0;Croatia;Explained by: Generosity;0.087
2021.0;47.0;Croatia;Explained by: Generosity;0.109
2020.0;61.0;Croatia;Explained by: Generosity;0.111
2019.0;79.0;Croatia;Explained by: Generosity;0.114
2018.0;75.0;Croatia;Explained by: Generosity;
2017.0;82.0;Croatia;Explained by: Generosity;
2016.0;77.0;Croatia;Explained by: Generosity;
2015.0;74.0;Croatia;Explained by: Generosity;
2014.0;62.0;Croatia;Explained by: Generosity;
2012.0;58.0;Croatia;Explained by: Generosity;
2011.0;58.0;Croatia;Explained by: Generosity;
2011.0;69.0;Cuba;Explained by: Generosity;
2024.0;32.0;Saudi Arabia;Explained by: Generosity;0.105
2023.0;50.0;Cyprus;Explained by: Generosity;0.124
2022.0;46.0;Cyprus;Explained by: Generosity;0.104
2021.0;41.0;Cyprus;Explained by: Generosity;0.123
2020.0;40.0;Cyprus;Explained by: Generosity;0.178
2019.0;45.0;Cyprus;Explained by: Generosity;0.228
2018.0;49.0;Cyprus;Explained by: Generosity;
2017.0;61.0;Cyprus;Explained by: Generosity;
2016.0;65.0;Cyprus;Explained by: Generosity;
2015.0;69.0;Cyprus;Explained by: Generosity;
2014.0;67.0;Cyprus;Explained by: Generosity;
2012.0;34.0;Cyprus;Explained by: Generosity;
2011.0;35.0;Cyprus;Explained by: Generosity;
2024.0;33.0;France;Explained by: Generosity;0.099
2023.0;18.0;Czechia;Explained by: Generosity;0.177
2022.0;18.0;Czechia;Explained by: Generosity;0.158
2021.0;18.0;Czechia;Explained by: Generosity;0.158
2020.0;19.0;Czechia;Explained by: Generosity;0.052
2019.0;19.0;Czechia;Explained by: Generosity;0.046
2018.0;20.0;Czechia;Explained by: Generosity;
2017.0;21.0;Czechia;Explained by: Generosity;
2016.0;23.0;Czechia;Explained by: Generosity;
2015.0;27.0;Czechia;Explained by: Generosity;
2014.0;31.0;Czechia;Explained by: Generosity;
2012.0;39.0;Czechia;Explained by: Generosity;
2011.0;36.0;Czechia;Explained by: Generosity;
2024.0;34.0;Singapore;Explained by: Generosity;0.164
2023.0;2.0;Denmark;Explained by: Generosity;0.204
2022.0;2.0;Denmark;Explained by: Generosity;0.208
2021.0;2.0;Denmark;Explained by: Generosity;0.188
2020.0;3.0;Denmark;Explained by: Generosity;0.208
2019.0;2.0;Denmark;Explained by: Generosity;0.243
2018.0;2.0;Denmark;Explained by: Generosity;
2017.0;3.0;Denmark;Explained by: Generosity;
2016.0;2.0;Denmark;Explained by: Generosity;
2015.0;1.0;Denmark;Explained by: Generosity;
2014.0;3.0;Denmark;Explained by: Generosity;
2012.0;1.0;Denmark;Explained by: Generosity;
2011.0;1.0;Denmark;Explained by: Generosity;
2014.0;126.0;Djibouti;Explained by: Generosity;
2012.0;114.0;Djibouti;Explained by: Generosity;
2011.0;95.0;Djibouti;Explained by: Generosity;
2024.0;35.0;Romania;Explained by: Generosity;0.028
2023.0;69.0;Dominican Republic;Explained by: Generosity;0.086
2022.0;73.0;Dominican Republic;Explained by: Generosity;0.083
2021.0;69.0;Dominican Republic;Explained by: Generosity;0.084
2020.0;74.0;Dominican Republic;Explained by: Generosity;0.101
2019.0;68.0;Dominican Republic;Explained by: Generosity;0.112
2018.0;77.0;Dominican Republic;Explained by: Generosity;
2017.0;83.0;Dominican Republic;Explained by: Generosity;
2016.0;86.0;Dominican Republic;Explained by: Generosity;
2015.0;89.0;Dominican Republic;Explained by: Generosity;
2014.0;98.0;Dominican Republic;Explained by: Generosity;
2012.0;95.0;Dominican Republic;Explained by: Generosity;
2011.0;93.0;Dominican Republic;Explained by: Generosity;
2024.0;36.0;Brazil;Explained by: Generosity;0.089
2023.0;139.0;DR Congo;Explained by: Generosity;0.189
2022.0;133.0;DR Congo;Explained by: Generosity;0.183
2019.0;131.0;DR Congo;Explained by: Generosity;0.254
2018.0;127.0;DR Congo;Explained by: Generosity;
2017.0;132.0;DR Congo;Explained by: Generosity;
2016.0;126.0;DR Congo;Explained by: Generosity;
2015.0;125.0;DR Congo;Explained by: Generosity;
2014.0;120.0;DR Congo;Explained by: Generosity;
2012.0;117.0;DR Congo;Explained by: Generosity;
2011.0;141.0;DR Congo;Explained by: Generosity;
2024.0;37.0;El Salvador;Explained by: Generosity;0.054
2023.0;74.0;Ecuador;Explained by: Generosity;0.087
2022.0;74.0;Ecuador;Explained by: Generosity;0.079
2021.0;76.0;Ecuador;Explained by: Generosity;0.08
2020.0;67.0;Ecuador;Explained by: Generosity;0.107
2019.0;58.0;Ecuador;Explained by: Generosity;0.115
2018.0;50.0;Ecuador;Explained by: Generosity;
2017.0;48.0;Ecuador;Explained by: Generosity;
2016.0;44.0;Ecuador;Explained by: Generosity;
2015.0;51.0;Ecuador;Explained by: Generosity;
2014.0;48.0;Ecuador;Explained by: Generosity;
2012.0;49.0;Ecuador;Explained by: Generosity;
2011.0;66.0;Ecuador;Explained by: Generosity;
2024.0;38.0;Spain;Explained by: Generosity;0.112
2023.0;127.0;Egypt;Explained by: Generosity;0.025
2022.0;121.0;Egypt;Explained by: Generosity;0.038
2021.0;129.0;Egypt;Explained by: Generosity;0.041
2020.0;133.0;Egypt;Explained by: Generosity;0.069
2019.0;138.0;Egypt;Explained by: Generosity;0.069
2018.0;137.0;Egypt;Explained by: Generosity;
2017.0;122.0;Egypt;Explained by: Generosity;
2016.0;104.0;Egypt;Explained by: Generosity;
2015.0;120.0;Egypt;Explained by: Generosity;
2014.0;135.0;Egypt;Explained by: Generosity;
2012.0;130.0;Egypt;Explained by: Generosity;
2011.0;101.0;Egypt;Explained by: Generosity;
2024.0;39.0;Estonia;Explained by: Generosity;0.128
2023.0;33.0;El Salvador;Explained by: Generosity;0.083
2022.0;50.0;El Salvador;Explained by: Generosity;0.079
2021.0;49.0;El Salvador;Explained by: Generosity;0.089
2020.0;50.0;El Salvador;Explained by: Generosity;0.116
2019.0;34.0;El Salvador;Explained by: Generosity;0.119
2018.0;35.0;El Salvador;Explained by: Generosity;
2017.0;40.0;El Salvador;Explained by: Generosity;
2016.0;45.0;El Salvador;Explained by: Generosity;
2015.0;46.0;El Salvador;Explained by: Generosity;
2014.0;42.0;El Salvador;Explained by: Generosity;
2012.0;52.0;El Salvador;Explained by: Generosity;
2011.0;48.0;El Salvador;Explained by: Generosity;
2024.0;40.0;Italy;Explained by: Generosity;0.082
2023.0;34.0;Estonia;Explained by: Generosity;0.166
2022.0;31.0;Estonia;Explained by: Generosity;0.153
2021.0;36.0;Estonia;Explained by: Generosity;0.123
2020.0;41.0;Estonia;Explained by: Generosity;0.119
2019.0;51.0;Estonia;Explained by: Generosity;0.125
2018.0;55.0;Estonia;Explained by: Generosity;
2017.0;63.0;Estonia;Explained by: Generosity;
2016.0;66.0;Estonia;Explained by: Generosity;
2015.0;72.0;Estonia;Explained by: Generosity;
2014.0;73.0;Estonia;Explained by: Generosity;
2012.0;72.0;Estonia;Explained by: Generosity;
2011.0;72.0;Estonia;Explained by: Generosity;
2024.0;41.0;Panama;Explained by: Generosity;0.041
2023.0;135.0;Eswatini;Explained by: Generosity;0.059
2021.0;125.0;Eswatini;Explained by: Generosity;0.038
2024.0;42.0;Argentina;Explained by: Generosity;0.048
2023.0;130.0;Ethiopia;Explained by: Generosity;0.27
2022.0;124.0;Ethiopia;Explained by: Generosity;0.283
2021.0;131.0;Ethiopia;Explained by: Generosity;0.205
2020.0;134.0;Ethiopia;Explained by: Generosity;0.241
2019.0;136.0;Ethiopia;Explained by: Generosity;0.228
2018.0;134.0;Ethiopia;Explained by: Generosity;
2017.0;127.0;Ethiopia;Explained by: Generosity;
2016.0;119.0;Ethiopia;Explained by: Generosity;
2015.0;115.0;Ethiopia;Explained by: Generosity;
2014.0;122.0;Ethiopia;Explained by: Generosity;
2012.0;119.0;Ethiopia;Explained by: Generosity;
2011.0;139.0;Ethiopia;Explained by: Generosity;
2024.0;43.0;Kazakhstan;Explained by: Generosity;0.111
2023.0;1.0;Finland;Explained by: Generosity;0.142
2022.0;1.0;Finland;Explained by: Generosity;0.126
2021.0;1.0;Finland;Explained by: Generosity;0.109
2020.0;2.0;Finland;Explained by: Generosity;0.124
2019.0;1.0;Finland;Explained by: Generosity;0.16
2018.0;1.0;Finland;Explained by: Generosity;
2017.0;1.0;Finland;Explained by: Generosity;
2016.0;5.0;Finland;Explained by: Generosity;
2015.0;5.0;Finland;Explained by: Generosity;
2014.0;6.0;Finland;Explained by: Generosity;
2012.0;7.0;Finland;Explained by: Generosity;
2011.0;2.0;Finland;Explained by: Generosity;
2024.0;44.0;Guatemala;Explained by: Generosity;0.075
2023.0;27.0;France;Explained by: Generosity;0.112
2022.0;21.0;France;Explained by: Generosity;0.083
2021.0;20.0;France;Explained by: Generosity;0.07
2020.0;22.0;France;Explained by: Generosity;0.092
2019.0;23.0;France;Explained by: Generosity;0.113
2018.0;24.0;France;Explained by: Generosity;
2017.0;23.0;France;Explained by: Generosity;
2016.0;31.0;France;Explained by: Generosity;
2015.0;32.0;France;Explained by: Generosity;
2014.0;29.0;France;Explained by: Generosity;
2012.0;25.0;France;Explained by: Generosity;
2011.0;23.0;France;Explained by: Generosity;
2024.0;45.0;Chile;Explained by: Generosity;0.093
2023.0;95.0;Gabon;Explained by: Generosity;0.045
2022.0;94.0;Gabon;Explained by: Generosity;0.036
2021.0;106.0;Gabon;Explained by: Generosity;0.032
2020.0;113.0;Gabon;Explained by: Generosity;0.058
2019.0;108.0;Gabon;Explained by: Generosity;0.052
2018.0;104.0;Gabon;Explained by: Generosity;
2017.0;103.0;Gabon;Explained by: Generosity;
2016.0;118.0;Gabon;Explained by: Generosity;
2015.0;134.0;Gabon;Explained by: Generosity;
2014.0;143.0;Gabon;Explained by: Generosity;
2012.0;138.0;Gabon;Explained by: Generosity;
2024.0;46.0;Viet Nam;Explained by: Generosity;0.039
2023.0;112.0;Gambia;Explained by: Generosity;0.324
2022.0;119.0;Gambia;Explained by: Generosity;0.332
2021.0;93.0;Gambia;Explained by: Generosity;0.388
2020.0;99.0;Gambia;Explained by: Generosity;0.465
2019.0;113.0;Gambia;Explained by: Generosity;0.426
2018.0;120.0;Gambia;Explained by: Generosity;
2024.0;47.0;Nicaragua;Explained by: Generosity;0.103
2023.0;91.0;Georgia;Explained by: Generosity;0.0
2022.0;90.0;Georgia;Explained by: Generosity;0.0
2021.0;105.0;Georgia;Explained by: Generosity;0.0
2020.0;109.0;Georgia;Explained by: Generosity;0.032
2019.0;117.0;Georgia;Explained by: Generosity;0.048
2018.0;119.0;Georgia;Explained by: Generosity;
2017.0;128.0;Georgia;Explained by: Generosity;
2016.0;125.0;Georgia;Explained by: Generosity;
2015.0;126.0;Georgia;Explained by: Generosity;
2014.0;130.0;Georgia;Explained by: Generosity;
2012.0;134.0;Georgia;Explained by: Generosity;
2011.0;146.0;Georgia;Explained by: Generosity;
2024.0;48.0;Malta;Explained by: Generosity;0.217
2023.0;24.0;Germany;Explained by: Generosity;0.174
2022.0;16.0;Germany;Explained by: Generosity;0.153
2021.0;14.0;Germany;Explained by: Generosity;0.163
2020.0;14.0;Germany;Explained by: Generosity;0.195
2019.0;17.0;Germany;Explained by: Generosity;0.252
2018.0;17.0;Germany;Explained by: Generosity;
2017.0;15.0;Germany;Explained by: Generosity;
2016.0;16.0;Germany;Explained by: Generosity;
2015.0;16.0;Germany;Explained by: Generosity;
2014.0;26.0;Germany;Explained by: Generosity;
2012.0;26.0;Germany;Explained by: Generosity;
2011.0;30.0;Germany;Explained by: Generosity;
2024.0;49.0;Thailand;Explained by: Generosity;0.223
2023.0;120.0;Ghana;Explained by: Generosity;0.183
2022.0;107.0;Ghana;Explained by: Generosity;0.211
2021.0;111.0;Ghana;Explained by: Generosity;0.23
2020.0;96.0;Ghana;Explained by: Generosity;0.268
2019.0;91.0;Ghana;Explained by: Generosity;0.261
2018.0;98.0;Ghana;Explained by: Generosity;
2017.0;108.0;Ghana;Explained by: Generosity;
2016.0;131.0;Ghana;Explained by: Generosity;
2015.0;124.0;Ghana;Explained by: Generosity;
2014.0;114.0;Ghana;Explained by: Generosity;
2012.0;86.0;Ghana;Explained by: Generosity;
2011.0;108.0;Ghana;Explained by: Generosity;
2024.0;50.0;Slovakia;Explained by: Generosity;0.058
2023.0;64.0;Greece;Explained by: Generosity;0.018
2022.0;58.0;Greece;Explained by: Generosity;0.008
2021.0;58.0;Greece;Explained by: Generosity;0.015
2020.0;69.0;Greece;Explained by: Generosity;0.0
2019.0;77.0;Greece;Explained by: Generosity;0.0
2018.0;82.0;Greece;Explained by: Generosity;
2017.0;79.0;Greece;Explained by: Generosity;
2016.0;87.0;Greece;Explained by: Generosity;
2015.0;99.0;Greece;Explained by: Generosity;
2014.0;102.0;Greece;Explained by: Generosity;
2012.0;70.0;Greece;Explained by: Generosity;
2011.0;42.0;Greece;Explained by: Generosity;
2024.0;51.0;Latvia;Explained by: Generosity;0.108
2023.0;42.0;Guatemala;Explained by: Generosity;0.105
2022.0;43.0;Guatemala;Explained by: Generosity;0.106
2021.0;39.0;Guatemala;Explained by: Generosity;0.112
2020.0;31.0;Guatemala;Explained by: Generosity;0.163
2019.0;29.0;Guatemala;Explained by: Generosity;0.171
2018.0;27.0;Guatemala;Explained by: Generosity;
2017.0;30.0;Guatemala;Explained by: Generosity;
2016.0;29.0;Guatemala;Explained by: Generosity;
2015.0;39.0;Guatemala;Explained by: Generosity;
2014.0;43.0;Guatemala;Explained by: Generosity;
2012.0;47.0;Guatemala;Explained by: Generosity;
2011.0;37.0;Guatemala;Explained by: Generosity;
2024.0;52.0;Oman;Explained by: Generosity;0.142
2023.0;97.0;Guinea;Explained by: Generosity;0.21
2022.0;91.0;Guinea;Explained by: Generosity;0.204
2021.0;109.0;Guinea;Explained by: Generosity;0.214
2020.0;103.0;Guinea;Explained by: Generosity;0.25
2019.0;102.0;Guinea;Explained by: Generosity;0.249
2018.0;118.0;Guinea;Explained by: Generosity;
2017.0;140.0;Guinea;Explained by: Generosity;
2016.0;149.0;Guinea;Explained by: Generosity;
2015.0;151.0;Guinea;Explained by: Generosity;
2014.0;150.0;Guinea;Explained by: Generosity;
2012.0;150.0;Guinea;Explained by: Generosity;
2011.0;136.0;Guinea;Explained by: Generosity;
2011.0;45.0;Guyana;Explained by: Generosity;
2020.0;144.0;Haiti;Explained by: Generosity;0.463
2019.0;142.0;Haiti;Explained by: Generosity;0.464
2018.0;147.0;Haiti;Explained by: Generosity;
2017.0;148.0;Haiti;Explained by: Generosity;
2016.0;145.0;Haiti;Explained by: Generosity;
2015.0;136.0;Haiti;Explained by: Generosity;
2014.0;119.0;Haiti;Explained by: Generosity;
2012.0;126.0;Haiti;Explained by: Generosity;
2011.0;150.0;Haiti;Explained by: Generosity;
2024.0;53.0;Uzbekistan;Explained by: Generosity;0.195
2023.0;61.0;Honduras;Explained by: Generosity;0.175
2022.0;53.0;Honduras;Explained by: Generosity;0.189
2021.0;55.0;Honduras;Explained by: Generosity;0.202
2020.0;60.0;Honduras;Explained by: Generosity;0.241
2019.0;56.0;Honduras;Explained by: Generosity;0.257
2018.0;59.0;Honduras;Explained by: Generosity;
2017.0;72.0;Honduras;Explained by: Generosity;
2016.0;91.0;Honduras;Explained by: Generosity;
2015.0;104.0;Honduras;Explained by: Generosity;
2014.0;105.0;Honduras;Explained by: Generosity;
2012.0;84.0;Honduras;Explained by: Generosity;
2011.0;63.0;Honduras;Explained by: Generosity;
2024.0;54.0;Paraguay;Explained by: Generosity;0.097
2023.0;86.0;Hong Kong SAR of China;Explained by: Generosity;0.147
2022.0;82.0;Hong Kong SAR of China;Explained by: Generosity;0.123
2021.0;81.0;Hong Kong SAR of China;Explained by: Generosity;0.147
2020.0;78.0;Hong Kong SAR of China;Explained by: Generosity;0.232
2019.0;78.0;Hong Kong SAR of China;Explained by: Generosity;0.288
2018.0;76.0;Hong Kong SAR of China;Explained by: Generosity;
2017.0;76.0;Hong Kong SAR of China;Explained by: Generosity;
2016.0;71.0;Hong Kong SAR of China;Explained by: Generosity;
2015.0;75.0;Hong Kong SAR of China;Explained by: Generosity;
2014.0;72.0;Hong Kong SAR of China;Explained by: Generosity;
2012.0;64.0;Hong Kong SAR of China;Explained by: Generosity;
2011.0;67.0;Hong Kong SAR of China;Explained by: Generosity;
2024.0;55.0;Japan;Explained by: Generosity;0.014
2023.0;56.0;Hungary;Explained by: Generosity;0.123
2022.0;51.0;Hungary;Explained by: Generosity;0.105
2021.0;51.0;Hungary;Explained by: Generosity;0.078
2020.0;54.0;Hungary;Explained by: Generosity;0.067
2019.0;53.0;Hungary;Explained by: Generosity;0.07
2018.0;62.0;Hungary;Explained by: Generosity;
2017.0;69.0;Hungary;Explained by: Generosity;
2016.0;75.0;Hungary;Explained by: Generosity;
2015.0;91.0;Hungary;Explained by: Generosity;
2014.0;104.0;Hungary;Explained by: Generosity;
2012.0;110.0;Hungary;Explained by: Generosity;
2011.0;96.0;Hungary;Explained by: Generosity;
2024.0;56.0;Bosnia and Herzegovina;Explained by: Generosity;0.178
2023.0;3.0;Iceland;Explained by: Generosity;0.258
2022.0;3.0;Iceland;Explained by: Generosity;0.25
2021.0;3.0;Iceland;Explained by: Generosity;0.27
2020.0;5.0;Iceland;Explained by: Generosity;0.293
2019.0;4.0;Iceland;Explained by: Generosity;0.362
2018.0;4.0;Iceland;Explained by: Generosity;
2017.0;4.0;Iceland;Explained by: Generosity;
2016.0;3.0;Iceland;Explained by: Generosity;
2015.0;3.0;Iceland;Explained by: Generosity;
2014.0;2.0;Iceland;Explained by: Generosity;
2012.0;9.0;Iceland;Explained by: Generosity;
2011.0;20.0;Iceland;Explained by: Generosity;
2024.0;57.0;Philippines;Explained by: Generosity;0.075
2023.0;126.0;India;Explained by: Generosity;0.174
2022.0;126.0;India;Explained by: Generosity;0.175
2021.0;136.0;India;Explained by: Generosity;0.198
2020.0;140.0;India;Explained by: Generosity;0.246
2019.0;144.0;India;Explained by: Generosity;0.237
2018.0;140.0;India;Explained by: Generosity;
2017.0;133.0;India;Explained by: Generosity;
2016.0;122.0;India;Explained by: Generosity;
2015.0;118.0;India;Explained by: Generosity;
2014.0;117.0;India;Explained by: Generosity;
2012.0;111.0;India;Explained by: Generosity;
2011.0;94.0;India;Explained by: Generosity;
2024.0;58.0;Republic of Korea;Explained by: Generosity;0.1
2023.0;80.0;Indonesia;Explained by: Generosity;0.399
2022.0;84.0;Indonesia;Explained by: Generosity;0.422
2021.0;87.0;Indonesia;Explained by: Generosity;0.468
2020.0;83.0;Indonesia;Explained by: Generosity;0.541
2019.0;84.0;Indonesia;Explained by: Generosity;0.543
2018.0;92.0;Indonesia;Explained by: Generosity;
2017.0;96.0;Indonesia;Explained by: Generosity;
2016.0;81.0;Indonesia;Explained by: Generosity;
2015.0;79.0;Indonesia;Explained by: Generosity;
2014.0;74.0;Indonesia;Explained by: Generosity;
2012.0;76.0;Indonesia;Explained by: Generosity;
2011.0;83.0;Indonesia;Explained by: Generosity;
2024.0;59.0;Bahrain;Explained by: Generosity;0.148
2023.0;100.0;Iran;Explained by: Generosity;0.235
2022.0;101.0;Iran;Explained by: Generosity;0.229
2021.0;110.0;Iran;Explained by: Generosity;0.241
2020.0;119.0;Iran;Explained by: Generosity;0.33
2019.0;118.0;Iran;Explained by: Generosity;0.277
2018.0;117.0;Iran;Explained by: Generosity;
2017.0;106.0;Iran;Explained by: Generosity;
2016.0;108.0;Iran;Explained by: Generosity;
2015.0;105.0;Iran;Explained by: Generosity;
2014.0;110.0;Iran;Explained by: Generosity;
2012.0;115.0;Iran;Explained by: Generosity;
2011.0;84.0;Iran;Explained by: Generosity;
2024.0;60.0;Portugal;Explained by: Generosity;0.04
2023.0;92.0;Iraq;Explained by: Generosity;0.141
2022.0;98.0;Iraq;Explained by: Generosity;0.134
2021.0;107.0;Iraq;Explained by: Generosity;0.147
2020.0;112.0;Iraq;Explained by: Generosity;0.153
2019.0;110.0;Iraq;Explained by: Generosity;0.153
2018.0;126.0;Iraq;Explained by: Generosity;
2017.0;117.0;Iraq;Explained by: Generosity;
2016.0;117.0;Iraq;Explained by: Generosity;
2015.0;112.0;Iraq;Explained by: Generosity;
2014.0;112.0;Iraq;Explained by: Generosity;
2012.0;105.0;Iraq;Explained by: Generosity;
2011.0;98.0;Iraq;Explained by: Generosity;
2024.0;61.0;Colombia;Explained by: Generosity;0.039
2023.0;17.0;Ireland;Explained by: Generosity;0.205
2022.0;14.0;Ireland;Explained by: Generosity;0.186
2021.0;13.0;Ireland;Explained by: Generosity;0.19
2020.0;16.0;Ireland;Explained by: Generosity;0.238
2019.0;16.0;Ireland;Explained by: Generosity;0.295
2018.0;16.0;Ireland;Explained by: Generosity;
2017.0;14.0;Ireland;Explained by: Generosity;
2016.0;15.0;Ireland;Explained by: Generosity;
2015.0;19.0;Ireland;Explained by: Generosity;
2014.0;18.0;Ireland;Explained by: Generosity;
2012.0;18.0;Ireland;Explained by: Generosity;
2011.0;10.0;Ireland;Explained by: Generosity;
2024.0;62.0;Ecuador;Explained by: Generosity;0.058
2023.0;5.0;Israel;Explained by: Generosity;0.153
2022.0;4.0;Israel;Explained by: Generosity;0.124
2021.0;9.0;Israel;Explained by: Generosity;0.155
2020.0;13.0;Israel;Explained by: Generosity;0.208
2019.0;14.0;Israel;Explained by: Generosity;0.267
2018.0;13.0;Israel;Explained by: Generosity;
2017.0;11.0;Israel;Explained by: Generosity;
2016.0;11.0;Israel;Explained by: Generosity;
2015.0;11.0;Israel;Explained by: Generosity;
2014.0;11.0;Israel;Explained by: Generosity;
2012.0;11.0;Israel;Explained by: Generosity;
2011.0;14.0;Israel;Explained by: Generosity;
2024.0;63.0;Honduras;Explained by: Generosity;0.134
2023.0;41.0;Italy;Explained by: Generosity;0.112
2022.0;33.0;Italy;Explained by: Generosity;0.097
2021.0;31.0;Italy;Explained by: Generosity;0.085
2020.0;29.0;Italy;Explained by: Generosity;0.133
2019.0;30.0;Italy;Explained by: Generosity;0.17
2018.0;36.0;Italy;Explained by: Generosity;
2017.0;47.0;Italy;Explained by: Generosity;
2016.0;48.0;Italy;Explained by: Generosity;
2015.0;50.0;Italy;Explained by: Generosity;
2014.0;50.0;Italy;Explained by: Generosity;
2012.0;45.0;Italy;Explained by: Generosity;
2011.0;28.0;Italy;Explained by: Generosity;
2024.0;64.0;Malaysia;Explained by: Generosity;0.181
2023.0;67.0;Jamaica;Explained by: Generosity;0.089
2022.0;68.0;Jamaica;Explained by: Generosity;0.079
2021.0;63.0;Jamaica;Explained by: Generosity;0.08
2020.0;38.0;Jamaica;Explained by: Generosity;0.099
2019.0;60.0;Jamaica;Explained by: Generosity;0.116
2018.0;56.0;Jamaica;Explained by: Generosity;
2017.0;56.0;Jamaica;Explained by: Generosity;
2016.0;76.0;Jamaica;Explained by: Generosity;
2015.0;73.0;Jamaica;Explained by: Generosity;
2014.0;65.0;Jamaica;Explained by: Generosity;
2012.0;75.0;Jamaica;Explained by: Generosity;
2011.0;40.0;Jamaica;Explained by: Generosity;
2024.0;65.0;Peru;Explained by: Generosity;0.05
2023.0;51.0;Japan;Explained by: Generosity;0.023
2022.0;47.0;Japan;Explained by: Generosity;0.009
2021.0;54.0;Japan;Explained by: Generosity;0.007
2020.0;57.0;Japan;Explained by: Generosity;0.02
2019.0;62.0;Japan;Explained by: Generosity;0.036
2018.0;58.0;Japan;Explained by: Generosity;
2017.0;54.0;Japan;Explained by: Generosity;
2016.0;51.0;Japan;Explained by: Generosity;
2015.0;53.0;Japan;Explained by: Generosity;
2014.0;46.0;Japan;Explained by: Generosity;
2012.0;43.0;Japan;Explained by: Generosity;
2011.0;44.0;Japan;Explained by: Generosity;
2024.0;66.0;Russian Federation;Explained by: Generosity;0.095
2023.0;125.0;Jordan;Explained by: Generosity;0.059
2022.0;123.0;Jordan;Explained by: Generosity;0.056
2021.0;134.0;Jordan;Explained by: Generosity;0.058
2020.0;128.0;Jordan;Explained by: Generosity;0.079
2019.0;119.0;Jordan;Explained by: Generosity;0.091
2018.0;101.0;Jordan;Explained by: Generosity;
2017.0;90.0;Jordan;Explained by: Generosity;
2016.0;74.0;Jordan;Explained by: Generosity;
2015.0;80.0;Jordan;Explained by: Generosity;
2014.0;82.0;Jordan;Explained by: Generosity;
2012.0;74.0;Jordan;Explained by: Generosity;
2011.0;54.0;Jordan;Explained by: Generosity;
2024.0;67.0;Cyprus;Explained by: Generosity;0.108
2023.0;49.0;Kazakhstan;Explained by: Generosity;0.149
2022.0;44.0;Kazakhstan;Explained by: Generosity;0.136
2021.0;40.0;Kazakhstan;Explained by: Generosity;0.134
2020.0;46.0;Kazakhstan;Explained by: Generosity;0.143
2019.0;50.0;Kazakhstan;Explained by: Generosity;0.154
2018.0;60.0;Kazakhstan;Explained by: Generosity;
2017.0;60.0;Kazakhstan;Explained by: Generosity;
2016.0;60.0;Kazakhstan;Explained by: Generosity;
2015.0;54.0;Kazakhstan;Explained by: Generosity;
2014.0;54.0;Kazakhstan;Explained by: Generosity;
2012.0;57.0;Kazakhstan;Explained by: Generosity;
2011.0;59.0;Kazakhstan;Explained by: Generosity;
2024.0;68.0;China;Explained by: Generosity;0.079
2023.0;114.0;Kenya;Explained by: Generosity;0.282
2022.0;111.0;Kenya;Explained by: Generosity;0.291
2021.0;119.0;Kenya;Explained by: Generosity;0.322
2020.0;122.0;Kenya;Explained by: Generosity;0.375
2019.0;121.0;Kenya;Explained by: Generosity;0.394
2018.0;121.0;Kenya;Explained by: Generosity;
2017.0;124.0;Kenya;Explained by: Generosity;
2016.0;112.0;Kenya;Explained by: Generosity;
2015.0;122.0;Kenya;Explained by: Generosity;
2014.0;125.0;Kenya;Explained by: Generosity;
2012.0;123.0;Kenya;Explained by: Generosity;
2011.0;134.0;Kenya;Explained by: Generosity;
2024.0;69.0;Hungary;Explained by: Generosity;0.099
2023.0;29.0;Kosovo;Explained by: Generosity;0.254
2022.0;34.0;Kosovo;Explained by: Generosity;0.275
2021.0;32.0;Kosovo;Explained by: Generosity;0.309
2020.0;34.0;Kosovo;Explained by: Generosity;0.356
2019.0;35.0;Kosovo;Explained by: Generosity;0.325
2018.0;46.0;Kosovo;Explained by: Generosity;
2017.0;66.0;Kosovo;Explained by: Generosity;
2016.0;78.0;Kosovo;Explained by: Generosity;
2015.0;77.0;Kosovo;Explained by: Generosity;
2014.0;69.0;Kosovo;Explained by: Generosity;
2012.0;83.0;Kosovo;Explained by: Generosity;
2011.0;68.0;Kosovo;Explained by: Generosity;
2024.0;70.0;Trinidad and Tobago;Explained by: Generosity;0.111
2023.0;13.0;Kuwait;Explained by: Generosity;0.2
2021.0;50.0;Kuwait;Explained by: Generosity;0.087
2020.0;48.0;Kuwait;Explained by: Generosity;0.12
2019.0;48.0;Kuwait;Explained by: Generosity;0.133
2018.0;51.0;Kuwait;Explained by: Generosity;
2017.0;45.0;Kuwait;Explained by: Generosity;
2016.0;39.0;Kuwait;Explained by: Generosity;
2015.0;41.0;Kuwait;Explained by: Generosity;
2014.0;39.0;Kuwait;Explained by: Generosity;
2012.0;32.0;Kuwait;Explained by: Generosity;
2011.0;29.0;Kuwait;Explained by: Generosity;
2024.0;71.0;Montenegro;Explained by: Generosity;0.075
2023.0;75.0;Kyrgyzstan;Explained by: Generosity;0.225
2022.0;62.0;Kyrgyzstan;Explained by: Generosity;0.234
2021.0;64.0;Kyrgyzstan;Explained by: Generosity;0.208
2020.0;68.0;Kyrgyzstan;Explained by: Generosity;0.266
2019.0;74.0;Kyrgyzstan;Explained by: Generosity;0.301
2018.0;86.0;Kyrgyzstan;Explained by: Generosity;
2017.0;92.0;Kyrgyzstan;Explained by: Generosity;
2016.0;98.0;Kyrgyzstan;Explained by: Generosity;
2015.0;85.0;Kyrgyzstan;Explained by: Generosity;
2014.0;77.0;Kyrgyzstan;Explained by: Generosity;
2012.0;89.0;Kyrgyzstan;Explained by: Generosity;
2011.0;102.0;Kyrgyzstan;Explained by: Generosity;
2024.0;72.0;Croatia;Explained by: Generosity;0.022
2023.0;94.0;Lao PDR;Explained by: Generosity;0.17
2022.0;89.0;Lao PDR;Explained by: Generosity;0.185
2021.0;95.0;Lao PDR;Explained by: Generosity;0.197
2020.0;101.0;Lao PDR;Explained by: Generosity;0.268
2019.0;104.0;Lao PDR;Explained by: Generosity;0.273
2018.0;105.0;Lao PDR;Explained by: Generosity;
2017.0;110.0;Lao PDR;Explained by: Generosity;
2015.0;102.0;Lao PDR;Explained by: Generosity;
2014.0;99.0;Lao PDR;Explained by: Generosity;
2012.0;109.0;Lao PDR;Explained by: Generosity;
2011.0;82.0;Lao PDR;Explained by: Generosity;
2024.0;73.0;Jamaica;Explained by: Generosity;0.075
2023.0;46.0;Latvia;Explained by: Generosity;0.127
2022.0;41.0;Latvia;Explained by: Generosity;0.107
2021.0;42.0;Latvia;Explained by: Generosity;0.075
2020.0;52.0;Latvia;Explained by: Generosity;0.082
2019.0;57.0;Latvia;Explained by: Generosity;0.075
2018.0;53.0;Latvia;Explained by: Generosity;
2017.0;53.0;Latvia;Explained by: Generosity;
2016.0;54.0;Latvia;Explained by: Generosity;
2015.0;68.0;Latvia;Explained by: Generosity;
2014.0;89.0;Latvia;Explained by: Generosity;
2012.0;88.0;Latvia;Explained by: Generosity;
2011.0;106.0;Latvia;Explained by: Generosity;
2024.0;74.0;Bolivia;Explained by: Generosity;0.067
2023.0;142.0;Lebanon;Explained by: Generosity;0.068
2022.0;136.0;Lebanon;Explained by: Generosity;0.061
2021.0;145.0;Lebanon;Explained by: Generosity;0.082
2020.0;124.0;Lebanon;Explained by: Generosity;0.14
2019.0;111.0;Lebanon;Explained by: Generosity;0.159
2018.0;91.0;Lebanon;Explained by: Generosity;
2017.0;88.0;Lebanon;Explained by: Generosity;
2016.0;88.0;Lebanon;Explained by: Generosity;
2015.0;93.0;Lebanon;Explained by: Generosity;
2014.0;103.0;Lebanon;Explained by: Generosity;
2012.0;97.0;Lebanon;Explained by: Generosity;
2011.0;92.0;Lebanon;Explained by: Generosity;
2024.0;75.0;Kyrgyzstan;Explained by: Generosity;0.169
2023.0;141.0;Lesotho;Explained by: Generosity;0.082
2021.0;141.0;Lesotho;Explained by: Generosity;0.076
2020.0;146.0;Lesotho;Explained by: Generosity;0.103
2019.0;143.0;Lesotho;Explained by: Generosity;0.103
2018.0;144.0;Lesotho;Explained by: Generosity;
2017.0;141.0;Lesotho;Explained by: Generosity;
2016.0;139.0;Lesotho;Explained by: Generosity;
2014.0;97.0;Lesotho;Explained by: Generosity;
2012.0;98.0;Lesotho;Explained by: Generosity;
2024.0;76.0;Dominican Republic;Explained by: Generosity;0.063
2023.0;121.0;Liberia;Explained by: Generosity;0.178
2022.0;125.0;Liberia;Explained by: Generosity;0.219
2021.0;97.0;Liberia;Explained by: Generosity;0.178
2020.0;121.0;Liberia;Explained by: Generosity;0.221
2019.0;124.0;Liberia;Explained by: Generosity;0.227
2018.0;141.0;Liberia;Explained by: Generosity;
2017.0;149.0;Liberia;Explained by: Generosity;
2016.0;148.0;Liberia;Explained by: Generosity;
2015.0;150.0;Liberia;Explained by: Generosity;
2014.0;116.0;Liberia;Explained by: Generosity;
2012.0;133.0;Liberia;Explained by: Generosity;
2011.0;140.0;Liberia;Explained by: Generosity;
2024.0;77.0;Mongolia;Explained by: Generosity;0.18
2023.0;66.0;Libya;Explained by: Generosity;0.111
2021.0;86.0;Libya;Explained by: Generosity;0.106
2020.0;81.0;Libya;Explained by: Generosity;0.131
2019.0;80.0;Libya;Explained by: Generosity;0.143
2018.0;72.0;Libya;Explained by: Generosity;
2017.0;70.0;Libya;Explained by: Generosity;
2016.0;68.0;Libya;Explained by: Generosity;
2015.0;67.0;Libya;Explained by: Generosity;
2014.0;63.0;Libya;Explained by: Generosity;
2012.0;78.0;Libya;Explained by: Generosity;
2011.0;81.0;Libya;Explained by: Generosity;
2024.0;78.0;Mauritius;Explained by: Generosity;0.095
2023.0;19.0;Lithuania;Explained by: Generosity;0.044
2022.0;20.0;Lithuania;Explained by: Generosity;0.059
2021.0;34.0;Lithuania;Explained by: Generosity;0.053
2020.0;39.0;Lithuania;Explained by: Generosity;0.056
2019.0;41.0;Lithuania;Explained by: Generosity;0.054
2018.0;42.0;Lithuania;Explained by: Generosity;
2017.0;50.0;Lithuania;Explained by: Generosity;
2016.0;52.0;Lithuania;Explained by: Generosity;
2015.0;60.0;Lithuania;Explained by: Generosity;
2014.0;56.0;Lithuania;Explained by: Generosity;
2012.0;71.0;Lithuania;Explained by: Generosity;
2011.0;60.0;Lithuania;Explained by: Generosity;
2024.0;79.0;Libya;Explained by: Generosity;0.111
2023.0;8.0;Luxembourg;Explained by: Generosity;0.146
2022.0;9.0;Luxembourg;Explained by: Generosity;0.149
2021.0;6.0;Luxembourg;Explained by: Generosity;0.12
2020.0;9.0;Luxembourg;Explained by: Generosity;0.166
2019.0;10.0;Luxembourg;Explained by: Generosity;0.196
2018.0;14.0;Luxembourg;Explained by: Generosity;
2017.0;17.0;Luxembourg;Explained by: Generosity;
2016.0;18.0;Luxembourg;Explained by: Generosity;
2015.0;20.0;Luxembourg;Explained by: Generosity;
2014.0;17.0;Luxembourg;Explained by: Generosity;
2012.0;19.0;Luxembourg;Explained by: Generosity;
2011.0;16.0;Luxembourg;Explained by: Generosity;
2019.0;90.0;Macedonia;Explained by: Generosity;0.186
2024.0;80.0;Republic of Moldova;Explained by: Generosity;0.054
2023.0;123.0;Madagascar;Explained by: Generosity;0.172
2022.0;127.0;Madagascar;Explained by: Generosity;0.177
2021.0;128.0;Madagascar;Explained by: Generosity;0.143
2020.0;136.0;Madagascar;Explained by: Generosity;0.185
2019.0;137.0;Madagascar;Explained by: Generosity;0.191
2018.0;143.0;Madagascar;Explained by: Generosity;
2017.0;143.0;Madagascar;Explained by: Generosity;
2016.0;144.0;Madagascar;Explained by: Generosity;
2015.0;148.0;Madagascar;Explained by: Generosity;
2014.0;147.0;Madagascar;Explained by: Generosity;
2012.0;146.0;Madagascar;Explained by: Generosity;
2011.0;129.0;Madagascar;Explained by: Generosity;
2024.0;81.0;Greece;Explained by: Generosity;0.003
2023.0;136.0;Malawi;Explained by: Generosity;0.135
2022.0;131.0;Malawi;Explained by: Generosity;0.139
2021.0;138.0;Malawi;Explained by: Generosity;0.14
2020.0;145.0;Malawi;Explained by: Generosity;0.213
2019.0;145.0;Malawi;Explained by: Generosity;0.213
2018.0;150.0;Malawi;Explained by: Generosity;
2017.0;147.0;Malawi;Explained by: Generosity;
2016.0;136.0;Malawi;Explained by: Generosity;
2015.0;132.0;Malawi;Explained by: Generosity;
2014.0;131.0;Malawi;Explained by: Generosity;
2012.0;139.0;Malawi;Explained by: Generosity;
2011.0;114.0;Malawi;Explained by: Generosity;
2024.0;82.0;Venezuela;Explained by: Generosity;0.154
2023.0;59.0;Malaysia;Explained by: Generosity;0.226
2022.0;55.0;Malaysia;Explained by: Generosity;0.222
2021.0;70.0;Malaysia;Explained by: Generosity;0.213
2020.0;82.0;Malaysia;Explained by: Generosity;0.27
2019.0;82.0;Malaysia;Explained by: Generosity;0.275
2018.0;80.0;Malaysia;Explained by: Generosity;
2017.0;35.0;Malaysia;Explained by: Generosity;
2016.0;42.0;Malaysia;Explained by: Generosity;
2015.0;47.0;Malaysia;Explained by: Generosity;
2014.0;61.0;Malaysia;Explained by: Generosity;
2012.0;56.0;Malaysia;Explained by: Generosity;
2011.0;51.0;Malaysia;Explained by: Generosity;
2020.0;90.0;Maldives;Explained by: Generosity;0.204
2019.0;87.0;Maldives;Explained by: Generosity;0.224
2024.0;83.0;Indonesia;Explained by: Generosity;0.323
2023.0;122.0;Mali;Explained by: Generosity;0.12
2022.0;120.0;Mali;Explained by: Generosity;0.121
2021.0;123.0;Mali;Explained by: Generosity;0.128
2020.0;118.0;Mali;Explained by: Generosity;0.164
2019.0;114.0;Mali;Explained by: Generosity;0.17
2018.0;128.0;Mali;Explained by: Generosity;
2017.0;118.0;Mali;Explained by: Generosity;
2016.0;127.0;Mali;Explained by: Generosity;
2015.0;135.0;Mali;Explained by: Generosity;
2014.0;138.0;Mali;Explained by: Generosity;
2012.0;132.0;Mali;Explained by: Generosity;
2011.0;143.0;Mali;Explained by: Generosity;
2024.0;84.0;Algeria;Explained by: Generosity;0.057
2023.0;40.0;Malta;Explained by: Generosity;0.25
2022.0;37.0;Malta;Explained by: Generosity;0.2
2021.0;33.0;Malta;Explained by: Generosity;0.174
2020.0;24.0;Malta;Explained by: Generosity;0.275
2019.0;22.0;Malta;Explained by: Generosity;0.341
2018.0;22.0;Malta;Explained by: Generosity;
2017.0;22.0;Malta;Explained by: Generosity;
2016.0;27.0;Malta;Explained by: Generosity;
2015.0;30.0;Malta;Explained by: Generosity;
2014.0;37.0;Malta;Explained by: Generosity;
2012.0;48.0;Malta;Explained by: Generosity;
2011.0;47.0;Malta;Explained by: Generosity;
2024.0;85.0;Bulgaria;Explained by: Generosity;0.055
2023.0;111.0;Mauritania;Explained by: Generosity;0.133
2022.0;103.0;Mauritania;Explained by: Generosity;0.13
2021.0;133.0;Mauritania;Explained by: Generosity;0.088
2020.0;135.0;Mauritania;Explained by: Generosity;0.119
2019.0;129.0;Mauritania;Explained by: Generosity;0.129
2018.0;122.0;Mauritania;Explained by: Generosity;
2017.0;126.0;Mauritania;Explained by: Generosity;
2016.0;123.0;Mauritania;Explained by: Generosity;
2015.0;130.0;Mauritania;Explained by: Generosity;
2014.0;124.0;Mauritania;Explained by: Generosity;
2012.0;112.0;Mauritania;Explained by: Generosity;
2011.0;113.0;Mauritania;Explained by: Generosity;
2024.0;86.0;North Macedonia;Explained by: Generosity;0.13
2023.0;70.0;Mauritius;Explained by: Generosity;0.123
2022.0;59.0;Mauritius;Explained by: Generosity;0.121
2021.0;52.0;Mauritius;Explained by: Generosity;0.131
2020.0;51.0;Mauritius;Explained by: Generosity;0.153
2019.0;49.0;Mauritius;Explained by: Generosity;0.187
2018.0;57.0;Mauritius;Explained by: Generosity;
2017.0;55.0;Mauritius;Explained by: Generosity;
2016.0;64.0;Mauritius;Explained by: Generosity;
2015.0;66.0;Mauritius;Explained by: Generosity;
2014.0;71.0;Mauritius;Explained by: Generosity;
2012.0;67.0;Mauritius;Explained by: Generosity;
2011.0;64.0;Mauritius;Explained by: Generosity;
2024.0;87.0;Armenia;Explained by: Generosity;0.032
2023.0;25.0;Mexico;Explained by: Generosity;0.086
2022.0;36.0;Mexico;Explained by: Generosity;0.086
2021.0;46.0;Mexico;Explained by: Generosity;0.092
2020.0;37.0;Mexico;Explained by: Generosity;0.092
2019.0;24.0;Mexico;Explained by: Generosity;0.083
2018.0;23.0;Mexico;Explained by: Generosity;
2017.0;24.0;Mexico;Explained by: Generosity;
2016.0;25.0;Mexico;Explained by: Generosity;
2015.0;21.0;Mexico;Explained by: Generosity;
2014.0;14.0;Mexico;Explained by: Generosity;
2012.0;16.0;Mexico;Explained by: Generosity;
2011.0;24.0;Mexico;Explained by: Generosity;
2024.0;88.0;Hong Kong SAR of China;Explained by: Generosity;0.116
2023.0;77.0;Mongolia;Explained by: Generosity;0.237
2022.0;61.0;Mongolia;Explained by: Generosity;0.239
2021.0;68.0;Mongolia;Explained by: Generosity;0.247
2020.0;71.0;Mongolia;Explained by: Generosity;0.263
2019.0;81.0;Mongolia;Explained by: Generosity;0.264
2018.0;83.0;Mongolia;Explained by: Generosity;
2017.0;94.0;Mongolia;Explained by: Generosity;
2016.0;100.0;Mongolia;Explained by: Generosity;
2015.0;101.0;Mongolia;Explained by: Generosity;
2014.0;100.0;Mongolia;Explained by: Generosity;
2012.0;102.0;Mongolia;Explained by: Generosity;
2011.0;119.0;Mongolia;Explained by: Generosity;
2024.0;89.0;Albania;Explained by: Generosity;0.103
2023.0;76.0;Montenegro;Explained by: Generosity;0.11
2022.0;67.0;Montenegro;Explained by: Generosity;0.17
2021.0;75.0;Montenegro;Explained by: Generosity;0.135
2020.0;73.0;Montenegro;Explained by: Generosity;0.166
2019.0;72.0;Montenegro;Explained by: Generosity;0.149
2018.0;73.0;Montenegro;Explained by: Generosity;
2017.0;81.0;Montenegro;Explained by: Generosity;
2016.0;83.0;Montenegro;Explained by: Generosity;
2015.0;88.0;Montenegro;Explained by: Generosity;
2014.0;83.0;Montenegro;Explained by: Generosity;
2012.0;80.0;Montenegro;Explained by: Generosity;
2011.0;86.0;Montenegro;Explained by: Generosity;
2024.0;90.0;Tajikistan;Explained by: Generosity;0.085
2023.0;107.0;Morocco;Explained by: Generosity;0.042
2022.0;100.0;Morocco;Explained by: Generosity;0.013
2021.0;100.0;Morocco;Explained by: Generosity;0.02
2020.0;107.0;Morocco;Explained by: Generosity;0.034
2019.0;97.0;Morocco;Explained by: Generosity;0.04
2018.0;89.0;Morocco;Explained by: Generosity;
2017.0;85.0;Morocco;Explained by: Generosity;
2016.0;84.0;Morocco;Explained by: Generosity;
2015.0;90.0;Morocco;Explained by: Generosity;
2014.0;92.0;Morocco;Explained by: Generosity;
2012.0;99.0;Morocco;Explained by: Generosity;
2011.0;105.0;Morocco;Explained by: Generosity;
2024.0;91.0;Georgia;Explained by: Generosity;0.0
2023.0;90.0;Mozambique;Explained by: Generosity;0.158
2022.0;97.0;Mozambique;Explained by: Generosity;0.161
2021.0;101.0;Mozambique;Explained by: Generosity;0.185
2020.0;116.0;Mozambique;Explained by: Generosity;0.228
2019.0;120.0;Mozambique;Explained by: Generosity;0.22
2018.0;123.0;Mozambique;Explained by: Generosity;
2017.0;123.0;Mozambique;Explained by: Generosity;
2016.0;113.0;Mozambique;Explained by: Generosity;
2014.0;94.0;Mozambique;Explained by: Generosity;
2012.0;94.0;Mozambique;Explained by: Generosity;
2011.0;110.0;Mozambique;Explained by: Generosity;
2024.0;92.0;Nepal;Explained by: Generosity;0.155
2023.0;118.0;Myanmar;Explained by: Generosity;0.401
2022.0;117.0;Myanmar;Explained by: Generosity;0.4
2021.0;126.0;Myanmar;Explained by: Generosity;0.452
2020.0;127.0;Myanmar;Explained by: Generosity;0.52
2019.0;133.0;Myanmar;Explained by: Generosity;0.57
2018.0;131.0;Myanmar;Explained by: Generosity;
2017.0;130.0;Myanmar;Explained by: Generosity;
2016.0;114.0;Myanmar;Explained by: Generosity;
2015.0;119.0;Myanmar;Explained by: Generosity;
2014.0;129.0;Myanmar;Explained by: Generosity;
2012.0;121.0;Myanmar;Explained by: Generosity;
2011.0;74.0;Myanmar;Explained by: Generosity;
2024.0;93.0;Lao PDR;Explained by: Generosity;0.145
2023.0;106.0;Namibia;Explained by: Generosity;0.069
2022.0;105.0;Namibia;Explained by: Generosity;0.069
2021.0;124.0;Namibia;Explained by: Generosity;0.067
2020.0;125.0;Namibia;Explained by: Generosity;0.091
2019.0;122.0;Namibia;Explained by: Generosity;0.076
2018.0;113.0;Namibia;Explained by: Generosity;
2017.0;119.0;Namibia;Explained by: Generosity;
2016.0;111.0;Namibia;Explained by: Generosity;
2015.0;113.0;Namibia;Explained by: Generosity;
2011.0;97.0;Namibia;Explained by: Generosity;
2024.0;94.0;Türkiye;Explained by: Generosity;0.04
2023.0;93.0;Nepal;Explained by: Generosity;0.209
2022.0;78.0;Nepal;Explained by: Generosity;0.215
2021.0;84.0;Nepal;Explained by: Generosity;0.237
2020.0;88.0;Nepal;Explained by: Generosity;0.287
2019.0;92.0;Nepal;Explained by: Generosity;0.301
2018.0;100.0;Nepal;Explained by: Generosity;
2017.0;101.0;Nepal;Explained by: Generosity;
2016.0;99.0;Nepal;Explained by: Generosity;
2015.0;107.0;Nepal;Explained by: Generosity;
2014.0;121.0;Nepal;Explained by: Generosity;
2012.0;135.0;Nepal;Explained by: Generosity;
2011.0;121.0;Nepal;Explained by: Generosity;
2024.0;95.0;South Africa;Explained by: Generosity;0.064
2023.0;6.0;Netherlands;Explained by: Generosity;0.247
2022.0;5.0;Netherlands;Explained by: Generosity;0.251
2021.0;5.0;Netherlands;Explained by: Generosity;0.271
2020.0;6.0;Netherlands;Explained by: Generosity;0.302
2019.0;6.0;Netherlands;Explained by: Generosity;0.336
2018.0;5.0;Netherlands;Explained by: Generosity;
2017.0;6.0;Netherlands;Explained by: Generosity;
2016.0;6.0;Netherlands;Explained by: Generosity;
2015.0;7.0;Netherlands;Explained by: Generosity;
2014.0;7.0;Netherlands;Explained by: Generosity;
2012.0;4.0;Netherlands;Explained by: Generosity;
2011.0;4.0;Netherlands;Explained by: Generosity;
2024.0;96.0;Mozambique;Explained by: Generosity;0.127
2023.0;11.0;New Zealand;Explained by: Generosity;0.226
2022.0;10.0;New Zealand;Explained by: Generosity;0.23
2021.0;10.0;New Zealand;Explained by: Generosity;0.245
2020.0;10.0;New Zealand;Explained by: Generosity;0.276
2019.0;8.0;New Zealand;Explained by: Generosity;0.326
2018.0;8.0;New Zealand;Explained by: Generosity;
2017.0;8.0;New Zealand;Explained by: Generosity;
2016.0;8.0;New Zealand;Explained by: Generosity;
2015.0;8.0;New Zealand;Explained by: Generosity;
2014.0;9.0;New Zealand;Explained by: Generosity;
2012.0;13.0;New Zealand;Explained by: Generosity;
2011.0;8.0;New Zealand;Explained by: Generosity;
2024.0;97.0;Gabon;Explained by: Generosity;0.042
2023.0;43.0;Nicaragua;Explained by: Generosity;0.133
2022.0;40.0;Nicaragua;Explained by: Generosity;0.148
2021.0;45.0;Nicaragua;Explained by: Generosity;0.168
2020.0;56.0;Nicaragua;Explained by: Generosity;0.201
2019.0;46.0;Nicaragua;Explained by: Generosity;0.213
2018.0;45.0;Nicaragua;Explained by: Generosity;
2017.0;41.0;Nicaragua;Explained by: Generosity;
2016.0;43.0;Nicaragua;Explained by: Generosity;
2015.0;48.0;Nicaragua;Explained by: Generosity;
2014.0;57.0;Nicaragua;Explained by: Generosity;
2012.0;65.0;Nicaragua;Explained by: Generosity;
2011.0;89.0;Nicaragua;Explained by: Generosity;
2024.0;98.0;Côte d’Ivoire;Explained by: Generosity;0.1
2023.0;109.0;Niger;Explained by: Generosity;0.145
2022.0;109.0;Niger;Explained by: Generosity;0.154
2021.0;104.0;Niger;Explained by: Generosity;0.165
2020.0;97.0;Niger;Explained by: Generosity;0.2
2019.0;103.0;Niger;Explained by: Generosity;0.208
2018.0;114.0;Niger;Explained by: Generosity;
2017.0;134.0;Niger;Explained by: Generosity;
2016.0;135.0;Niger;Explained by: Generosity;
2015.0;142.0;Niger;Explained by: Generosity;
2014.0;144.0;Niger;Explained by: Generosity;
2012.0;136.0;Niger;Explained by: Generosity;
2011.0;137.0;Niger;Explained by: Generosity;
2024.0;99.0;Iran;Explained by: Generosity;0.202
2023.0;102.0;Nigeria;Explained by: Generosity;0.201
2022.0;95.0;Nigeria;Explained by: Generosity;0.176
2021.0;118.0;Nigeria;Explained by: Generosity;0.175
2020.0;117.0;Nigeria;Explained by: Generosity;0.212
2019.0;115.0;Nigeria;Explained by: Generosity;0.221
2018.0;85.0;Nigeria;Explained by: Generosity;
2017.0;91.0;Nigeria;Explained by: Generosity;
2016.0;95.0;Nigeria;Explained by: Generosity;
2015.0;103.0;Nigeria;Explained by: Generosity;
2014.0;78.0;Nigeria;Explained by: Generosity;
2012.0;82.0;Nigeria;Explained by: Generosity;
2011.0;100.0;Nigeria;Explained by: Generosity;
2021.0;79.0;North Cyprus;Explained by: Generosity;0.13
2020.0;75.0;North Cyprus;Explained by: Generosity;0.196
2019.0;76.0;North Cyprus;Explained by: Generosity;0.199
2018.0;64.0;North Cyprus;Explained by: Generosity;
2017.0;58.0;North Cyprus;Explained by: Generosity;
2016.0;61.0;North Cyprus;Explained by: Generosity;
2015.0;62.0;North Cyprus;Explained by: Generosity;
2014.0;66.0;North Cyprus;Explained by: Generosity;
2012.0;69.0;North Cyprus;Explained by: Generosity;
2024.0;100.0;Congo;Explained by: Generosity;0.082
2023.0;84.0;North Macedonia;Explained by: Generosity;0.194
2022.0;87.0;North Macedonia;Explained by: Generosity;0.207
2021.0;89.0;North Macedonia;Explained by: Generosity;0.215
2020.0;95.0;North Macedonia;Explained by: Generosity;0.212
2018.0;84.0;North Macedonia;Explained by: Generosity;
2017.0;89.0;North Macedonia;Explained by: Generosity;
2016.0;92.0;North Macedonia;Explained by: Generosity;
2015.0;95.0;North Macedonia;Explained by: Generosity;
2014.0;93.0;North Macedonia;Explained by: Generosity;
2012.0;118.0;North Macedonia;Explained by: Generosity;
2011.0;127.0;North Macedonia;Explained by: Generosity;
2024.0;101.0;Iraq;Explained by: Generosity;0.1
2023.0;7.0;Norway;Explained by: Generosity;0.224
2022.0;7.0;Norway;Explained by: Generosity;0.212
2021.0;8.0;Norway;Explained by: Generosity;0.217
2020.0;7.0;Norway;Explained by: Generosity;0.249
2019.0;5.0;Norway;Explained by: Generosity;0.288
2018.0;3.0;Norway;Explained by: Generosity;
2017.0;2.0;Norway;Explained by: Generosity;
2016.0;1.0;Norway;Explained by: Generosity;
2015.0;4.0;Norway;Explained by: Generosity;
2014.0;4.0;Norway;Explained by: Generosity;
2012.0;2.0;Norway;Explained by: Generosity;
2011.0;3.0;Norway;Explained by: Generosity;
2024.0;102.0;Guinea;Explained by: Generosity;0.157
2014.0;22.0;Oman;Explained by: Generosity;
2012.0;23.0;Oman;Explained by: Generosity;
2024.0;103.0;Namibia;Explained by: Generosity;0.052
2023.0;108.0;Pakistan;Explained by: Generosity;0.144
2022.0;108.0;Pakistan;Explained by: Generosity;0.141
2021.0;121.0;Pakistan;Explained by: Generosity;0.181
2020.0;106.0;Pakistan;Explained by: Generosity;0.252
2019.0;66.0;Pakistan;Explained by: Generosity;0.229
2018.0;67.0;Pakistan;Explained by: Generosity;
2017.0;75.0;Pakistan;Explained by: Generosity;
2016.0;80.0;Pakistan;Explained by: Generosity;
2015.0;92.0;Pakistan;Explained by: Generosity;
2014.0;81.0;Pakistan;Explained by: Generosity;
2012.0;81.0;Pakistan;Explained by: Generosity;
2011.0;85.0;Pakistan;Explained by: Generosity;
2024.0;104.0;Cameroon;Explained by: Generosity;0.099
2023.0;39.0;Panama;Explained by: Generosity;0.063
2022.0;38.0;Panama;Explained by: Generosity;0.065
2021.0;37.0;Panama;Explained by: Generosity;0.049
2020.0;42.0;Panama;Explained by: Generosity;0.079
2019.0;36.0;Panama;Explained by: Generosity;0.097
2018.0;31.0;Panama;Explained by: Generosity;
2017.0;27.0;Panama;Explained by: Generosity;
2016.0;30.0;Panama;Explained by: Generosity;
2015.0;25.0;Panama;Explained by: Generosity;
2014.0;25.0;Panama;Explained by: Generosity;
2012.0;15.0;Panama;Explained by: Generosity;
2011.0;21.0;Panama;Explained by: Generosity;
2024.0;105.0;Nigeria;Explained by: Generosity;0.17
2023.0;57.0;Paraguay;Explained by: Generosity;0.131
2022.0;66.0;Paraguay;Explained by: Generosity;0.148
2021.0;73.0;Paraguay;Explained by: Generosity;0.171
2020.0;72.0;Paraguay;Explained by: Generosity;0.206
2019.0;67.0;Paraguay;Explained by: Generosity;0.204
2018.0;63.0;Paraguay;Explained by: Generosity;
2017.0;64.0;Paraguay;Explained by: Generosity;
2016.0;70.0;Paraguay;Explained by: Generosity;
2015.0;70.0;Paraguay;Explained by: Generosity;
2014.0;53.0;Paraguay;Explained by: Generosity;
2012.0;54.0;Paraguay;Explained by: Generosity;
2011.0;70.0;Paraguay;Explained by: Generosity;
2024.0;106.0;Azerbaijan;Explained by: Generosity;0.076
2023.0;68.0;Peru;Explained by: Generosity;0.078
2022.0;75.0;Peru;Explained by: Generosity;0.073
2021.0;74.0;Peru;Explained by: Generosity;0.09
2020.0;64.0;Peru;Explained by: Generosity;0.087
2019.0;63.0;Peru;Explained by: Generosity;0.092
2018.0;65.0;Peru;Explained by: Generosity;
2017.0;65.0;Peru;Explained by: Generosity;
2016.0;63.0;Peru;Explained by: Generosity;
2015.0;64.0;Peru;Explained by: Generosity;
2014.0;58.0;Peru;Explained by: Generosity;
2012.0;55.0;Peru;Explained by: Generosity;
2011.0;77.0;Peru;Explained by: Generosity;
2024.0;107.0;Senegal;Explained by: Generosity;0.129
2023.0;53.0;Philippines;Explained by: Generosity;0.099
2022.0;76.0;Philippines;Explained by: Generosity;0.104
2021.0;60.0;Philippines;Explained by: Generosity;0.107
2020.0;62.0;Philippines;Explained by: Generosity;0.125
2019.0;52.0;Philippines;Explained by: Generosity;0.129
2018.0;69.0;Philippines;Explained by: Generosity;
2017.0;71.0;Philippines;Explained by: Generosity;
2016.0;72.0;Philippines;Explained by: Generosity;
2015.0;82.0;Philippines;Explained by: Generosity;
2014.0;90.0;Philippines;Explained by: Generosity;
2012.0;92.0;Philippines;Explained by: Generosity;
2011.0;103.0;Philippines;Explained by: Generosity;
2024.0;108.0;State of Palestine;Explained by: Generosity;0.055
2023.0;35.0;Poland;Explained by: Generosity;0.081
2022.0;39.0;Poland;Explained by: Generosity;0.12
2021.0;48.0;Poland;Explained by: Generosity;0.124
2020.0;45.0;Poland;Explained by: Generosity;0.08
2019.0;43.0;Poland;Explained by: Generosity;0.063
2018.0;40.0;Poland;Explained by: Generosity;
2017.0;42.0;Poland;Explained by: Generosity;
2016.0;46.0;Poland;Explained by: Generosity;
2015.0;57.0;Poland;Explained by: Generosity;
2014.0;60.0;Poland;Explained by: Generosity;
2012.0;51.0;Poland;Explained by: Generosity;
2011.0;53.0;Poland;Explained by: Generosity;
2024.0;109.0;Pakistan;Explained by: Generosity;0.136
2023.0;55.0;Portugal;Explained by: Generosity;0.047
2022.0;56.0;Portugal;Explained by: Generosity;0.031
2021.0;56.0;Portugal;Explained by: Generosity;0.016
2020.0;59.0;Portugal;Explained by: Generosity;0.029
2019.0;59.0;Portugal;Explained by: Generosity;0.053
2018.0;66.0;Portugal;Explained by: Generosity;
2017.0;77.0;Portugal;Explained by: Generosity;
2016.0;89.0;Portugal;Explained by: Generosity;
2015.0;94.0;Portugal;Explained by: Generosity;
2014.0;88.0;Portugal;Explained by: Generosity;
2012.0;85.0;Portugal;Explained by: Generosity;
2011.0;73.0;Portugal;Explained by: Generosity;
2015.0;15.0;Puerto Rico;Explained by: Generosity;
2011.0;27.0;Puerto Rico;Explained by: Generosity;
2018.0;29.0;Qatar;Explained by: Generosity;
2017.0;32.0;Qatar;Explained by: Generosity;
2016.0;35.0;Qatar;Explained by: Generosity;
2015.0;36.0;Qatar;Explained by: Generosity;
2014.0;28.0;Qatar;Explained by: Generosity;
2012.0;27.0;Qatar;Explained by: Generosity;
2011.0;31.0;Qatar;Explained by: Generosity;
2024.0;110.0;Niger;Explained by: Generosity;0.122
2023.0;52.0;Republic of Korea;Explained by: Generosity;0.126
2022.0;57.0;Republic of Korea;Explained by: Generosity;0.112
2021.0;59.0;Republic of Korea;Explained by: Generosity;0.111
2020.0;63.0;Republic of Korea;Explained by: Generosity;0.134
2019.0;61.0;Republic of Korea;Explained by: Generosity;0.17
2018.0;54.0;Republic of Korea;Explained by: Generosity;
2017.0;57.0;Republic of Korea;Explained by: Generosity;
2016.0;55.0;Republic of Korea;Explained by: Generosity;
2015.0;58.0;Republic of Korea;Explained by: Generosity;
2014.0;47.0;Republic of Korea;Explained by: Generosity;
2012.0;41.0;Republic of Korea;Explained by: Generosity;
2011.0;56.0;Republic of Korea;Explained by: Generosity;
2024.0;111.0;Ukraine;Explained by: Generosity;0.245
2023.0;71.0;Republic of Moldova;Explained by: Generosity;0.077
2022.0;63.0;Republic of Moldova;Explained by: Generosity;0.093
2021.0;62.0;Republic of Moldova;Explained by: Generosity;0.102
2020.0;66.0;Republic of Moldova;Explained by: Generosity;0.137
2019.0;70.0;Republic of Moldova;Explained by: Generosity;0.174
2018.0;71.0;Republic of Moldova;Explained by: Generosity;
2017.0;67.0;Republic of Moldova;Explained by: Generosity;
2016.0;56.0;Republic of Moldova;Explained by: Generosity;
2015.0;55.0;Republic of Moldova;Explained by: Generosity;
2014.0;52.0;Republic of Moldova;Explained by: Generosity;
2012.0;53.0;Republic of Moldova;Explained by: Generosity;
2011.0;75.0;Republic of Moldova;Explained by: Generosity;
2024.0;112.0;Morocco;Explained by: Generosity;0.031
2023.0;32.0;Romania;Explained by: Generosity;0.041
2022.0;24.0;Romania;Explained by: Generosity;0.044
2021.0;28.0;Romania;Explained by: Generosity;0.039
2020.0;47.0;Romania;Explained by: Generosity;0.045
2019.0;47.0;Romania;Explained by: Generosity;0.068
2018.0;48.0;Romania;Explained by: Generosity;
2017.0;52.0;Romania;Explained by: Generosity;
2016.0;57.0;Romania;Explained by: Generosity;
2015.0;71.0;Romania;Explained by: Generosity;
2014.0;86.0;Romania;Explained by: Generosity;
2012.0;90.0;Romania;Explained by: Generosity;
2011.0;80.0;Romania;Explained by: Generosity;
2024.0;113.0;Tunisia;Explained by: Generosity;0.032
2023.0;72.0;Russian Federation;Explained by: Generosity;0.138
2022.0;70.0;Russian Federation;Explained by: Generosity;0.12
2021.0;80.0;Russian Federation;Explained by: Generosity;0.117
2020.0;77.0;Russian Federation;Explained by: Generosity;0.115
2019.0;73.0;Russian Federation;Explained by: Generosity;0.099
2018.0;68.0;Russian Federation;Explained by: Generosity;
2017.0;59.0;Russian Federation;Explained by: Generosity;
2016.0;49.0;Russian Federation;Explained by: Generosity;
2015.0;56.0;Russian Federation;Explained by: Generosity;
2014.0;64.0;Russian Federation;Explained by: Generosity;
2012.0;68.0;Russian Federation;Explained by: Generosity;
2011.0;76.0;Russian Federation;Explained by: Generosity;
2021.0;143.0;Rwanda;Explained by: Generosity;0.187
2020.0;148.0;Rwanda;Explained by: Generosity;0.227
2019.0;150.0;Rwanda;Explained by: Generosity;0.236
2018.0;152.0;Rwanda;Explained by: Generosity;
2017.0;151.0;Rwanda;Explained by: Generosity;
2016.0;151.0;Rwanda;Explained by: Generosity;
2015.0;152.0;Rwanda;Explained by: Generosity;
2014.0;154.0;Rwanda;Explained by: Generosity;
2012.0;152.0;Rwanda;Explained by: Generosity;
2011.0;132.0;Rwanda;Explained by: Generosity;
2024.0;114.0;Mauritania;Explained by: Generosity;0.113
2023.0;28.0;Saudi Arabia;Explained by: Generosity;0.114
2022.0;30.0;Saudi Arabia;Explained by: Generosity;0.093
2021.0;25.0;Saudi Arabia;Explained by: Generosity;0.078
2020.0;27.0;Saudi Arabia;Explained by: Generosity;0.09
2019.0;27.0;Saudi Arabia;Explained by: Generosity;0.087
2018.0;28.0;Saudi Arabia;Explained by: Generosity;
2017.0;33.0;Saudi Arabia;Explained by: Generosity;
2016.0;37.0;Saudi Arabia;Explained by: Generosity;
2015.0;34.0;Saudi Arabia;Explained by: Generosity;
2014.0;35.0;Saudi Arabia;Explained by: Generosity;
2012.0;33.0;Saudi Arabia;Explained by: Generosity;
2011.0;26.0;Saudi Arabia;Explained by: Generosity;
2024.0;115.0;Kenya;Explained by: Generosity;0.22
2023.0;99.0;Senegal;Explained by: Generosity;0.152
2022.0;102.0;Senegal;Explained by: Generosity;0.142
2021.0;103.0;Senegal;Explained by: Generosity;0.143
2020.0;93.0;Senegal;Explained by: Generosity;0.158
2019.0;101.0;Senegal;Explained by: Generosity;0.164
2018.0;111.0;Senegal;Explained by: Generosity;
2017.0;109.0;Senegal;Explained by: Generosity;
2016.0;115.0;Senegal;Explained by: Generosity;
2015.0;128.0;Senegal;Explained by: Generosity;
2014.0;142.0;Senegal;Explained by: Generosity;
2012.0;147.0;Senegal;Explained by: Generosity;
2011.0;125.0;Senegal;Explained by: Generosity;
2024.0;116.0;Uganda;Explained by: Generosity;0.148
2023.0;37.0;Serbia;Explained by: Generosity;0.2
2022.0;45.0;Serbia;Explained by: Generosity;0.246
2021.0;43.0;Serbia;Explained by: Generosity;0.219
2020.0;49.0;Serbia;Explained by: Generosity;0.189
2019.0;64.0;Serbia;Explained by: Generosity;0.15
2018.0;70.0;Serbia;Explained by: Generosity;
2017.0;78.0;Serbia;Explained by: Generosity;
2016.0;73.0;Serbia;Explained by: Generosity;
2015.0;86.0;Serbia;Explained by: Generosity;
2014.0;87.0;Serbia;Explained by: Generosity;
2012.0;106.0;Serbia;Explained by: Generosity;
2011.0;118.0;Serbia;Explained by: Generosity;
2024.0;117.0;Gambia;Explained by: Generosity;0.255
2023.0;140.0;Sierra Leone;Explained by: Generosity;0.181
2022.0;135.0;Sierra Leone;Explained by: Generosity;0.193
2021.0;140.0;Sierra Leone;Explained by: Generosity;0.202
2020.0;139.0;Sierra Leone;Explained by: Generosity;0.243
2019.0;139.0;Sierra Leone;Explained by: Generosity;0.258
2018.0;129.0;Sierra Leone;Explained by: Generosity;
2017.0;113.0;Sierra Leone;Explained by: Generosity;
2016.0;106.0;Sierra Leone;Explained by: Generosity;
2015.0;111.0;Sierra Leone;Explained by: Generosity;
2014.0;123.0;Sierra Leone;Explained by: Generosity;
2012.0;127.0;Sierra Leone;Explained by: Generosity;
2011.0;153.0;Sierra Leone;Explained by: Generosity;
2024.0;118.0;India;Explained by: Generosity;0.141
2023.0;30.0;Singapore;Explained by: Generosity;0.168
2022.0;25.0;Singapore;Explained by: Generosity;0.17
2021.0;27.0;Singapore;Explained by: Generosity;0.163
2020.0;33.0;Singapore;Explained by: Generosity;0.176
2019.0;31.0;Singapore;Explained by: Generosity;0.219
2018.0;34.0;Singapore;Explained by: Generosity;
2017.0;34.0;Singapore;Explained by: Generosity;
2016.0;26.0;Singapore;Explained by: Generosity;
2015.0;22.0;Singapore;Explained by: Generosity;
2014.0;24.0;Singapore;Explained by: Generosity;
2012.0;30.0;Singapore;Explained by: Generosity;
2011.0;33.0;Singapore;Explained by: Generosity;
2024.0;119.0;Chad;Explained by: Generosity;0.175
2023.0;45.0;Slovakia;Explained by: Generosity;0.096
2022.0;29.0;Slovakia;Explained by: Generosity;0.128
2021.0;35.0;Slovakia;Explained by: Generosity;0.118
2020.0;35.0;Slovakia;Explained by: Generosity;0.107
2019.0;37.0;Slovakia;Explained by: Generosity;0.117
2018.0;38.0;Slovakia;Explained by: Generosity;
2017.0;39.0;Slovakia;Explained by: Generosity;
2016.0;40.0;Slovakia;Explained by: Generosity;
2015.0;45.0;Slovakia;Explained by: Generosity;
2014.0;45.0;Slovakia;Explained by: Generosity;
2012.0;46.0;Slovakia;Explained by: Generosity;
2011.0;55.0;Slovakia;Explained by: Generosity;
2024.0;120.0;Burkina Faso;Explained by: Generosity;0.142
2023.0;21.0;Slovenia;Explained by: Generosity;0.157
2022.0;22.0;Slovenia;Explained by: Generosity;0.144
2021.0;22.0;Slovenia;Explained by: Generosity;0.118
2020.0;30.0;Slovenia;Explained by: Generosity;0.122
2019.0;33.0;Slovenia;Explained by: Generosity;0.146
2018.0;44.0;Slovenia;Explained by: Generosity;
2017.0;51.0;Slovenia;Explained by: Generosity;
2016.0;62.0;Slovenia;Explained by: Generosity;
2015.0;63.0;Slovenia;Explained by: Generosity;
2014.0;55.0;Slovenia;Explained by: Generosity;
2012.0;44.0;Slovenia;Explained by: Generosity;
2011.0;49.0;Slovenia;Explained by: Generosity;
2024.0;121.0;Benin;Explained by: Generosity;0.092
2018.0;112.0;Somalia;Explained by: Generosity;
2017.0;98.0;Somalia;Explained by: Generosity;
2016.0;93.0;Somalia;Explained by: Generosity;
2015.0;76.0;Somalia;Explained by: Generosity;
2015.0;97.0;Somaliland Region;Explained by: Generosity;
2014.0;91.0;Somaliland Region;Explained by: Generosity;
2012.0;101.0;Somaliland Region;Explained by: Generosity;
2011.0;111.0;Somaliland Region;Explained by: Generosity;
2024.0;122.0;Somalia;Explained by: Generosity;0.206
2023.0;83.0;South Africa;Explained by: Generosity;0.078
2022.0;85.0;South Africa;Explained by: Generosity;0.09
2021.0;91.0;South Africa;Explained by: Generosity;0.089
2020.0;104.0;South Africa;Explained by: Generosity;0.144
2019.0;109.0;South Africa;Explained by: Generosity;0.126
2018.0;106.0;South Africa;Explained by: Generosity;
2017.0;105.0;South Africa;Explained by: Generosity;
2016.0;101.0;South Africa;Explained by: Generosity;
2015.0;116.0;South Africa;Explained by: Generosity;
2014.0;113.0;South Africa;Explained by: Generosity;
2012.0;96.0;South Africa;Explained by: Generosity;
2011.0;90.0;South Africa;Explained by: Generosity;
2019.0;152.0;South Sudan;Explained by: Generosity;0.21
2018.0;156.0;South Sudan;Explained by: Generosity;
2017.0;154.0;South Sudan;Explained by: Generosity;
2016.0;147.0;South Sudan;Explained by: Generosity;
2015.0;143.0;South Sudan;Explained by: Generosity;
2024.0;123.0;Mali;Explained by: Generosity;0.093
2023.0;36.0;Spain;Explained by: Generosity;0.119
2022.0;32.0;Spain;Explained by: Generosity;0.101
2021.0;29.0;Spain;Explained by: Generosity;0.101
2020.0;28.0;Spain;Explained by: Generosity;0.135
2019.0;28.0;Spain;Explained by: Generosity;0.165
2018.0;30.0;Spain;Explained by: Generosity;
2017.0;36.0;Spain;Explained by: Generosity;
2016.0;34.0;Spain;Explained by: Generosity;
2015.0;37.0;Spain;Explained by: Generosity;
2014.0;36.0;Spain;Explained by: Generosity;
2012.0;38.0;Spain;Explained by: Generosity;
2011.0;22.0;Spain;Explained by: Generosity;
2024.0;124.0;Cambodia;Explained by: Generosity;0.138
2023.0;128.0;Sri Lanka;Explained by: Generosity;0.144
2022.0;112.0;Sri Lanka;Explained by: Generosity;0.12
2021.0;127.0;Sri Lanka;Explained by: Generosity;0.15
2020.0;130.0;Sri Lanka;Explained by: Generosity;0.239
2019.0;130.0;Sri Lanka;Explained by: Generosity;0.253
2018.0;120.0;Sri Lanka;Explained by: Generosity;
2017.0;116.0;Sri Lanka;Explained by: Generosity;
2016.0;120.0;Sri Lanka;Explained by: Generosity;
2015.0;117.0;Sri Lanka;Explained by: Generosity;
2014.0;132.0;Sri Lanka;Explained by: Generosity;
2012.0;137.0;Sri Lanka;Explained by: Generosity;
2011.0;130.0;Sri Lanka;Explained by: Generosity;
2024.0;125.0;Ghana;Explained by: Generosity;0.139
2023.0;103.0;State of Palestine;Explained by: Generosity;
2022.0;99.0;State of Palestine;Explained by: Generosity;0.065
2021.0;122.0;State of Palestine;Explained by: Generosity;0.073
2020.0;126.0;State of Palestine;Explained by: Generosity;0.082
2019.0;125.0;State of Palestine;Explained by: Generosity;0.092
2018.0;110.0;State of Palestine;Explained by: Generosity;
2017.0;104.0;State of Palestine;Explained by: Generosity;
2016.0;103.0;State of Palestine;Explained by: Generosity;
2015.0;108.0;State of Palestine;Explained by: Generosity;
2014.0;108.0;State of Palestine;Explained by: Generosity;
2012.0;113.0;State of Palestine;Explained by: Generosity;
2011.0;120.0;State of Palestine;Explained by: Generosity;
2017.0;137.0;Sudan;Explained by: Generosity;
2016.0;130.0;Sudan;Explained by: Generosity;
2015.0;133.0;Sudan;Explained by: Generosity;
2014.0;118.0;Sudan;Explained by: Generosity;
2012.0;124.0;Sudan;Explained by: Generosity;
2011.0;124.0;Sudan;Explained by: Generosity;
2015.0;40.0;Suriname;Explained by: Generosity;
2014.0;40.0;Suriname;Explained by: Generosity;
2012.0;40.0;Suriname;Explained by: Generosity;
2020.0;131.0;Swaziland;Explained by: Generosity;0.067
2019.0;132.0;Swaziland;Explained by: Generosity;0.067
2018.0;135.0;Swaziland;Explained by: Generosity;
2014.0;101.0;Swaziland;Explained by: Generosity;
2012.0;100.0;Swaziland;Explained by: Generosity;
2024.0;126.0;Myanmar;Explained by: Generosity;0.322
2023.0;4.0;Sweden;Explained by: Generosity;0.221
2022.0;6.0;Sweden;Explained by: Generosity;0.225
2021.0;7.0;Sweden;Explained by: Generosity;0.218
2020.0;8.0;Sweden;Explained by: Generosity;0.244
2019.0;7.0;Sweden;Explained by: Generosity;0.273
2018.0;7.0;Sweden;Explained by: Generosity;
2017.0;9.0;Sweden;Explained by: Generosity;
2016.0;10.0;Sweden;Explained by: Generosity;
2015.0;10.0;Sweden;Explained by: Generosity;
2014.0;8.0;Sweden;Explained by: Generosity;
2012.0;5.0;Sweden;Explained by: Generosity;
2011.0;7.0;Sweden;Explained by: Generosity;
2024.0;127.0;Togo;Explained by: Generosity;0.097
2023.0;9.0;Switzerland;Explained by: Generosity;0.173
2022.0;8.0;Switzerland;Explained by: Generosity;0.151
2021.0;4.0;Switzerland;Explained by: Generosity;0.147
2020.0;4.0;Switzerland;Explained by: Generosity;0.204
2019.0;3.0;Switzerland;Explained by: Generosity;0.269
2018.0;6.0;Switzerland;Explained by: Generosity;
2017.0;5.0;Switzerland;Explained by: Generosity;
2016.0;4.0;Switzerland;Explained by: Generosity;
2015.0;2.0;Switzerland;Explained by: Generosity;
2014.0;1.0;Switzerland;Explained by: Generosity;
2012.0;3.0;Switzerland;Explained by: Generosity;
2011.0;6.0;Switzerland;Explained by: Generosity;
2018.0;149.0;Syria;Explained by: Generosity;
2017.0;150.0;Syria;Explained by: Generosity;
2016.0;152.0;Syria;Explained by: Generosity;
2015.0;156.0;Syria;Explained by: Generosity;
2014.0;156.0;Syria;Explained by: Generosity;
2012.0;148.0;Syria;Explained by: Generosity;
2011.0;107.0;Syria;Explained by: Generosity;
2024.0;128.0;Jordan;Explained by: Generosity;0.051
2023.0;31.0;Taiwan Province of China;Explained by: Generosity;0.068
2022.0;27.0;Taiwan Province of China;Explained by: Generosity;0.067
2021.0;26.0;Taiwan Province of China;Explained by: Generosity;0.075
2020.0;25.0;Taiwan Province of China;Explained by: Generosity;0.142
2019.0;25.0;Taiwan Province of China;Explained by: Generosity;0.151
2018.0;25.0;Taiwan Province of China;Explained by: Generosity;
2017.0;26.0;Taiwan Province of China;Explained by: Generosity;
2016.0;33.0;Taiwan Province of China;Explained by: Generosity;
2015.0;35.0;Taiwan Province of China;Explained by: Generosity;
2014.0;38.0;Taiwan Province of China;Explained by: Generosity;
2012.0;42.0;Taiwan Province of China;Explained by: Generosity;
2011.0;46.0;Taiwan Province of China;Explained by: Generosity;
2024.0;129.0;Liberia;Explained by: Generosity;0.143
2023.0;88.0;Tajikistan;Explained by: Generosity;
2022.0;80.0;Tajikistan;Explained by: Generosity;0.104
2021.0;83.0;Tajikistan;Explained by: Generosity;0.118
2020.0;79.0;Tajikistan;Explained by: Generosity;0.152
2019.0;71.0;Tajikistan;Explained by: Generosity;0.182
2018.0;74.0;Tajikistan;Explained by: Generosity;
2017.0;80.0;Tajikistan;Explained by: Generosity;
2016.0;96.0;Tajikistan;Explained by: Generosity;
2015.0;100.0;Tajikistan;Explained by: Generosity;
2014.0;106.0;Tajikistan;Explained by: Generosity;
2012.0;125.0;Tajikistan;Explained by: Generosity;
2011.0;115.0;Tajikistan;Explained by: Generosity;
2024.0;130.0;Madagascar;Explained by: Generosity;0.131
2023.0;131.0;Tanzania;Explained by: Generosity;0.191
2022.0;129.0;Tanzania;Explained by: Generosity;0.234
2021.0;139.0;Tanzania;Explained by: Generosity;0.248
2020.0;143.0;Tanzania;Explained by: Generosity;0.307
2019.0;148.0;Tanzania;Explained by: Generosity;0.272
2018.0;153.0;Tanzania;Explained by: Generosity;
2017.0;153.0;Tanzania;Explained by: Generosity;
2016.0;153.0;Tanzania;Explained by: Generosity;
2015.0;149.0;Tanzania;Explained by: Generosity;
2014.0;146.0;Tanzania;Explained by: Generosity;
2012.0;151.0;Tanzania;Explained by: Generosity;
2011.0;149.0;Tanzania;Explained by: Generosity;
2024.0;131.0;Zambia;Explained by: Generosity;0.131
2023.0;58.0;Thailand;Explained by: Generosity;0.283
2022.0;60.0;Thailand;Explained by: Generosity;0.291
2021.0;61.0;Thailand;Explained by: Generosity;0.321
2020.0;55.0;Thailand;Explained by: Generosity;0.375
2019.0;54.0;Thailand;Explained by: Generosity;0.377
2018.0;52.0;Thailand;Explained by: Generosity;
2017.0;46.0;Thailand;Explained by: Generosity;
2016.0;32.0;Thailand;Explained by: Generosity;
2015.0;33.0;Thailand;Explained by: Generosity;
2014.0;34.0;Thailand;Explained by: Generosity;
2012.0;36.0;Thailand;Explained by: Generosity;
2011.0;52.0;Thailand;Explained by: Generosity;
2024.0;132.0;Ethiopia;Explained by: Generosity;0.182
2023.0;124.0;Togo;Explained by: Generosity;0.127
2022.0;122.0;Togo;Explained by: Generosity;0.149
2021.0;135.0;Togo;Explained by: Generosity;0.174
2020.0;137.0;Togo;Explained by: Generosity;0.209
2019.0;135.0;Togo;Explained by: Generosity;0.201
2018.0;139.0;Togo;Explained by: Generosity;
2017.0;139.0;Togo;Explained by: Generosity;
2016.0;150.0;Togo;Explained by: Generosity;
2015.0;155.0;Togo;Explained by: Generosity;
2014.0;158.0;Togo;Explained by: Generosity;
2012.0;156.0;Togo;Explained by: Generosity;
2011.0;156.0;Togo;Explained by: Generosity;
2024.0;133.0;Sri Lanka;Explained by: Generosity;0.121
2019.0;42.0;Trinidad and Tobago;Explained by: Generosity;0.199
2018.0;39.0;Trinidad and Tobago;Explained by: Generosity;
2017.0;38.0;Trinidad and Tobago;Explained by: Generosity;
2016.0;38.0;Trinidad and Tobago;Explained by: Generosity;
2015.0;43.0;Trinidad and Tobago;Explained by: Generosity;
2014.0;41.0;Trinidad and Tobago;Explained by: Generosity;
2012.0;31.0;Trinidad and Tobago;Explained by: Generosity;
2011.0;38.0;Trinidad and Tobago;Explained by: Generosity;
2024.0;134.0;Bangladesh;Explained by: Generosity;0.11
2023.0;115.0;Tunisia;Explained by: Generosity;0.024
2022.0;110.0;Tunisia;Explained by: Generosity;0.022
2021.0;120.0;Tunisia;Explained by: Generosity;0.029
2020.0;123.0;Tunisia;Explained by: Generosity;0.057
2019.0;128.0;Tunisia;Explained by: Generosity;0.056
2018.0;124.0;Tunisia;Explained by: Generosity;
2017.0;111.0;Tunisia;Explained by: Generosity;
2016.0;102.0;Tunisia;Explained by: Generosity;
2015.0;98.0;Tunisia;Explained by: Generosity;
2014.0;107.0;Tunisia;Explained by: Generosity;
2012.0;104.0;Tunisia;Explained by: Generosity;
2011.0;87.0;Tunisia;Explained by: Generosity;
2024.0;135.0;Egypt;Explained by: Generosity;0.018
2023.0;98.0;Türkiye;Explained by: Generosity;0.068
2022.0;106.0;Türkiye;Explained by: Generosity;0.095
2021.0;112.0;Türkiye;Explained by: Generosity;0.087
2020.0;105.0;Türkiye;Explained by: Generosity;0.097
2019.0;93.0;Türkiye;Explained by: Generosity;0.086
2018.0;79.0;Türkiye;Explained by: Generosity;
2017.0;74.0;Türkiye;Explained by: Generosity;
2016.0;69.0;Türkiye;Explained by: Generosity;
2015.0;78.0;Türkiye;Explained by: Generosity;
2014.0;76.0;Türkiye;Explained by: Generosity;
2012.0;77.0;Türkiye;Explained by: Generosity;
2011.0;78.0;Türkiye;Explained by: Generosity;
2021.0;78.0;Turkmenistan;Explained by: Generosity;0.314
2020.0;98.0;Turkmenistan;Explained by: Generosity;0.366
2019.0;95.0;Turkmenistan;Explained by: Generosity;0.323
2018.0;87.0;Turkmenistan;Explained by: Generosity;
2017.0;68.0;Turkmenistan;Explained by: Generosity;
2016.0;59.0;Turkmenistan;Explained by: Generosity;
2015.0;65.0;Turkmenistan;Explained by: Generosity;
2014.0;70.0;Turkmenistan;Explained by: Generosity;
2012.0;59.0;Turkmenistan;Explained by: Generosity;
2011.0;32.0;Turkmenistan;Explained by: Generosity;
2024.0;136.0;Tanzania;Explained by: Generosity;0.153
2023.0;117.0;Uganda;Explained by: Generosity;0.178
2022.0;113.0;Uganda;Explained by: Generosity;0.197
2021.0;117.0;Uganda;Explained by: Generosity;0.222
2020.0;120.0;Uganda;Explained by: Generosity;0.267
2019.0;126.0;Uganda;Explained by: Generosity;0.265
2018.0;136.0;Uganda;Explained by: Generosity;
2017.0;135.0;Uganda;Explained by: Generosity;
2016.0;133.0;Uganda;Explained by: Generosity;
2015.0;146.0;Uganda;Explained by: Generosity;
2014.0;141.0;Uganda;Explained by: Generosity;
2012.0;120.0;Uganda;Explained by: Generosity;
2011.0;128.0;Uganda;Explained by: Generosity;
2024.0;137.0;Eswatini;Explained by: Generosity;0.054
2023.0;105.0;Ukraine;Explained by: Generosity;0.285
2022.0;92.0;Ukraine;Explained by: Generosity;0.265
2021.0;98.0;Ukraine;Explained by: Generosity;0.188
2020.0;111.0;Ukraine;Explained by: Generosity;0.181
2019.0;123.0;Ukraine;Explained by: Generosity;0.179
2018.0;133.0;Ukraine;Explained by: Generosity;
2017.0;138.0;Ukraine;Explained by: Generosity;
2016.0;132.0;Ukraine;Explained by: Generosity;
2015.0;123.0;Ukraine;Explained by: Generosity;
2014.0;111.0;Ukraine;Explained by: Generosity;
2012.0;87.0;Ukraine;Explained by: Generosity;
2011.0;91.0;Ukraine;Explained by: Generosity;
2024.0;138.0;Lesotho;Explained by: Generosity;0.065
2023.0;22.0;United Arab Emirates;Explained by: Generosity;0.209
2022.0;26.0;United Arab Emirates;Explained by: Generosity;0.188
2021.0;24.0;United Arab Emirates;Explained by: Generosity;0.204
2020.0;26.0;United Arab Emirates;Explained by: Generosity;0.236
2019.0;21.0;United Arab Emirates;Explained by: Generosity;0.281
2018.0;21.0;United Arab Emirates;Explained by: Generosity;
2017.0;20.0;United Arab Emirates;Explained by: Generosity;
2016.0;21.0;United Arab Emirates;Explained by: Generosity;
2015.0;28.0;United Arab Emirates;Explained by: Generosity;
2014.0;20.0;United Arab Emirates;Explained by: Generosity;
2012.0;14.0;United Arab Emirates;Explained by: Generosity;
2011.0;17.0;United Arab Emirates;Explained by: Generosity;
2024.0;139.0;Comoros;Explained by: Generosity;0.117
2023.0;20.0;United Kingdom;Explained by: Generosity;0.267
2022.0;19.0;United Kingdom;Explained by: Generosity;0.272
2021.0;17.0;United Kingdom;Explained by: Generosity;0.289
2020.0;18.0;United Kingdom;Explained by: Generosity;0.34
2019.0;13.0;United Kingdom;Explained by: Generosity;0.373
2018.0;15.0;United Kingdom;Explained by: Generosity;
2017.0;19.0;United Kingdom;Explained by: Generosity;
2016.0;19.0;United Kingdom;Explained by: Generosity;
2015.0;23.0;United Kingdom;Explained by: Generosity;
2014.0;21.0;United Kingdom;Explained by: Generosity;
2012.0;22.0;United Kingdom;Explained by: Generosity;
2011.0;18.0;United Kingdom;Explained by: Generosity;
2024.0;140.0;Yemen;Explained by: Generosity;0.066
2023.0;23.0;United States;Explained by: Generosity;0.223
2022.0;15.0;United States;Explained by: Generosity;0.21
2021.0;16.0;United States;Explained by: Generosity;0.22
2020.0;20.0;United States;Explained by: Generosity;0.252
2019.0;18.0;United States;Explained by: Generosity;0.298
2018.0;19.0;United States;Explained by: Generosity;
2017.0;18.0;United States;Explained by: Generosity;
2016.0;14.0;United States;Explained by: Generosity;
2015.0;13.0;United States;Explained by: Generosity;
2014.0;15.0;United States;Explained by: Generosity;
2012.0;17.0;United States;Explained by: Generosity;
2011.0;11.0;United States;Explained by: Generosity;
2024.0;141.0;DR Congo;Explained by: Generosity;0.151
2023.0;26.0;Uruguay;Explained by: Generosity;0.106
2022.0;28.0;Uruguay;Explained by: Generosity;0.102
2021.0;30.0;Uruguay;Explained by: Generosity;0.103
2020.0;32.0;Uruguay;Explained by: Generosity;0.128
2019.0;26.0;Uruguay;Explained by: Generosity;0.132
2018.0;33.0;Uruguay;Explained by: Generosity;
2017.0;31.0;Uruguay;Explained by: Generosity;
2016.0;28.0;Uruguay;Explained by: Generosity;
2015.0;29.0;Uruguay;Explained by: Generosity;
2014.0;32.0;Uruguay;Explained by: Generosity;
2012.0;37.0;Uruguay;Explained by: Generosity;
2011.0;50.0;Uruguay;Explained by: Generosity;
2024.0;142.0;Botswana;Explained by: Generosity;0.018
2023.0;47.0;Uzbekistan;Explained by: Generosity;0.251
2022.0;54.0;Uzbekistan;Explained by: Generosity;0.26
2021.0;53.0;Uzbekistan;Explained by: Generosity;0.283
2020.0;43.0;Uzbekistan;Explained by: Generosity;0.391
2019.0;38.0;Uzbekistan;Explained by: Generosity;0.363
2018.0;41.0;Uzbekistan;Explained by: Generosity;
2017.0;44.0;Uzbekistan;Explained by: Generosity;
2016.0;47.0;Uzbekistan;Explained by: Generosity;
2015.0;49.0;Uzbekistan;Explained by: Generosity;
2014.0;44.0;Uzbekistan;Explained by: Generosity;
2012.0;60.0;Uzbekistan;Explained by: Generosity;
2011.0;79.0;Uzbekistan;Explained by: Generosity;
2024.0;143.0;Zimbabwe;Explained by: Generosity;0.065
2023.0;79.0;Venezuela;Explained by: Generosity;0.192
2022.0;88.0;Venezuela;Explained by: Generosity;0.205
2021.0;108.0;Venezuela;Explained by: Generosity;0.225
2020.0;108.0;Venezuela;Explained by: Generosity;0.078
2019.0;99.0;Venezuela;Explained by: Generosity;0.087
2018.0;108.0;Venezuela;Explained by: Generosity;
2017.0;102.0;Venezuela;Explained by: Generosity;
2016.0;82.0;Venezuela;Explained by: Generosity;
2015.0;44.0;Venezuela;Explained by: Generosity;
2014.0;23.0;Venezuela;Explained by: Generosity;
2012.0;20.0;Venezuela;Explained by: Generosity;
2011.0;19.0;Venezuela;Explained by: Generosity;
2024.0;144.0;Malawi;Explained by: Generosity;0.115
2023.0;54.0;Viet Nam;Explained by: Generosity;0.094
2022.0;65.0;Viet Nam;Explained by: Generosity;0.134
2021.0;77.0;Viet Nam;Explained by: Generosity;0.143
2020.0;80.0;Viet Nam;Explained by: Generosity;0.124
2019.0;83.0;Viet Nam;Explained by: Generosity;0.136
2018.0;94.0;Viet Nam;Explained by: Generosity;
2017.0;95.0;Viet Nam;Explained by: Generosity;
2016.0;94.0;Viet Nam;Explained by: Generosity;
2015.0;96.0;Viet Nam;Explained by: Generosity;
2014.0;75.0;Viet Nam;Explained by: Generosity;
2012.0;63.0;Viet Nam;Explained by: Generosity;
2011.0;65.0;Viet Nam;Explained by: Generosity;
2024.0;145.0;Lebanon;Explained by: Generosity;0.071
2023.0;133.0;Yemen;Explained by: Generosity;0.08
2021.0;132.0;Yemen;Explained by: Generosity;0.09
2020.0;142.0;Yemen;Explained by: Generosity;0.092
2019.0;146.0;Yemen;Explained by: Generosity;0.095
2018.0;151.0;Yemen;Explained by: Generosity;
2017.0;152.0;Yemen;Explained by: Generosity;
2016.0;146.0;Yemen;Explained by: Generosity;
2015.0;147.0;Yemen;Explained by: Generosity;
2014.0;136.0;Yemen;Explained by: Generosity;
2012.0;142.0;Yemen;Explained by: Generosity;
2011.0;123.0;Yemen;Explained by: Generosity;
2024.0;146.0;Sierra Leone;Explained by: Generosity;0.138
2023.0;134.0;Zambia;Explained by: Generosity;0.168
2022.0;128.0;Zambia;Explained by: Generosity;0.189
2021.0;137.0;Zambia;Explained by: Generosity;0.203
2020.0;138.0;Zambia;Explained by: Generosity;0.227
2019.0;141.0;Zambia;Explained by: Generosity;0.251
2018.0;138.0;Zambia;Explained by: Generosity;
2017.0;125.0;Zambia;Explained by: Generosity;
2016.0;116.0;Zambia;Explained by: Generosity;
2015.0;106.0;Zambia;Explained by: Generosity;
2014.0;85.0;Zambia;Explained by: Generosity;
2012.0;91.0;Zambia;Explained by: Generosity;
2011.0;109.0;Zambia;Explained by: Generosity;
2024.0;147.0;Afghanistan;Explained by: Generosity;0.075
2023.0;138.0;Zimbabwe;Explained by: Generosity;0.096
2022.0;134.0;Zimbabwe;Explained by: Generosity;0.112
2021.0;144.0;Zimbabwe;Explained by: Generosity;0.106
2020.0;149.0;Zimbabwe;Explained by: Generosity;0.157
2019.0;151.0;Zimbabwe;Explained by: Generosity;0.151
2018.0;146.0;Zimbabwe;Explained by: Generosity;
2017.0;144.0;Zimbabwe;Explained by: Generosity;
2016.0;138.0;Zimbabwe;Explained by: Generosity;
2015.0;131.0;Zimbabwe;Explained by: Generosity;
2014.0;115.0;Zimbabwe;Explained by: Generosity;
2012.0;103.0;Zimbabwe;Explained by: Generosity;
2011.0;142.0;Zimbabwe;Explained by: Generosity;
2024.0;1.0;Finland;Explained by: Perceptions of corruption;0.502
2023.0;143.0;Afghanistan;Explained by: Perceptions of corruption;0.088
2022.0;137.0;Afghanistan;Explained by: Perceptions of corruption;0.059
2021.0;146.0;Afghanistan;Explained by: Perceptions of corruption;0.005
2020.0;150.0;Afghanistan;Explained by: Perceptions of corruption;0.01
2019.0;153.0;Afghanistan;Explained by: Perceptions of corruption;0.001
2018.0;154.0;Afghanistan;Explained by: Perceptions of corruption;
2017.0;145.0;Afghanistan;Explained by: Perceptions of corruption;
2016.0;141.0;Afghanistan;Explained by: Perceptions of corruption;
2015.0;154.0;Afghanistan;Explained by: Perceptions of corruption;
2014.0;153.0;Afghanistan;Explained by: Perceptions of corruption;
2012.0;143.0;Afghanistan;Explained by: Perceptions of corruption;
2011.0;131.0;Afghanistan;Explained by: Perceptions of corruption;
2024.0;2.0;Denmark;Explained by: Perceptions of corruption;0.488
2023.0;87.0;Albania;Explained by: Perceptions of corruption;0.049
2022.0;83.0;Albania;Explained by: Perceptions of corruption;0.037
2021.0;90.0;Albania;Explained by: Perceptions of corruption;0.028
2020.0;94.0;Albania;Explained by: Perceptions of corruption;0.024
2019.0;105.0;Albania;Explained by: Perceptions of corruption;0.025
2018.0;107.0;Albania;Explained by: Perceptions of corruption;
2017.0;112.0;Albania;Explained by: Perceptions of corruption;
2016.0;109.0;Albania;Explained by: Perceptions of corruption;
2015.0;109.0;Albania;Explained by: Perceptions of corruption;
2014.0;95.0;Albania;Explained by: Perceptions of corruption;
2012.0;62.0;Albania;Explained by: Perceptions of corruption;
2011.0;88.0;Albania;Explained by: Perceptions of corruption;
2024.0;3.0;Iceland;Explained by: Perceptions of corruption;0.173
2023.0;85.0;Algeria;Explained by: Perceptions of corruption;0.2
2022.0;81.0;Algeria;Explained by: Perceptions of corruption;0.152
2021.0;96.0;Algeria;Explained by: Perceptions of corruption;0.15
2020.0;110.0;Algeria;Explained by: Perceptions of corruption;0.12
2019.0;100.0;Algeria;Explained by: Perceptions of corruption;0.129
2018.0;88.0;Algeria;Explained by: Perceptions of corruption;
2017.0;84.0;Algeria;Explained by: Perceptions of corruption;
2016.0;53.0;Algeria;Explained by: Perceptions of corruption;
2015.0;38.0;Algeria;Explained by: Perceptions of corruption;
2014.0;68.0;Algeria;Explained by: Perceptions of corruption;
2012.0;73.0;Algeria;Explained by: Perceptions of corruption;
2011.0;71.0;Algeria;Explained by: Perceptions of corruption;
2017.0;142.0;Angola;Explained by: Perceptions of corruption;
2016.0;140.0;Angola;Explained by: Perceptions of corruption;
2015.0;141.0;Angola;Explained by: Perceptions of corruption;
2014.0;137.0;Angola;Explained by: Perceptions of corruption;
2012.0;61.0;Angola;Explained by: Perceptions of corruption;
2011.0;135.0;Angola;Explained by: Perceptions of corruption;
2024.0;4.0;Sweden;Explained by: Perceptions of corruption;0.467
2023.0;48.0;Argentina;Explained by: Perceptions of corruption;0.08
2022.0;52.0;Argentina;Explained by: Perceptions of corruption;0.082
2021.0;57.0;Argentina;Explained by: Perceptions of corruption;0.085
2020.0;58.0;Argentina;Explained by: Perceptions of corruption;0.067
2019.0;55.0;Argentina;Explained by: Perceptions of corruption;0.06
2018.0;47.0;Argentina;Explained by: Perceptions of corruption;
2017.0;29.0;Argentina;Explained by: Perceptions of corruption;
2016.0;24.0;Argentina;Explained by: Perceptions of corruption;
2015.0;26.0;Argentina;Explained by: Perceptions of corruption;
2014.0;30.0;Argentina;Explained by: Perceptions of corruption;
2012.0;29.0;Argentina;Explained by: Perceptions of corruption;
2011.0;39.0;Argentina;Explained by: Perceptions of corruption;
2024.0;5.0;Netherlands;Explained by: Perceptions of corruption;0.344
2023.0;82.0;Armenia;Explained by: Perceptions of corruption;0.173
2022.0;79.0;Armenia;Explained by: Perceptions of corruption;0.16
2021.0;82.0;Armenia;Explained by: Perceptions of corruption;0.21
2020.0;87.0;Armenia;Explained by: Perceptions of corruption;0.198
2019.0;116.0;Armenia;Explained by: Perceptions of corruption;0.105
2018.0;116.0;Armenia;Explained by: Perceptions of corruption;
2017.0;129.0;Armenia;Explained by: Perceptions of corruption;
2016.0;121.0;Armenia;Explained by: Perceptions of corruption;
2015.0;121.0;Armenia;Explained by: Perceptions of corruption;
2014.0;127.0;Armenia;Explained by: Perceptions of corruption;
2012.0;128.0;Armenia;Explained by: Perceptions of corruption;
2011.0;122.0;Armenia;Explained by: Perceptions of corruption;
2024.0;6.0;Costa Rica;Explained by: Perceptions of corruption;0.118
2023.0;10.0;Australia;Explained by: Perceptions of corruption;0.323
2022.0;12.0;Australia;Explained by: Perceptions of corruption;0.31
2021.0;12.0;Australia;Explained by: Perceptions of corruption;0.341
2020.0;12.0;Australia;Explained by: Perceptions of corruption;0.317
2019.0;12.0;Australia;Explained by: Perceptions of corruption;0.336
2018.0;11.0;Australia;Explained by: Perceptions of corruption;
2017.0;10.0;Australia;Explained by: Perceptions of corruption;
2016.0;9.0;Australia;Explained by: Perceptions of corruption;
2015.0;9.0;Australia;Explained by: Perceptions of corruption;
2014.0;10.0;Australia;Explained by: Perceptions of corruption;
2012.0;10.0;Australia;Explained by: Perceptions of corruption;
2011.0;9.0;Australia;Explained by: Perceptions of corruption;
2024.0;7.0;Norway;Explained by: Perceptions of corruption;0.425
2023.0;14.0;Austria;Explained by: Perceptions of corruption;0.305
2022.0;11.0;Austria;Explained by: Perceptions of corruption;0.31
2021.0;11.0;Austria;Explained by: Perceptions of corruption;0.329
2020.0;11.0;Austria;Explained by: Perceptions of corruption;0.292
2019.0;9.0;Austria;Explained by: Perceptions of corruption;0.281
2018.0;10.0;Austria;Explained by: Perceptions of corruption;
2017.0;12.0;Austria;Explained by: Perceptions of corruption;
2016.0;13.0;Austria;Explained by: Perceptions of corruption;
2015.0;12.0;Austria;Explained by: Perceptions of corruption;
2014.0;13.0;Austria;Explained by: Perceptions of corruption;
2012.0;8.0;Austria;Explained by: Perceptions of corruption;
2011.0;13.0;Austria;Explained by: Perceptions of corruption;
2024.0;8.0;Israel;Explained by: Perceptions of corruption;0.193
2023.0;101.0;Azerbaijan;Explained by: Perceptions of corruption;0.199
2021.0;92.0;Azerbaijan;Explained by: Perceptions of corruption;0.341
2020.0;91.0;Azerbaijan;Explained by: Perceptions of corruption;0.276
2019.0;89.0;Azerbaijan;Explained by: Perceptions of corruption;0.247
2018.0;90.0;Azerbaijan;Explained by: Perceptions of corruption;
2017.0;87.0;Azerbaijan;Explained by: Perceptions of corruption;
2016.0;85.0;Azerbaijan;Explained by: Perceptions of corruption;
2015.0;81.0;Azerbaijan;Explained by: Perceptions of corruption;
2014.0;80.0;Azerbaijan;Explained by: Perceptions of corruption;
2012.0;116.0;Azerbaijan;Explained by: Perceptions of corruption;
2011.0;116.0;Azerbaijan;Explained by: Perceptions of corruption;
2024.0;9.0;Luxembourg;Explained by: Perceptions of corruption;0.397
2023.0;62.0;Bahrain;Explained by: Perceptions of corruption;
2022.0;42.0;Bahrain;Explained by: Perceptions of corruption;0.138
2021.0;21.0;Bahrain;Explained by: Perceptions of corruption;0.155
2020.0;23.0;Bahrain;Explained by: Perceptions of corruption;0.139
2019.0;40.0;Bahrain;Explained by: Perceptions of corruption;0.127
2018.0;37.0;Bahrain;Explained by: Perceptions of corruption;
2017.0;43.0;Bahrain;Explained by: Perceptions of corruption;
2016.0;41.0;Bahrain;Explained by: Perceptions of corruption;
2015.0;42.0;Bahrain;Explained by: Perceptions of corruption;
2014.0;49.0;Bahrain;Explained by: Perceptions of corruption;
2012.0;79.0;Bahrain;Explained by: Perceptions of corruption;
2011.0;61.0;Bahrain;Explained by: Perceptions of corruption;
2024.0;10.0;Mexico;Explained by: Perceptions of corruption;0.118
2023.0;129.0;Bangladesh;Explained by: Perceptions of corruption;0.167
2022.0;118.0;Bangladesh;Explained by: Perceptions of corruption;0.165
2021.0;94.0;Bangladesh;Explained by: Perceptions of corruption;0.187
2020.0;102.0;Bangladesh;Explained by: Perceptions of corruption;0.164
2019.0;107.0;Bangladesh;Explained by: Perceptions of corruption;0.177
2018.0;125.0;Bangladesh;Explained by: Perceptions of corruption;
2017.0;115.0;Bangladesh;Explained by: Perceptions of corruption;
2016.0;110.0;Bangladesh;Explained by: Perceptions of corruption;
2015.0;110.0;Bangladesh;Explained by: Perceptions of corruption;
2014.0;109.0;Bangladesh;Explained by: Perceptions of corruption;
2012.0;108.0;Bangladesh;Explained by: Perceptions of corruption;
2011.0;104.0;Bangladesh;Explained by: Perceptions of corruption;
2021.0;65.0;Belarus;Explained by: Perceptions of corruption;0.282
2020.0;76.0;Belarus;Explained by: Perceptions of corruption;0.199
2019.0;75.0;Belarus;Explained by: Perceptions of corruption;0.194
2018.0;81.0;Belarus;Explained by: Perceptions of corruption;
2017.0;73.0;Belarus;Explained by: Perceptions of corruption;
2016.0;67.0;Belarus;Explained by: Perceptions of corruption;
2015.0;61.0;Belarus;Explained by: Perceptions of corruption;
2014.0;59.0;Belarus;Explained by: Perceptions of corruption;
2012.0;66.0;Belarus;Explained by: Perceptions of corruption;
2011.0;62.0;Belarus;Explained by: Perceptions of corruption;
2024.0;11.0;Australia;Explained by: Perceptions of corruption;0.285
2023.0;16.0;Belgium;Explained by: Perceptions of corruption;0.311
2022.0;17.0;Belgium;Explained by: Perceptions of corruption;0.273
2021.0;19.0;Belgium;Explained by: Perceptions of corruption;0.204
2020.0;21.0;Belgium;Explained by: Perceptions of corruption;0.187
2019.0;20.0;Belgium;Explained by: Perceptions of corruption;0.209
2018.0;18.0;Belgium;Explained by: Perceptions of corruption;
2017.0;16.0;Belgium;Explained by: Perceptions of corruption;
2016.0;17.0;Belgium;Explained by: Perceptions of corruption;
2015.0;18.0;Belgium;Explained by: Perceptions of corruption;
2014.0;19.0;Belgium;Explained by: Perceptions of corruption;
2012.0;21.0;Belgium;Explained by: Perceptions of corruption;
2011.0;15.0;Belgium;Explained by: Perceptions of corruption;
2024.0;12.0;New Zealand;Explained by: Perceptions of corruption;0.429
2017.0;49.0;Belize;Explained by: Perceptions of corruption;
2016.0;50.0;Belize;Explained by: Perceptions of corruption;
2015.0;52.0;Belize;Explained by: Perceptions of corruption;
2011.0;34.0;Belize;Explained by: Perceptions of corruption;
2024.0;13.0;Switzerland;Explained by: Perceptions of corruption;0.468
2023.0;116.0;Benin;Explained by: Perceptions of corruption;0.252
2022.0;116.0;Benin;Explained by: Perceptions of corruption;0.253
2021.0;115.0;Benin;Explained by: Perceptions of corruption;0.23
2020.0;100.0;Benin;Explained by: Perceptions of corruption;0.178
2019.0;86.0;Benin;Explained by: Perceptions of corruption;0.126
2018.0;102.0;Benin;Explained by: Perceptions of corruption;
2017.0;136.0;Benin;Explained by: Perceptions of corruption;
2016.0;143.0;Benin;Explained by: Perceptions of corruption;
2015.0;153.0;Benin;Explained by: Perceptions of corruption;
2014.0;155.0;Benin;Explained by: Perceptions of corruption;
2012.0;155.0;Benin;Explained by: Perceptions of corruption;
2011.0;155.0;Benin;Explained by: Perceptions of corruption;
2018.0;95.0;Bhutan;Explained by: Perceptions of corruption;
2017.0;97.0;Bhutan;Explained by: Perceptions of corruption;
2016.0;97.0;Bhutan;Explained by: Perceptions of corruption;
2015.0;84.0;Bhutan;Explained by: Perceptions of corruption;
2014.0;79.0;Bhutan;Explained by: Perceptions of corruption;
2024.0;14.0;Belgium;Explained by: Perceptions of corruption;0.306
2023.0;73.0;Bolivia;Explained by: Perceptions of corruption;0.061
2022.0;69.0;Bolivia;Explained by: Perceptions of corruption;0.06
2021.0;71.0;Bolivia;Explained by: Perceptions of corruption;0.064
2020.0;70.0;Bolivia;Explained by: Perceptions of corruption;0.064
2019.0;65.0;Bolivia;Explained by: Perceptions of corruption;0.073
2018.0;61.0;Bolivia;Explained by: Perceptions of corruption;
2017.0;62.0;Bolivia;Explained by: Perceptions of corruption;
2016.0;58.0;Bolivia;Explained by: Perceptions of corruption;
2015.0;59.0;Bolivia;Explained by: Perceptions of corruption;
2014.0;51.0;Bolivia;Explained by: Perceptions of corruption;
2012.0;50.0;Bolivia;Explained by: Perceptions of corruption;
2011.0;57.0;Bolivia;Explained by: Perceptions of corruption;
2024.0;15.0;Ireland;Explained by: Perceptions of corruption;0.382
2023.0;65.0;Bosnia and Herzegovina;Explained by: Perceptions of corruption;0.0
2022.0;71.0;Bosnia and Herzegovina;Explained by: Perceptions of corruption;0.008
2021.0;67.0;Bosnia and Herzegovina;Explained by: Perceptions of corruption;0.006
2020.0;65.0;Bosnia and Herzegovina;Explained by: Perceptions of corruption;0.005
2019.0;69.0;Bosnia and Herzegovina;Explained by: Perceptions of corruption;0.001
2018.0;78.0;Bosnia and Herzegovina;Explained by: Perceptions of corruption;
2017.0;93.0;Bosnia and Herzegovina;Explained by: Perceptions of corruption;
2016.0;90.0;Bosnia and Herzegovina;Explained by: Perceptions of corruption;
2015.0;87.0;Bosnia and Herzegovina;Explained by: Perceptions of corruption;
2014.0;96.0;Bosnia and Herzegovina;Explained by: Perceptions of corruption;
2012.0;107.0;Bosnia and Herzegovina;Explained by: Perceptions of corruption;
2011.0;99.0;Bosnia and Herzegovina;Explained by: Perceptions of corruption;
2024.0;16.0;Lithuania;Explained by: Perceptions of corruption;0.123
2023.0;137.0;Botswana;Explained by: Perceptions of corruption;0.082
2022.0;132.0;Botswana;Explained by: Perceptions of corruption;0.071
2021.0;142.0;Botswana;Explained by: Perceptions of corruption;0.102
2020.0;147.0;Botswana;Explained by: Perceptions of corruption;0.088
2019.0;147.0;Botswana;Explained by: Perceptions of corruption;0.102
2018.0;148.0;Botswana;Explained by: Perceptions of corruption;
2017.0;146.0;Botswana;Explained by: Perceptions of corruption;
2016.0;142.0;Botswana;Explained by: Perceptions of corruption;
2015.0;137.0;Botswana;Explained by: Perceptions of corruption;
2014.0;128.0;Botswana;Explained by: Perceptions of corruption;
2012.0;145.0;Botswana;Explained by: Perceptions of corruption;
2011.0;117.0;Botswana;Explained by: Perceptions of corruption;
2024.0;17.0;Austria;Explained by: Perceptions of corruption;0.28
2023.0;44.0;Brazil;Explained by: Perceptions of corruption;0.142
2022.0;49.0;Brazil;Explained by: Perceptions of corruption;0.137
2021.0;38.0;Brazil;Explained by: Perceptions of corruption;0.134
2020.0;36.0;Brazil;Explained by: Perceptions of corruption;0.117
2019.0;32.0;Brazil;Explained by: Perceptions of corruption;0.107
2018.0;32.0;Brazil;Explained by: Perceptions of corruption;
2017.0;28.0;Brazil;Explained by: Perceptions of corruption;
2016.0;22.0;Brazil;Explained by: Perceptions of corruption;
2015.0;17.0;Brazil;Explained by: Perceptions of corruption;
2014.0;16.0;Brazil;Explained by: Perceptions of corruption;
2012.0;24.0;Brazil;Explained by: Perceptions of corruption;
2011.0;25.0;Brazil;Explained by: Perceptions of corruption;
2024.0;18.0;Canada;Explained by: Perceptions of corruption;0.323
2023.0;81.0;Bulgaria;Explained by: Perceptions of corruption;0.006
2022.0;77.0;Bulgaria;Explained by: Perceptions of corruption;0.013
2021.0;85.0;Bulgaria;Explained by: Perceptions of corruption;0.021
2020.0;89.0;Bulgaria;Explained by: Perceptions of corruption;0.005
2019.0;96.0;Bulgaria;Explained by: Perceptions of corruption;0.0
2018.0;97.0;Bulgaria;Explained by: Perceptions of corruption;
2017.0;100.0;Bulgaria;Explained by: Perceptions of corruption;
2016.0;105.0;Bulgaria;Explained by: Perceptions of corruption;
2015.0;129.0;Bulgaria;Explained by: Perceptions of corruption;
2014.0;134.0;Bulgaria;Explained by: Perceptions of corruption;
2012.0;144.0;Bulgaria;Explained by: Perceptions of corruption;
2011.0;147.0;Bulgaria;Explained by: Perceptions of corruption;
2024.0;19.0;Slovenia;Explained by: Perceptions of corruption;0.113
2023.0;110.0;Burkina Faso;Explained by: Perceptions of corruption;0.179
2022.0;104.0;Burkina Faso;Explained by: Perceptions of corruption;0.113
2021.0;113.0;Burkina Faso;Explained by: Perceptions of corruption;0.126
2020.0;114.0;Burkina Faso;Explained by: Perceptions of corruption;0.122
2019.0;112.0;Burkina Faso;Explained by: Perceptions of corruption;0.126
2018.0;115.0;Burkina Faso;Explained by: Perceptions of corruption;
2017.0;121.0;Burkina Faso;Explained by: Perceptions of corruption;
2016.0;134.0;Burkina Faso;Explained by: Perceptions of corruption;
2015.0;145.0;Burkina Faso;Explained by: Perceptions of corruption;
2014.0;152.0;Burkina Faso;Explained by: Perceptions of corruption;
2012.0;131.0;Burkina Faso;Explained by: Perceptions of corruption;
2011.0;144.0;Burkina Faso;Explained by: Perceptions of corruption;
2020.0;141.0;Burundi;Explained by: Perceptions of corruption;0.212
2019.0;140.0;Burundi;Explained by: Perceptions of corruption;0.212
2018.0;145.0;Burundi;Explained by: Perceptions of corruption;
2017.0;156.0;Burundi;Explained by: Perceptions of corruption;
2016.0;154.0;Burundi;Explained by: Perceptions of corruption;
2015.0;157.0;Burundi;Explained by: Perceptions of corruption;
2014.0;157.0;Burundi;Explained by: Perceptions of corruption;
2012.0;153.0;Burundi;Explained by: Perceptions of corruption;
2011.0;152.0;Burundi;Explained by: Perceptions of corruption;
2024.0;20.0;Czechia;Explained by: Perceptions of corruption;0.084
2023.0;119.0;Cambodia;Explained by: Perceptions of corruption;0.071
2022.0;115.0;Cambodia;Explained by: Perceptions of corruption;0.051
2021.0;114.0;Cambodia;Explained by: Perceptions of corruption;0.068
2020.0;115.0;Cambodia;Explained by: Perceptions of corruption;0.061
2019.0;106.0;Cambodia;Explained by: Perceptions of corruption;0.073
2018.0;109.0;Cambodia;Explained by: Perceptions of corruption;
2017.0;120.0;Cambodia;Explained by: Perceptions of corruption;
2016.0;129.0;Cambodia;Explained by: Perceptions of corruption;
2015.0;140.0;Cambodia;Explained by: Perceptions of corruption;
2014.0;145.0;Cambodia;Explained by: Perceptions of corruption;
2012.0;140.0;Cambodia;Explained by: Perceptions of corruption;
2011.0;138.0;Cambodia;Explained by: Perceptions of corruption;
2024.0;21.0;United Arab Emirates;Explained by: Perceptions of corruption;0.235
2023.0;104.0;Cameroon;Explained by: Perceptions of corruption;0.06
2022.0;96.0;Cameroon;Explained by: Perceptions of corruption;0.059
2021.0;102.0;Cameroon;Explained by: Perceptions of corruption;0.074
2020.0;92.0;Cameroon;Explained by: Perceptions of corruption;0.058
2019.0;98.0;Cameroon;Explained by: Perceptions of corruption;0.054
2018.0;96.0;Cameroon;Explained by: Perceptions of corruption;
2017.0;99.0;Cameroon;Explained by: Perceptions of corruption;
2016.0;107.0;Cameroon;Explained by: Perceptions of corruption;
2015.0;114.0;Cameroon;Explained by: Perceptions of corruption;
2014.0;133.0;Cameroon;Explained by: Perceptions of corruption;
2012.0;122.0;Cameroon;Explained by: Perceptions of corruption;
2011.0;126.0;Cameroon;Explained by: Perceptions of corruption;
2024.0;22.0;Germany;Explained by: Perceptions of corruption;0.351
2023.0;15.0;Canada;Explained by: Perceptions of corruption;0.368
2022.0;13.0;Canada;Explained by: Perceptions of corruption;0.364
2021.0;15.0;Canada;Explained by: Perceptions of corruption;0.368
2020.0;15.0;Canada;Explained by: Perceptions of corruption;0.335
2019.0;11.0;Canada;Explained by: Perceptions of corruption;0.352
2018.0;9.0;Canada;Explained by: Perceptions of corruption;
2017.0;7.0;Canada;Explained by: Perceptions of corruption;
2016.0;7.0;Canada;Explained by: Perceptions of corruption;
2015.0;6.0;Canada;Explained by: Perceptions of corruption;
2014.0;5.0;Canada;Explained by: Perceptions of corruption;
2012.0;6.0;Canada;Explained by: Perceptions of corruption;
2011.0;5.0;Canada;Explained by: Perceptions of corruption;
2019.0;149.0;Central African Republic;Explained by: Perceptions of corruption;0.028
2018.0;155.0;Central African Republic;Explained by: Perceptions of corruption;
2017.0;155.0;Central African Republic;Explained by: Perceptions of corruption;
2016.0;155.0;Central African Republic;Explained by: Perceptions of corruption;
2014.0;148.0;Central African Republic;Explained by: Perceptions of corruption;
2012.0;154.0;Central African Republic;Explained by: Perceptions of corruption;
2011.0;154.0;Central African Republic;Explained by: Perceptions of corruption;
2024.0;23.0;United Kingdom;Explained by: Perceptions of corruption;0.318
2023.0;113.0;Chad;Explained by: Perceptions of corruption;0.113
2022.0;114.0;Chad;Explained by: Perceptions of corruption;0.088
2021.0;130.0;Chad;Explained by: Perceptions of corruption;0.077
2020.0;129.0;Chad;Explained by: Perceptions of corruption;0.084
2019.0;127.0;Chad;Explained by: Perceptions of corruption;0.086
2018.0;132.0;Chad;Explained by: Perceptions of corruption;
2017.0;131.0;Chad;Explained by: Perceptions of corruption;
2016.0;137.0;Chad;Explained by: Perceptions of corruption;
2015.0;144.0;Chad;Explained by: Perceptions of corruption;
2014.0;149.0;Chad;Explained by: Perceptions of corruption;
2012.0;141.0;Chad;Explained by: Perceptions of corruption;
2011.0;145.0;Chad;Explained by: Perceptions of corruption;
2024.0;24.0;United States;Explained by: Perceptions of corruption;0.161
2023.0;38.0;Chile;Explained by: Perceptions of corruption;0.075
2022.0;35.0;Chile;Explained by: Perceptions of corruption;0.076
2021.0;44.0;Chile;Explained by: Perceptions of corruption;0.069
2020.0;44.0;Chile;Explained by: Perceptions of corruption;0.07
2019.0;39.0;Chile;Explained by: Perceptions of corruption;0.063
2018.0;26.0;Chile;Explained by: Perceptions of corruption;
2017.0;25.0;Chile;Explained by: Perceptions of corruption;
2016.0;20.0;Chile;Explained by: Perceptions of corruption;
2015.0;24.0;Chile;Explained by: Perceptions of corruption;
2014.0;27.0;Chile;Explained by: Perceptions of corruption;
2012.0;28.0;Chile;Explained by: Perceptions of corruption;
2011.0;43.0;Chile;Explained by: Perceptions of corruption;
2024.0;25.0;Belize;Explained by: Perceptions of corruption;0.082
2023.0;60.0;China;Explained by: Perceptions of corruption;0.164
2022.0;64.0;China;Explained by: Perceptions of corruption;0.145
2021.0;72.0;China;Explained by: Perceptions of corruption;0.142
2020.0;85.0;China;Explained by: Perceptions of corruption;0.117
2019.0;94.0;China;Explained by: Perceptions of corruption;0.117
2018.0;93.0;China;Explained by: Perceptions of corruption;
2017.0;86.0;China;Explained by: Perceptions of corruption;
2016.0;79.0;China;Explained by: Perceptions of corruption;
2015.0;83.0;China;Explained by: Perceptions of corruption;
2014.0;84.0;China;Explained by: Perceptions of corruption;
2012.0;93.0;China;Explained by: Perceptions of corruption;
2011.0;112.0;China;Explained by: Perceptions of corruption;
2024.0;26.0;Poland;Explained by: Perceptions of corruption;0.169
2023.0;78.0;Colombia;Explained by: Perceptions of corruption;0.059
2022.0;72.0;Colombia;Explained by: Perceptions of corruption;0.068
2021.0;66.0;Colombia;Explained by: Perceptions of corruption;0.077
2020.0;53.0;Colombia;Explained by: Perceptions of corruption;0.063
2019.0;44.0;Colombia;Explained by: Perceptions of corruption;0.046
2018.0;43.0;Colombia;Explained by: Perceptions of corruption;
2017.0;37.0;Colombia;Explained by: Perceptions of corruption;
2016.0;36.0;Colombia;Explained by: Perceptions of corruption;
2015.0;31.0;Colombia;Explained by: Perceptions of corruption;
2014.0;33.0;Colombia;Explained by: Perceptions of corruption;
2012.0;35.0;Colombia;Explained by: Perceptions of corruption;
2011.0;41.0;Colombia;Explained by: Perceptions of corruption;
2024.0;27.0;Taiwan Province of China;Explained by: Perceptions of corruption;0.187
2023.0;132.0;Comoros;Explained by: Perceptions of corruption;0.16
2022.0;130.0;Comoros;Explained by: Perceptions of corruption;0.145
2021.0;116.0;Comoros;Explained by: Perceptions of corruption;0.125
2020.0;132.0;Comoros;Explained by: Perceptions of corruption;0.101
2019.0;134.0;Comoros;Explained by: Perceptions of corruption;0.1
2018.0;142.0;Comoros;Explained by: Perceptions of corruption;
2015.0;138.0;Comoros;Explained by: Perceptions of corruption;
2014.0;140.0;Comoros;Explained by: Perceptions of corruption;
2012.0;149.0;Comoros;Explained by: Perceptions of corruption;
2011.0;151.0;Comoros;Explained by: Perceptions of corruption;
2024.0;28.0;Uruguay;Explained by: Perceptions of corruption;0.197
2023.0;89.0;Congo;Explained by: Perceptions of corruption;0.138
2022.0;86.0;Congo;Explained by: Perceptions of corruption;0.136
2021.0;99.0;Congo;Explained by: Perceptions of corruption;0.146
2020.0;84.0;Congo;Explained by: Perceptions of corruption;0.124
2019.0;88.0;Congo;Explained by: Perceptions of corruption;0.119
2018.0;103.0;Congo;Explained by: Perceptions of corruption;
2017.0;114.0;Congo;Explained by: Perceptions of corruption;
2016.0;124.0;Congo;Explained by: Perceptions of corruption;
2015.0;127.0;Congo;Explained by: Perceptions of corruption;
2014.0;139.0;Congo;Explained by: Perceptions of corruption;
2012.0;129.0;Congo;Explained by: Perceptions of corruption;
2011.0;148.0;Congo;Explained by: Perceptions of corruption;
2024.0;29.0;Kosovo;Explained by: Perceptions of corruption;0.087
2023.0;12.0;Costa Rica;Explained by: Perceptions of corruption;0.123
2022.0;23.0;Costa Rica;Explained by: Perceptions of corruption;0.116
2021.0;23.0;Costa Rica;Explained by: Perceptions of corruption;0.102
2020.0;17.0;Costa Rica;Explained by: Perceptions of corruption;0.083
2019.0;15.0;Costa Rica;Explained by: Perceptions of corruption;0.096
2018.0;12.0;Costa Rica;Explained by: Perceptions of corruption;
2017.0;13.0;Costa Rica;Explained by: Perceptions of corruption;
2016.0;12.0;Costa Rica;Explained by: Perceptions of corruption;
2015.0;14.0;Costa Rica;Explained by: Perceptions of corruption;
2014.0;12.0;Costa Rica;Explained by: Perceptions of corruption;
2012.0;12.0;Costa Rica;Explained by: Perceptions of corruption;
2011.0;12.0;Costa Rica;Explained by: Perceptions of corruption;
2024.0;30.0;Kuwait;Explained by: Perceptions of corruption;0.167
2023.0;96.0;Côte d’Ivoire;Explained by: Perceptions of corruption;0.164
2022.0;93.0;Côte d’Ivoire;Explained by: Perceptions of corruption;0.131
2021.0;88.0;Côte d’Ivoire;Explained by: Perceptions of corruption;0.124
2020.0;86.0;Côte d’Ivoire;Explained by: Perceptions of corruption;0.092
2019.0;85.0;Côte d’Ivoire;Explained by: Perceptions of corruption;0.093
2018.0;99.0;Côte d’Ivoire;Explained by: Perceptions of corruption;
2017.0;107.0;Côte d’Ivoire;Explained by: Perceptions of corruption;
2016.0;128.0;Côte d’Ivoire;Explained by: Perceptions of corruption;
2015.0;139.0;Côte d’Ivoire;Explained by: Perceptions of corruption;
2014.0;151.0;Côte d’Ivoire;Explained by: Perceptions of corruption;
2011.0;133.0;Côte d’Ivoire;Explained by: Perceptions of corruption;
2024.0;31.0;Serbia;Explained by: Perceptions of corruption;0.107
2023.0;63.0;Croatia;Explained by: Perceptions of corruption;0.043
2022.0;48.0;Croatia;Explained by: Perceptions of corruption;0.003
2021.0;47.0;Croatia;Explained by: Perceptions of corruption;0.0
2020.0;61.0;Croatia;Explained by: Perceptions of corruption;0.0
2019.0;79.0;Croatia;Explained by: Perceptions of corruption;0.012
2018.0;75.0;Croatia;Explained by: Perceptions of corruption;
2017.0;82.0;Croatia;Explained by: Perceptions of corruption;
2016.0;77.0;Croatia;Explained by: Perceptions of corruption;
2015.0;74.0;Croatia;Explained by: Perceptions of corruption;
2014.0;62.0;Croatia;Explained by: Perceptions of corruption;
2012.0;58.0;Croatia;Explained by: Perceptions of corruption;
2011.0;58.0;Croatia;Explained by: Perceptions of corruption;
2011.0;69.0;Cuba;Explained by: Perceptions of corruption;
2024.0;32.0;Saudi Arabia;Explained by: Perceptions of corruption;0.187
2023.0;50.0;Cyprus;Explained by: Perceptions of corruption;0.049
2022.0;46.0;Cyprus;Explained by: Perceptions of corruption;0.05
2021.0;41.0;Cyprus;Explained by: Perceptions of corruption;0.062
2020.0;40.0;Cyprus;Explained by: Perceptions of corruption;0.061
2019.0;45.0;Cyprus;Explained by: Perceptions of corruption;0.051
2018.0;49.0;Cyprus;Explained by: Perceptions of corruption;
2017.0;61.0;Cyprus;Explained by: Perceptions of corruption;
2016.0;65.0;Cyprus;Explained by: Perceptions of corruption;
2015.0;69.0;Cyprus;Explained by: Perceptions of corruption;
2014.0;67.0;Cyprus;Explained by: Perceptions of corruption;
2012.0;34.0;Cyprus;Explained by: Perceptions of corruption;
2011.0;35.0;Cyprus;Explained by: Perceptions of corruption;
2024.0;33.0;France;Explained by: Perceptions of corruption;0.264
2023.0;18.0;Czechia;Explained by: Perceptions of corruption;0.068
2022.0;18.0;Czechia;Explained by: Perceptions of corruption;0.05
2021.0;18.0;Czechia;Explained by: Perceptions of corruption;0.048
2020.0;19.0;Czechia;Explained by: Perceptions of corruption;0.046
2019.0;19.0;Czechia;Explained by: Perceptions of corruption;0.05
2018.0;20.0;Czechia;Explained by: Perceptions of corruption;
2017.0;21.0;Czechia;Explained by: Perceptions of corruption;
2016.0;23.0;Czechia;Explained by: Perceptions of corruption;
2015.0;27.0;Czechia;Explained by: Perceptions of corruption;
2014.0;31.0;Czechia;Explained by: Perceptions of corruption;
2012.0;39.0;Czechia;Explained by: Perceptions of corruption;
2011.0;36.0;Czechia;Explained by: Perceptions of corruption;
2024.0;34.0;Singapore;Explained by: Perceptions of corruption;0.522
2023.0;2.0;Denmark;Explained by: Perceptions of corruption;0.548
2022.0;2.0;Denmark;Explained by: Perceptions of corruption;0.525
2021.0;2.0;Denmark;Explained by: Perceptions of corruption;0.532
2020.0;3.0;Denmark;Explained by: Perceptions of corruption;0.485
2019.0;2.0;Denmark;Explained by: Perceptions of corruption;0.495
2018.0;2.0;Denmark;Explained by: Perceptions of corruption;
2017.0;3.0;Denmark;Explained by: Perceptions of corruption;
2016.0;2.0;Denmark;Explained by: Perceptions of corruption;
2015.0;1.0;Denmark;Explained by: Perceptions of corruption;
2014.0;3.0;Denmark;Explained by: Perceptions of corruption;
2012.0;1.0;Denmark;Explained by: Perceptions of corruption;
2011.0;1.0;Denmark;Explained by: Perceptions of corruption;
2014.0;126.0;Djibouti;Explained by: Perceptions of corruption;
2012.0;114.0;Djibouti;Explained by: Perceptions of corruption;
2011.0;95.0;Djibouti;Explained by: Perceptions of corruption;
2024.0;35.0;Romania;Explained by: Perceptions of corruption;0.015
2023.0;69.0;Dominican Republic;Explained by: Perceptions of corruption;0.196
2022.0;73.0;Dominican Republic;Explained by: Perceptions of corruption;0.195
2021.0;69.0;Dominican Republic;Explained by: Perceptions of corruption;0.179
2020.0;74.0;Dominican Republic;Explained by: Perceptions of corruption;0.144
2019.0;68.0;Dominican Republic;Explained by: Perceptions of corruption;0.116
2018.0;77.0;Dominican Republic;Explained by: Perceptions of corruption;
2017.0;83.0;Dominican Republic;Explained by: Perceptions of corruption;
2016.0;86.0;Dominican Republic;Explained by: Perceptions of corruption;
2015.0;89.0;Dominican Republic;Explained by: Perceptions of corruption;
2014.0;98.0;Dominican Republic;Explained by: Perceptions of corruption;
2012.0;95.0;Dominican Republic;Explained by: Perceptions of corruption;
2011.0;93.0;Dominican Republic;Explained by: Perceptions of corruption;
2024.0;36.0;Brazil;Explained by: Perceptions of corruption;0.127
2023.0;139.0;DR Congo;Explained by: Perceptions of corruption;0.072
2022.0;133.0;DR Congo;Explained by: Perceptions of corruption;0.068
2019.0;131.0;DR Congo;Explained by: Perceptions of corruption;0.081
2018.0;127.0;DR Congo;Explained by: Perceptions of corruption;
2017.0;132.0;DR Congo;Explained by: Perceptions of corruption;
2016.0;126.0;DR Congo;Explained by: Perceptions of corruption;
2015.0;125.0;DR Congo;Explained by: Perceptions of corruption;
2014.0;120.0;DR Congo;Explained by: Perceptions of corruption;
2012.0;117.0;DR Congo;Explained by: Perceptions of corruption;
2011.0;141.0;DR Congo;Explained by: Perceptions of corruption;
2024.0;37.0;El Salvador;Explained by: Perceptions of corruption;0.264
2023.0;74.0;Ecuador;Explained by: Perceptions of corruption;0.078
2022.0;74.0;Ecuador;Explained by: Perceptions of corruption;0.069
2021.0;76.0;Ecuador;Explained by: Perceptions of corruption;0.083
2020.0;67.0;Ecuador;Explained by: Perceptions of corruption;0.062
2019.0;58.0;Ecuador;Explained by: Perceptions of corruption;0.087
2018.0;50.0;Ecuador;Explained by: Perceptions of corruption;
2017.0;48.0;Ecuador;Explained by: Perceptions of corruption;
2016.0;44.0;Ecuador;Explained by: Perceptions of corruption;
2015.0;51.0;Ecuador;Explained by: Perceptions of corruption;
2014.0;48.0;Ecuador;Explained by: Perceptions of corruption;
2012.0;49.0;Ecuador;Explained by: Perceptions of corruption;
2011.0;66.0;Ecuador;Explained by: Perceptions of corruption;
2024.0;38.0;Spain;Explained by: Perceptions of corruption;0.18
2023.0;127.0;Egypt;Explained by: Perceptions of corruption;0.259
2022.0;121.0;Egypt;Explained by: Perceptions of corruption;0.25
2021.0;129.0;Egypt;Explained by: Perceptions of corruption;0.254
2020.0;133.0;Egypt;Explained by: Perceptions of corruption;0.092
2019.0;138.0;Egypt;Explained by: Perceptions of corruption;0.095
2018.0;137.0;Egypt;Explained by: Perceptions of corruption;
2017.0;122.0;Egypt;Explained by: Perceptions of corruption;
2016.0;104.0;Egypt;Explained by: Perceptions of corruption;
2015.0;120.0;Egypt;Explained by: Perceptions of corruption;
2014.0;135.0;Egypt;Explained by: Perceptions of corruption;
2012.0;130.0;Egypt;Explained by: Perceptions of corruption;
2011.0;101.0;Egypt;Explained by: Perceptions of corruption;
2024.0;39.0;Estonia;Explained by: Perceptions of corruption;0.378
2023.0;33.0;El Salvador;Explained by: Perceptions of corruption;0.253
2022.0;50.0;El Salvador;Explained by: Perceptions of corruption;0.222
2021.0;49.0;El Salvador;Explained by: Perceptions of corruption;0.212
2020.0;50.0;El Salvador;Explained by: Perceptions of corruption;0.16
2019.0;34.0;El Salvador;Explained by: Perceptions of corruption;0.117
2018.0;35.0;El Salvador;Explained by: Perceptions of corruption;
2017.0;40.0;El Salvador;Explained by: Perceptions of corruption;
2016.0;45.0;El Salvador;Explained by: Perceptions of corruption;
2015.0;46.0;El Salvador;Explained by: Perceptions of corruption;
2014.0;42.0;El Salvador;Explained by: Perceptions of corruption;
2012.0;52.0;El Salvador;Explained by: Perceptions of corruption;
2011.0;48.0;El Salvador;Explained by: Perceptions of corruption;
2024.0;40.0;Italy;Explained by: Perceptions of corruption;0.071
2023.0;34.0;Estonia;Explained by: Perceptions of corruption;0.401
2022.0;31.0;Estonia;Explained by: Perceptions of corruption;0.372
2021.0;36.0;Estonia;Explained by: Perceptions of corruption;0.333
2020.0;41.0;Estonia;Explained by: Perceptions of corruption;0.263
2019.0;51.0;Estonia;Explained by: Perceptions of corruption;0.202
2018.0;55.0;Estonia;Explained by: Perceptions of corruption;
2017.0;63.0;Estonia;Explained by: Perceptions of corruption;
2016.0;66.0;Estonia;Explained by: Perceptions of corruption;
2015.0;72.0;Estonia;Explained by: Perceptions of corruption;
2014.0;73.0;Estonia;Explained by: Perceptions of corruption;
2012.0;72.0;Estonia;Explained by: Perceptions of corruption;
2011.0;72.0;Estonia;Explained by: Perceptions of corruption;
2024.0;41.0;Panama;Explained by: Perceptions of corruption;0.042
2023.0;135.0;Eswatini;Explained by: Perceptions of corruption;0.116
2021.0;125.0;Eswatini;Explained by: Perceptions of corruption;0.154
2024.0;42.0;Argentina;Explained by: Perceptions of corruption;0.083
2023.0;130.0;Ethiopia;Explained by: Perceptions of corruption;0.101
2022.0;124.0;Ethiopia;Explained by: Perceptions of corruption;0.101
2021.0;131.0;Ethiopia;Explained by: Perceptions of corruption;0.136
2020.0;134.0;Ethiopia;Explained by: Perceptions of corruption;0.114
2019.0;136.0;Ethiopia;Explained by: Perceptions of corruption;0.117
2018.0;134.0;Ethiopia;Explained by: Perceptions of corruption;
2017.0;127.0;Ethiopia;Explained by: Perceptions of corruption;
2016.0;119.0;Ethiopia;Explained by: Perceptions of corruption;
2015.0;115.0;Ethiopia;Explained by: Perceptions of corruption;
2014.0;122.0;Ethiopia;Explained by: Perceptions of corruption;
2012.0;119.0;Ethiopia;Explained by: Perceptions of corruption;
2011.0;139.0;Ethiopia;Explained by: Perceptions of corruption;
2024.0;43.0;Kazakhstan;Explained by: Perceptions of corruption;0.118
2023.0;1.0;Finland;Explained by: Perceptions of corruption;0.546
2022.0;1.0;Finland;Explained by: Perceptions of corruption;0.535
2021.0;1.0;Finland;Explained by: Perceptions of corruption;0.534
2020.0;2.0;Finland;Explained by: Perceptions of corruption;0.481
2019.0;1.0;Finland;Explained by: Perceptions of corruption;0.478
2018.0;1.0;Finland;Explained by: Perceptions of corruption;
2017.0;1.0;Finland;Explained by: Perceptions of corruption;
2016.0;5.0;Finland;Explained by: Perceptions of corruption;
2015.0;5.0;Finland;Explained by: Perceptions of corruption;
2014.0;6.0;Finland;Explained by: Perceptions of corruption;
2012.0;7.0;Finland;Explained by: Perceptions of corruption;
2011.0;2.0;Finland;Explained by: Perceptions of corruption;
2024.0;44.0;Guatemala;Explained by: Perceptions of corruption;0.085
2023.0;27.0;France;Explained by: Perceptions of corruption;0.281
2022.0;21.0;France;Explained by: Perceptions of corruption;0.27
2021.0;20.0;France;Explained by: Perceptions of corruption;0.266
2020.0;22.0;France;Explained by: Perceptions of corruption;0.235
2019.0;23.0;France;Explained by: Perceptions of corruption;0.227
2018.0;24.0;France;Explained by: Perceptions of corruption;
2017.0;23.0;France;Explained by: Perceptions of corruption;
2016.0;31.0;France;Explained by: Perceptions of corruption;
2015.0;32.0;France;Explained by: Perceptions of corruption;
2014.0;29.0;France;Explained by: Perceptions of corruption;
2012.0;25.0;France;Explained by: Perceptions of corruption;
2011.0;23.0;France;Explained by: Perceptions of corruption;
2024.0;45.0;Chile;Explained by: Perceptions of corruption;0.085
2023.0;95.0;Gabon;Explained by: Perceptions of corruption;0.1
2022.0;94.0;Gabon;Explained by: Perceptions of corruption;0.102
2021.0;106.0;Gabon;Explained by: Perceptions of corruption;0.099
2020.0;113.0;Gabon;Explained by: Perceptions of corruption;0.064
2019.0;108.0;Gabon;Explained by: Perceptions of corruption;0.056
2018.0;104.0;Gabon;Explained by: Perceptions of corruption;
2017.0;103.0;Gabon;Explained by: Perceptions of corruption;
2016.0;118.0;Gabon;Explained by: Perceptions of corruption;
2015.0;134.0;Gabon;Explained by: Perceptions of corruption;
2014.0;143.0;Gabon;Explained by: Perceptions of corruption;
2012.0;138.0;Gabon;Explained by: Perceptions of corruption;
2024.0;46.0;Viet Nam;Explained by: Perceptions of corruption;0.174
2023.0;112.0;Gambia;Explained by: Perceptions of corruption;0.048
2022.0;119.0;Gambia;Explained by: Perceptions of corruption;0.033
2021.0;93.0;Gambia;Explained by: Perceptions of corruption;0.103
2020.0;99.0;Gambia;Explained by: Perceptions of corruption;0.123
2019.0;113.0;Gambia;Explained by: Perceptions of corruption;0.158
2018.0;120.0;Gambia;Explained by: Perceptions of corruption;
2024.0;47.0;Nicaragua;Explained by: Perceptions of corruption;0.271
2023.0;91.0;Georgia;Explained by: Perceptions of corruption;0.174
2022.0;90.0;Georgia;Explained by: Perceptions of corruption;0.201
2021.0;105.0;Georgia;Explained by: Perceptions of corruption;0.208
2020.0;109.0;Georgia;Explained by: Perceptions of corruption;0.181
2019.0;117.0;Georgia;Explained by: Perceptions of corruption;0.174
2018.0;119.0;Georgia;Explained by: Perceptions of corruption;
2017.0;128.0;Georgia;Explained by: Perceptions of corruption;
2016.0;125.0;Georgia;Explained by: Perceptions of corruption;
2015.0;126.0;Georgia;Explained by: Perceptions of corruption;
2014.0;130.0;Georgia;Explained by: Perceptions of corruption;
2012.0;134.0;Georgia;Explained by: Perceptions of corruption;
2011.0;146.0;Georgia;Explained by: Perceptions of corruption;
2024.0;48.0;Malta;Explained by: Perceptions of corruption;0.115
2023.0;24.0;Germany;Explained by: Perceptions of corruption;0.368
2022.0;16.0;Germany;Explained by: Perceptions of corruption;0.365
2021.0;14.0;Germany;Explained by: Perceptions of corruption;0.358
2020.0;14.0;Germany;Explained by: Perceptions of corruption;0.306
2019.0;17.0;Germany;Explained by: Perceptions of corruption;0.309
2018.0;17.0;Germany;Explained by: Perceptions of corruption;
2017.0;15.0;Germany;Explained by: Perceptions of corruption;
2016.0;16.0;Germany;Explained by: Perceptions of corruption;
2015.0;16.0;Germany;Explained by: Perceptions of corruption;
2014.0;26.0;Germany;Explained by: Perceptions of corruption;
2012.0;26.0;Germany;Explained by: Perceptions of corruption;
2011.0;30.0;Germany;Explained by: Perceptions of corruption;
2024.0;49.0;Thailand;Explained by: Perceptions of corruption;0.039
2023.0;120.0;Ghana;Explained by: Perceptions of corruption;0.028
2022.0;107.0;Ghana;Explained by: Perceptions of corruption;0.035
2021.0;111.0;Ghana;Explained by: Perceptions of corruption;0.056
2020.0;96.0;Ghana;Explained by: Perceptions of corruption;0.058
2019.0;91.0;Ghana;Explained by: Perceptions of corruption;0.057
2018.0;98.0;Ghana;Explained by: Perceptions of corruption;
2017.0;108.0;Ghana;Explained by: Perceptions of corruption;
2016.0;131.0;Ghana;Explained by: Perceptions of corruption;
2015.0;124.0;Ghana;Explained by: Perceptions of corruption;
2014.0;114.0;Ghana;Explained by: Perceptions of corruption;
2012.0;86.0;Ghana;Explained by: Perceptions of corruption;
2011.0;108.0;Ghana;Explained by: Perceptions of corruption;
2024.0;50.0;Slovakia;Explained by: Perceptions of corruption;0.07
2023.0;64.0;Greece;Explained by: Perceptions of corruption;0.093
2022.0;58.0;Greece;Explained by: Perceptions of corruption;0.097
2021.0;58.0;Greece;Explained by: Perceptions of corruption;0.108
2020.0;69.0;Greece;Explained by: Perceptions of corruption;0.074
2019.0;77.0;Greece;Explained by: Perceptions of corruption;0.049
2018.0;82.0;Greece;Explained by: Perceptions of corruption;
2017.0;79.0;Greece;Explained by: Perceptions of corruption;
2016.0;87.0;Greece;Explained by: Perceptions of corruption;
2015.0;99.0;Greece;Explained by: Perceptions of corruption;
2014.0;102.0;Greece;Explained by: Perceptions of corruption;
2012.0;70.0;Greece;Explained by: Perceptions of corruption;
2011.0;42.0;Greece;Explained by: Perceptions of corruption;
2024.0;51.0;Latvia;Explained by: Perceptions of corruption;0.082
2023.0;42.0;Guatemala;Explained by: Perceptions of corruption;0.078
2022.0;43.0;Guatemala;Explained by: Perceptions of corruption;0.066
2021.0;39.0;Guatemala;Explained by: Perceptions of corruption;0.115
2020.0;31.0;Guatemala;Explained by: Perceptions of corruption;0.105
2019.0;29.0;Guatemala;Explained by: Perceptions of corruption;0.098
2018.0;27.0;Guatemala;Explained by: Perceptions of corruption;
2017.0;30.0;Guatemala;Explained by: Perceptions of corruption;
2016.0;29.0;Guatemala;Explained by: Perceptions of corruption;
2015.0;39.0;Guatemala;Explained by: Perceptions of corruption;
2014.0;43.0;Guatemala;Explained by: Perceptions of corruption;
2012.0;47.0;Guatemala;Explained by: Perceptions of corruption;
2011.0;37.0;Guatemala;Explained by: Perceptions of corruption;
2024.0;52.0;Oman;Explained by: Perceptions of corruption;
2023.0;97.0;Guinea;Explained by: Perceptions of corruption;0.107
2022.0;91.0;Guinea;Explained by: Perceptions of corruption;0.102
2021.0;109.0;Guinea;Explained by: Perceptions of corruption;0.116
2020.0;103.0;Guinea;Explained by: Perceptions of corruption;0.111
2019.0;102.0;Guinea;Explained by: Perceptions of corruption;0.112
2018.0;118.0;Guinea;Explained by: Perceptions of corruption;
2017.0;140.0;Guinea;Explained by: Perceptions of corruption;
2016.0;149.0;Guinea;Explained by: Perceptions of corruption;
2015.0;151.0;Guinea;Explained by: Perceptions of corruption;
2014.0;150.0;Guinea;Explained by: Perceptions of corruption;
2012.0;150.0;Guinea;Explained by: Perceptions of corruption;
2011.0;136.0;Guinea;Explained by: Perceptions of corruption;
2011.0;45.0;Guyana;Explained by: Perceptions of corruption;
2020.0;144.0;Haiti;Explained by: Perceptions of corruption;0.139
2019.0;142.0;Haiti;Explained by: Perceptions of corruption;0.162
2018.0;147.0;Haiti;Explained by: Perceptions of corruption;
2017.0;148.0;Haiti;Explained by: Perceptions of corruption;
2016.0;145.0;Haiti;Explained by: Perceptions of corruption;
2015.0;136.0;Haiti;Explained by: Perceptions of corruption;
2014.0;119.0;Haiti;Explained by: Perceptions of corruption;
2012.0;126.0;Haiti;Explained by: Perceptions of corruption;
2011.0;150.0;Haiti;Explained by: Perceptions of corruption;
2024.0;53.0;Uzbekistan;Explained by: Perceptions of corruption;0.208
2023.0;61.0;Honduras;Explained by: Perceptions of corruption;0.081
2022.0;53.0;Honduras;Explained by: Perceptions of corruption;0.062
2021.0;55.0;Honduras;Explained by: Perceptions of corruption;0.076
2020.0;60.0;Honduras;Explained by: Perceptions of corruption;0.083
2019.0;56.0;Honduras;Explained by: Perceptions of corruption;0.087
2018.0;59.0;Honduras;Explained by: Perceptions of corruption;
2017.0;72.0;Honduras;Explained by: Perceptions of corruption;
2016.0;91.0;Honduras;Explained by: Perceptions of corruption;
2015.0;104.0;Honduras;Explained by: Perceptions of corruption;
2014.0;105.0;Honduras;Explained by: Perceptions of corruption;
2012.0;84.0;Honduras;Explained by: Perceptions of corruption;
2011.0;63.0;Honduras;Explained by: Perceptions of corruption;
2024.0;54.0;Paraguay;Explained by: Perceptions of corruption;0.063
2023.0;86.0;Hong Kong SAR of China;Explained by: Perceptions of corruption;0.402
2022.0;82.0;Hong Kong SAR of China;Explained by: Perceptions of corruption;0.39
2021.0;81.0;Hong Kong SAR of China;Explained by: Perceptions of corruption;0.383
2020.0;78.0;Hong Kong SAR of China;Explained by: Perceptions of corruption;0.342
2019.0;78.0;Hong Kong SAR of China;Explained by: Perceptions of corruption;0.332
2018.0;76.0;Hong Kong SAR of China;Explained by: Perceptions of corruption;
2017.0;76.0;Hong Kong SAR of China;Explained by: Perceptions of corruption;
2016.0;71.0;Hong Kong SAR of China;Explained by: Perceptions of corruption;
2015.0;75.0;Hong Kong SAR of China;Explained by: Perceptions of corruption;
2014.0;72.0;Hong Kong SAR of China;Explained by: Perceptions of corruption;
2012.0;64.0;Hong Kong SAR of China;Explained by: Perceptions of corruption;
2011.0;67.0;Hong Kong SAR of China;Explained by: Perceptions of corruption;
2024.0;55.0;Japan;Explained by: Perceptions of corruption;0.2
2023.0;56.0;Hungary;Explained by: Perceptions of corruption;0.067
2022.0;51.0;Hungary;Explained by: Perceptions of corruption;0.065
2021.0;51.0;Hungary;Explained by: Perceptions of corruption;0.064
2020.0;54.0;Hungary;Explained by: Perceptions of corruption;0.04
2019.0;53.0;Hungary;Explained by: Perceptions of corruption;0.028
2018.0;62.0;Hungary;Explained by: Perceptions of corruption;
2017.0;69.0;Hungary;Explained by: Perceptions of corruption;
2016.0;75.0;Hungary;Explained by: Perceptions of corruption;
2015.0;91.0;Hungary;Explained by: Perceptions of corruption;
2014.0;104.0;Hungary;Explained by: Perceptions of corruption;
2012.0;110.0;Hungary;Explained by: Perceptions of corruption;
2011.0;96.0;Hungary;Explained by: Perceptions of corruption;
2024.0;56.0;Bosnia and Herzegovina;Explained by: Perceptions of corruption;0.009
2023.0;3.0;Iceland;Explained by: Perceptions of corruption;0.182
2022.0;3.0;Iceland;Explained by: Perceptions of corruption;0.187
2021.0;3.0;Iceland;Explained by: Perceptions of corruption;0.191
2020.0;5.0;Iceland;Explained by: Perceptions of corruption;0.17
2019.0;4.0;Iceland;Explained by: Perceptions of corruption;0.145
2018.0;4.0;Iceland;Explained by: Perceptions of corruption;
2017.0;4.0;Iceland;Explained by: Perceptions of corruption;
2016.0;3.0;Iceland;Explained by: Perceptions of corruption;
2015.0;3.0;Iceland;Explained by: Perceptions of corruption;
2014.0;2.0;Iceland;Explained by: Perceptions of corruption;
2012.0;9.0;Iceland;Explained by: Perceptions of corruption;
2011.0;20.0;Iceland;Explained by: Perceptions of corruption;
2024.0;57.0;Philippines;Explained by: Perceptions of corruption;0.11
2023.0;126.0;India;Explained by: Perceptions of corruption;0.122
2022.0;126.0;India;Explained by: Perceptions of corruption;0.111
2021.0;136.0;India;Explained by: Perceptions of corruption;0.123
2020.0;140.0;India;Explained by: Perceptions of corruption;0.106
2019.0;144.0;India;Explained by: Perceptions of corruption;0.106
2018.0;140.0;India;Explained by: Perceptions of corruption;
2017.0;133.0;India;Explained by: Perceptions of corruption;
2016.0;122.0;India;Explained by: Perceptions of corruption;
2015.0;118.0;India;Explained by: Perceptions of corruption;
2014.0;117.0;India;Explained by: Perceptions of corruption;
2012.0;111.0;India;Explained by: Perceptions of corruption;
2011.0;94.0;India;Explained by: Perceptions of corruption;
2024.0;58.0;Republic of Korea;Explained by: Perceptions of corruption;0.139
2023.0;80.0;Indonesia;Explained by: Perceptions of corruption;0.055
2022.0;84.0;Indonesia;Explained by: Perceptions of corruption;0.038
2021.0;87.0;Indonesia;Explained by: Perceptions of corruption;0.047
2020.0;83.0;Indonesia;Explained by: Perceptions of corruption;0.046
2019.0;84.0;Indonesia;Explained by: Perceptions of corruption;0.038
2018.0;92.0;Indonesia;Explained by: Perceptions of corruption;
2017.0;96.0;Indonesia;Explained by: Perceptions of corruption;
2016.0;81.0;Indonesia;Explained by: Perceptions of corruption;
2015.0;79.0;Indonesia;Explained by: Perceptions of corruption;
2014.0;74.0;Indonesia;Explained by: Perceptions of corruption;
2012.0;76.0;Indonesia;Explained by: Perceptions of corruption;
2011.0;83.0;Indonesia;Explained by: Perceptions of corruption;
2024.0;59.0;Bahrain;Explained by: Perceptions of corruption;0.167
2023.0;100.0;Iran;Explained by: Perceptions of corruption;0.123
2022.0;101.0;Iran;Explained by: Perceptions of corruption;0.13
2021.0;110.0;Iran;Explained by: Perceptions of corruption;0.146
2020.0;119.0;Iran;Explained by: Perceptions of corruption;0.144
2019.0;118.0;Iran;Explained by: Perceptions of corruption;0.143
2018.0;117.0;Iran;Explained by: Perceptions of corruption;
2017.0;106.0;Iran;Explained by: Perceptions of corruption;
2016.0;108.0;Iran;Explained by: Perceptions of corruption;
2015.0;105.0;Iran;Explained by: Perceptions of corruption;
2014.0;110.0;Iran;Explained by: Perceptions of corruption;
2012.0;115.0;Iran;Explained by: Perceptions of corruption;
2011.0;84.0;Iran;Explained by: Perceptions of corruption;
2024.0;60.0;Portugal;Explained by: Perceptions of corruption;0.034
2023.0;92.0;Iraq;Explained by: Perceptions of corruption;0.048
2022.0;98.0;Iraq;Explained by: Perceptions of corruption;0.038
2021.0;107.0;Iraq;Explained by: Perceptions of corruption;0.046
2020.0;112.0;Iraq;Explained by: Perceptions of corruption;0.041
2019.0;110.0;Iraq;Explained by: Perceptions of corruption;0.073
2018.0;126.0;Iraq;Explained by: Perceptions of corruption;
2017.0;117.0;Iraq;Explained by: Perceptions of corruption;
2016.0;117.0;Iraq;Explained by: Perceptions of corruption;
2015.0;112.0;Iraq;Explained by: Perceptions of corruption;
2014.0;112.0;Iraq;Explained by: Perceptions of corruption;
2012.0;105.0;Iraq;Explained by: Perceptions of corruption;
2011.0;98.0;Iraq;Explained by: Perceptions of corruption;
2024.0;61.0;Colombia;Explained by: Perceptions of corruption;0.051
2023.0;17.0;Ireland;Explained by: Perceptions of corruption;0.418
2022.0;14.0;Ireland;Explained by: Perceptions of corruption;0.409
2021.0;13.0;Ireland;Explained by: Perceptions of corruption;0.408
2020.0;16.0;Ireland;Explained by: Perceptions of corruption;0.367
2019.0;16.0;Ireland;Explained by: Perceptions of corruption;0.373
2018.0;16.0;Ireland;Explained by: Perceptions of corruption;
2017.0;14.0;Ireland;Explained by: Perceptions of corruption;
2016.0;15.0;Ireland;Explained by: Perceptions of corruption;
2015.0;19.0;Ireland;Explained by: Perceptions of corruption;
2014.0;18.0;Ireland;Explained by: Perceptions of corruption;
2012.0;18.0;Ireland;Explained by: Perceptions of corruption;
2011.0;10.0;Ireland;Explained by: Perceptions of corruption;
2024.0;62.0;Ecuador;Explained by: Perceptions of corruption;0.066
2023.0;5.0;Israel;Explained by: Perceptions of corruption;0.193
2022.0;4.0;Israel;Explained by: Perceptions of corruption;0.158
2021.0;9.0;Israel;Explained by: Perceptions of corruption;0.143
2020.0;13.0;Israel;Explained by: Perceptions of corruption;0.119
2019.0;14.0;Israel;Explained by: Perceptions of corruption;0.1
2018.0;13.0;Israel;Explained by: Perceptions of corruption;
2017.0;11.0;Israel;Explained by: Perceptions of corruption;
2016.0;11.0;Israel;Explained by: Perceptions of corruption;
2015.0;11.0;Israel;Explained by: Perceptions of corruption;
2014.0;11.0;Israel;Explained by: Perceptions of corruption;
2012.0;11.0;Israel;Explained by: Perceptions of corruption;
2011.0;14.0;Israel;Explained by: Perceptions of corruption;
2024.0;63.0;Honduras;Explained by: Perceptions of corruption;0.079
2023.0;41.0;Italy;Explained by: Perceptions of corruption;0.074
2022.0;33.0;Italy;Explained by: Perceptions of corruption;0.063
2021.0;31.0;Italy;Explained by: Perceptions of corruption;0.059
2020.0;29.0;Italy;Explained by: Perceptions of corruption;0.047
2019.0;30.0;Italy;Explained by: Perceptions of corruption;0.04
2018.0;36.0;Italy;Explained by: Perceptions of corruption;
2017.0;47.0;Italy;Explained by: Perceptions of corruption;
2016.0;48.0;Italy;Explained by: Perceptions of corruption;
2015.0;50.0;Italy;Explained by: Perceptions of corruption;
2014.0;50.0;Italy;Explained by: Perceptions of corruption;
2012.0;45.0;Italy;Explained by: Perceptions of corruption;
2011.0;28.0;Italy;Explained by: Perceptions of corruption;
2024.0;64.0;Malaysia;Explained by: Perceptions of corruption;0.11
2023.0;67.0;Jamaica;Explained by: Perceptions of corruption;0.028
2022.0;68.0;Jamaica;Explained by: Perceptions of corruption;0.039
2021.0;63.0;Jamaica;Explained by: Perceptions of corruption;0.053
2020.0;38.0;Jamaica;Explained by: Perceptions of corruption;0.035
2019.0;60.0;Jamaica;Explained by: Perceptions of corruption;0.03
2018.0;56.0;Jamaica;Explained by: Perceptions of corruption;
2017.0;56.0;Jamaica;Explained by: Perceptions of corruption;
2016.0;76.0;Jamaica;Explained by: Perceptions of corruption;
2015.0;73.0;Jamaica;Explained by: Perceptions of corruption;
2014.0;65.0;Jamaica;Explained by: Perceptions of corruption;
2012.0;75.0;Jamaica;Explained by: Perceptions of corruption;
2011.0;40.0;Jamaica;Explained by: Perceptions of corruption;
2024.0;65.0;Peru;Explained by: Perceptions of corruption;0.021
2023.0;51.0;Japan;Explained by: Perceptions of corruption;0.219
2022.0;47.0;Japan;Explained by: Perceptions of corruption;0.207
2021.0;54.0;Japan;Explained by: Perceptions of corruption;0.218
2020.0;57.0;Japan;Explained by: Perceptions of corruption;0.192
2019.0;62.0;Japan;Explained by: Perceptions of corruption;0.181
2018.0;58.0;Japan;Explained by: Perceptions of corruption;
2017.0;54.0;Japan;Explained by: Perceptions of corruption;
2016.0;51.0;Japan;Explained by: Perceptions of corruption;
2015.0;53.0;Japan;Explained by: Perceptions of corruption;
2014.0;46.0;Japan;Explained by: Perceptions of corruption;
2012.0;43.0;Japan;Explained by: Perceptions of corruption;
2011.0;44.0;Japan;Explained by: Perceptions of corruption;
2024.0;66.0;Russian Federation;Explained by: Perceptions of corruption;0.125
2023.0;125.0;Jordan;Explained by: Perceptions of corruption;0.189
2022.0;123.0;Jordan;Explained by: Perceptions of corruption;0.173
2021.0;134.0;Jordan;Explained by: Perceptions of corruption;0.2
2020.0;128.0;Jordan;Explained by: Perceptions of corruption;0.15
2019.0;119.0;Jordan;Explained by: Perceptions of corruption;0.152
2018.0;101.0;Jordan;Explained by: Perceptions of corruption;
2017.0;90.0;Jordan;Explained by: Perceptions of corruption;
2016.0;74.0;Jordan;Explained by: Perceptions of corruption;
2015.0;80.0;Jordan;Explained by: Perceptions of corruption;
2014.0;82.0;Jordan;Explained by: Perceptions of corruption;
2012.0;74.0;Jordan;Explained by: Perceptions of corruption;
2011.0;54.0;Jordan;Explained by: Perceptions of corruption;
2024.0;67.0;Cyprus;Explained by: Perceptions of corruption;0.041
2023.0;49.0;Kazakhstan;Explained by: Perceptions of corruption;0.12
2022.0;44.0;Kazakhstan;Explained by: Perceptions of corruption;0.149
2021.0;40.0;Kazakhstan;Explained by: Perceptions of corruption;0.157
2020.0;46.0;Kazakhstan;Explained by: Perceptions of corruption;0.132
2019.0;50.0;Kazakhstan;Explained by: Perceptions of corruption;0.11
2018.0;60.0;Kazakhstan;Explained by: Perceptions of corruption;
2017.0;60.0;Kazakhstan;Explained by: Perceptions of corruption;
2016.0;60.0;Kazakhstan;Explained by: Perceptions of corruption;
2015.0;54.0;Kazakhstan;Explained by: Perceptions of corruption;
2014.0;54.0;Kazakhstan;Explained by: Perceptions of corruption;
2012.0;57.0;Kazakhstan;Explained by: Perceptions of corruption;
2011.0;59.0;Kazakhstan;Explained by: Perceptions of corruption;
2024.0;68.0;China;Explained by: Perceptions of corruption;0.154
2023.0;114.0;Kenya;Explained by: Perceptions of corruption;0.069
2022.0;111.0;Kenya;Explained by: Perceptions of corruption;0.055
2021.0;119.0;Kenya;Explained by: Perceptions of corruption;0.082
2020.0;122.0;Kenya;Explained by: Perceptions of corruption;0.073
2019.0;121.0;Kenya;Explained by: Perceptions of corruption;0.067
2018.0;121.0;Kenya;Explained by: Perceptions of corruption;
2017.0;124.0;Kenya;Explained by: Perceptions of corruption;
2016.0;112.0;Kenya;Explained by: Perceptions of corruption;
2015.0;122.0;Kenya;Explained by: Perceptions of corruption;
2014.0;125.0;Kenya;Explained by: Perceptions of corruption;
2012.0;123.0;Kenya;Explained by: Perceptions of corruption;
2011.0;134.0;Kenya;Explained by: Perceptions of corruption;
2024.0;69.0;Hungary;Explained by: Perceptions of corruption;0.057
2023.0;29.0;Kosovo;Explained by: Perceptions of corruption;0.073
2022.0;34.0;Kosovo;Explained by: Perceptions of corruption;0.045
2021.0;32.0;Kosovo;Explained by: Perceptions of corruption;0.035
2020.0;34.0;Kosovo;Explained by: Perceptions of corruption;0.014
2019.0;35.0;Kosovo;Explained by: Perceptions of corruption;0.009
2018.0;46.0;Kosovo;Explained by: Perceptions of corruption;
2017.0;66.0;Kosovo;Explained by: Perceptions of corruption;
2016.0;78.0;Kosovo;Explained by: Perceptions of corruption;
2015.0;77.0;Kosovo;Explained by: Perceptions of corruption;
2014.0;69.0;Kosovo;Explained by: Perceptions of corruption;
2012.0;83.0;Kosovo;Explained by: Perceptions of corruption;
2011.0;68.0;Kosovo;Explained by: Perceptions of corruption;
2024.0;70.0;Trinidad and Tobago;Explained by: Perceptions of corruption;0.001
2023.0;13.0;Kuwait;Explained by: Perceptions of corruption;0.172
2021.0;50.0;Kuwait;Explained by: Perceptions of corruption;0.147
2020.0;48.0;Kuwait;Explained by: Perceptions of corruption;0.13
2019.0;48.0;Kuwait;Explained by: Perceptions of corruption;0.113
2018.0;51.0;Kuwait;Explained by: Perceptions of corruption;
2017.0;45.0;Kuwait;Explained by: Perceptions of corruption;
2016.0;39.0;Kuwait;Explained by: Perceptions of corruption;
2015.0;41.0;Kuwait;Explained by: Perceptions of corruption;
2014.0;39.0;Kuwait;Explained by: Perceptions of corruption;
2012.0;32.0;Kuwait;Explained by: Perceptions of corruption;
2011.0;29.0;Kuwait;Explained by: Perceptions of corruption;
2024.0;71.0;Montenegro;Explained by: Perceptions of corruption;0.138
2023.0;75.0;Kyrgyzstan;Explained by: Perceptions of corruption;0.03
2022.0;62.0;Kyrgyzstan;Explained by: Perceptions of corruption;0.018
2021.0;64.0;Kyrgyzstan;Explained by: Perceptions of corruption;0.025
2020.0;68.0;Kyrgyzstan;Explained by: Perceptions of corruption;0.02
2019.0;74.0;Kyrgyzstan;Explained by: Perceptions of corruption;0.03
2018.0;86.0;Kyrgyzstan;Explained by: Perceptions of corruption;
2017.0;92.0;Kyrgyzstan;Explained by: Perceptions of corruption;
2016.0;98.0;Kyrgyzstan;Explained by: Perceptions of corruption;
2015.0;85.0;Kyrgyzstan;Explained by: Perceptions of corruption;
2014.0;77.0;Kyrgyzstan;Explained by: Perceptions of corruption;
2012.0;89.0;Kyrgyzstan;Explained by: Perceptions of corruption;
2011.0;102.0;Kyrgyzstan;Explained by: Perceptions of corruption;
2024.0;72.0;Croatia;Explained by: Perceptions of corruption;0.065
2023.0;94.0;Lao PDR;Explained by: Perceptions of corruption;0.167
2022.0;89.0;Lao PDR;Explained by: Perceptions of corruption;0.162
2021.0;95.0;Lao PDR;Explained by: Perceptions of corruption;0.184
2020.0;101.0;Lao PDR;Explained by: Perceptions of corruption;0.179
2019.0;104.0;Lao PDR;Explained by: Perceptions of corruption;0.194
2018.0;105.0;Lao PDR;Explained by: Perceptions of corruption;
2017.0;110.0;Lao PDR;Explained by: Perceptions of corruption;
2015.0;102.0;Lao PDR;Explained by: Perceptions of corruption;
2014.0;99.0;Lao PDR;Explained by: Perceptions of corruption;
2012.0;109.0;Lao PDR;Explained by: Perceptions of corruption;
2011.0;82.0;Lao PDR;Explained by: Perceptions of corruption;
2024.0;73.0;Jamaica;Explained by: Perceptions of corruption;0.019
2023.0;46.0;Latvia;Explained by: Perceptions of corruption;0.078
2022.0;41.0;Latvia;Explained by: Perceptions of corruption;0.071
2021.0;42.0;Latvia;Explained by: Perceptions of corruption;0.09
2020.0;52.0;Latvia;Explained by: Perceptions of corruption;0.089
2019.0;57.0;Latvia;Explained by: Perceptions of corruption;0.09
2018.0;53.0;Latvia;Explained by: Perceptions of corruption;
2017.0;53.0;Latvia;Explained by: Perceptions of corruption;
2016.0;54.0;Latvia;Explained by: Perceptions of corruption;
2015.0;68.0;Latvia;Explained by: Perceptions of corruption;
2014.0;89.0;Latvia;Explained by: Perceptions of corruption;
2012.0;88.0;Latvia;Explained by: Perceptions of corruption;
2011.0;106.0;Latvia;Explained by: Perceptions of corruption;
2024.0;74.0;Bolivia;Explained by: Perceptions of corruption;0.052
2023.0;142.0;Lebanon;Explained by: Perceptions of corruption;0.029
2022.0;136.0;Lebanon;Explained by: Perceptions of corruption;0.027
2021.0;145.0;Lebanon;Explained by: Perceptions of corruption;0.034
2020.0;124.0;Lebanon;Explained by: Perceptions of corruption;0.026
2019.0;111.0;Lebanon;Explained by: Perceptions of corruption;0.022
2018.0;91.0;Lebanon;Explained by: Perceptions of corruption;
2017.0;88.0;Lebanon;Explained by: Perceptions of corruption;
2016.0;88.0;Lebanon;Explained by: Perceptions of corruption;
2015.0;93.0;Lebanon;Explained by: Perceptions of corruption;
2014.0;103.0;Lebanon;Explained by: Perceptions of corruption;
2012.0;97.0;Lebanon;Explained by: Perceptions of corruption;
2011.0;92.0;Lebanon;Explained by: Perceptions of corruption;
2024.0;75.0;Kyrgyzstan;Explained by: Perceptions of corruption;0.053
2023.0;141.0;Lesotho;Explained by: Perceptions of corruption;0.085
2021.0;141.0;Lesotho;Explained by: Perceptions of corruption;0.018
2020.0;146.0;Lesotho;Explained by: Perceptions of corruption;0.015
2019.0;143.0;Lesotho;Explained by: Perceptions of corruption;0.05
2018.0;144.0;Lesotho;Explained by: Perceptions of corruption;
2017.0;141.0;Lesotho;Explained by: Perceptions of corruption;
2016.0;139.0;Lesotho;Explained by: Perceptions of corruption;
2014.0;97.0;Lesotho;Explained by: Perceptions of corruption;
2012.0;98.0;Lesotho;Explained by: Perceptions of corruption;
2024.0;76.0;Dominican Republic;Explained by: Perceptions of corruption;0.186
2023.0;121.0;Liberia;Explained by: Perceptions of corruption;0.075
2022.0;125.0;Liberia;Explained by: Perceptions of corruption;0.071
2021.0;97.0;Liberia;Explained by: Perceptions of corruption;0.08
2020.0;121.0;Liberia;Explained by: Perceptions of corruption;0.057
2019.0;124.0;Liberia;Explained by: Perceptions of corruption;0.051
2018.0;141.0;Liberia;Explained by: Perceptions of corruption;
2017.0;149.0;Liberia;Explained by: Perceptions of corruption;
2016.0;148.0;Liberia;Explained by: Perceptions of corruption;
2015.0;150.0;Liberia;Explained by: Perceptions of corruption;
2014.0;116.0;Liberia;Explained by: Perceptions of corruption;
2012.0;133.0;Liberia;Explained by: Perceptions of corruption;
2011.0;140.0;Liberia;Explained by: Perceptions of corruption;
2024.0;77.0;Mongolia;Explained by: Perceptions of corruption;0.053
2023.0;66.0;Libya;Explained by: Perceptions of corruption;0.204
2021.0;86.0;Libya;Explained by: Perceptions of corruption;0.179
2020.0;81.0;Libya;Explained by: Perceptions of corruption;0.174
2019.0;80.0;Libya;Explained by: Perceptions of corruption;0.172
2018.0;72.0;Libya;Explained by: Perceptions of corruption;
2017.0;70.0;Libya;Explained by: Perceptions of corruption;
2016.0;68.0;Libya;Explained by: Perceptions of corruption;
2015.0;67.0;Libya;Explained by: Perceptions of corruption;
2014.0;63.0;Libya;Explained by: Perceptions of corruption;
2012.0;78.0;Libya;Explained by: Perceptions of corruption;
2011.0;81.0;Libya;Explained by: Perceptions of corruption;
2024.0;78.0;Mauritius;Explained by: Perceptions of corruption;0.13
2023.0;19.0;Lithuania;Explained by: Perceptions of corruption;0.116
2022.0;20.0;Lithuania;Explained by: Perceptions of corruption;0.089
2021.0;34.0;Lithuania;Explained by: Perceptions of corruption;0.077
2020.0;39.0;Lithuania;Explained by: Perceptions of corruption;0.073
2019.0;41.0;Lithuania;Explained by: Perceptions of corruption;0.081
2018.0;42.0;Lithuania;Explained by: Perceptions of corruption;
2017.0;50.0;Lithuania;Explained by: Perceptions of corruption;
2016.0;52.0;Lithuania;Explained by: Perceptions of corruption;
2015.0;60.0;Lithuania;Explained by: Perceptions of corruption;
2014.0;56.0;Lithuania;Explained by: Perceptions of corruption;
2012.0;71.0;Lithuania;Explained by: Perceptions of corruption;
2011.0;60.0;Lithuania;Explained by: Perceptions of corruption;
2024.0;79.0;Libya;Explained by: Perceptions of corruption;0.214
2023.0;8.0;Luxembourg;Explained by: Perceptions of corruption;0.432
2022.0;9.0;Luxembourg;Explained by: Perceptions of corruption;0.418
2021.0;6.0;Luxembourg;Explained by: Perceptions of corruption;0.388
2020.0;9.0;Luxembourg;Explained by: Perceptions of corruption;0.353
2019.0;10.0;Luxembourg;Explained by: Perceptions of corruption;0.367
2018.0;14.0;Luxembourg;Explained by: Perceptions of corruption;
2017.0;17.0;Luxembourg;Explained by: Perceptions of corruption;
2016.0;18.0;Luxembourg;Explained by: Perceptions of corruption;
2015.0;20.0;Luxembourg;Explained by: Perceptions of corruption;
2014.0;17.0;Luxembourg;Explained by: Perceptions of corruption;
2012.0;19.0;Luxembourg;Explained by: Perceptions of corruption;
2011.0;16.0;Luxembourg;Explained by: Perceptions of corruption;
2019.0;90.0;Macedonia;Explained by: Perceptions of corruption;0.025
2024.0;80.0;Republic of Moldova;Explained by: Perceptions of corruption;0.037
2023.0;123.0;Madagascar;Explained by: Perceptions of corruption;0.123
2022.0;127.0;Madagascar;Explained by: Perceptions of corruption;0.134
2021.0;128.0;Madagascar;Explained by: Perceptions of corruption;0.154
2020.0;136.0;Madagascar;Explained by: Perceptions of corruption;0.087
2019.0;137.0;Madagascar;Explained by: Perceptions of corruption;0.076
2018.0;143.0;Madagascar;Explained by: Perceptions of corruption;
2017.0;143.0;Madagascar;Explained by: Perceptions of corruption;
2016.0;144.0;Madagascar;Explained by: Perceptions of corruption;
2015.0;148.0;Madagascar;Explained by: Perceptions of corruption;
2014.0;147.0;Madagascar;Explained by: Perceptions of corruption;
2012.0;146.0;Madagascar;Explained by: Perceptions of corruption;
2011.0;129.0;Madagascar;Explained by: Perceptions of corruption;
2024.0;81.0;Greece;Explained by: Perceptions of corruption;0.063
2023.0;136.0;Malawi;Explained by: Perceptions of corruption;0.136
2022.0;131.0;Malawi;Explained by: Perceptions of corruption;0.129
2021.0;138.0;Malawi;Explained by: Perceptions of corruption;0.157
2020.0;145.0;Malawi;Explained by: Perceptions of corruption;0.134
2019.0;145.0;Malawi;Explained by: Perceptions of corruption;0.132
2018.0;150.0;Malawi;Explained by: Perceptions of corruption;
2017.0;147.0;Malawi;Explained by: Perceptions of corruption;
2016.0;136.0;Malawi;Explained by: Perceptions of corruption;
2015.0;132.0;Malawi;Explained by: Perceptions of corruption;
2014.0;131.0;Malawi;Explained by: Perceptions of corruption;
2012.0;139.0;Malawi;Explained by: Perceptions of corruption;
2011.0;114.0;Malawi;Explained by: Perceptions of corruption;
2024.0;82.0;Venezuela;Explained by: Perceptions of corruption;0.117
2023.0;59.0;Malaysia;Explained by: Perceptions of corruption;0.119
2022.0;55.0;Malaysia;Explained by: Perceptions of corruption;0.122
2021.0;70.0;Malaysia;Explained by: Perceptions of corruption;0.126
2020.0;82.0;Malaysia;Explained by: Perceptions of corruption;0.064
2019.0;82.0;Malaysia;Explained by: Perceptions of corruption;0.062
2018.0;80.0;Malaysia;Explained by: Perceptions of corruption;
2017.0;35.0;Malaysia;Explained by: Perceptions of corruption;
2016.0;42.0;Malaysia;Explained by: Perceptions of corruption;
2015.0;47.0;Malaysia;Explained by: Perceptions of corruption;
2014.0;61.0;Malaysia;Explained by: Perceptions of corruption;
2012.0;56.0;Malaysia;Explained by: Perceptions of corruption;
2011.0;51.0;Malaysia;Explained by: Perceptions of corruption;
2020.0;90.0;Maldives;Explained by: Perceptions of corruption;0.073
2019.0;87.0;Maldives;Explained by: Perceptions of corruption;0.072
2024.0;83.0;Indonesia;Explained by: Perceptions of corruption;0.044
2023.0;122.0;Mali;Explained by: Perceptions of corruption;0.09
2022.0;120.0;Mali;Explained by: Perceptions of corruption;0.059
2021.0;123.0;Mali;Explained by: Perceptions of corruption;0.042
2020.0;118.0;Mali;Explained by: Perceptions of corruption;0.072
2019.0;114.0;Mali;Explained by: Perceptions of corruption;0.062
2018.0;128.0;Mali;Explained by: Perceptions of corruption;
2017.0;118.0;Mali;Explained by: Perceptions of corruption;
2016.0;127.0;Mali;Explained by: Perceptions of corruption;
2015.0;135.0;Mali;Explained by: Perceptions of corruption;
2014.0;138.0;Mali;Explained by: Perceptions of corruption;
2012.0;132.0;Mali;Explained by: Perceptions of corruption;
2011.0;143.0;Mali;Explained by: Perceptions of corruption;
2024.0;84.0;Algeria;Explained by: Perceptions of corruption;0.219
2023.0;40.0;Malta;Explained by: Perceptions of corruption;0.125
2022.0;37.0;Malta;Explained by: Perceptions of corruption;0.143
2021.0;33.0;Malta;Explained by: Perceptions of corruption;0.166
2020.0;24.0;Malta;Explained by: Perceptions of corruption;0.183
2019.0;22.0;Malta;Explained by: Perceptions of corruption;0.179
2018.0;22.0;Malta;Explained by: Perceptions of corruption;
2017.0;22.0;Malta;Explained by: Perceptions of corruption;
2016.0;27.0;Malta;Explained by: Perceptions of corruption;
2015.0;30.0;Malta;Explained by: Perceptions of corruption;
2014.0;37.0;Malta;Explained by: Perceptions of corruption;
2012.0;48.0;Malta;Explained by: Perceptions of corruption;
2011.0;47.0;Malta;Explained by: Perceptions of corruption;
2024.0;85.0;Bulgaria;Explained by: Perceptions of corruption;0.0
2023.0;111.0;Mauritania;Explained by: Perceptions of corruption;0.198
2022.0;103.0;Mauritania;Explained by: Perceptions of corruption;0.195
2021.0;133.0;Mauritania;Explained by: Perceptions of corruption;0.138
2020.0;135.0;Mauritania;Explained by: Perceptions of corruption;0.133
2019.0;129.0;Mauritania;Explained by: Perceptions of corruption;0.122
2018.0;122.0;Mauritania;Explained by: Perceptions of corruption;
2017.0;126.0;Mauritania;Explained by: Perceptions of corruption;
2016.0;123.0;Mauritania;Explained by: Perceptions of corruption;
2015.0;130.0;Mauritania;Explained by: Perceptions of corruption;
2014.0;124.0;Mauritania;Explained by: Perceptions of corruption;
2012.0;112.0;Mauritania;Explained by: Perceptions of corruption;
2011.0;113.0;Mauritania;Explained by: Perceptions of corruption;
2024.0;86.0;North Macedonia;Explained by: Perceptions of corruption;0.007
2023.0;70.0;Mauritius;Explained by: Perceptions of corruption;0.118
2022.0;59.0;Mauritius;Explained by: Perceptions of corruption;0.11
2021.0;52.0;Mauritius;Explained by: Perceptions of corruption;0.107
2020.0;51.0;Mauritius;Explained by: Perceptions of corruption;0.096
2019.0;49.0;Mauritius;Explained by: Perceptions of corruption;0.084
2018.0;57.0;Mauritius;Explained by: Perceptions of corruption;
2017.0;55.0;Mauritius;Explained by: Perceptions of corruption;
2016.0;64.0;Mauritius;Explained by: Perceptions of corruption;
2015.0;66.0;Mauritius;Explained by: Perceptions of corruption;
2014.0;71.0;Mauritius;Explained by: Perceptions of corruption;
2012.0;67.0;Mauritius;Explained by: Perceptions of corruption;
2011.0;64.0;Mauritius;Explained by: Perceptions of corruption;
2024.0;87.0;Armenia;Explained by: Perceptions of corruption;0.158
2023.0;25.0;Mexico;Explained by: Perceptions of corruption;0.127
2022.0;36.0;Mexico;Explained by: Perceptions of corruption;0.115
2021.0;46.0;Mexico;Explained by: Perceptions of corruption;0.115
2020.0;37.0;Mexico;Explained by: Perceptions of corruption;0.089
2019.0;24.0;Mexico;Explained by: Perceptions of corruption;0.083
2018.0;23.0;Mexico;Explained by: Perceptions of corruption;
2017.0;24.0;Mexico;Explained by: Perceptions of corruption;
2016.0;25.0;Mexico;Explained by: Perceptions of corruption;
2015.0;21.0;Mexico;Explained by: Perceptions of corruption;
2014.0;14.0;Mexico;Explained by: Perceptions of corruption;
2012.0;16.0;Mexico;Explained by: Perceptions of corruption;
2011.0;24.0;Mexico;Explained by: Perceptions of corruption;
2024.0;88.0;Hong Kong SAR of China;Explained by: Perceptions of corruption;0.386
2023.0;77.0;Mongolia;Explained by: Perceptions of corruption;0.055
2022.0;61.0;Mongolia;Explained by: Perceptions of corruption;0.058
2021.0;68.0;Mongolia;Explained by: Perceptions of corruption;0.059
2020.0;71.0;Mongolia;Explained by: Perceptions of corruption;0.053
2019.0;81.0;Mongolia;Explained by: Perceptions of corruption;0.047
2018.0;83.0;Mongolia;Explained by: Perceptions of corruption;
2017.0;94.0;Mongolia;Explained by: Perceptions of corruption;
2016.0;100.0;Mongolia;Explained by: Perceptions of corruption;
2015.0;101.0;Mongolia;Explained by: Perceptions of corruption;
2014.0;100.0;Mongolia;Explained by: Perceptions of corruption;
2012.0;102.0;Mongolia;Explained by: Perceptions of corruption;
2011.0;119.0;Mongolia;Explained by: Perceptions of corruption;
2024.0;89.0;Albania;Explained by: Perceptions of corruption;0.057
2023.0;76.0;Montenegro;Explained by: Perceptions of corruption;0.132
2022.0;67.0;Montenegro;Explained by: Perceptions of corruption;0.061
2021.0;75.0;Montenegro;Explained by: Perceptions of corruption;0.077
2020.0;73.0;Montenegro;Explained by: Perceptions of corruption;0.081
2019.0;72.0;Montenegro;Explained by: Perceptions of corruption;0.098
2018.0;73.0;Montenegro;Explained by: Perceptions of corruption;
2017.0;81.0;Montenegro;Explained by: Perceptions of corruption;
2016.0;83.0;Montenegro;Explained by: Perceptions of corruption;
2015.0;88.0;Montenegro;Explained by: Perceptions of corruption;
2014.0;83.0;Montenegro;Explained by: Perceptions of corruption;
2012.0;80.0;Montenegro;Explained by: Perceptions of corruption;
2011.0;86.0;Montenegro;Explained by: Perceptions of corruption;
2024.0;90.0;Tajikistan;Explained by: Perceptions of corruption;0.342
2023.0;107.0;Morocco;Explained by: Perceptions of corruption;0.082
2022.0;100.0;Morocco;Explained by: Perceptions of corruption;0.085
2021.0;100.0;Morocco;Explained by: Perceptions of corruption;0.102
2020.0;107.0;Morocco;Explained by: Perceptions of corruption;0.088
2019.0;97.0;Morocco;Explained by: Perceptions of corruption;0.077
2018.0;89.0;Morocco;Explained by: Perceptions of corruption;
2017.0;85.0;Morocco;Explained by: Perceptions of corruption;
2016.0;84.0;Morocco;Explained by: Perceptions of corruption;
2015.0;90.0;Morocco;Explained by: Perceptions of corruption;
2014.0;92.0;Morocco;Explained by: Perceptions of corruption;
2012.0;99.0;Morocco;Explained by: Perceptions of corruption;
2011.0;105.0;Morocco;Explained by: Perceptions of corruption;
2024.0;91.0;Georgia;Explained by: Perceptions of corruption;0.172
2023.0;90.0;Mozambique;Explained by: Perceptions of corruption;0.196
2022.0;97.0;Mozambique;Explained by: Perceptions of corruption;0.192
2021.0;101.0;Mozambique;Explained by: Perceptions of corruption;0.2
2020.0;116.0;Mozambique;Explained by: Perceptions of corruption;0.163
2019.0;120.0;Mozambique;Explained by: Perceptions of corruption;0.163
2018.0;123.0;Mozambique;Explained by: Perceptions of corruption;
2017.0;123.0;Mozambique;Explained by: Perceptions of corruption;
2016.0;113.0;Mozambique;Explained by: Perceptions of corruption;
2014.0;94.0;Mozambique;Explained by: Perceptions of corruption;
2012.0;94.0;Mozambique;Explained by: Perceptions of corruption;
2011.0;110.0;Mozambique;Explained by: Perceptions of corruption;
2024.0;92.0;Nepal;Explained by: Perceptions of corruption;0.099
2023.0;118.0;Myanmar;Explained by: Perceptions of corruption;0.174
2022.0;117.0;Myanmar;Explained by: Perceptions of corruption;0.194
2021.0;126.0;Myanmar;Explained by: Perceptions of corruption;0.194
2020.0;127.0;Myanmar;Explained by: Perceptions of corruption;0.178
2019.0;133.0;Myanmar;Explained by: Perceptions of corruption;0.188
2018.0;131.0;Myanmar;Explained by: Perceptions of corruption;
2017.0;130.0;Myanmar;Explained by: Perceptions of corruption;
2016.0;114.0;Myanmar;Explained by: Perceptions of corruption;
2015.0;119.0;Myanmar;Explained by: Perceptions of corruption;
2014.0;129.0;Myanmar;Explained by: Perceptions of corruption;
2012.0;121.0;Myanmar;Explained by: Perceptions of corruption;
2011.0;74.0;Myanmar;Explained by: Perceptions of corruption;
2024.0;93.0;Lao PDR;Explained by: Perceptions of corruption;0.164
2023.0;106.0;Namibia;Explained by: Perceptions of corruption;0.061
2022.0;105.0;Namibia;Explained by: Perceptions of corruption;0.071
2021.0;124.0;Namibia;Explained by: Perceptions of corruption;0.071
2020.0;125.0;Namibia;Explained by: Perceptions of corruption;0.059
2019.0;122.0;Namibia;Explained by: Perceptions of corruption;0.054
2018.0;113.0;Namibia;Explained by: Perceptions of corruption;
2017.0;119.0;Namibia;Explained by: Perceptions of corruption;
2016.0;111.0;Namibia;Explained by: Perceptions of corruption;
2015.0;113.0;Namibia;Explained by: Perceptions of corruption;
2011.0;97.0;Namibia;Explained by: Perceptions of corruption;
2024.0;94.0;Türkiye;Explained by: Perceptions of corruption;0.104
2023.0;93.0;Nepal;Explained by: Perceptions of corruption;0.115
2022.0;78.0;Nepal;Explained by: Perceptions of corruption;0.104
2021.0;84.0;Nepal;Explained by: Perceptions of corruption;0.13
2020.0;88.0;Nepal;Explained by: Perceptions of corruption;0.135
2019.0;92.0;Nepal;Explained by: Perceptions of corruption;0.128
2018.0;100.0;Nepal;Explained by: Perceptions of corruption;
2017.0;101.0;Nepal;Explained by: Perceptions of corruption;
2016.0;99.0;Nepal;Explained by: Perceptions of corruption;
2015.0;107.0;Nepal;Explained by: Perceptions of corruption;
2014.0;121.0;Nepal;Explained by: Perceptions of corruption;
2012.0;135.0;Nepal;Explained by: Perceptions of corruption;
2011.0;121.0;Nepal;Explained by: Perceptions of corruption;
2024.0;95.0;South Africa;Explained by: Perceptions of corruption;0.043
2023.0;6.0;Netherlands;Explained by: Perceptions of corruption;0.372
2022.0;5.0;Netherlands;Explained by: Perceptions of corruption;0.394
2021.0;5.0;Netherlands;Explained by: Perceptions of corruption;0.419
2020.0;6.0;Netherlands;Explained by: Perceptions of corruption;0.384
2019.0;6.0;Netherlands;Explained by: Perceptions of corruption;0.369
2018.0;5.0;Netherlands;Explained by: Perceptions of corruption;
2017.0;6.0;Netherlands;Explained by: Perceptions of corruption;
2016.0;6.0;Netherlands;Explained by: Perceptions of corruption;
2015.0;7.0;Netherlands;Explained by: Perceptions of corruption;
2014.0;7.0;Netherlands;Explained by: Perceptions of corruption;
2012.0;4.0;Netherlands;Explained by: Perceptions of corruption;
2011.0;4.0;Netherlands;Explained by: Perceptions of corruption;
2024.0;96.0;Mozambique;Explained by: Perceptions of corruption;0.173
2023.0;11.0;New Zealand;Explained by: Perceptions of corruption;0.48
2022.0;10.0;New Zealand;Explained by: Perceptions of corruption;0.471
2021.0;10.0;New Zealand;Explained by: Perceptions of corruption;0.483
2020.0;10.0;New Zealand;Explained by: Perceptions of corruption;0.445
2019.0;8.0;New Zealand;Explained by: Perceptions of corruption;0.461
2018.0;8.0;New Zealand;Explained by: Perceptions of corruption;
2017.0;8.0;New Zealand;Explained by: Perceptions of corruption;
2016.0;8.0;New Zealand;Explained by: Perceptions of corruption;
2015.0;8.0;New Zealand;Explained by: Perceptions of corruption;
2014.0;9.0;New Zealand;Explained by: Perceptions of corruption;
2012.0;13.0;New Zealand;Explained by: Perceptions of corruption;
2011.0;8.0;New Zealand;Explained by: Perceptions of corruption;
2024.0;97.0;Gabon;Explained by: Perceptions of corruption;0.086
2023.0;43.0;Nicaragua;Explained by: Perceptions of corruption;0.251
2022.0;40.0;Nicaragua;Explained by: Perceptions of corruption;0.218
2021.0;45.0;Nicaragua;Explained by: Perceptions of corruption;0.212
2020.0;56.0;Nicaragua;Explained by: Perceptions of corruption;0.176
2019.0;46.0;Nicaragua;Explained by: Perceptions of corruption;0.174
2018.0;45.0;Nicaragua;Explained by: Perceptions of corruption;
2017.0;41.0;Nicaragua;Explained by: Perceptions of corruption;
2016.0;43.0;Nicaragua;Explained by: Perceptions of corruption;
2015.0;48.0;Nicaragua;Explained by: Perceptions of corruption;
2014.0;57.0;Nicaragua;Explained by: Perceptions of corruption;
2012.0;65.0;Nicaragua;Explained by: Perceptions of corruption;
2011.0;89.0;Nicaragua;Explained by: Perceptions of corruption;
2024.0;98.0;Côte d’Ivoire;Explained by: Perceptions of corruption;0.162
2023.0;109.0;Niger;Explained by: Perceptions of corruption;0.147
2022.0;109.0;Niger;Explained by: Perceptions of corruption;0.14
2021.0;104.0;Niger;Explained by: Perceptions of corruption;0.145
2020.0;97.0;Niger;Explained by: Perceptions of corruption;0.157
2019.0;103.0;Niger;Explained by: Perceptions of corruption;0.138
2018.0;114.0;Niger;Explained by: Perceptions of corruption;
2017.0;134.0;Niger;Explained by: Perceptions of corruption;
2016.0;135.0;Niger;Explained by: Perceptions of corruption;
2015.0;142.0;Niger;Explained by: Perceptions of corruption;
2014.0;144.0;Niger;Explained by: Perceptions of corruption;
2012.0;136.0;Niger;Explained by: Perceptions of corruption;
2011.0;137.0;Niger;Explained by: Perceptions of corruption;
2024.0;99.0;Iran;Explained by: Perceptions of corruption;0.122
2023.0;102.0;Nigeria;Explained by: Perceptions of corruption;0.019
2022.0;95.0;Nigeria;Explained by: Perceptions of corruption;0.013
2021.0;118.0;Nigeria;Explained by: Perceptions of corruption;0.038
2020.0;117.0;Nigeria;Explained by: Perceptions of corruption;0.039
2019.0;115.0;Nigeria;Explained by: Perceptions of corruption;0.048
2018.0;85.0;Nigeria;Explained by: Perceptions of corruption;
2017.0;91.0;Nigeria;Explained by: Perceptions of corruption;
2016.0;95.0;Nigeria;Explained by: Perceptions of corruption;
2015.0;103.0;Nigeria;Explained by: Perceptions of corruption;
2014.0;78.0;Nigeria;Explained by: Perceptions of corruption;
2012.0;82.0;Nigeria;Explained by: Perceptions of corruption;
2011.0;100.0;Nigeria;Explained by: Perceptions of corruption;
2021.0;79.0;North Cyprus;Explained by: Perceptions of corruption;0.213
2020.0;75.0;North Cyprus;Explained by: Perceptions of corruption;0.2
2019.0;76.0;North Cyprus;Explained by: Perceptions of corruption;0.2
2018.0;64.0;North Cyprus;Explained by: Perceptions of corruption;
2017.0;58.0;North Cyprus;Explained by: Perceptions of corruption;
2016.0;61.0;North Cyprus;Explained by: Perceptions of corruption;
2015.0;62.0;North Cyprus;Explained by: Perceptions of corruption;
2014.0;66.0;North Cyprus;Explained by: Perceptions of corruption;
2012.0;69.0;North Cyprus;Explained by: Perceptions of corruption;
2024.0;100.0;Congo;Explained by: Perceptions of corruption;0.126
2023.0;84.0;North Macedonia;Explained by: Perceptions of corruption;0.015
2022.0;87.0;North Macedonia;Explained by: Perceptions of corruption;0.02
2021.0;89.0;North Macedonia;Explained by: Perceptions of corruption;0.031
2020.0;95.0;North Macedonia;Explained by: Perceptions of corruption;0.022
2018.0;84.0;North Macedonia;Explained by: Perceptions of corruption;
2017.0;89.0;North Macedonia;Explained by: Perceptions of corruption;
2016.0;92.0;North Macedonia;Explained by: Perceptions of corruption;
2015.0;95.0;North Macedonia;Explained by: Perceptions of corruption;
2014.0;93.0;North Macedonia;Explained by: Perceptions of corruption;
2012.0;118.0;North Macedonia;Explained by: Perceptions of corruption;
2011.0;127.0;North Macedonia;Explained by: Perceptions of corruption;
2024.0;101.0;Iraq;Explained by: Perceptions of corruption;0.069
2023.0;7.0;Norway;Explained by: Perceptions of corruption;0.484
2022.0;7.0;Norway;Explained by: Perceptions of corruption;0.463
2021.0;8.0;Norway;Explained by: Perceptions of corruption;0.474
2020.0;7.0;Norway;Explained by: Perceptions of corruption;0.427
2019.0;5.0;Norway;Explained by: Perceptions of corruption;0.434
2018.0;3.0;Norway;Explained by: Perceptions of corruption;
2017.0;2.0;Norway;Explained by: Perceptions of corruption;
2016.0;1.0;Norway;Explained by: Perceptions of corruption;
2015.0;4.0;Norway;Explained by: Perceptions of corruption;
2014.0;4.0;Norway;Explained by: Perceptions of corruption;
2012.0;2.0;Norway;Explained by: Perceptions of corruption;
2011.0;3.0;Norway;Explained by: Perceptions of corruption;
2024.0;102.0;Guinea;Explained by: Perceptions of corruption;0.098
2014.0;22.0;Oman;Explained by: Perceptions of corruption;
2012.0;23.0;Oman;Explained by: Perceptions of corruption;
2024.0;103.0;Namibia;Explained by: Perceptions of corruption;0.056
2023.0;108.0;Pakistan;Explained by: Perceptions of corruption;0.074
2022.0;108.0;Pakistan;Explained by: Perceptions of corruption;0.102
2021.0;121.0;Pakistan;Explained by: Perceptions of corruption;0.112
2020.0;106.0;Pakistan;Explained by: Perceptions of corruption;0.097
2019.0;66.0;Pakistan;Explained by: Perceptions of corruption;0.123
2018.0;67.0;Pakistan;Explained by: Perceptions of corruption;
2017.0;75.0;Pakistan;Explained by: Perceptions of corruption;
2016.0;80.0;Pakistan;Explained by: Perceptions of corruption;
2015.0;92.0;Pakistan;Explained by: Perceptions of corruption;
2014.0;81.0;Pakistan;Explained by: Perceptions of corruption;
2012.0;81.0;Pakistan;Explained by: Perceptions of corruption;
2011.0;85.0;Pakistan;Explained by: Perceptions of corruption;
2024.0;104.0;Cameroon;Explained by: Perceptions of corruption;0.06
2023.0;39.0;Panama;Explained by: Perceptions of corruption;0.043
2022.0;38.0;Panama;Explained by: Perceptions of corruption;0.036
2021.0;37.0;Panama;Explained by: Perceptions of corruption;0.051
2020.0;42.0;Panama;Explained by: Perceptions of corruption;0.053
2019.0;36.0;Panama;Explained by: Perceptions of corruption;0.054
2018.0;31.0;Panama;Explained by: Perceptions of corruption;
2017.0;27.0;Panama;Explained by: Perceptions of corruption;
2016.0;30.0;Panama;Explained by: Perceptions of corruption;
2015.0;25.0;Panama;Explained by: Perceptions of corruption;
2014.0;25.0;Panama;Explained by: Perceptions of corruption;
2012.0;15.0;Panama;Explained by: Perceptions of corruption;
2011.0;21.0;Panama;Explained by: Perceptions of corruption;
2024.0;105.0;Nigeria;Explained by: Perceptions of corruption;0.028
2023.0;57.0;Paraguay;Explained by: Perceptions of corruption;0.065
2022.0;66.0;Paraguay;Explained by: Perceptions of corruption;0.062
2021.0;73.0;Paraguay;Explained by: Perceptions of corruption;0.059
2020.0;72.0;Paraguay;Explained by: Perceptions of corruption;0.037
2019.0;67.0;Paraguay;Explained by: Perceptions of corruption;0.065
2018.0;63.0;Paraguay;Explained by: Perceptions of corruption;
2017.0;64.0;Paraguay;Explained by: Perceptions of corruption;
2016.0;70.0;Paraguay;Explained by: Perceptions of corruption;
2015.0;70.0;Paraguay;Explained by: Perceptions of corruption;
2014.0;53.0;Paraguay;Explained by: Perceptions of corruption;
2012.0;54.0;Paraguay;Explained by: Perceptions of corruption;
2011.0;70.0;Paraguay;Explained by: Perceptions of corruption;
2024.0;106.0;Azerbaijan;Explained by: Perceptions of corruption;0.179
2023.0;68.0;Peru;Explained by: Perceptions of corruption;0.029
2022.0;75.0;Peru;Explained by: Perceptions of corruption;0.027
2021.0;74.0;Peru;Explained by: Perceptions of corruption;0.037
2020.0;64.0;Peru;Explained by: Perceptions of corruption;0.031
2019.0;63.0;Peru;Explained by: Perceptions of corruption;0.027
2018.0;65.0;Peru;Explained by: Perceptions of corruption;
2017.0;65.0;Peru;Explained by: Perceptions of corruption;
2016.0;63.0;Peru;Explained by: Perceptions of corruption;
2015.0;64.0;Peru;Explained by: Perceptions of corruption;
2014.0;58.0;Peru;Explained by: Perceptions of corruption;
2012.0;55.0;Peru;Explained by: Perceptions of corruption;
2011.0;77.0;Peru;Explained by: Perceptions of corruption;
2024.0;107.0;Senegal;Explained by: Perceptions of corruption;0.09
2023.0;53.0;Philippines;Explained by: Perceptions of corruption;0.136
2022.0;76.0;Philippines;Explained by: Perceptions of corruption;0.141
2021.0;60.0;Philippines;Explained by: Perceptions of corruption;0.142
2020.0;62.0;Philippines;Explained by: Perceptions of corruption;0.126
2019.0;52.0;Philippines;Explained by: Perceptions of corruption;0.13
2018.0;69.0;Philippines;Explained by: Perceptions of corruption;
2017.0;71.0;Philippines;Explained by: Perceptions of corruption;
2016.0;72.0;Philippines;Explained by: Perceptions of corruption;
2015.0;82.0;Philippines;Explained by: Perceptions of corruption;
2014.0;90.0;Philippines;Explained by: Perceptions of corruption;
2012.0;92.0;Philippines;Explained by: Perceptions of corruption;
2011.0;103.0;Philippines;Explained by: Perceptions of corruption;
2024.0;108.0;State of Palestine;Explained by: Perceptions of corruption;0.081
2023.0;35.0;Poland;Explained by: Perceptions of corruption;0.175
2022.0;39.0;Poland;Explained by: Perceptions of corruption;0.139
2021.0;48.0;Poland;Explained by: Perceptions of corruption;0.14
2020.0;45.0;Poland;Explained by: Perceptions of corruption;0.13
2019.0;43.0;Poland;Explained by: Perceptions of corruption;0.161
2018.0;40.0;Poland;Explained by: Perceptions of corruption;
2017.0;42.0;Poland;Explained by: Perceptions of corruption;
2016.0;46.0;Poland;Explained by: Perceptions of corruption;
2015.0;57.0;Poland;Explained by: Perceptions of corruption;
2014.0;60.0;Poland;Explained by: Perceptions of corruption;
2012.0;51.0;Poland;Explained by: Perceptions of corruption;
2011.0;53.0;Poland;Explained by: Perceptions of corruption;
2024.0;109.0;Pakistan;Explained by: Perceptions of corruption;0.046
2023.0;55.0;Portugal;Explained by: Perceptions of corruption;0.035
2022.0;56.0;Portugal;Explained by: Perceptions of corruption;0.037
2021.0;56.0;Portugal;Explained by: Perceptions of corruption;0.039
2020.0;59.0;Portugal;Explained by: Perceptions of corruption;0.033
2019.0;59.0;Portugal;Explained by: Perceptions of corruption;0.028
2018.0;66.0;Portugal;Explained by: Perceptions of corruption;
2017.0;77.0;Portugal;Explained by: Perceptions of corruption;
2016.0;89.0;Portugal;Explained by: Perceptions of corruption;
2015.0;94.0;Portugal;Explained by: Perceptions of corruption;
2014.0;88.0;Portugal;Explained by: Perceptions of corruption;
2012.0;85.0;Portugal;Explained by: Perceptions of corruption;
2011.0;73.0;Portugal;Explained by: Perceptions of corruption;
2015.0;15.0;Puerto Rico;Explained by: Perceptions of corruption;
2011.0;27.0;Puerto Rico;Explained by: Perceptions of corruption;
2018.0;29.0;Qatar;Explained by: Perceptions of corruption;
2017.0;32.0;Qatar;Explained by: Perceptions of corruption;
2016.0;35.0;Qatar;Explained by: Perceptions of corruption;
2015.0;36.0;Qatar;Explained by: Perceptions of corruption;
2014.0;28.0;Qatar;Explained by: Perceptions of corruption;
2012.0;27.0;Qatar;Explained by: Perceptions of corruption;
2011.0;31.0;Qatar;Explained by: Perceptions of corruption;
2024.0;110.0;Niger;Explained by: Perceptions of corruption;0.137
2023.0;52.0;Republic of Korea;Explained by: Perceptions of corruption;0.158
2022.0;57.0;Republic of Korea;Explained by: Perceptions of corruption;0.163
2021.0;59.0;Republic of Korea;Explained by: Perceptions of corruption;0.176
2020.0;63.0;Republic of Korea;Explained by: Perceptions of corruption;0.135
2019.0;61.0;Republic of Korea;Explained by: Perceptions of corruption;0.095
2018.0;54.0;Republic of Korea;Explained by: Perceptions of corruption;
2017.0;57.0;Republic of Korea;Explained by: Perceptions of corruption;
2016.0;55.0;Republic of Korea;Explained by: Perceptions of corruption;
2015.0;58.0;Republic of Korea;Explained by: Perceptions of corruption;
2014.0;47.0;Republic of Korea;Explained by: Perceptions of corruption;
2012.0;41.0;Republic of Korea;Explained by: Perceptions of corruption;
2011.0;56.0;Republic of Korea;Explained by: Perceptions of corruption;
2024.0;111.0;Ukraine;Explained by: Perceptions of corruption;0.023
2023.0;71.0;Republic of Moldova;Explained by: Perceptions of corruption;0.044
2022.0;63.0;Republic of Moldova;Explained by: Perceptions of corruption;0.02
2021.0;62.0;Republic of Moldova;Explained by: Perceptions of corruption;0.028
2020.0;66.0;Republic of Moldova;Explained by: Perceptions of corruption;0.013
2019.0;70.0;Republic of Moldova;Explained by: Perceptions of corruption;0.014
2018.0;71.0;Republic of Moldova;Explained by: Perceptions of corruption;
2017.0;67.0;Republic of Moldova;Explained by: Perceptions of corruption;
2016.0;56.0;Republic of Moldova;Explained by: Perceptions of corruption;
2015.0;55.0;Republic of Moldova;Explained by: Perceptions of corruption;
2014.0;52.0;Republic of Moldova;Explained by: Perceptions of corruption;
2012.0;53.0;Republic of Moldova;Explained by: Perceptions of corruption;
2011.0;75.0;Republic of Moldova;Explained by: Perceptions of corruption;
2024.0;112.0;Morocco;Explained by: Perceptions of corruption;0.095
2023.0;32.0;Romania;Explained by: Perceptions of corruption;0.006
2022.0;24.0;Romania;Explained by: Perceptions of corruption;0.0
2021.0;28.0;Romania;Explained by: Perceptions of corruption;0.006
2020.0;47.0;Romania;Explained by: Perceptions of corruption;0.001
2019.0;47.0;Romania;Explained by: Perceptions of corruption;0.001
2018.0;48.0;Romania;Explained by: Perceptions of corruption;
2017.0;52.0;Romania;Explained by: Perceptions of corruption;
2016.0;57.0;Romania;Explained by: Perceptions of corruption;
2015.0;71.0;Romania;Explained by: Perceptions of corruption;
2014.0;86.0;Romania;Explained by: Perceptions of corruption;
2012.0;90.0;Romania;Explained by: Perceptions of corruption;
2011.0;80.0;Romania;Explained by: Perceptions of corruption;
2024.0;113.0;Tunisia;Explained by: Perceptions of corruption;0.05
2023.0;72.0;Russian Federation;Explained by: Perceptions of corruption;0.121
2022.0;70.0;Russian Federation;Explained by: Perceptions of corruption;0.091
2021.0;80.0;Russian Federation;Explained by: Perceptions of corruption;0.08
2020.0;77.0;Russian Federation;Explained by: Perceptions of corruption;0.06
2019.0;73.0;Russian Federation;Explained by: Perceptions of corruption;0.046
2018.0;68.0;Russian Federation;Explained by: Perceptions of corruption;
2017.0;59.0;Russian Federation;Explained by: Perceptions of corruption;
2016.0;49.0;Russian Federation;Explained by: Perceptions of corruption;
2015.0;56.0;Russian Federation;Explained by: Perceptions of corruption;
2014.0;64.0;Russian Federation;Explained by: Perceptions of corruption;
2012.0;68.0;Russian Federation;Explained by: Perceptions of corruption;
2011.0;76.0;Russian Federation;Explained by: Perceptions of corruption;
2021.0;143.0;Rwanda;Explained by: Perceptions of corruption;0.544
2020.0;148.0;Rwanda;Explained by: Perceptions of corruption;0.493
2019.0;150.0;Rwanda;Explained by: Perceptions of corruption;0.486
2018.0;152.0;Rwanda;Explained by: Perceptions of corruption;
2017.0;151.0;Rwanda;Explained by: Perceptions of corruption;
2016.0;151.0;Rwanda;Explained by: Perceptions of corruption;
2015.0;152.0;Rwanda;Explained by: Perceptions of corruption;
2014.0;154.0;Rwanda;Explained by: Perceptions of corruption;
2012.0;152.0;Rwanda;Explained by: Perceptions of corruption;
2011.0;132.0;Rwanda;Explained by: Perceptions of corruption;
2024.0;114.0;Mauritania;Explained by: Perceptions of corruption;0.195
2023.0;28.0;Saudi Arabia;Explained by: Perceptions of corruption;0.188
2022.0;30.0;Saudi Arabia;Explained by: Perceptions of corruption;0.17
2021.0;25.0;Saudi Arabia;Explained by: Perceptions of corruption;0.18
2020.0;27.0;Saudi Arabia;Explained by: Perceptions of corruption;0.163
2019.0;27.0;Saudi Arabia;Explained by: Perceptions of corruption;0.163
2018.0;28.0;Saudi Arabia;Explained by: Perceptions of corruption;
2017.0;33.0;Saudi Arabia;Explained by: Perceptions of corruption;
2016.0;37.0;Saudi Arabia;Explained by: Perceptions of corruption;
2015.0;34.0;Saudi Arabia;Explained by: Perceptions of corruption;
2014.0;35.0;Saudi Arabia;Explained by: Perceptions of corruption;
2012.0;33.0;Saudi Arabia;Explained by: Perceptions of corruption;
2011.0;26.0;Saudi Arabia;Explained by: Perceptions of corruption;
2024.0;115.0;Kenya;Explained by: Perceptions of corruption;0.073
2023.0;99.0;Senegal;Explained by: Perceptions of corruption;0.069
2022.0;102.0;Senegal;Explained by: Perceptions of corruption;0.06
2021.0;103.0;Senegal;Explained by: Perceptions of corruption;0.081
2020.0;93.0;Senegal;Explained by: Perceptions of corruption;0.088
2019.0;101.0;Senegal;Explained by: Perceptions of corruption;0.082
2018.0;111.0;Senegal;Explained by: Perceptions of corruption;
2017.0;109.0;Senegal;Explained by: Perceptions of corruption;
2016.0;115.0;Senegal;Explained by: Perceptions of corruption;
2015.0;128.0;Senegal;Explained by: Perceptions of corruption;
2014.0;142.0;Senegal;Explained by: Perceptions of corruption;
2012.0;147.0;Senegal;Explained by: Perceptions of corruption;
2011.0;125.0;Senegal;Explained by: Perceptions of corruption;
2024.0;116.0;Uganda;Explained by: Perceptions of corruption;0.05
2023.0;37.0;Serbia;Explained by: Perceptions of corruption;0.101
2022.0;45.0;Serbia;Explained by: Perceptions of corruption;0.081
2021.0;43.0;Serbia;Explained by: Perceptions of corruption;0.088
2020.0;49.0;Serbia;Explained by: Perceptions of corruption;0.066
2019.0;64.0;Serbia;Explained by: Perceptions of corruption;0.059
2018.0;70.0;Serbia;Explained by: Perceptions of corruption;
2017.0;78.0;Serbia;Explained by: Perceptions of corruption;
2016.0;73.0;Serbia;Explained by: Perceptions of corruption;
2015.0;86.0;Serbia;Explained by: Perceptions of corruption;
2014.0;87.0;Serbia;Explained by: Perceptions of corruption;
2012.0;106.0;Serbia;Explained by: Perceptions of corruption;
2011.0;118.0;Serbia;Explained by: Perceptions of corruption;
2024.0;117.0;Gambia;Explained by: Perceptions of corruption;0.045
2023.0;140.0;Sierra Leone;Explained by: Perceptions of corruption;0.053
2022.0;135.0;Sierra Leone;Explained by: Perceptions of corruption;0.051
2021.0;140.0;Sierra Leone;Explained by: Perceptions of corruption;0.055
2020.0;139.0;Sierra Leone;Explained by: Perceptions of corruption;0.047
2019.0;139.0;Sierra Leone;Explained by: Perceptions of corruption;0.048
2018.0;129.0;Sierra Leone;Explained by: Perceptions of corruption;
2017.0;113.0;Sierra Leone;Explained by: Perceptions of corruption;
2016.0;106.0;Sierra Leone;Explained by: Perceptions of corruption;
2015.0;111.0;Sierra Leone;Explained by: Perceptions of corruption;
2014.0;123.0;Sierra Leone;Explained by: Perceptions of corruption;
2012.0;127.0;Sierra Leone;Explained by: Perceptions of corruption;
2011.0;153.0;Sierra Leone;Explained by: Perceptions of corruption;
2024.0;118.0;India;Explained by: Perceptions of corruption;0.12
2023.0;30.0;Singapore;Explained by: Perceptions of corruption;0.575
2022.0;25.0;Singapore;Explained by: Perceptions of corruption;0.561
2021.0;27.0;Singapore;Explained by: Perceptions of corruption;0.587
2020.0;33.0;Singapore;Explained by: Perceptions of corruption;0.547
2019.0;31.0;Singapore;Explained by: Perceptions of corruption;0.533
2018.0;34.0;Singapore;Explained by: Perceptions of corruption;
2017.0;34.0;Singapore;Explained by: Perceptions of corruption;
2016.0;26.0;Singapore;Explained by: Perceptions of corruption;
2015.0;22.0;Singapore;Explained by: Perceptions of corruption;
2014.0;24.0;Singapore;Explained by: Perceptions of corruption;
2012.0;30.0;Singapore;Explained by: Perceptions of corruption;
2011.0;33.0;Singapore;Explained by: Perceptions of corruption;
2024.0;119.0;Chad;Explained by: Perceptions of corruption;0.111
2023.0;45.0;Slovakia;Explained by: Perceptions of corruption;0.058
2022.0;29.0;Slovakia;Explained by: Perceptions of corruption;0.022
2021.0;35.0;Slovakia;Explained by: Perceptions of corruption;0.025
2020.0;35.0;Slovakia;Explained by: Perceptions of corruption;0.018
2019.0;37.0;Slovakia;Explained by: Perceptions of corruption;0.011
2018.0;38.0;Slovakia;Explained by: Perceptions of corruption;
2017.0;39.0;Slovakia;Explained by: Perceptions of corruption;
2016.0;40.0;Slovakia;Explained by: Perceptions of corruption;
2015.0;45.0;Slovakia;Explained by: Perceptions of corruption;
2014.0;45.0;Slovakia;Explained by: Perceptions of corruption;
2012.0;46.0;Slovakia;Explained by: Perceptions of corruption;
2011.0;55.0;Slovakia;Explained by: Perceptions of corruption;
2024.0;120.0;Burkina Faso;Explained by: Perceptions of corruption;0.218
2023.0;21.0;Slovenia;Explained by: Perceptions of corruption;0.131
2022.0;22.0;Slovenia;Explained by: Perceptions of corruption;0.113
2021.0;22.0;Slovenia;Explained by: Perceptions of corruption;0.115
2020.0;30.0;Slovenia;Explained by: Perceptions of corruption;0.085
2019.0;33.0;Slovenia;Explained by: Perceptions of corruption;0.077
2018.0;44.0;Slovenia;Explained by: Perceptions of corruption;
2017.0;51.0;Slovenia;Explained by: Perceptions of corruption;
2016.0;62.0;Slovenia;Explained by: Perceptions of corruption;
2015.0;63.0;Slovenia;Explained by: Perceptions of corruption;
2014.0;55.0;Slovenia;Explained by: Perceptions of corruption;
2012.0;44.0;Slovenia;Explained by: Perceptions of corruption;
2011.0;49.0;Slovenia;Explained by: Perceptions of corruption;
2024.0;121.0;Benin;Explained by: Perceptions of corruption;0.238
2018.0;112.0;Somalia;Explained by: Perceptions of corruption;
2017.0;98.0;Somalia;Explained by: Perceptions of corruption;
2016.0;93.0;Somalia;Explained by: Perceptions of corruption;
2015.0;76.0;Somalia;Explained by: Perceptions of corruption;
2015.0;97.0;Somaliland Region;Explained by: Perceptions of corruption;
2014.0;91.0;Somaliland Region;Explained by: Perceptions of corruption;
2012.0;101.0;Somaliland Region;Explained by: Perceptions of corruption;
2011.0;111.0;Somaliland Region;Explained by: Perceptions of corruption;
2024.0;122.0;Somalia;Explained by: Perceptions of corruption;0.192
2023.0;83.0;South Africa;Explained by: Perceptions of corruption;0.034
2022.0;85.0;South Africa;Explained by: Perceptions of corruption;0.019
2021.0;91.0;South Africa;Explained by: Perceptions of corruption;0.046
2020.0;104.0;South Africa;Explained by: Perceptions of corruption;0.051
2019.0;109.0;South Africa;Explained by: Perceptions of corruption;0.06
2018.0;106.0;South Africa;Explained by: Perceptions of corruption;
2017.0;105.0;South Africa;Explained by: Perceptions of corruption;
2016.0;101.0;South Africa;Explained by: Perceptions of corruption;
2015.0;116.0;South Africa;Explained by: Perceptions of corruption;
2014.0;113.0;South Africa;Explained by: Perceptions of corruption;
2012.0;96.0;South Africa;Explained by: Perceptions of corruption;
2011.0;90.0;South Africa;Explained by: Perceptions of corruption;
2019.0;152.0;South Sudan;Explained by: Perceptions of corruption;0.111
2018.0;156.0;South Sudan;Explained by: Perceptions of corruption;
2017.0;154.0;South Sudan;Explained by: Perceptions of corruption;
2016.0;147.0;South Sudan;Explained by: Perceptions of corruption;
2015.0;143.0;South Sudan;Explained by: Perceptions of corruption;
2024.0;123.0;Mali;Explained by: Perceptions of corruption;0.114
2023.0;36.0;Spain;Explained by: Perceptions of corruption;0.177
2022.0;32.0;Spain;Explained by: Perceptions of corruption;0.157
2021.0;29.0;Spain;Explained by: Perceptions of corruption;0.149
2020.0;28.0;Spain;Explained by: Perceptions of corruption;0.124
2019.0;28.0;Spain;Explained by: Perceptions of corruption;0.11
2018.0;30.0;Spain;Explained by: Perceptions of corruption;
2017.0;36.0;Spain;Explained by: Perceptions of corruption;
2016.0;34.0;Spain;Explained by: Perceptions of corruption;
2015.0;37.0;Spain;Explained by: Perceptions of corruption;
2014.0;36.0;Spain;Explained by: Perceptions of corruption;
2012.0;38.0;Spain;Explained by: Perceptions of corruption;
2011.0;22.0;Spain;Explained by: Perceptions of corruption;
2024.0;124.0;Cambodia;Explained by: Perceptions of corruption;0.078
2023.0;128.0;Sri Lanka;Explained by: Perceptions of corruption;0.031
2022.0;112.0;Sri Lanka;Explained by: Perceptions of corruption;0.086
2021.0;127.0;Sri Lanka;Explained by: Perceptions of corruption;0.079
2020.0;130.0;Sri Lanka;Explained by: Perceptions of corruption;0.049
2019.0;130.0;Sri Lanka;Explained by: Perceptions of corruption;0.049
2018.0;120.0;Sri Lanka;Explained by: Perceptions of corruption;
2017.0;116.0;Sri Lanka;Explained by: Perceptions of corruption;
2016.0;120.0;Sri Lanka;Explained by: Perceptions of corruption;
2015.0;117.0;Sri Lanka;Explained by: Perceptions of corruption;
2014.0;132.0;Sri Lanka;Explained by: Perceptions of corruption;
2012.0;137.0;Sri Lanka;Explained by: Perceptions of corruption;
2011.0;130.0;Sri Lanka;Explained by: Perceptions of corruption;
2024.0;125.0;Ghana;Explained by: Perceptions of corruption;0.025
2023.0;103.0;State of Palestine;Explained by: Perceptions of corruption;
2022.0;99.0;State of Palestine;Explained by: Perceptions of corruption;0.067
2021.0;122.0;State of Palestine;Explained by: Perceptions of corruption;0.079
2020.0;126.0;State of Palestine;Explained by: Perceptions of corruption;0.075
2019.0;125.0;State of Palestine;Explained by: Perceptions of corruption;0.072
2018.0;110.0;State of Palestine;Explained by: Perceptions of corruption;
2017.0;104.0;State of Palestine;Explained by: Perceptions of corruption;
2016.0;103.0;State of Palestine;Explained by: Perceptions of corruption;
2015.0;108.0;State of Palestine;Explained by: Perceptions of corruption;
2014.0;108.0;State of Palestine;Explained by: Perceptions of corruption;
2012.0;113.0;State of Palestine;Explained by: Perceptions of corruption;
2011.0;120.0;State of Palestine;Explained by: Perceptions of corruption;
2017.0;137.0;Sudan;Explained by: Perceptions of corruption;
2016.0;130.0;Sudan;Explained by: Perceptions of corruption;
2015.0;133.0;Sudan;Explained by: Perceptions of corruption;
2014.0;118.0;Sudan;Explained by: Perceptions of corruption;
2012.0;124.0;Sudan;Explained by: Perceptions of corruption;
2011.0;124.0;Sudan;Explained by: Perceptions of corruption;
2015.0;40.0;Suriname;Explained by: Perceptions of corruption;
2014.0;40.0;Suriname;Explained by: Perceptions of corruption;
2012.0;40.0;Suriname;Explained by: Perceptions of corruption;
2020.0;131.0;Swaziland;Explained by: Perceptions of corruption;0.147
2019.0;132.0;Swaziland;Explained by: Perceptions of corruption;0.147
2018.0;135.0;Swaziland;Explained by: Perceptions of corruption;
2014.0;101.0;Swaziland;Explained by: Perceptions of corruption;
2012.0;100.0;Swaziland;Explained by: Perceptions of corruption;
2024.0;126.0;Myanmar;Explained by: Perceptions of corruption;0.163
2023.0;4.0;Sweden;Explained by: Perceptions of corruption;0.524
2022.0;6.0;Sweden;Explained by: Perceptions of corruption;0.52
2021.0;7.0;Sweden;Explained by: Perceptions of corruption;0.512
2020.0;8.0;Sweden;Explained by: Perceptions of corruption;0.448
2019.0;7.0;Sweden;Explained by: Perceptions of corruption;0.442
2018.0;7.0;Sweden;Explained by: Perceptions of corruption;
2017.0;9.0;Sweden;Explained by: Perceptions of corruption;
2016.0;10.0;Sweden;Explained by: Perceptions of corruption;
2015.0;10.0;Sweden;Explained by: Perceptions of corruption;
2014.0;8.0;Sweden;Explained by: Perceptions of corruption;
2012.0;5.0;Sweden;Explained by: Perceptions of corruption;
2011.0;7.0;Sweden;Explained by: Perceptions of corruption;
2024.0;127.0;Togo;Explained by: Perceptions of corruption;0.153
2023.0;9.0;Switzerland;Explained by: Perceptions of corruption;0.498
2022.0;8.0;Switzerland;Explained by: Perceptions of corruption;0.475
2021.0;4.0;Switzerland;Explained by: Perceptions of corruption;0.461
2020.0;4.0;Switzerland;Explained by: Perceptions of corruption;0.413
2019.0;3.0;Switzerland;Explained by: Perceptions of corruption;0.408
2018.0;6.0;Switzerland;Explained by: Perceptions of corruption;
2017.0;5.0;Switzerland;Explained by: Perceptions of corruption;
2016.0;4.0;Switzerland;Explained by: Perceptions of corruption;
2015.0;2.0;Switzerland;Explained by: Perceptions of corruption;
2014.0;1.0;Switzerland;Explained by: Perceptions of corruption;
2012.0;3.0;Switzerland;Explained by: Perceptions of corruption;
2011.0;6.0;Switzerland;Explained by: Perceptions of corruption;
2018.0;149.0;Syria;Explained by: Perceptions of corruption;
2017.0;150.0;Syria;Explained by: Perceptions of corruption;
2016.0;152.0;Syria;Explained by: Perceptions of corruption;
2015.0;156.0;Syria;Explained by: Perceptions of corruption;
2014.0;156.0;Syria;Explained by: Perceptions of corruption;
2012.0;148.0;Syria;Explained by: Perceptions of corruption;
2011.0;107.0;Syria;Explained by: Perceptions of corruption;
2024.0;128.0;Jordan;Explained by: Perceptions of corruption;0.164
2023.0;31.0;Taiwan Province of China;Explained by: Perceptions of corruption;0.202
2022.0;27.0;Taiwan Province of China;Explained by: Perceptions of corruption;0.178
2021.0;26.0;Taiwan Province of China;Explained by: Perceptions of corruption;0.168
2020.0;25.0;Taiwan Province of China;Explained by: Perceptions of corruption;0.139
2019.0;25.0;Taiwan Province of China;Explained by: Perceptions of corruption;0.132
2018.0;25.0;Taiwan Province of China;Explained by: Perceptions of corruption;
2017.0;26.0;Taiwan Province of China;Explained by: Perceptions of corruption;
2016.0;33.0;Taiwan Province of China;Explained by: Perceptions of corruption;
2015.0;35.0;Taiwan Province of China;Explained by: Perceptions of corruption;
2014.0;38.0;Taiwan Province of China;Explained by: Perceptions of corruption;
2012.0;42.0;Taiwan Province of China;Explained by: Perceptions of corruption;
2011.0;46.0;Taiwan Province of China;Explained by: Perceptions of corruption;
2024.0;129.0;Liberia;Explained by: Perceptions of corruption;0.068
2023.0;88.0;Tajikistan;Explained by: Perceptions of corruption;
2022.0;80.0;Tajikistan;Explained by: Perceptions of corruption;0.292
2021.0;83.0;Tajikistan;Explained by: Perceptions of corruption;0.304
2020.0;79.0;Tajikistan;Explained by: Perceptions of corruption;0.247
2019.0;71.0;Tajikistan;Explained by: Perceptions of corruption;0.222
2018.0;74.0;Tajikistan;Explained by: Perceptions of corruption;
2017.0;80.0;Tajikistan;Explained by: Perceptions of corruption;
2016.0;96.0;Tajikistan;Explained by: Perceptions of corruption;
2015.0;100.0;Tajikistan;Explained by: Perceptions of corruption;
2014.0;106.0;Tajikistan;Explained by: Perceptions of corruption;
2012.0;125.0;Tajikistan;Explained by: Perceptions of corruption;
2011.0;115.0;Tajikistan;Explained by: Perceptions of corruption;
2024.0;130.0;Madagascar;Explained by: Perceptions of corruption;0.118
2023.0;131.0;Tanzania;Explained by: Perceptions of corruption;0.257
2022.0;129.0;Tanzania;Explained by: Perceptions of corruption;0.269
2021.0;139.0;Tanzania;Explained by: Perceptions of corruption;0.27
2020.0;143.0;Tanzania;Explained by: Perceptions of corruption;0.231
2019.0;148.0;Tanzania;Explained by: Perceptions of corruption;0.204
2018.0;153.0;Tanzania;Explained by: Perceptions of corruption;
2017.0;153.0;Tanzania;Explained by: Perceptions of corruption;
2016.0;153.0;Tanzania;Explained by: Perceptions of corruption;
2015.0;149.0;Tanzania;Explained by: Perceptions of corruption;
2014.0;146.0;Tanzania;Explained by: Perceptions of corruption;
2012.0;151.0;Tanzania;Explained by: Perceptions of corruption;
2011.0;149.0;Tanzania;Explained by: Perceptions of corruption;
2024.0;131.0;Zambia;Explained by: Perceptions of corruption;0.107
2023.0;58.0;Thailand;Explained by: Perceptions of corruption;0.024
2022.0;60.0;Thailand;Explained by: Perceptions of corruption;0.013
2021.0;61.0;Thailand;Explained by: Perceptions of corruption;0.026
2020.0;55.0;Thailand;Explained by: Perceptions of corruption;0.028
2019.0;54.0;Thailand;Explained by: Perceptions of corruption;0.032
2018.0;52.0;Thailand;Explained by: Perceptions of corruption;
2017.0;46.0;Thailand;Explained by: Perceptions of corruption;
2016.0;32.0;Thailand;Explained by: Perceptions of corruption;
2015.0;33.0;Thailand;Explained by: Perceptions of corruption;
2014.0;34.0;Thailand;Explained by: Perceptions of corruption;
2012.0;36.0;Thailand;Explained by: Perceptions of corruption;
2011.0;52.0;Thailand;Explained by: Perceptions of corruption;
2024.0;132.0;Ethiopia;Explained by: Perceptions of corruption;0.1
2023.0;124.0;Togo;Explained by: Perceptions of corruption;0.156
2022.0;122.0;Togo;Explained by: Perceptions of corruption;0.136
2021.0;135.0;Togo;Explained by: Perceptions of corruption;0.132
2020.0;137.0;Togo;Explained by: Perceptions of corruption;0.107
2019.0;135.0;Togo;Explained by: Perceptions of corruption;0.115
2018.0;139.0;Togo;Explained by: Perceptions of corruption;
2017.0;139.0;Togo;Explained by: Perceptions of corruption;
2016.0;150.0;Togo;Explained by: Perceptions of corruption;
2015.0;155.0;Togo;Explained by: Perceptions of corruption;
2014.0;158.0;Togo;Explained by: Perceptions of corruption;
2012.0;156.0;Togo;Explained by: Perceptions of corruption;
2011.0;156.0;Togo;Explained by: Perceptions of corruption;
2024.0;133.0;Sri Lanka;Explained by: Perceptions of corruption;0.025
2019.0;42.0;Trinidad and Tobago;Explained by: Perceptions of corruption;0.015
2018.0;39.0;Trinidad and Tobago;Explained by: Perceptions of corruption;
2017.0;38.0;Trinidad and Tobago;Explained by: Perceptions of corruption;
2016.0;38.0;Trinidad and Tobago;Explained by: Perceptions of corruption;
2015.0;43.0;Trinidad and Tobago;Explained by: Perceptions of corruption;
2014.0;41.0;Trinidad and Tobago;Explained by: Perceptions of corruption;
2012.0;31.0;Trinidad and Tobago;Explained by: Perceptions of corruption;
2011.0;38.0;Trinidad and Tobago;Explained by: Perceptions of corruption;
2024.0;134.0;Bangladesh;Explained by: Perceptions of corruption;0.132
2023.0;115.0;Tunisia;Explained by: Perceptions of corruption;0.018
2022.0;110.0;Tunisia;Explained by: Perceptions of corruption;0.016
2021.0;120.0;Tunisia;Explained by: Perceptions of corruption;0.029
2020.0;123.0;Tunisia;Explained by: Perceptions of corruption;0.044
2019.0;128.0;Tunisia;Explained by: Perceptions of corruption;0.044
2018.0;124.0;Tunisia;Explained by: Perceptions of corruption;
2017.0;111.0;Tunisia;Explained by: Perceptions of corruption;
2016.0;102.0;Tunisia;Explained by: Perceptions of corruption;
2015.0;98.0;Tunisia;Explained by: Perceptions of corruption;
2014.0;107.0;Tunisia;Explained by: Perceptions of corruption;
2012.0;104.0;Tunisia;Explained by: Perceptions of corruption;
2011.0;87.0;Tunisia;Explained by: Perceptions of corruption;
2024.0;135.0;Egypt;Explained by: Perceptions of corruption;0.103
2023.0;98.0;Türkiye;Explained by: Perceptions of corruption;0.115
2022.0;106.0;Türkiye;Explained by: Perceptions of corruption;0.096
2021.0;112.0;Türkiye;Explained by: Perceptions of corruption;0.115
2020.0;105.0;Türkiye;Explained by: Perceptions of corruption;0.104
2019.0;93.0;Türkiye;Explained by: Perceptions of corruption;0.121
2018.0;79.0;Türkiye;Explained by: Perceptions of corruption;
2017.0;74.0;Türkiye;Explained by: Perceptions of corruption;
2016.0;69.0;Türkiye;Explained by: Perceptions of corruption;
2015.0;78.0;Türkiye;Explained by: Perceptions of corruption;
2014.0;76.0;Türkiye;Explained by: Perceptions of corruption;
2012.0;77.0;Türkiye;Explained by: Perceptions of corruption;
2011.0;78.0;Türkiye;Explained by: Perceptions of corruption;
2021.0;78.0;Turkmenistan;Explained by: Perceptions of corruption;0.032
2020.0;98.0;Turkmenistan;Explained by: Perceptions of corruption;0.033
2019.0;95.0;Turkmenistan;Explained by: Perceptions of corruption;0.034
2018.0;87.0;Turkmenistan;Explained by: Perceptions of corruption;
2017.0;68.0;Turkmenistan;Explained by: Perceptions of corruption;
2016.0;59.0;Turkmenistan;Explained by: Perceptions of corruption;
2015.0;65.0;Turkmenistan;Explained by: Perceptions of corruption;
2014.0;70.0;Turkmenistan;Explained by: Perceptions of corruption;
2012.0;59.0;Turkmenistan;Explained by: Perceptions of corruption;
2011.0;32.0;Turkmenistan;Explained by: Perceptions of corruption;
2024.0;136.0;Tanzania;Explained by: Perceptions of corruption;0.243
2023.0;117.0;Uganda;Explained by: Perceptions of corruption;0.054
2022.0;113.0;Uganda;Explained by: Perceptions of corruption;0.051
2021.0;117.0;Uganda;Explained by: Perceptions of corruption;0.066
2020.0;120.0;Uganda;Explained by: Perceptions of corruption;0.054
2019.0;126.0;Uganda;Explained by: Perceptions of corruption;0.064
2018.0;136.0;Uganda;Explained by: Perceptions of corruption;
2017.0;135.0;Uganda;Explained by: Perceptions of corruption;
2016.0;133.0;Uganda;Explained by: Perceptions of corruption;
2015.0;146.0;Uganda;Explained by: Perceptions of corruption;
2014.0;141.0;Uganda;Explained by: Perceptions of corruption;
2012.0;120.0;Uganda;Explained by: Perceptions of corruption;
2011.0;128.0;Uganda;Explained by: Perceptions of corruption;
2024.0;137.0;Eswatini;Explained by: Perceptions of corruption;0.13
2023.0;105.0;Ukraine;Explained by: Perceptions of corruption;0.025
2022.0;92.0;Ukraine;Explained by: Perceptions of corruption;0.016
2021.0;98.0;Ukraine;Explained by: Perceptions of corruption;0.017
2020.0;111.0;Ukraine;Explained by: Perceptions of corruption;0.01
2019.0;123.0;Ukraine;Explained by: Perceptions of corruption;0.01
2018.0;133.0;Ukraine;Explained by: Perceptions of corruption;
2017.0;138.0;Ukraine;Explained by: Perceptions of corruption;
2016.0;132.0;Ukraine;Explained by: Perceptions of corruption;
2015.0;123.0;Ukraine;Explained by: Perceptions of corruption;
2014.0;111.0;Ukraine;Explained by: Perceptions of corruption;
2012.0;87.0;Ukraine;Explained by: Perceptions of corruption;
2011.0;91.0;Ukraine;Explained by: Perceptions of corruption;
2024.0;138.0;Lesotho;Explained by: Perceptions of corruption;0.072
2023.0;22.0;United Arab Emirates;Explained by: Perceptions of corruption;0.258
2022.0;26.0;United Arab Emirates;Explained by: Perceptions of corruption;0.247
2021.0;24.0;United Arab Emirates;Explained by: Perceptions of corruption;0.25
2020.0;26.0;United Arab Emirates;Explained by: Perceptions of corruption;0.223
2019.0;21.0;United Arab Emirates;Explained by: Perceptions of corruption;0.22
2018.0;21.0;United Arab Emirates;Explained by: Perceptions of corruption;
2017.0;20.0;United Arab Emirates;Explained by: Perceptions of corruption;
2016.0;21.0;United Arab Emirates;Explained by: Perceptions of corruption;
2015.0;28.0;United Arab Emirates;Explained by: Perceptions of corruption;
2014.0;20.0;United Arab Emirates;Explained by: Perceptions of corruption;
2012.0;14.0;United Arab Emirates;Explained by: Perceptions of corruption;
2011.0;17.0;United Arab Emirates;Explained by: Perceptions of corruption;
2024.0;139.0;Comoros;Explained by: Perceptions of corruption;0.164
2023.0;20.0;United Kingdom;Explained by: Perceptions of corruption;0.351
2022.0;19.0;United Kingdom;Explained by: Perceptions of corruption;0.34
2021.0;17.0;United Kingdom;Explained by: Perceptions of corruption;0.329
2020.0;18.0;United Kingdom;Explained by: Perceptions of corruption;0.306
2019.0;13.0;United Kingdom;Explained by: Perceptions of corruption;0.323
2018.0;15.0;United Kingdom;Explained by: Perceptions of corruption;
2017.0;19.0;United Kingdom;Explained by: Perceptions of corruption;
2016.0;19.0;United Kingdom;Explained by: Perceptions of corruption;
2015.0;23.0;United Kingdom;Explained by: Perceptions of corruption;
2014.0;21.0;United Kingdom;Explained by: Perceptions of corruption;
2012.0;22.0;United Kingdom;Explained by: Perceptions of corruption;
2011.0;18.0;United Kingdom;Explained by: Perceptions of corruption;
2024.0;140.0;Yemen;Explained by: Perceptions of corruption;0.106
2023.0;23.0;United States;Explained by: Perceptions of corruption;0.169
2022.0;15.0;United States;Explained by: Perceptions of corruption;0.172
2021.0;16.0;United States;Explained by: Perceptions of corruption;0.177
2020.0;20.0;United States;Explained by: Perceptions of corruption;0.154
2019.0;18.0;United States;Explained by: Perceptions of corruption;0.152
2018.0;19.0;United States;Explained by: Perceptions of corruption;
2017.0;18.0;United States;Explained by: Perceptions of corruption;
2016.0;14.0;United States;Explained by: Perceptions of corruption;
2015.0;13.0;United States;Explained by: Perceptions of corruption;
2014.0;15.0;United States;Explained by: Perceptions of corruption;
2012.0;17.0;United States;Explained by: Perceptions of corruption;
2011.0;11.0;United States;Explained by: Perceptions of corruption;
2024.0;141.0;DR Congo;Explained by: Perceptions of corruption;0.061
2023.0;26.0;Uruguay;Explained by: Perceptions of corruption;0.22
2022.0;28.0;Uruguay;Explained by: Perceptions of corruption;0.254
2021.0;30.0;Uruguay;Explained by: Perceptions of corruption;0.265
2020.0;32.0;Uruguay;Explained by: Perceptions of corruption;0.223
2019.0;26.0;Uruguay;Explained by: Perceptions of corruption;0.193
2018.0;33.0;Uruguay;Explained by: Perceptions of corruption;
2017.0;31.0;Uruguay;Explained by: Perceptions of corruption;
2016.0;28.0;Uruguay;Explained by: Perceptions of corruption;
2015.0;29.0;Uruguay;Explained by: Perceptions of corruption;
2014.0;32.0;Uruguay;Explained by: Perceptions of corruption;
2012.0;37.0;Uruguay;Explained by: Perceptions of corruption;
2011.0;50.0;Uruguay;Explained by: Perceptions of corruption;
2024.0;142.0;Botswana;Explained by: Perceptions of corruption;0.083
2023.0;47.0;Uzbekistan;Explained by: Perceptions of corruption;0.215
2022.0;54.0;Uzbekistan;Explained by: Perceptions of corruption;0.208
2021.0;53.0;Uzbekistan;Explained by: Perceptions of corruption;0.24
2020.0;43.0;Uzbekistan;Explained by: Perceptions of corruption;0.271
2019.0;38.0;Uzbekistan;Explained by: Perceptions of corruption;0.28
2018.0;41.0;Uzbekistan;Explained by: Perceptions of corruption;
2017.0;44.0;Uzbekistan;Explained by: Perceptions of corruption;
2016.0;47.0;Uzbekistan;Explained by: Perceptions of corruption;
2015.0;49.0;Uzbekistan;Explained by: Perceptions of corruption;
2014.0;44.0;Uzbekistan;Explained by: Perceptions of corruption;
2012.0;60.0;Uzbekistan;Explained by: Perceptions of corruption;
2011.0;79.0;Uzbekistan;Explained by: Perceptions of corruption;
2024.0;143.0;Zimbabwe;Explained by: Perceptions of corruption;0.131
2023.0;79.0;Venezuela;Explained by: Perceptions of corruption;0.086
2022.0;88.0;Venezuela;Explained by: Perceptions of corruption;0.084
2021.0;108.0;Venezuela;Explained by: Perceptions of corruption;0.082
2020.0;108.0;Venezuela;Explained by: Perceptions of corruption;0.072
2019.0;99.0;Venezuela;Explained by: Perceptions of corruption;0.064
2018.0;108.0;Venezuela;Explained by: Perceptions of corruption;
2017.0;102.0;Venezuela;Explained by: Perceptions of corruption;
2016.0;82.0;Venezuela;Explained by: Perceptions of corruption;
2015.0;44.0;Venezuela;Explained by: Perceptions of corruption;
2014.0;23.0;Venezuela;Explained by: Perceptions of corruption;
2012.0;20.0;Venezuela;Explained by: Perceptions of corruption;
2011.0;19.0;Venezuela;Explained by: Perceptions of corruption;
2024.0;144.0;Malawi;Explained by: Perceptions of corruption;0.136
2023.0;54.0;Viet Nam;Explained by: Perceptions of corruption;0.16
2022.0;65.0;Viet Nam;Explained by: Perceptions of corruption;0.122
2021.0;77.0;Viet Nam;Explained by: Perceptions of corruption;0.105
2020.0;80.0;Viet Nam;Explained by: Perceptions of corruption;0.091
2019.0;83.0;Viet Nam;Explained by: Perceptions of corruption;0.09
2018.0;94.0;Viet Nam;Explained by: Perceptions of corruption;
2017.0;95.0;Viet Nam;Explained by: Perceptions of corruption;
2016.0;94.0;Viet Nam;Explained by: Perceptions of corruption;
2015.0;96.0;Viet Nam;Explained by: Perceptions of corruption;
2014.0;75.0;Viet Nam;Explained by: Perceptions of corruption;
2012.0;63.0;Viet Nam;Explained by: Perceptions of corruption;
2011.0;65.0;Viet Nam;Explained by: Perceptions of corruption;
2024.0;145.0;Lebanon;Explained by: Perceptions of corruption;0.041
2023.0;133.0;Yemen;Explained by: Perceptions of corruption;0.113
2021.0;132.0;Yemen;Explained by: Perceptions of corruption;0.098
2020.0;142.0;Yemen;Explained by: Perceptions of corruption;0.089
2019.0;146.0;Yemen;Explained by: Perceptions of corruption;0.087
2018.0;151.0;Yemen;Explained by: Perceptions of corruption;
2017.0;152.0;Yemen;Explained by: Perceptions of corruption;
2016.0;146.0;Yemen;Explained by: Perceptions of corruption;
2015.0;147.0;Yemen;Explained by: Perceptions of corruption;
2014.0;136.0;Yemen;Explained by: Perceptions of corruption;
2012.0;142.0;Yemen;Explained by: Perceptions of corruption;
2011.0;123.0;Yemen;Explained by: Perceptions of corruption;
2024.0;146.0;Sierra Leone;Explained by: Perceptions of corruption;0.052
2023.0;134.0;Zambia;Explained by: Perceptions of corruption;0.109
2022.0;128.0;Zambia;Explained by: Perceptions of corruption;0.08
2021.0;137.0;Zambia;Explained by: Perceptions of corruption;0.083
2020.0;138.0;Zambia;Explained by: Perceptions of corruption;0.074
2019.0;141.0;Zambia;Explained by: Perceptions of corruption;0.087
2018.0;138.0;Zambia;Explained by: Perceptions of corruption;
2017.0;125.0;Zambia;Explained by: Perceptions of corruption;
2016.0;116.0;Zambia;Explained by: Perceptions of corruption;
2015.0;106.0;Zambia;Explained by: Perceptions of corruption;
2014.0;85.0;Zambia;Explained by: Perceptions of corruption;
2012.0;91.0;Zambia;Explained by: Perceptions of corruption;
2011.0;109.0;Zambia;Explained by: Perceptions of corruption;
2024.0;147.0;Afghanistan;Explained by: Perceptions of corruption;0.135
2023.0;138.0;Zimbabwe;Explained by: Perceptions of corruption;0.131
2022.0;134.0;Zimbabwe;Explained by: Perceptions of corruption;0.117
2021.0;144.0;Zimbabwe;Explained by: Perceptions of corruption;0.105
2020.0;149.0;Zimbabwe;Explained by: Perceptions of corruption;0.075
2019.0;151.0;Zimbabwe;Explained by: Perceptions of corruption;0.081
2018.0;146.0;Zimbabwe;Explained by: Perceptions of corruption;
2017.0;144.0;Zimbabwe;Explained by: Perceptions of corruption;
2016.0;138.0;Zimbabwe;Explained by: Perceptions of corruption;
2015.0;131.0;Zimbabwe;Explained by: Perceptions of corruption;
2014.0;115.0;Zimbabwe;Explained by: Perceptions of corruption;
2012.0;103.0;Zimbabwe;Explained by: Perceptions of corruption;
2011.0;142.0;Zimbabwe;Explained by: Perceptions of corruption;
